chain,spiritCode,hotelCode,name_en,brand_en,regionCode,countryCode,city_en,rate_available,rate_source,rate_currency,rate_amount_local,rate_amount_fmt,rate_amount_source_value,rate_plan_code,rate_plan_name,rate_plan_desc,points_rate,propertySiteURL_en
IHG Hotels & Resorts,IHG-HKGLR,HKGLR,Crowne Plaza Hong Kong Causeway Bay,Crowne Plaza,HK,HK,Hong Kong,false,ihg_destination_pages_no_amount,HKD,,,,,,,,https://www.ihg.com/crowneplaza/hotels/us/en/hong-kong/hkglr/hoteldetail
IHG Hotels & Resorts,IHG-HKGCW,HKGCW,Holiday Inn Express Hong Kong Causeway Bay,Holiday Inn Express,HK,HK,Hong Kong,false,ihg_destination_pages_no_amount,HKD,,,,,,,,https://www.ihg.com/holidayinnexpress/hotels/us/en/hong-kong/hkgcw/hoteldetail
IHG Hotels & Resorts,IHG-HKGKK,HKGKK,Holiday Inn Express Hong Kong Kowloon CBD2,Holiday Inn Express,HK,HK,Hong Kong,false,ihg_destination_pages_no_amount,HKD,,,,,,,,https://www.ihg.com/holidayinnexpress/hotels/us/en/hong-kong/hkgkk/hoteldetail
IHG Hotels & Resorts,IHG-HKGMK,HKGMK,Holiday Inn Express Hong Kong Mongkok,Holiday Inn Express,HK,HK,Hong Kong,false,ihg_destination_pages_no_amount,HKD,,,,,,,,https://www.ihg.com/holidayinnexpress/hotels/us/en/hong-kong/hkgmk/hoteldetail
IHG Hotels & Resorts,IHG-HKGKL,HKGKL,Holiday Inn Golden Mile Hong Kong,Holiday Inn,HK,HK,Hong Kong,false,ihg_destination_pages_no_amount,HKD,,,,,,,,https://www.ihg.com/holidayinn/hotels/us/en/hong-kong/hkgkl/hoteldetail
IHG Hotels & Resorts,IHG-HKGIN,HKGIN,Hotel Indigo Hong Kong Island,Hotel Indigo,HK,HK,Hong Kong,false,ihg_destination_pages_no_amount,HKD,,,,,,,,https://www.ihg.com/hotelindigo/hotels/us/en/hong-kong/hkgin/hoteldetail
IHG Hotels & Resorts,IHG-HKGHB,HKGHB,InterContinental Grand Stanford Hong Kong,InterContinental,HK,HK,Hong Kong,false,ihg_destination_pages_no_amount,HKD,,,,,,,,https://www.ihg.com/intercontinental/hotels/us/en/hong-kong/hkghb/hoteldetail
IHG Hotels & Resorts,IHG-HKGKH,HKGKH,Kimpton Tsim Sha Tsui Hong Kong,Kimpton,HK,HK,Hong Kong,false,ihg_destination_pages_no_amount,HKD,,,,,,,,https://www.ihg.com/kimptonhotels/hotels/us/en/hong-kong/hkgkh/hoteldetail
IHG Hotels & Resorts,IHG-HKGHC,HKGHC,Regent Hong Kong,Regent,HK,HK,Hong Kong,false,ihg_destination_pages_no_amount,HKD,,,,,,,,https://www.ihg.com/regent/hotels/us/en/hong-kong/hkghc/hoteldetail
IHG Hotels & Resorts,IHG-HKGSK,HKGSK,Vignette Collection WM Hotel Hong Kong,Vignette Collection,HK,HK,Hong Kong,false,ihg_destination_pages_no_amount,HKD,,,,,,,,https://www.ihg.com/vignettecollection/hotels/us/en/sai-kung/hkgsk/hoteldetail
IHG Hotels & Resorts,IHG-AKUKH,AKUKH,Holiday Inn Express Aksu,Holiday Inn Express,MAINLAND_CN,CN,Aksu,false,ihg_destination_pages_no_amount,CNY,,,,,,,,https://www.ihg.com/holidayinnexpress/hotels/us/en/aksu/akukh/hoteldetail
IHG Hotels & Resorts,IHG-BAVXC,BAVXC,Holiday Inn Resort Kanas Hemu,Holiday Inn Resort,MAINLAND_CN,CN,Altay,false,ihg_destination_pages_no_amount,CNY,,,,,,,,https://www.ihg.com/holidayinnresorts/hotels/us/en/xinjiang/bavxc/hoteldetail
IHG Hotels & Resorts,IHG-KJIKA,KJIKA,Hotel Indigo Kanas Hemu,Hotel Indigo,MAINLAND_CN,CN,Altay,false,ihg_destination_pages_no_amount,CNY,,,,,,,,https://www.ihg.com/hotelindigo/hotels/us/en/xinjiang/kjika/hoteldetail
IHG Hotels & Resorts,IHG-HGHAJ,HGHAJ,Hotel Indigo Anji,Hotel Indigo,MAINLAND_CN,CN,Anji,false,ihg_destination_pages_no_amount,CNY,,,,,,,,https://www.ihg.com/hotelindigo/hotels/us/en/anji/hghaj/hoteldetail
IHG Hotels & Resorts,IHG-AOGDT,AOGDT,Holiday Inn Express Anshan Downtown,Holiday Inn Express,MAINLAND_CN,CN,Anshan,false,ihg_destination_pages_no_amount,CNY,,,,,,,,https://www.ihg.com/holidayinnexpress/hotels/us/en/anshan/aogdt/hoteldetail
IHG Hotels & Resorts,IHG-BVQBJ,BVQBJ,Holiday Inn Express Baoding Downtown,Holiday Inn Express,MAINLAND_CN,CN,Baoding,false,ihg_destination_pages_no_amount,CNY,,,,,,,,https://www.ihg.com/holidayinnexpress/hotels/us/en/baoding/bvqbj/hoteldetail
IHG Hotels & Resorts,IHG-BVNXA,BVNXA,voco Xiong'An,voco,MAINLAND_CN,CN,Baoding,false,ihg_destination_pages_no_amount,CNY,,,,,,,,https://www.ihg.com/voco/hotels/us/en/baoding/bvnxa/hoteldetail
IHG Hotels & Resorts,IHG-SIABC,SIABC,Crowne Plaza Baoji City Center,Crowne Plaza,MAINLAND_CN,CN,Baoji,false,ihg_destination_pages_no_amount,CNY,,,,,,,,https://www.ihg.com/crowneplaza/hotels/us/en/baoji/siabc/hoteldetail
IHG Hotels & Resorts,IHG-BJASC,BJASC,Holiday Inn Baoji Central,Holiday Inn,MAINLAND_CN,CN,Baoji,false,ihg_destination_pages_no_amount,CNY,,,,,,,,https://www.ihg.com/holidayinn/hotels/us/en/baoji/bjasc/hoteldetail
IHG Hotels & Resorts,IHG-SIABJ,SIABJ,Holiday Inn Express Baoji City Centre,Holiday Inn Express,MAINLAND_CN,CN,Baoji,false,ihg_destination_pages_no_amount,CNY,,,,,,,,https://www.ihg.com/holidayinnexpress/hotels/us/en/baoji/siabj/hoteldetail
IHG Hotels & Resorts,IHG-BZXCT,BZXCT,Holiday Inn Express Bazhong Center,Holiday Inn Express,MAINLAND_CN,CN,Bazhong,false,ihg_destination_pages_no_amount,CNY,,,,,,,,https://www.ihg.com/holidayinnexpress/hotels/us/en/bazhong/bzxct/hoteldetail
IHG Hotels & Resorts,IHG-BZXPC,BZXPC,Holiday Inn Express Pingchang,Holiday Inn Express,MAINLAND_CN,CN,Bazhong,false,ihg_destination_pages_no_amount,CNY,,,,,,,,https://www.ihg.com/holidayinnexpress/hotels/us/en/bazhong/bzxpc/hoteldetail
IHG Hotels & Resorts,IHG-BHYHI,BHYHI,Crowne Plaza Beihai Silver Beach,Crowne Plaza,MAINLAND_CN,CN,Beihai,false,ihg_destination_pages_no_amount,CNY,,,,,,,,https://www.ihg.com/crowneplaza/hotels/us/en/beihai/bhyhi/hoteldetail
IHG Hotels & Resorts,IHG-BHYSB,BHYSB,Holiday Inn Beihai Silver Beach,Holiday Inn,MAINLAND_CN,CN,Beihai,false,ihg_destination_pages_no_amount,CNY,,,,,,,,https://www.ihg.com/holidayinn/hotels/us/en/beihai/bhysb/hoteldetail
IHG Hotels & Resorts,IHG-BHYBS,BHYBS,Holiday Inn Express Beihai Silver Beach,Holiday Inn Express,MAINLAND_CN,CN,Beihai,false,ihg_destination_pages_no_amount,CNY,,,,,,,,https://www.ihg.com/holidayinnexpress/hotels/us/en/beihai/bhybs/hoteldetail
IHG Hotels & Resorts,IHG-BHYBR,BHYBR,HUALUXE Beihai Silver Beach Resort,HUALUXE,MAINLAND_CN,CN,Beihai,false,ihg_destination_pages_no_amount,CNY,,,,,,,,https://www.ihg.com/hotels/us/en/beihai/bhybr/hoteldetail
IHG Hotels & Resorts,IHG-BJSBD,BJSBD,Crowne Plaza Beijing Badaling,Crowne Plaza,MAINLAND_CN,CN,Beijing,false,ihg_destination_pages_no_amount,CNY,,,,,,,,https://www.ihg.com/crowneplaza/hotels/us/en/beijing/bjsbd/hoteldetail
IHG Hotels & Resorts,IHG-PEGUT,PEGUT,Crowne Plaza Beijing Chaoyang U-Town,Crowne Plaza,MAINLAND_CN,CN,Beijing,false,ihg_destination_pages_no_amount,CNY,,,,,,,,https://www.ihg.com/crowneplaza/hotels/us/en/beijing/pegut/hoteldetail
IHG Hotels & Resorts,IHG-PEGAP,PEGAP,Crowne Plaza Beijing International Airport,Crowne Plaza,MAINLAND_CN,CN,Beijing,false,ihg_destination_pages_no_amount,CNY,,,,,,,,https://www.ihg.com/crowneplaza/hotels/us/en/beijing/pegap/hoteldetail
IHG Hotels & Resorts,IHG-PEGCP,PEGCP,Crowne Plaza Beijing Lido,Crowne Plaza,MAINLAND_CN,CN,Beijing,false,ihg_destination_pages_no_amount,CNY,,,,,,,,https://www.ihg.com/crowneplaza/hotels/us/en/beijing/pegcp/hoteldetail
IHG Hotels & Resorts,IHG-PEGSP,PEGSP,Crowne Plaza Beijing Sun Palace,Crowne Plaza,MAINLAND_CN,CN,Beijing,false,ihg_destination_pages_no_amount,CNY,,,,,,,,https://www.ihg.com/crowneplaza/hotels/us/en/beijing/pegsp/hoteldetail
IHG Hotels & Resorts,IHG-BJSZT,BJSZT,Crowne Plaza Beijing Tongzhou,Crowne Plaza,MAINLAND_CN,CN,Beijing,false,ihg_destination_pages_no_amount,CNY,,,,,,,,https://www.ihg.com/crowneplaza/hotels/us/en/beijing/bjszt/hoteldetail
IHG Hotels & Resorts,IHG-PEGZG,PEGZG,Crowne Plaza Beijing Zhongguancun,Crowne Plaza,MAINLAND_CN,CN,Beijing,false,ihg_destination_pages_no_amount,CNY,,,,,,,,https://www.ihg.com/crowneplaza/hotels/us/en/beijing/pegzg/hoteldetail
IHG Hotels & Resorts,IHG-BJSAR,BJSAR,Garner Hotel Beijing 798 Art District,Garner Hotel,MAINLAND_CN,CN,Beijing,false,ihg_destination_pages_no_amount,CNY,,,,,,,,https://www.ihg.com/garner-hotels/hotels/us/en/beijing/bjsar/hoteldetail
IHG Hotels & Resorts,IHG-BJSAZ,BJSAZ,Holiday Inn Beijing Airport Zone,Holiday Inn,MAINLAND_CN,CN,Beijing,false,ihg_destination_pages_no_amount,CNY,,,,,,,,https://www.ihg.com/holidayinn/hotels/us/en/beijing/bjsaz/hoteldetail
IHG Hotels & Resorts,IHG-PEGCA,PEGCA,Holiday Inn Beijing ChangAn West,Holiday Inn,MAINLAND_CN,CN,Beijing,false,ihg_destination_pages_no_amount,CNY,,,,,,,,https://www.ihg.com/holidayinn/hotels/us/en/beijing/pegca/hoteldetail
IHG Hotels & Resorts,IHG-BJSDX,BJSDX,Holiday Inn Beijing Daxing Centre,Holiday Inn,MAINLAND_CN,CN,Beijing,false,ihg_destination_pages_no_amount,CNY,,,,,,,,https://www.ihg.com/holidayinn/hotels/us/en/beijing/bjsdx/hoteldetail
IHG Hotels & Resorts,IHG-BJSDM,BJSDM,Holiday Inn Beijing Daxing Movie Park,Holiday Inn,MAINLAND_CN,CN,Beijing,false,ihg_destination_pages_no_amount,CNY,,,,,,,,https://www.ihg.com/holidayinn/hotels/us/en/beijing/bjsdm/hoteldetail
IHG Hotels & Resorts,IHG-PEGSM,PEGSM,Holiday Inn Beijing Deshengmen,Holiday Inn,MAINLAND_CN,CN,Beijing,false,ihg_destination_pages_no_amount,CNY,,,,,,,,https://www.ihg.com/holidayinn/hotels/us/en/beijing/pegsm/hoteldetail
IHG Hotels & Resorts,IHG-PEGFD,PEGFD,Holiday Inn Beijing Focus Square,Holiday Inn,MAINLAND_CN,CN,Beijing,false,ihg_destination_pages_no_amount,CNY,,,,,,,,https://www.ihg.com/holidayinn/hotels/us/en/beijing/pegfd/hoteldetail
IHG Hotels & Resorts,IHG-BJSBM,BJSBM,Holiday Inn Beijing Mentougou,Holiday Inn,MAINLAND_CN,CN,Beijing,false,ihg_destination_pages_no_amount,CNY,,,,,,,,https://www.ihg.com/holidayinn/hotels/us/en/beijing/bjsbm/hoteldetail
IHG Hotels & Resorts,IHG-PEGPK,PEGPK,Holiday Inn Beijing Shijingshan Parkview,Holiday Inn,MAINLAND_CN,CN,Beijing,false,ihg_destination_pages_no_amount,CNY,,,,,,,,https://www.ihg.com/holidayinn/hotels/us/en/beijing/pegpk/hoteldetail
IHG Hotels & Resorts,IHG-PEGTH,PEGTH,Holiday Inn Beijing Temple Of Heaven,Holiday Inn,MAINLAND_CN,CN,Beijing,false,ihg_destination_pages_no_amount,CNY,,,,,,,,https://www.ihg.com/holidayinn/hotels/us/en/beijing/pegth/hoteldetail
IHG Hotels & Resorts,IHG-BJSES,BJSES,Holiday Inn Express Beijing Airport Zone,Holiday Inn Express,MAINLAND_CN,CN,Beijing,false,ihg_destination_pages_no_amount,CNY,,,,,,,,https://www.ihg.com/holidayinnexpress/hotels/us/en/beijing/bjses/hoteldetail
IHG Hotels & Resorts,IHG-BJSCA,BJSCA,Holiday Inn Express Beijing Capital Airport East,Holiday Inn Express,MAINLAND_CN,CN,Beijing,false,ihg_destination_pages_no_amount,CNY,,,,,,,,https://www.ihg.com/holidayinnexpress/hotels/us/en/beijing/bjsca/hoteldetail
IHG Hotels & Resorts,IHG-BJSCC,BJSCC,Holiday Inn Express Beijing Conference Center,Holiday Inn Express,MAINLAND_CN,CN,Beijing,false,ihg_destination_pages_no_amount,CNY,,,,,,,,https://www.ihg.com/holidayinnexpress/hotels/us/en/beijing/bjscc/hoteldetail
IHG Hotels & Resorts,IHG-PEGDZ,PEGDZ,Holiday Inn Express Beijing Dongzhimen,Holiday Inn Express,MAINLAND_CN,CN,Beijing,false,ihg_destination_pages_no_amount,CNY,,,,,,,,https://www.ihg.com/holidayinnexpress/hotels/us/en/beijing/pegdz/hoteldetail
IHG Hotels & Resorts,IHG-BJSDN,BJSDN,Holiday Inn Express Beijing Downtown,Holiday Inn Express,MAINLAND_CN,CN,Beijing,false,ihg_destination_pages_no_amount,CNY,,,,,,,,https://www.ihg.com/holidayinnexpress/hotels/us/en/beijing/bjsdn/hoteldetail
IHG Hotels & Resorts,IHG-BJSGC,BJSGC,Holiday Inn Express Beijing Guomao CBD,Holiday Inn Express,MAINLAND_CN,CN,Beijing,false,ihg_destination_pages_no_amount,CNY,,,,,,,,https://www.ihg.com/holidayinnexpress/hotels/us/en/beijing/bjsgc/hoteldetail
IHG Hotels & Resorts,IHG-BJSHS,BJSHS,Holiday Inn Express Beijing Haidian Suzhouqiao,Holiday Inn Express,MAINLAND_CN,CN,Beijing,false,ihg_destination_pages_no_amount,CNY,,,,,,,,https://www.ihg.com/holidayinnexpress/hotels/us/en/beijing/bjshs/hoteldetail
IHG Hotels & Resorts,IHG-BJSLB,BJSLB,Holiday Inn Express Beijing Lize Business District,Holiday Inn Express,MAINLAND_CN,CN,Beijing,false,ihg_destination_pages_no_amount,CNY,,,,,,,,https://www.ihg.com/holidayinnexpress/hotels/us/en/beijing/bjslb/hoteldetail
IHG Hotels & Resorts,IHG-BJSMG,BJSMG,Holiday Inn Express Beijing Mentougou,Holiday Inn Express,MAINLAND_CN,CN,Beijing,false,ihg_destination_pages_no_amount,CNY,,,,,,,,https://www.ihg.com/holidayinnexpress/hotels/us/en/beijing/bjsmg/hoteldetail
IHG Hotels & Resorts,IHG-PEKLV,PEKLV,Holiday Inn Express Beijing Shijingshan Lakeview,Holiday Inn Express,MAINLAND_CN,CN,Beijing,false,ihg_destination_pages_no_amount,CNY,,,,,,,,https://www.ihg.com/holidayinnexpress/hotels/us/en/beijing/peklv/hoteldetail
IHG Hotels & Resorts,IHG-PEKSH,PEKSH,Holiday Inn Express Beijing Shijingshan Parkview,Holiday Inn Express,MAINLAND_CN,CN,Beijing,false,ihg_destination_pages_no_amount,CNY,,,,,,,,https://www.ihg.com/holidayinnexpress/hotels/us/en/beijing/peksh/hoteldetail
IHG Hotels & Resorts,IHG-PEGDR,PEGDR,Holiday Inn Express Beijing Temple of Heaven,Holiday Inn Express,MAINLAND_CN,CN,Beijing,false,ihg_destination_pages_no_amount,CNY,,,,,,,,https://www.ihg.com/holidayinnexpress/hotels/us/en/beijing/pegdr/hoteldetail
IHG Hotels & Resorts,IHG-BJSBT,BJSBT,Holiday Inn Express Beijing Tongzhou,Holiday Inn Express,MAINLAND_CN,CN,Beijing,false,ihg_destination_pages_no_amount,CNY,,,,,,,,https://www.ihg.com/holidayinnexpress/hotels/us/en/beijing/bjsbt/hoteldetail
IHG Hotels & Resorts,IHG-PEGGS,PEGGS,Holiday Inn Express Beijing Wangjing Center,Holiday Inn Express,MAINLAND_CN,CN,Beijing,false,ihg_destination_pages_no_amount,CNY,,,,,,,,https://www.ihg.com/holidayinnexpress/hotels/us/en/beijing/peggs/hoteldetail
IHG Hotels & Resorts,IHG-BJSBY,BJSBY,Holiday Inn Express Beijing Yizhuang,Holiday Inn Express,MAINLAND_CN,CN,Beijing,false,ihg_destination_pages_no_amount,CNY,,,,,,,,https://www.ihg.com/holidayinnexpress/hotels/us/en/beijing/bjsby/hoteldetail
IHG Hotels & Resorts,IHG-BJSLY,BJSLY,Holiday Inn Express Beijing Yizhuang Center,Holiday Inn Express,MAINLAND_CN,CN,Beijing,false,ihg_destination_pages_no_amount,CNY,,,,,,,,https://www.ihg.com/holidayinnexpress/hotels/us/en/beijing/bjsly/hoteldetail
IHG Hotels & Resorts,IHG-PEKYE,PEKYE,Holiday Inn Express Beijing Yizhuang Tongminghu,Holiday Inn Express,MAINLAND_CN,CN,Beijing,false,ihg_destination_pages_no_amount,CNY,,,,,,,,https://www.ihg.com/holidayinnexpress/hotels/us/en/beijing/pekye/hoteldetail
IHG Hotels & Resorts,IHG-BJSZH,BJSZH,Holiday Inn Express Beijing Zhongguancun Tech Park,Holiday Inn Express,MAINLAND_CN,CN,Beijing,false,ihg_destination_pages_no_amount,CNY,,,,,,,,https://www.ihg.com/holidayinnexpress/hotels/us/en/beijing/bjszh/hoteldetail
IHG Hotels & Resorts,IHG-PEGSD,PEGSD,Holiday Inn Express Shangdi Beijing,Holiday Inn Express,MAINLAND_CN,CN,Beijing,false,ihg_destination_pages_no_amount,CNY,,,,,,,,https://www.ihg.com/holidayinnexpress/hotels/us/en/beijing/pegsd/hoteldetail
IHG Hotels & Resorts,IHG-PEKBX,PEKBX,HUALUXE Beijing Xinan,HUALUXE,MAINLAND_CN,CN,Beijing,false,ihg_destination_pages_no_amount,CNY,,,,,,,,https://www.ihg.com/hotels/us/en/beijing/pekbx/hoteldetail
IHG Hotels & Resorts,IHG-PEGHC,PEGHC,InterContinental Beijing Beichen,InterContinental,MAINLAND_CN,CN,Beijing,false,ihg_destination_pages_no_amount,CNY,,,,,,,,https://www.ihg.com/intercontinental/hotels/us/en/beijing/peghc/hoteldetail
IHG Hotels & Resorts,IHG-PEGHE,PEGHE,InterContinental Beijing Sanlitun,InterContinental,MAINLAND_CN,CN,Beijing,false,ihg_destination_pages_no_amount,CNY,,,,,,,,https://www.ihg.com/intercontinental/hotels/us/en/beijing/peghe/hoteldetail
IHG Hotels & Resorts,IHG-PEKCH,PEKCH,Metropark Lido Hotel Beijing,Independent (SPHC),MAINLAND_CN,CN,Beijing,false,ihg_destination_pages_no_amount,CNY,,,,,,,,https://www.ihg.com/spnd/hotels/us/en/beijing/pekch/hoteldetail
IHG Hotels & Resorts,IHG-PEKJB,PEKJB,Regent Beijing,Regent,MAINLAND_CN,CN,Beijing,false,ihg_destination_pages_no_amount,CNY,,,,,,,,https://www.ihg.com/regent/hotels/us/en/beijing/pekjb/hoteldetail
IHG Hotels & Resorts,IHG-BJSTP,BJSTP,voco Beijing Temple of Heaven,voco,MAINLAND_CN,CN,Beijing,false,ihg_destination_pages_no_amount,CNY,,,,,,,,https://www.ihg.com/voco/hotels/us/en/beijing/bjstp/hoteldetail
IHG Hotels & Resorts,IHG-BFJJI,BFJJI,Crowne Plaza Bijie Jinhai Lake,Crowne Plaza,MAINLAND_CN,CN,Bijie,false,ihg_destination_pages_no_amount,CNY,,,,,,,,https://www.ihg.com/crowneplaza/hotels/us/en/bijie/bfjji/hoteldetail
IHG Hotels & Resorts,IHG-CBZCC,CBZCC,Holiday Inn Express Binzhou City Center,Holiday Inn Express,MAINLAND_CN,CN,Binzhou,false,ihg_destination_pages_no_amount,CNY,,,,,,,,https://www.ihg.com/holidayinnexpress/hotels/us/en/binzhou/cbzcc/hoteldetail
IHG Hotels & Resorts,IHG-BPLSL,BPLSL,Hotel Indigo Sayram Lake,Hotel Indigo,MAINLAND_CN,CN,Bole,false,ihg_destination_pages_no_amount,CNY,,,,,,,,https://www.ihg.com/hotelindigo/hotels/us/en/bole/bplsl/hoteldetail
IHG Hotels & Resorts,IHG-TSNCG,TSNCG,Holiday Inn Express Cangzhou High-Tech Zone,Holiday Inn Express,MAINLAND_CN,CN,Cangzhou,false,ihg_destination_pages_no_amount,CNY,,,,,,,,https://www.ihg.com/holidayinnexpress/hotels/us/en/cangzhou/tsncg/hoteldetail
IHG Hotels & Resorts,IHG-NBSCB,NBSCB,Crowne Plaza Resort Changbaishan Hot Spring,Crowne Plaza,MAINLAND_CN,CN,Changbaishan,false,ihg_destination_pages_no_amount,CNY,,,,,,,,https://www.ihg.com/crowneplaza/hotels/us/en/changbaishan/nbscb/hoteldetail
IHG Hotels & Resorts,IHG-NBSEX,NBSEX,Holiday Inn Express Changbaishan,Holiday Inn Express,MAINLAND_CN,CN,Changbaishan,false,ihg_destination_pages_no_amount,CNY,,,,,,,,https://www.ihg.com/holidayinnexpress/hotels/us/en/changbaishan/nbsex/hoteldetail
IHG Hotels & Resorts,IHG-CGQHZ,CGQHZ,Holiday Inn Changchun High Tech Zone,Holiday Inn,MAINLAND_CN,CN,Changchun,false,ihg_destination_pages_no_amount,CNY,,,,,,,,https://www.ihg.com/holidayinn/hotels/us/en/changchun/cgqhz/hoteldetail
IHG Hotels & Resorts,IHG-CGQCJ,CGQCJ,Holiday Inn Changchun Jingyue,Holiday Inn,MAINLAND_CN,CN,Changchun,false,ihg_destination_pages_no_amount,CNY,,,,,,,,https://www.ihg.com/holidayinn/hotels/us/en/changchun/cgqcj/hoteldetail
IHG Hotels & Resorts,IHG-CGQCO,CGQCO,Holiday Inn Changchun Oriental Plaza,Holiday Inn,MAINLAND_CN,CN,Changchun,false,ihg_destination_pages_no_amount,CNY,,,,,,,,https://www.ihg.com/holidayinn/hotels/us/en/changchun/cgqco/hoteldetail
IHG Hotels & Resorts,IHG-CGQCE,CGQCE,Holiday Inn Express Changchun Ecological Square,Holiday Inn Express,MAINLAND_CN,CN,Changchun,false,ihg_destination_pages_no_amount,CNY,,,,,,,,https://www.ihg.com/holidayinnexpress/hotels/us/en/changchun/cgqce/hoteldetail
IHG Hotels & Resorts,IHG-CGQHT,CGQHT,Holiday Inn Express Changchun High-Tech Zone,Holiday Inn Express,MAINLAND_CN,CN,Changchun,false,ihg_destination_pages_no_amount,CNY,,,,,,,,https://www.ihg.com/holidayinnexpress/hotels/us/en/changchun/cgqht/hoteldetail
IHG Hotels & Resorts,IHG-CGQJI,CGQJI,Holiday Inn Express Changchun Jingyue,Holiday Inn Express,MAINLAND_CN,CN,Changchun,false,ihg_destination_pages_no_amount,CNY,,,,,,,,https://www.ihg.com/holidayinnexpress/hotels/us/en/changchun/cgqji/hoteldetail
IHG Hotels & Resorts,IHG-CGQTZ,CGQTZ,InterContinental Changchun High Tech Zone,InterContinental,MAINLAND_CN,CN,Changchun,false,ihg_destination_pages_no_amount,CNY,,,,,,,,https://www.ihg.com/intercontinental/hotels/us/en/changchun/cgqtz/hoteldetail
IHG Hotels & Resorts,IHG-CSXDZ,CSXDZ,Crowne Plaza Changsha Development Zone,Crowne Plaza,MAINLAND_CN,CN,Changsha,false,ihg_destination_pages_no_amount,CNY,,,,,,,,https://www.ihg.com/crowneplaza/hotels/us/en/changsha/csxdz/hoteldetail
IHG Hotels & Resorts,IHG-CSXDS,CSXDS,Holiday Inn Changsha Dawangshan,Holiday Inn,MAINLAND_CN,CN,Changsha,false,ihg_destination_pages_no_amount,CNY,,,,,,,,https://www.ihg.com/holidayinn/hotels/us/en/changsha/csxds/hoteldetail
IHG Hotels & Resorts,IHG-CSXCM,CSXCM,Holiday Inn Changsha Malanshan,Holiday Inn,MAINLAND_CN,CN,Changsha,false,ihg_destination_pages_no_amount,CNY,,,,,,,,https://www.ihg.com/holidayinn/hotels/us/en/changsha/csxcm/hoteldetail
IHG Hotels & Resorts,IHG-CSXCD,CSXCD,Holiday Inn Express Changsha Development Zone,Holiday Inn Express,MAINLAND_CN,CN,Changsha,false,ihg_destination_pages_no_amount,CNY,,,,,,,,https://www.ihg.com/holidayinnexpress/hotels/us/en/changsha/csxcd/hoteldetail
IHG Hotels & Resorts,IHG-CSXFF,CSXFF,Holiday Inn Express Changsha Hunan Museum,Holiday Inn Express,MAINLAND_CN,CN,Changsha,false,ihg_destination_pages_no_amount,CNY,,,,,,,,https://www.ihg.com/holidayinnexpress/hotels/us/en/changsha/csxff/hoteldetail
IHG Hotels & Resorts,IHG-CSXKA,CSXKA,Holiday Inn Express Changsha Kaifu,Holiday Inn Express,MAINLAND_CN,CN,Changsha,false,ihg_destination_pages_no_amount,CNY,,,,,,,,https://www.ihg.com/holidayinnexpress/hotels/us/en/changsha/csxka/hoteldetail
IHG Hotels & Resorts,IHG-CSXTX,CSXTX,Holiday Inn Express Changsha Shengfu,Holiday Inn Express,MAINLAND_CN,CN,Changsha,false,ihg_destination_pages_no_amount,CNY,,,,,,,,https://www.ihg.com/holidayinnexpress/hotels/us/en/changsha/csxtx/hoteldetail
IHG Hotels & Resorts,IHG-CSXCS,CSXCS,Holiday Inn Express Changsha Shifu,Holiday Inn Express,MAINLAND_CN,CN,Changsha,false,ihg_destination_pages_no_amount,CNY,,,,,,,,https://www.ihg.com/holidayinnexpress/hotels/us/en/changsha/csxcs/hoteldetail
IHG Hotels & Resorts,IHG-CSXRS,CSXRS,Holiday Inn Express Changsha South Railway Station,Holiday Inn Express,MAINLAND_CN,CN,Changsha,false,ihg_destination_pages_no_amount,CNY,,,,,,,,https://www.ihg.com/holidayinnexpress/hotels/us/en/changsha/csxrs/hoteldetail
IHG Hotels & Resorts,IHG-CSXTC,CSXTC,Holiday Inn Express Changsha University City,Holiday Inn Express,MAINLAND_CN,CN,Changsha,false,ihg_destination_pages_no_amount,CNY,,,,,,,,https://www.ihg.com/holidayinnexpress/hotels/us/en/changsha/csxtc/hoteldetail
IHG Hotels & Resorts,IHG-CSXYH,CSXYH,Holiday Inn Express Changsha Yuhua,Holiday Inn Express,MAINLAND_CN,CN,Changsha,false,ihg_destination_pages_no_amount,CNY,,,,,,,,https://www.ihg.com/holidayinnexpress/hotels/us/en/changsha/csxyh/hoteldetail
IHG Hotels & Resorts,IHG-CSXHR,CSXHR,Hotel Indigo Changsha Meixi Lake,Hotel Indigo,MAINLAND_CN,CN,Changsha,false,ihg_destination_pages_no_amount,CNY,,,,,,,,https://www.ihg.com/hotelindigo/hotels/us/en/changsha/csxhr/hoteldetail
IHG Hotels & Resorts,IHG-CSXIC,CSXIC,InterContinental Changsha,InterContinental,MAINLAND_CN,CN,Changsha,false,ihg_destination_pages_no_amount,CNY,,,,,,,,https://www.ihg.com/intercontinental/hotels/us/en/changsha/csxic/hoteldetail
IHG Hotels & Resorts,IHG-CSXCA,CSXCA,voco Changsha Airport,voco,MAINLAND_CN,CN,Changsha,false,ihg_destination_pages_no_amount,CNY,,,,,,,,https://www.ihg.com/voco/hotels/us/en/changsha/csxca/hoteldetail
IHG Hotels & Resorts,IHG-CZXFD,CZXFD,Fudu Grand Hotel Changzhou,Independent (SPHC),MAINLAND_CN,CN,Changzhou,false,ihg_destination_pages_no_amount,CNY,,,,,,,,https://www.ihg.com/spnd/hotels/us/en/changzhou/czxfd/hoteldetail
IHG Hotels & Resorts,IHG-CZXWJ,CZXWJ,Holiday Inn Changzhou Wujin,Holiday Inn,MAINLAND_CN,CN,Changzhou,false,ihg_destination_pages_no_amount,CNY,,,,,,,,https://www.ihg.com/holidayinn/hotels/us/en/changzhou/czxwj/hoteldetail
IHG Hotels & Resorts,IHG-CZXCC,CZXCC,Holiday Inn Express Changzhou Center,Holiday Inn Express,MAINLAND_CN,CN,Changzhou,false,ihg_destination_pages_no_amount,CNY,,,,,,,,https://www.ihg.com/holidayinnexpress/hotels/us/en/changzhou/czxcc/hoteldetail
IHG Hotels & Resorts,IHG-CZXHG,CZXHG,Holiday Inn Express Changzhou Henglin,Holiday Inn Express,MAINLAND_CN,CN,Changzhou,false,ihg_destination_pages_no_amount,CNY,,,,,,,,https://www.ihg.com/holidayinnexpress/hotels/us/en/changzhou/czxhg/hoteldetail
IHG Hotels & Resorts,IHG-CZXLN,CZXLN,Holiday Inn Express Changzhou Lanling,Holiday Inn Express,MAINLAND_CN,CN,Changzhou,false,ihg_destination_pages_no_amount,CNY,,,,,,,,https://www.ihg.com/holidayinnexpress/hotels/us/en/changzhou/czxln/hoteldetail
IHG Hotels & Resorts,IHG-CZXCX,CZXCX,Holiday Inn Express Changzhou Xinbei,Holiday Inn Express,MAINLAND_CN,CN,Changzhou,false,ihg_destination_pages_no_amount,CNY,,,,,,,,https://www.ihg.com/holidayinnexpress/hotels/us/en/changzhou/czxcx/hoteldetail
IHG Hotels & Resorts,IHG-CZXCZ,CZXCZ,InterContinental Changzhou,InterContinental,MAINLAND_CN,CN,Changzhou,false,ihg_destination_pages_no_amount,CNY,,,,,,,,https://www.ihg.com/intercontinental/hotels/us/en/changzhou/czxcz/hoteldetail
IHG Hotels & Resorts,IHG-SWACG,SWACG,Crowne Plaza Chaozhou Riverside,Crowne Plaza,MAINLAND_CN,CN,Chaozhou,false,ihg_destination_pages_no_amount,CNY,,,,,,,,https://www.ihg.com/crowneplaza/hotels/us/en/chaozhou/swacg/hoteldetail
IHG Hotels & Resorts,IHG-CDEYM,CDEYM,Holiday Inn Chengde Park View,Holiday Inn,MAINLAND_CN,CN,Chengde,false,ihg_destination_pages_no_amount,CNY,,,,,,,,https://www.ihg.com/holidayinn/hotels/us/en/chengde/cdeym/hoteldetail
IHG Hotels & Resorts,IHG-CHDDT,CHDDT,Holiday Inn Express Chengde Downtown,Holiday Inn Express,MAINLAND_CN,CN,Chengde,false,ihg_destination_pages_no_amount,CNY,,,,,,,,https://www.ihg.com/holidayinnexpress/hotels/us/en/chengde/chddt/hoteldetail
IHG Hotels & Resorts,IHG-CDECR,CDECR,Holiday Inn Express Chengde Park View,Holiday Inn Express,MAINLAND_CN,CN,Chengde,false,ihg_destination_pages_no_amount,CNY,,,,,,,,https://www.ihg.com/holidayinnexpress/hotels/us/en/chengde/cdecr/hoteldetail
IHG Hotels & Resorts,IHG-CDECX,CDECX,Holiday Inn Resort Chengde Xinglong,Holiday Inn Resort,MAINLAND_CN,CN,Chengde,false,ihg_destination_pages_no_amount,CNY,,,,,,,,https://www.ihg.com/holidayinnresorts/hotels/us/en/chengde/cdecx/hoteldetail
IHG Hotels & Resorts,IHG-CTUCH,CTUCH,Crowne Plaza Chengdu City Center,Crowne Plaza,MAINLAND_CN,CN,Chengdu,false,ihg_destination_pages_no_amount,CNY,,,,,,,,https://www.ihg.com/crowneplaza/hotels/us/en/chengdu/ctuch/hoteldetail
IHG Hotels & Resorts,IHG-CTUPG,CTUPG,Crowne Plaza Chengdu Panda Garden,Crowne Plaza,MAINLAND_CN,CN,Chengdu,false,ihg_destination_pages_no_amount,CNY,,,,,,,,https://www.ihg.com/crowneplaza/hotels/us/en/chengdu/ctupg/hoteldetail
IHG Hotels & Resorts,IHG-CTUTI,CTUTI,Crowne Plaza Chengdu Tianfu New Area,Crowne Plaza,MAINLAND_CN,CN,Chengdu,false,ihg_destination_pages_no_amount,CNY,,,,,,,,https://www.ihg.com/crowneplaza/hotels/us/en/chengdu/ctuti/hoteldetail
IHG Hotels & Resorts,IHG-CTUBC,CTUBC,Crowne Plaza Chengdu Wenjiang,Crowne Plaza,MAINLAND_CN,CN,Chengdu,false,ihg_destination_pages_no_amount,CNY,,,,,,,,https://www.ihg.com/crowneplaza/hotels/us/en/chengdu/ctubc/hoteldetail
IHG Hotels & Resorts,IHG-CTUCP,CTUCP,Crowne Plaza Chengdu West,Crowne Plaza,MAINLAND_CN,CN,Chengdu,false,ihg_destination_pages_no_amount,CNY,,,,,,,,https://www.ihg.com/crowneplaza/hotels/us/en/chengdu/ctucp/hoteldetail
IHG Hotels & Resorts,IHG-CTUZA,CTUZA,Crowne Plaza Chengdu Wuhou,Crowne Plaza,MAINLAND_CN,CN,Chengdu,false,ihg_destination_pages_no_amount,CNY,,,,,,,,https://www.ihg.com/crowneplaza/hotels/us/en/chengdu/ctuza/hoteldetail
IHG Hotels & Resorts,IHG-CTUTH,CTUTH,EVEN Hotel Chengdu High-Tech Zone,EVEN Hotel,MAINLAND_CN,CN,Chengdu,false,ihg_destination_pages_no_amount,CNY,,,,,,,,https://www.ihg.com/evenhotels/hotels/us/en/chengdu/ctuth/hoteldetail
IHG Hotels & Resorts,IHG-CTUEN,CTUEN,EVEN Hotel Chengdu Jinniu,EVEN Hotel,MAINLAND_CN,CN,Chengdu,false,ihg_destination_pages_no_amount,CNY,,,,,,,,https://www.ihg.com/evenhotels/hotels/us/en/chengdu/ctuen/hoteldetail
IHG Hotels & Resorts,IHG-CTUPX,CTUPX,EVEN Hotel Chengdu Phoenix Mountain,EVEN Hotel,MAINLAND_CN,CN,Chengdu,false,ihg_destination_pages_no_amount,CNY,,,,,,,,https://www.ihg.com/evenhotels/hotels/us/en/chengdu/ctupx/hoteldetail
IHG Hotels & Resorts,IHG-CTUAP,CTUAP,Holiday Inn Chengdu Airport,Holiday Inn,MAINLAND_CN,CN,Chengdu,false,ihg_destination_pages_no_amount,CNY,,,,,,,,https://www.ihg.com/holidayinn/hotels/us/en/chengdu/ctuap/hoteldetail
IHG Hotels & Resorts,IHG-CTUCC,CTUCC,Holiday Inn Chengdu Century City-EastTower,Holiday Inn,MAINLAND_CN,CN,Chengdu,false,ihg_destination_pages_no_amount,CNY,,,,,,,,https://www.ihg.com/holidayinn/hotels/us/en/chengdu/ctucc/hoteldetail
IHG Hotels & Resorts,IHG-CTUHI,CTUHI,Holiday Inn Chengdu Century City-WestTower,Holiday Inn,MAINLAND_CN,CN,Chengdu,false,ihg_destination_pages_no_amount,CNY,,,,,,,,https://www.ihg.com/holidayinn/hotels/us/en/chengdu/ctuhi/hoteldetail
IHG Hotels & Resorts,IHG-CTUET,CTUET,Holiday Inn Chengdu East,Holiday Inn,MAINLAND_CN,CN,Chengdu,false,ihg_destination_pages_no_amount,CNY,,,,,,,,https://www.ihg.com/holidayinn/hotels/us/en/chengdu/ctuet/hoteldetail
IHG Hotels & Resorts,IHG-CTUHT,CTUHT,Holiday Inn Chengdu High-Tech Center,Holiday Inn,MAINLAND_CN,CN,Chengdu,false,ihg_destination_pages_no_amount,CNY,,,,,,,,https://www.ihg.com/holidayinn/hotels/us/en/chengdu/ctuht/hoteldetail
IHG Hotels & Resorts,IHG-CTUOP,CTUOP,Holiday Inn Chengdu Oriental Plaza,Holiday Inn,MAINLAND_CN,CN,Chengdu,false,ihg_destination_pages_no_amount,CNY,,,,,,,,https://www.ihg.com/holidayinn/hotels/us/en/chengdu/ctuop/hoteldetail
IHG Hotels & Resorts,IHG-CTUCQ,CTUCQ,Holiday Inn Chengdu Qinhuang,Holiday Inn,MAINLAND_CN,CN,Chengdu,false,ihg_destination_pages_no_amount,CNY,,,,,,,,https://www.ihg.com/holidayinn/hotels/us/en/chengdu/ctucq/hoteldetail
IHG Hotels & Resorts,IHG-CTUCX,CTUCX,Holiday Inn Chengdu Xindu,Holiday Inn,MAINLAND_CN,CN,Chengdu,false,ihg_destination_pages_no_amount,CNY,,,,,,,,https://www.ihg.com/holidayinn/hotels/us/en/chengdu/ctucx/hoteldetail
IHG Hotels & Resorts,IHG-CTUCS,CTUCS,Holiday Inn Express Chengdu Airport Zone,Holiday Inn Express,MAINLAND_CN,CN,Chengdu,false,ihg_destination_pages_no_amount,CNY,,,,,,,,https://www.ihg.com/holidayinnexpress/hotels/us/en/chengdu/ctucs/hoteldetail
IHG Hotels & Resorts,IHG-CTUEA,CTUEA,Holiday Inn Express Chengdu East,Holiday Inn Express,MAINLAND_CN,CN,Chengdu,false,ihg_destination_pages_no_amount,CNY,,,,,,,,https://www.ihg.com/holidayinnexpress/hotels/us/en/chengdu/ctuea/hoteldetail
IHG Hotels & Resorts,IHG-CTUGL,CTUGL,Holiday Inn Express Chengdu Gulou,Holiday Inn Express,MAINLAND_CN,CN,Chengdu,false,ihg_destination_pages_no_amount,CNY,,,,,,,,https://www.ihg.com/holidayinnexpress/hotels/us/en/chengdu/ctugl/hoteldetail
IHG Hotels & Resorts,IHG-CTUCZ,CTUCZ,Holiday Inn Express Chengdu High-Tech Zone,Holiday Inn Express,MAINLAND_CN,CN,Chengdu,false,ihg_destination_pages_no_amount,CNY,,,,,,,,https://www.ihg.com/holidayinnexpress/hotels/us/en/chengdu/ctucz/hoteldetail
IHG Hotels & Resorts,IHG-CTUHE,CTUHE,Holiday Inn Express Chengdu Huanhuaxi,Holiday Inn Express,MAINLAND_CN,CN,Chengdu,false,ihg_destination_pages_no_amount,CNY,,,,,,,,https://www.ihg.com/holidayinnexpress/hotels/us/en/chengdu/ctuhe/hoteldetail
IHG Hotels & Resorts,IHG-CTURJ,CTURJ,Holiday Inn Express Chengdu Jinniu,Holiday Inn Express,MAINLAND_CN,CN,Chengdu,false,ihg_destination_pages_no_amount,CNY,,,,,,,,https://www.ihg.com/holidayinnexpress/hotels/us/en/chengdu/cturj/hoteldetail
IHG Hotels & Resorts,IHG-CTULN,CTULN,Holiday Inn Express Chengdu Longquanyi North,Holiday Inn Express,MAINLAND_CN,CN,Chengdu,false,ihg_destination_pages_no_amount,CNY,,,,,,,,https://www.ihg.com/holidayinnexpress/hotels/us/en/chengdu/ctuln/hoteldetail
IHG Hotels & Resorts,IHG-CTUBB,CTUBB,Holiday Inn Express Chengdu North Railway Station,Holiday Inn Express,MAINLAND_CN,CN,Chengdu,false,ihg_destination_pages_no_amount,CNY,,,,,,,,https://www.ihg.com/holidayinnexpress/hotels/us/en/chengdu/ctubb/hoteldetail
IHG Hotels & Resorts,IHG-CTUCM,CTUCM,Holiday Inn Express Chengdu Phoenix Mountain,Holiday Inn Express,MAINLAND_CN,CN,Chengdu,false,ihg_destination_pages_no_amount,CNY,,,,,,,,https://www.ihg.com/holidayinnexpress/hotels/us/en/chengdu/ctucm/hoteldetail
IHG Hotels & Resorts,IHG-CTUPD,CTUPD,Holiday Inn Express Chengdu Pidu,Holiday Inn Express,MAINLAND_CN,CN,Chengdu,false,ihg_destination_pages_no_amount,CNY,,,,,,,,https://www.ihg.com/holidayinnexpress/hotels/us/en/chengdu/ctupd/hoteldetail
IHG Hotels & Resorts,IHG-CTUQG,CTUQG,Holiday Inn Express Chengdu Qionglai,Holiday Inn Express,MAINLAND_CN,CN,Chengdu,false,ihg_destination_pages_no_amount,CNY,,,,,,,,https://www.ihg.com/holidayinnexpress/hotels/us/en/chengdu/ctuqg/hoteldetail
IHG Hotels & Resorts,IHG-CTUSL,CTUSL,Holiday Inn Express Chengdu Shuangliu Airport,Holiday Inn Express,MAINLAND_CN,CN,Chengdu,false,ihg_destination_pages_no_amount,CNY,,,,,,,,https://www.ihg.com/holidayinnexpress/hotels/us/en/chengdu/ctusl/hoteldetail
IHG Hotels & Resorts,IHG-CTUSC,CTUSC,Holiday Inn Express Chengdu Shuangliu Chuanda Road,Holiday Inn Express,MAINLAND_CN,CN,Chengdu,false,ihg_destination_pages_no_amount,CNY,,,,,,,,https://www.ihg.com/holidayinnexpress/hotels/us/en/chengdu/ctusc/hoteldetail
IHG Hotels & Resorts,IHG-CTUTA,CTUTA,Holiday Inn Express Chengdu Tianfu Airport Zone,Holiday Inn Express,MAINLAND_CN,CN,Chengdu,false,ihg_destination_pages_no_amount,CNY,,,,,,,,https://www.ihg.com/holidayinnexpress/hotels/us/en/chengdu/ctuta/hoteldetail
IHG Hotels & Resorts,IHG-CTUTS,CTUTS,Holiday Inn Express Chengdu Tianfu square,Holiday Inn Express,MAINLAND_CN,CN,Chengdu,false,ihg_destination_pages_no_amount,CNY,,,,,,,,https://www.ihg.com/holidayinnexpress/hotels/us/en/chengdu/ctuts/hoteldetail
IHG Hotels & Resorts,IHG-CTUWZ,CTUWZ,Holiday Inn Express Chengdu Tianhe,Holiday Inn Express,MAINLAND_CN,CN,Chengdu,false,ihg_destination_pages_no_amount,CNY,,,,,,,,https://www.ihg.com/holidayinnexpress/hotels/us/en/chengdu/ctuwz/hoteldetail
IHG Hotels & Resorts,IHG-CTUWD,CTUWD,Holiday Inn Express Chengdu Wenjiang Hotspring,Holiday Inn Express,MAINLAND_CN,CN,Chengdu,false,ihg_destination_pages_no_amount,CNY,,,,,,,,https://www.ihg.com/holidayinnexpress/hotels/us/en/chengdu/ctuwd/hoteldetail
IHG Hotels & Resorts,IHG-CTUEX,CTUEX,Holiday Inn Express Chengdu West Gate,Holiday Inn Express,MAINLAND_CN,CN,Chengdu,false,ihg_destination_pages_no_amount,CNY,,,,,,,,https://www.ihg.com/holidayinnexpress/hotels/us/en/chengdu/ctuex/hoteldetail
IHG Hotels & Resorts,IHG-CTUWH,CTUWH,Holiday Inn Express Chengdu Wuhou,Holiday Inn Express,MAINLAND_CN,CN,Chengdu,false,ihg_destination_pages_no_amount,CNY,,,,,,,,https://www.ihg.com/holidayinnexpress/hotels/us/en/chengdu/ctuwh/hoteldetail
IHG Hotels & Resorts,IHG-CTUWC,CTUWC,Holiday Inn Express Chengdu Wuhou New City,Holiday Inn Express,MAINLAND_CN,CN,Chengdu,false,ihg_destination_pages_no_amount,CNY,,,,,,,,https://www.ihg.com/holidayinnexpress/hotels/us/en/chengdu/ctuwc/hoteldetail
IHG Hotels & Resorts,IHG-CTUXC,CTUXC,Holiday Inn Express Chengdu Xindu,Holiday Inn Express,MAINLAND_CN,CN,Chengdu,false,ihg_destination_pages_no_amount,CNY,,,,,,,,https://www.ihg.com/holidayinnexpress/hotels/us/en/chengdu/ctuxc/hoteldetail
IHG Hotels & Resorts,IHG-CTUFC,CTUFC,Hotel Indigo Chengdu Financial City,Hotel Indigo,MAINLAND_CN,CN,Chengdu,false,ihg_destination_pages_no_amount,CNY,,,,,,,,https://www.ihg.com/hotelindigo/hotels/us/en/chengdu/ctufc/hoteldetail
IHG Hotels & Resorts,IHG-CTUHA,CTUHA,InterContinental Century City Chengdu,InterContinental,MAINLAND_CN,CN,Chengdu,false,ihg_destination_pages_no_amount,CNY,,,,,,,,https://www.ihg.com/intercontinental/hotels/us/en/chengdu/ctuha/hoteldetail
IHG Hotels & Resorts,IHG-CTUIC,CTUIC,InterContinental Chengdu Global Center,InterContinental,MAINLAND_CN,CN,Chengdu,false,ihg_destination_pages_no_amount,CNY,,,,,,,,https://www.ihg.com/intercontinental/hotels/us/en/chengdu/ctuic/hoteldetail
IHG Hotels & Resorts,IHG-CTUPS,CTUPS,Vignette Collection Palm Springs Hotel Chengdu,Vignette Collection,MAINLAND_CN,CN,Chengdu,false,ihg_destination_pages_no_amount,CNY,,,,,,,,https://www.ihg.com/vignettecollection/hotels/us/en/chengdu/ctups/hoteldetail
IHG Hotels & Resorts,IHG-CTUCU,CTUCU,voco Chengdu Chunxi Road,voco,MAINLAND_CN,CN,Chengdu,false,ihg_destination_pages_no_amount,CNY,,,,,,,,https://www.ihg.com/voco/hotels/us/en/chengdu/ctucu/hoteldetail
IHG Hotels & Resorts,IHG-CTUTC,CTUTC,voco Chengdu High-Tech Zone,voco,MAINLAND_CN,CN,Chengdu,false,ihg_destination_pages_no_amount,CNY,,,,,,,,https://www.ihg.com/voco/hotels/us/en/chengdu/ctutc/hoteldetail
IHG Hotels & Resorts,IHG-CTUJQ,CTUJQ,voco Chengdu Jiuyanqiao,voco,MAINLAND_CN,CN,Chengdu,false,ihg_destination_pages_no_amount,CNY,,,,,,,,https://www.ihg.com/voco/hotels/us/en/chengdu/ctujq/hoteldetail
IHG Hotels & Resorts,IHG-CTUMM,CTUMM,voco Chengdu Movie Metropolis,voco,MAINLAND_CN,CN,Chengdu,false,ihg_destination_pages_no_amount,CNY,,,,,,,,https://www.ihg.com/voco/hotels/us/en/chengdu/ctumm/hoteldetail
IHG Hotels & Resorts,IHG-HCZCS,HCZCS,Holiday Inn Express Chenzhou Suxian,Holiday Inn Express,MAINLAND_CN,CN,Chenzhou,false,ihg_destination_pages_no_amount,CNY,,,,,,,,https://www.ihg.com/holidayinnexpress/hotels/us/en/chenzhou/hczcs/hoteldetail
IHG Hotels & Resorts,IHG-CIFCH,CIFCH,Holiday Inn Express Chifeng Hongshan,Holiday Inn Express,MAINLAND_CN,CN,Chifeng,false,ihg_destination_pages_no_amount,CNY,,,,,,,,https://www.ihg.com/holidayinnexpress/hotels/us/en/chifeng/cifch/hoteldetail
IHG Hotels & Resorts,IHG-JUHJI,JUHJI,Holiday Inn Jiuhua Mountain Hot Spring,Holiday Inn,MAINLAND_CN,CN,Chizhou,false,ihg_destination_pages_no_amount,CNY,,,,,,,,https://www.ihg.com/holidayinn/hotels/us/en/chizhou/juhji/hoteldetail
IHG Hotels & Resorts,IHG-CKGHI,CKGHI,Crowne Plaza Chongqing New North Zone,Crowne Plaza,MAINLAND_CN,CN,Chongqing,false,ihg_destination_pages_no_amount,CNY,,,,,,,,https://www.ihg.com/crowneplaza/hotels/us/en/chongqing/ckghi/hoteldetail
IHG Hotels & Resorts,IHG-CKGNN,CKGNN,Holiday Inn & Suites Chongqing Nanan,Holiday Inn & Suites,MAINLAND_CN,CN,Chongqing,false,ihg_destination_pages_no_amount,CNY,,,,,,,,https://www.ihg.com/holidayinn/hotels/us/en/chongqing/ckgnn/hoteldetail
IHG Hotels & Resorts,IHG-CKGDV,CKGDV,Holiday Inn Chongqing Data Valley,Holiday Inn,MAINLAND_CN,CN,Chongqing,false,ihg_destination_pages_no_amount,CNY,,,,,,,,https://www.ihg.com/holidayinn/hotels/us/en/chongqing/ckgdv/hoteldetail
IHG Hotels & Resorts,IHG-CKGCN,CKGCN,Holiday Inn Chongqing Guanyinqiao,Holiday Inn,MAINLAND_CN,CN,Chongqing,false,ihg_destination_pages_no_amount,CNY,,,,,,,,https://www.ihg.com/holidayinn/hotels/us/en/chongqing/ckgcn/hoteldetail
IHG Hotels & Resorts,IHG-CKGSC,CKGSC,Holiday Inn Chongqing Science Hall,Holiday Inn,MAINLAND_CN,CN,Chongqing,false,ihg_destination_pages_no_amount,CNY,,,,,,,,https://www.ihg.com/holidayinn/hotels/us/en/chongqing/ckgsc/hoteldetail
IHG Hotels & Resorts,IHG-CKGCS,CKGCS,Holiday Inn Chongqing Shuangfu,Holiday Inn,MAINLAND_CN,CN,Chongqing,false,ihg_destination_pages_no_amount,CNY,,,,,,,,https://www.ihg.com/holidayinn/hotels/us/en/chongqing/ckgcs/hoteldetail
IHG Hotels & Resorts,IHG-CHGUT,CHGUT,Holiday Inn Chongqing University Town,Holiday Inn,MAINLAND_CN,CN,Chongqing,false,ihg_destination_pages_no_amount,CNY,,,,,,,,https://www.ihg.com/holidayinn/hotels/us/en/chongqing/chgut/hoteldetail
IHG Hotels & Resorts,IHG-CKGAP,CKGAP,Holiday Inn Express Chongqing Airport Zone,Holiday Inn Express,MAINLAND_CN,CN,Chongqing,false,ihg_destination_pages_no_amount,CNY,,,,,,,,https://www.ihg.com/holidayinnexpress/hotels/us/en/chongqing/ckgap/hoteldetail
IHG Hotels & Resorts,IHG-CKGCC,CKGCC,Holiday Inn Express Chongqing Caiyun Lake,Holiday Inn Express,MAINLAND_CN,CN,Chongqing,false,ihg_destination_pages_no_amount,CNY,,,,,,,,https://www.ihg.com/holidayinnexpress/hotels/us/en/chongqing/ckgcc/hoteldetail
IHG Hotels & Resorts,IHG-CKGCP,CKGCP,Holiday Inn Express Chongqing Central Park,Holiday Inn Express,MAINLAND_CN,CN,Chongqing,false,ihg_destination_pages_no_amount,CNY,,,,,,,,https://www.ihg.com/holidayinnexpress/hotels/us/en/chongqing/ckgcp/hoteldetail
IHG Hotels & Resorts,IHG-CKGCK,CKGCK,Holiday Inn Express Chongqing Ciqikou Ancient Town,Holiday Inn Express,MAINLAND_CN,CN,Chongqing,false,ihg_destination_pages_no_amount,CNY,,,,,,,,https://www.ihg.com/holidayinnexpress/hotels/us/en/chongqing/ckgck/hoteldetail
IHG Hotels & Resorts,IHG-CKGJC,CKGJC,Holiday Inn Express Chongqing Guanyinqiao,Holiday Inn Express,MAINLAND_CN,CN,Chongqing,false,ihg_destination_pages_no_amount,CNY,,,,,,,,https://www.ihg.com/holidayinnexpress/hotels/us/en/chongqing/ckgjc/hoteldetail
IHG Hotels & Resorts,IHG-CKGXP,CKGXP,Holiday Inn Express Chongqing Hongya Cave,Holiday Inn Express,MAINLAND_CN,CN,Chongqing,false,ihg_destination_pages_no_amount,CNY,,,,,,,,https://www.ihg.com/holidayinnexpress/hotels/us/en/chongqing/ckgxp/hoteldetail
IHG Hotels & Resorts,IHG-CKGCJ,CKGCJ,Holiday Inn Express Chongqing Jiulongpo,Holiday Inn Express,MAINLAND_CN,CN,Chongqing,false,ihg_destination_pages_no_amount,CNY,,,,,,,,https://www.ihg.com/holidayinnexpress/hotels/us/en/chongqing/ckgcj/hoteldetail
IHG Hotels & Resorts,IHG-CKGLI,CKGLI,Holiday Inn Express Chongqing Liangjiang Yufu,Holiday Inn Express,MAINLAND_CN,CN,Chongqing,false,ihg_destination_pages_no_amount,CNY,,,,,,,,https://www.ihg.com/holidayinnexpress/hotels/us/en/chongqing/ckgli/hoteldetail
IHG Hotels & Resorts,IHG-CKGCR,CKGCR,Holiday Inn Express Chongqing Nanbin Road,Holiday Inn Express,MAINLAND_CN,CN,Chongqing,false,ihg_destination_pages_no_amount,CNY,,,,,,,,https://www.ihg.com/holidayinnexpress/hotels/us/en/chongqing/ckgcr/hoteldetail
IHG Hotels & Resorts,IHG-CHGCQ,CHGCQ,Holiday Inn Express Chongqing University Town,Holiday Inn Express,MAINLAND_CN,CN,Chongqing,false,ihg_destination_pages_no_amount,CNY,,,,,,,,https://www.ihg.com/holidayinnexpress/hotels/us/en/chongqing/chgcq/hoteldetail
IHG Hotels & Resorts,IHG-CKGGQ,CKGGQ,Hotel Indigo Chongqing Chaotianmen,Hotel Indigo,MAINLAND_CN,CN,Chongqing,false,ihg_destination_pages_no_amount,CNY,,,,,,,,https://www.ihg.com/hotelindigo/hotels/us/en/chongqing/ckggq/hoteldetail
IHG Hotels & Resorts,IHG-CKGHL,CKGHL,HUALUXE Chongqing Science Hall,HUALUXE,MAINLAND_CN,CN,Chongqing,false,ihg_destination_pages_no_amount,CNY,,,,,,,,https://www.ihg.com/hotels/us/en/chongqing/ckghl/hoteldetail
IHG Hotels & Resorts,IHG-CHGHB,CHGHB,InterContinental Chongqing Raffles City,InterContinental,MAINLAND_CN,CN,Chongqing,false,ihg_destination_pages_no_amount,CNY,,,,,,,,https://www.ihg.com/intercontinental/hotels/us/en/chongqing/chghb/hoteldetail
IHG Hotels & Resorts,IHG-CKGRH,CKGRH,Regent Chongqing,Regent,MAINLAND_CN,CN,Chongqing,false,ihg_destination_pages_no_amount,CNY,,,,,,,,https://www.ihg.com/regent/hotels/us/en/chongqing/ckgrh/hoteldetail
IHG Hotels & Resorts,IHG-CKGJH,CKGJH,Vignette Collection TFT Chongqing,Vignette Collection,MAINLAND_CN,CN,Chongqing,false,ihg_destination_pages_no_amount,CNY,,,,,,,,https://www.ihg.com/vignettecollection/hotels/us/en/chongqing/ckgjh/hoteldetail
IHG Hotels & Resorts,IHG-CKGCT,CKGCT,voco Chongqing Chaotianmen,voco,MAINLAND_CN,CN,Chongqing,false,ihg_destination_pages_no_amount,CNY,,,,,,,,https://www.ihg.com/voco/hotels/us/en/chongqing/ckgct/hoteldetail
IHG Hotels & Resorts,IHG-DLUAN,DLUAN,Holiday Inn Express Dali Ancient Town,Holiday Inn Express,MAINLAND_CN,CN,Dali,false,ihg_destination_pages_no_amount,CNY,,,,,,,,https://www.ihg.com/holidayinnexpress/hotels/us/en/dali/dluan/hoteldetail
IHG Hotels & Resorts,IHG-BSDXG,BSDXG,Holiday Inn Express Dali Xiaguan,Holiday Inn Express,MAINLAND_CN,CN,Dali,false,ihg_destination_pages_no_amount,CNY,,,,,,,,https://www.ihg.com/holidayinnexpress/hotels/us/en/dali/bsdxg/hoteldetail
IHG Hotels & Resorts,IHG-DLUDE,DLUDE,Hotel Indigo Dali Erhai,Hotel Indigo,MAINLAND_CN,CN,Dali,false,ihg_destination_pages_no_amount,CNY,,,,,,,,https://www.ihg.com/hotelindigo/hotels/us/en/dali/dlude/hoteldetail
IHG Hotels & Resorts,IHG-DLCKH,DLCKH,Crowne Plaza Dalian Kerren,Crowne Plaza,MAINLAND_CN,CN,Dalian,false,ihg_destination_pages_no_amount,CNY,,,,,,,,https://www.ihg.com/crowneplaza/hotels/us/en/dalian/dlckh/hoteldetail
IHG Hotels & Resorts,IHG-DLCSP,DLCSP,Crowne Plaza Dalian Sports Center,Crowne Plaza,MAINLAND_CN,CN,Dalian,false,ihg_destination_pages_no_amount,CNY,,,,,,,,https://www.ihg.com/crowneplaza/hotels/us/en/dalian/dlcsp/hoteldetail
IHG Hotels & Resorts,IHG-DLCXP,DLCXP,Crowne Plaza Dalian Xinghai,Crowne Plaza,MAINLAND_CN,CN,Dalian,false,ihg_destination_pages_no_amount,CNY,,,,,,,,https://www.ihg.com/crowneplaza/hotels/us/en/dalian/dlcxp/hoteldetail
IHG Hotels & Resorts,IHG-DLCDN,DLCDN,Holiday Inn Dalian Hot Spring,Holiday Inn,MAINLAND_CN,CN,Dalian,false,ihg_destination_pages_no_amount,CNY,,,,,,,,https://www.ihg.com/holidayinn/hotels/us/en/dalian/dlcdn/hoteldetail
IHG Hotels & Resorts,IHG-DLCCC,DLCCC,Holiday Inn Express Dalian City Center,Holiday Inn Express,MAINLAND_CN,CN,Dalian,false,ihg_destination_pages_no_amount,CNY,,,,,,,,https://www.ihg.com/holidayinnexpress/hotels/us/en/dalian/dlccc/hoteldetail
IHG Hotels & Resorts,IHG-DLCPB,DLCPB,Holiday Inn Express Dalian Golden Pebble Beach,Holiday Inn Express,MAINLAND_CN,CN,Dalian,false,ihg_destination_pages_no_amount,CNY,,,,,,,,https://www.ihg.com/holidayinnexpress/hotels/us/en/dalian/dlcpb/hoteldetail
IHG Hotels & Resorts,IHG-DLCHA,DLCHA,InterContinental Dalian,InterContinental,MAINLAND_CN,CN,Dalian,false,ihg_destination_pages_no_amount,CNY,,,,,,,,https://www.ihg.com/intercontinental/hotels/us/en/dalian/dlcha/hoteldetail
IHG Hotels & Resorts,IHG-DDGCC,DDGCC,Holiday Inn Express Dandong City Center,Holiday Inn Express,MAINLAND_CN,CN,Dandong,false,ihg_destination_pages_no_amount,CNY,,,,,,,,https://www.ihg.com/holidayinnexpress/hotels/us/en/dandong/ddgcc/hoteldetail
IHG Hotels & Resorts,IHG-CZXYT,CZXYT,Holiday Inn Express Danyang,Holiday Inn Express,MAINLAND_CN,CN,Danyang,false,ihg_destination_pages_no_amount,CNY,,,,,,,,https://www.ihg.com/holidayinnexpress/hotels/us/en/danyang/czxyt/hoteldetail
IHG Hotels & Resorts,IHG-DATSO,DATSO,Holiday Inn Datong,Holiday Inn,MAINLAND_CN,CN,Datong,false,ihg_destination_pages_no_amount,CNY,,,,,,,,https://www.ihg.com/holidayinn/hotels/us/en/datong/datso/hoteldetail
IHG Hotels & Resorts,IHG-DATPC,DATPC,Holiday Inn Express Datong Pingcheng,Holiday Inn Express,MAINLAND_CN,CN,Datong,false,ihg_destination_pages_no_amount,CNY,,,,,,,,https://www.ihg.com/holidayinnexpress/hotels/us/en/datong/datpc/hoteldetail
IHG Hotels & Resorts,IHG-CGOSS,CGOSS,Holiday Inn Express Dengfeng Songshan,Holiday Inn Express,MAINLAND_CN,CN,Dengfeng,false,ihg_destination_pages_no_amount,CNY,,,,,,,,https://www.ihg.com/holidayinnexpress/hotels/us/en/dengfeng/cgoss/hoteldetail
IHG Hotels & Resorts,IHG-HGHDQ,HGHDQ,Crowne Plaza Deqing Moganshan,Crowne Plaza,MAINLAND_CN,CN,Deqing,false,ihg_destination_pages_no_amount,CNY,,,,,,,,https://www.ihg.com/crowneplaza/hotels/us/en/deqing/hghdq/hoteldetail
IHG Hotels & Resorts,IHG-HZCDZ,HZCDZ,Holiday Inn Deqing Xinshi Ancient Town,Holiday Inn,MAINLAND_CN,CN,Deqing,false,ihg_destination_pages_no_amount,CNY,,,,,,,,https://www.ihg.com/holidayinn/hotels/us/en/deqing/hzcdz/hoteldetail
IHG Hotels & Resorts,IHG-DIGDQ,DIGDQ,Hotel Indigo Diqing Moonlight City,Hotel Indigo,MAINLAND_CN,CN,Diqing,false,ihg_destination_pages_no_amount,CNY,,,,,,,,https://www.ihg.com/hotelindigo/hotels/us/en/diqing/digdq/hoteldetail
IHG Hotels & Resorts,IHG-XHOST,XHOST,Holiday Inn Express Dongguan Shatian,Holiday Inn Express,MAINLAND_CN,CN,Dongguan,false,ihg_destination_pages_no_amount,CNY,,,,,,,,https://www.ihg.com/holidayinnexpress/hotels/us/en/dongguan/xhost/hoteldetail
IHG Hotels & Resorts,IHG-XHODG,XHODG,InterContinental Dongguan,InterContinental,MAINLAND_CN,CN,Dongguan,false,ihg_destination_pages_no_amount,CNY,,,,,,,,https://www.ihg.com/intercontinental/hotels/us/en/dongguan/xhodg/hoteldetail
IHG Hotels & Resorts,IHG-DOYCR,DOYCR,Crowne Plaza Dongying,Crowne Plaza,MAINLAND_CN,CN,Dongying,false,ihg_destination_pages_no_amount,CNY,,,,,,,,https://www.ihg.com/crowneplaza/hotels/us/en/dongying/doycr/hoteldetail
IHG Hotels & Resorts,IHG-CTUDU,CTUDU,Crowne Plaza Dujiangyan,Crowne Plaza,MAINLAND_CN,CN,Dujiangyan,false,ihg_destination_pages_no_amount,CNY,,,,,,,,https://www.ihg.com/crowneplaza/hotels/us/en/dujiangyan-chengdu/ctudu/hoteldetail
IHG Hotels & Resorts,IHG-CTUAN,CTUAN,Holiday Inn Dujiangyan Ancient Town,Holiday Inn,MAINLAND_CN,CN,Dujiangyan,false,ihg_destination_pages_no_amount,CNY,,,,,,,,https://www.ihg.com/holidayinn/hotels/us/en/dujiangyan-chengdu/ctuan/hoteldetail
IHG Hotels & Resorts,IHG-CTUEM,CTUEM,Holiday Inn Express Emei Mountain,Holiday Inn Express,MAINLAND_CN,CN,Emeishan,false,ihg_destination_pages_no_amount,CNY,,,,,,,,https://www.ihg.com/holidayinnexpress/hotels/us/en/emeishan/ctuem/hoteldetail
IHG Hotels & Resorts,IHG-ERDCH,ERDCH,Crowne Plaza Ordos,Crowne Plaza,MAINLAND_CN,CN,Erdos City,false,ihg_destination_pages_no_amount,CNY,,,,,,,,https://www.ihg.com/crowneplaza/hotels/us/en/erdos-city/erdch/hoteldetail
IHG Hotels & Resorts,IHG-EHUCR,EHUCR,Crowne Plaza Ezhou,Crowne Plaza,MAINLAND_CN,CN,Ezhou,false,ihg_destination_pages_no_amount,CNY,,,,,,,,https://www.ihg.com/crowneplaza/hotels/us/en/ezhou/ehucr/hoteldetail
IHG Hotels & Resorts,IHG-ZCPCH,ZCPCH,Crowne Plaza Foshan,Crowne Plaza,MAINLAND_CN,CN,Foshan,false,ihg_destination_pages_no_amount,CNY,,,,,,,,https://www.ihg.com/crowneplaza/hotels/us/en/foshan/zcpch/hoteldetail
IHG Hotels & Resorts,IHG-ZCPNN,ZCPNN,Crowne Plaza Foshan Nanhai,Crowne Plaza,MAINLAND_CN,CN,Foshan,false,ihg_destination_pages_no_amount,CNY,,,,,,,,https://www.ihg.com/crowneplaza/hotels/us/en/foshan/zcpnn/hoteldetail
IHG Hotels & Resorts,IHG-CANFS,CANFS,Holiday Inn Express Foshan Chancheng,Holiday Inn Express,MAINLAND_CN,CN,Foshan,false,ihg_destination_pages_no_amount,CNY,,,,,,,,https://www.ihg.com/holidayinnexpress/hotels/us/en/foshan/canfs/hoteldetail
IHG Hotels & Resorts,IHG-FUOFS,FUOFS,Holiday Inn Express Foshan Sanshui,Holiday Inn Express,MAINLAND_CN,CN,Foshan,false,ihg_destination_pages_no_amount,CNY,,,,,,,,https://www.ihg.com/holidayinnexpress/hotels/us/en/foshan/fuofs/hoteldetail
IHG Hotels & Resorts,IHG-FUOBE,FUOBE,Holiday Inn Express Foshan Shunde Beijiao,Holiday Inn Express,MAINLAND_CN,CN,Foshan,false,ihg_destination_pages_no_amount,CNY,,,,,,,,https://www.ihg.com/holidayinnexpress/hotels/us/en/foshan/fuobe/hoteldetail
IHG Hotels & Resorts,IHG-ZCPLC,ZCPLC,Holiday Inn Express Foshan Shunde Lecong,Holiday Inn Express,MAINLAND_CN,CN,Foshan,false,ihg_destination_pages_no_amount,CNY,,,,,,,,https://www.ihg.com/holidayinnexpress/hotels/us/en/foshan-city/zcplc/hoteldetail
IHG Hotels & Resorts,IHG-FUOFR,FUOFR,Holiday Inn Express Foshan Shunde Ronggui,Holiday Inn Express,MAINLAND_CN,CN,Foshan,false,ihg_destination_pages_no_amount,CNY,,,,,,,,https://www.ihg.com/holidayinnexpress/hotels/us/en/foshan/fuofr/hoteldetail
IHG Hotels & Resorts,IHG-FUOSD,FUOSD,Holiday Inn Express Shunde Daliang,Holiday Inn Express,MAINLAND_CN,CN,Foshan,false,ihg_destination_pages_no_amount,CNY,,,,,,,,https://www.ihg.com/holidayinnexpress/hotels/us/en/foshan/fuosd/hoteldetail
IHG Hotels & Resorts,IHG-ZCPNC,ZCPNC,Holiday Inn Foshan Nanhai Central,Holiday Inn,MAINLAND_CN,CN,Foshan,false,ihg_destination_pages_no_amount,CNY,,,,,,,,https://www.ihg.com/holidayinn/hotels/us/en/foshan/zcpnc/hoteldetail
IHG Hotels & Resorts,IHG-ZCPSD,ZCPSD,Holiday Inn Shunde,Holiday Inn,MAINLAND_CN,CN,Foshan,false,ihg_destination_pages_no_amount,CNY,,,,,,,,https://www.ihg.com/holidayinn/hotels/us/en/foshan/zcpsd/hoteldetail
IHG Hotels & Resorts,IHG-ZCPNH,ZCPNH,InterContinental Foshan,InterContinental,MAINLAND_CN,CN,Foshan,false,ihg_destination_pages_no_amount,CNY,,,,,,,,https://www.ihg.com/intercontinental/hotels/us/en/foshan/zcpnh/hoteldetail
IHG Hotels & Resorts,IHG-ZCPFD,ZCPFD,InterContinental Foshan Dongping,InterContinental,MAINLAND_CN,CN,Foshan,false,ihg_destination_pages_no_amount,CNY,,,,,,,,https://www.ihg.com/intercontinental/hotels/us/en/foshan/zcpfd/hoteldetail
IHG Hotels & Resorts,IHG-FOCFA,FOCFA,Holiday Inn Fu'an,Holiday Inn,MAINLAND_CN,CN,Fu'an,false,ihg_destination_pages_no_amount,CNY,,,,,,,,https://www.ihg.com/holidayinn/hotels/us/en/fuan/focfa/hoteldetail
IHG Hotels & Resorts,IHG-FUGFY,FUGFY,Holiday Inn Fuyang,Holiday Inn,MAINLAND_CN,CN,Fuyang,false,ihg_destination_pages_no_amount,CNY,,,,,,,,https://www.ihg.com/holidayinn/hotels/us/en/fuyang/fugfy/hoteldetail
IHG Hotels & Resorts,IHG-FOCCP,FOCCP,Crowne Plaza Fuzhou Riverside,Crowne Plaza,MAINLAND_CN,CN,Fuzhou,false,ihg_destination_pages_no_amount,CNY,,,,,,,,https://www.ihg.com/crowneplaza/hotels/us/en/fuzhou/foccp/hoteldetail
IHG Hotels & Resorts,IHG-FOCFS,FOCFS,Crowne Plaza Fuzhou South,Crowne Plaza,MAINLAND_CN,CN,Fuzhou,false,ihg_destination_pages_no_amount,CNY,,,,,,,,https://www.ihg.com/crowneplaza/hotels/us/en/fuzhou/focfs/hoteldetail
IHG Hotels & Resorts,IHG-FOCHR,FOCHR,Holiday Inn Express Fuzhou Downtown,Holiday Inn Express,MAINLAND_CN,CN,Fuzhou,false,ihg_destination_pages_no_amount,CNY,,,,,,,,https://www.ihg.com/holidayinnexpress/hotels/us/en/fuzhou/fochr/hoteldetail
IHG Hotels & Resorts,IHG-FOCEC,FOCEC,Holiday Inn Fuzhou Exhibition Center,Holiday Inn,MAINLAND_CN,CN,Fuzhou,false,ihg_destination_pages_no_amount,CNY,,,,,,,,https://www.ihg.com/holidayinn/hotels/us/en/fuzhou/focec/hoteldetail
IHG Hotels & Resorts,IHG-FOCJE,FOCJE,Holiday Inn Fuzhou New Port,Holiday Inn,MAINLAND_CN,CN,Fuzhou,false,ihg_destination_pages_no_amount,CNY,,,,,,,,https://www.ihg.com/holidayinn/hotels/us/en/fuzhou/focje/hoteldetail
IHG Hotels & Resorts,IHG-FOCHA,FOCHA,InterContinental Fuzhou,InterContinental,MAINLAND_CN,CN,Fuzhou,false,ihg_destination_pages_no_amount,CNY,,,,,,,,https://www.ihg.com/intercontinental/hotels/us/en/fuzhou/focha/hoteldetail
IHG Hotels & Resorts,IHG-FOCFJ,FOCFJ,voco Fuzhou Jinhui,voco,MAINLAND_CN,CN,Fuzhou,false,ihg_destination_pages_no_amount,CNY,,,,,,,,https://www.ihg.com/voco/hotels/us/en/fuzhou/focfj/hoteldetail
IHG Hotels & Resorts,IHG-KOWGQ,KOWGQ,Crowne Plaza Ganzhou,Crowne Plaza,MAINLAND_CN,CN,Ganzhou,false,ihg_destination_pages_no_amount,CNY,,,,,,,,https://www.ihg.com/crowneplaza/hotels/us/en/ganzhou/kowgq/hoteldetail
IHG Hotels & Resorts,IHG-YUSBT,YUSBT,Holiday Inn Batang,Holiday Inn,MAINLAND_CN,CN,Ganzi,false,ihg_destination_pages_no_amount,CNY,,,,,,,,https://www.ihg.com/holidayinn/hotels/us/en/batang/yusbt/hoteldetail
IHG Hotels & Resorts,IHG-GZGLD,GZGLD,Holiday Inn Express Luding,Holiday Inn Express,MAINLAND_CN,CN,Garze,false,ihg_destination_pages_no_amount,CNY,,,,,,,,https://www.ihg.com/holidayinnexpress/hotels/us/en/ganzi/gzgld/hoteldetail
IHG Hotels & Resorts,IHG-TNHGH,TNHGH,Holiday Inn Express Gongyi City Center,Holiday Inn Express,MAINLAND_CN,CN,Gonyi,false,ihg_destination_pages_no_amount,CNY,,,,,,,,https://www.ihg.com/holidayinnexpress/hotels/us/en/gongyi/tnhgh/hoteldetail
IHG Hotels & Resorts,IHG-GUHHR,GUHHR,Crowne Plaza Guangzhou City Centre,Crowne Plaza,MAINLAND_CN,CN,Guangzhou,false,ihg_destination_pages_no_amount,CNY,,,,,,,,https://www.ihg.com/crowneplaza/hotels/us/en/guangzhou/guhhr/hoteldetail
IHG Hotels & Resorts,IHG-GUHGH,GUHGH,Crowne Plaza Guangzhou Huadu,Crowne Plaza,MAINLAND_CN,CN,Guangzhou,false,ihg_destination_pages_no_amount,CNY,,,,,,,,https://www.ihg.com/crowneplaza/hotels/us/en/guangzhou/guhgh/hoteldetail
IHG Hotels & Resorts,IHG-CANWI,CANWI,Crowne Plaza Guangzhou Window of Canton,Crowne Plaza,MAINLAND_CN,CN,Guangzhou,false,ihg_destination_pages_no_amount,CNY,,,,,,,,https://www.ihg.com/crowneplaza/hotels/us/en/guangzhou/canwi/hoteldetail
IHG Hotels & Resorts,IHG-CANBS,CANBS,EVEN Hotel Guangzhou Baiyun Station,EVEN Hotel,MAINLAND_CN,CN,Guangzhou,false,ihg_destination_pages_no_amount,CNY,,,,,,,,https://www.ihg.com/evenhotels/hotels/us/en/guangzhou/canbs/hoteldetail
IHG Hotels & Resorts,IHG-CANSS,CANSS,Holiday Inn & Suites Guangzhou South Station,Holiday Inn & Suites,MAINLAND_CN,CN,Guangzhou,false,ihg_destination_pages_no_amount,CNY,,,,,,,,https://www.ihg.com/holidayinn/hotels/us/en/guangzhou/canss/hoteldetail
IHG Hotels & Resorts,IHG-CANBY,CANBY,Holiday Inn Express Guangzhou Baiyun Airport T2,Holiday Inn Express,MAINLAND_CN,CN,Guangzhou,false,ihg_destination_pages_no_amount,CNY,,,,,,,,https://www.ihg.com/holidayinnexpress/hotels/us/en/guangzhou/canby/hoteldetail
IHG Hotels & Resorts,IHG-CANYU,CANYU,Holiday Inn Express Guangzhou Panyu,Holiday Inn Express,MAINLAND_CN,CN,Guangzhou,false,ihg_destination_pages_no_amount,CNY,,,,,,,,https://www.ihg.com/holidayinnexpress/hotels/us/en/guangzhou/canyu/hoteldetail
IHG Hotels & Resorts,IHG-CANGG,CANGG,Holiday Inn Express Guangzhou Panyu Dashi,Holiday Inn Express,MAINLAND_CN,CN,Guangzhou,false,ihg_destination_pages_no_amount,CNY,,,,,,,,https://www.ihg.com/holidayinnexpress/hotels/us/en/guangzhou/cangg/hoteldetail
IHG Hotels & Resorts,IHG-CANUT,CANUT,Holiday Inn Express Guangzhou University Town,Holiday Inn Express,MAINLAND_CN,CN,Guangzhou,false,ihg_destination_pages_no_amount,CNY,,,,,,,,https://www.ihg.com/holidayinnexpress/hotels/us/en/guangzhou/canut/hoteldetail
IHG Hotels & Resorts,IHG-CANZX,CANZX,Holiday Inn Express Guangzhou Zengcheng Xintang,Holiday Inn Express,MAINLAND_CN,CN,Guangzhou,false,ihg_destination_pages_no_amount,CNY,,,,,,,,https://www.ihg.com/holidayinnexpress/hotels/us/en/guangzhou/canzx/hoteldetail
IHG Hotels & Resorts,IHG-CANAG,CANAG,Holiday Inn Guangzhou Airport Zone,Holiday Inn,MAINLAND_CN,CN,Guangzhou,false,ihg_destination_pages_no_amount,CNY,,,,,,,,https://www.ihg.com/holidayinn/hotels/us/en/guangzhou/canag/hoteldetail
IHG Hotels & Resorts,IHG-CANLE,CANLE,Holiday Inn Guangzhou South Lake,Holiday Inn,MAINLAND_CN,CN,Guangzhou,false,ihg_destination_pages_no_amount,CNY,,,,,,,,https://www.ihg.com/holidayinn/hotels/us/en/guangzhou/canle/hoteldetail
IHG Hotels & Resorts,IHG-CANNT,CANNT,Holiday Inn Guangzhou Zhujiang New Town,Holiday Inn,MAINLAND_CN,CN,Guangzhou,false,ihg_destination_pages_no_amount,CNY,,,,,,,,https://www.ihg.com/holidayinn/hotels/us/en/guangzhou/cannt/hoteldetail
IHG Hotels & Resorts,IHG-CANRS,CANRS,Holiday Inn Resort Guangzhou Wangzi Mountain,Holiday Inn Resort,MAINLAND_CN,CN,Guangzhou,false,ihg_destination_pages_no_amount,CNY,,,,,,,,https://www.ihg.com/holidayinnresorts/hotels/us/en/guangzhou/canrs/hoteldetail
IHG Hotels & Resorts,IHG-CANEH,CANEH,Hotel Indigo Guangzhou Haixinsha,Hotel Indigo,MAINLAND_CN,CN,Guangzhou,false,ihg_destination_pages_no_amount,CNY,,,,,,,,https://www.ihg.com/hotelindigo/hotels/us/en/guangzhou/caneh/hoteldetail
IHG Hotels & Resorts,IHG-CANEC,CANEC,InterContinental Guangzhou Exhibition Center,InterContinental,MAINLAND_CN,CN,Guangzhou,false,ihg_destination_pages_no_amount,CNY,,,,,,,,https://www.ihg.com/intercontinental/hotels/us/en/guangzhou/canec/hoteldetail
IHG Hotels & Resorts,IHG-CANXH,CANXH,Vignette Collection The Xanadu Guangzhou,Vignette Collection,MAINLAND_CN,CN,Guangzhou,false,ihg_destination_pages_no_amount,CNY,,,,,,,,https://www.ihg.com/vignettecollection/hotels/us/en/guangzhou/canxh/hoteldetail
IHG Hotels & Resorts,IHG-CANVC,CANVC,voco Guangzhou Shifu,voco,MAINLAND_CN,CN,Guangzhou,false,ihg_destination_pages_no_amount,CNY,,,,,,,,https://www.ihg.com/voco/hotels/us/en/guangzhou/canvc/hoteldetail
IHG Hotels & Resorts,IHG-KWLGY,KWLGY,Holiday Inn Express Guian Yungu,Holiday Inn Express,MAINLAND_CN,CN,Guian,false,ihg_destination_pages_no_amount,CNY,,,,,,,,https://www.ihg.com/holidayinnexpress/hotels/us/en/guian/kwlgy/hoteldetail
IHG Hotels & Resorts,IHG-KWLCC,KWLCC,Holiday Inn Express Guilin City Center,Holiday Inn Express,MAINLAND_CN,CN,Guilin,false,ihg_destination_pages_no_amount,CNY,,,,,,,,https://www.ihg.com/holidayinnexpress/hotels/us/en/guilin/kwlcc/hoteldetail
IHG Hotels & Resorts,IHG-KWLHT,KWLHT,Holiday Inn Express Guilin High-Tech Zone,Holiday Inn Express,MAINLAND_CN,CN,Guilin,false,ihg_destination_pages_no_amount,CNY,,,,,,,,https://www.ihg.com/holidayinnexpress/hotels/us/en/guilin/kwlht/hoteldetail
IHG Hotels & Resorts,IHG-KWLGQ,KWLGQ,Holiday Inn Guilin Qixing,Holiday Inn,MAINLAND_CN,CN,Guilin,false,ihg_destination_pages_no_amount,CNY,,,,,,,,https://www.ihg.com/holidayinn/hotels/us/en/guilin/kwlgq/hoteldetail
IHG Hotels & Resorts,IHG-KWLYN,KWLYN,voco Guilin Yangshuo,voco,MAINLAND_CN,CN,Guilin,false,ihg_destination_pages_no_amount,CNY,,,,,,,,https://www.ihg.com/voco/hotels/us/en/yangshuo/kwlyn/hoteldetail
IHG Hotels & Resorts,IHG-KWEJA,KWEJA,Holiday Inn Express Guiyang Century City Mall,Holiday Inn Express,MAINLAND_CN,CN,Guiyang,false,ihg_destination_pages_no_amount,CNY,,,,,,,,https://www.ihg.com/holidayinnexpress/hotels/us/en/guiyang/kweja/hoteldetail
IHG Hotels & Resorts,IHG-KWEDT,KWEDT,Holiday Inn Express Guiyang Downtown,Holiday Inn Express,MAINLAND_CN,CN,Guiyang,false,ihg_destination_pages_no_amount,CNY,,,,,,,,https://www.ihg.com/holidayinnexpress/hotels/us/en/guiyang/kwedt/hoteldetail
IHG Hotels & Resorts,IHG-KWEGS,KWEGS,Holiday Inn Express Guiyang Guanshanhu,Holiday Inn Express,MAINLAND_CN,CN,Guiyang,false,ihg_destination_pages_no_amount,CNY,,,,,,,,https://www.ihg.com/holidayinnexpress/hotels/us/en/guiyang/kwegs/hoteldetail
IHG Hotels & Resorts,IHG-KWEGQ,KWEGQ,Holiday Inn Express Guiyang Qingyan,Holiday Inn Express,MAINLAND_CN,CN,Guiyang,false,ihg_destination_pages_no_amount,CNY,,,,,,,,https://www.ihg.com/holidayinnexpress/hotels/us/en/guiyang/kwegq/hoteldetail
IHG Hotels & Resorts,IHG-KWEAP,KWEAP,Holiday Inn Guiyang Airport,Holiday Inn,MAINLAND_CN,CN,Guiyang,false,ihg_destination_pages_no_amount,CNY,,,,,,,,https://www.ihg.com/holidayinn/hotels/us/en/guiyang/kweap/hoteldetail
IHG Hotels & Resorts,IHG-KWECC,KWECC,Holiday Inn Guiyang City Center,Holiday Inn,MAINLAND_CN,CN,Guiyang,false,ihg_destination_pages_no_amount,CNY,,,,,,,,https://www.ihg.com/holidayinn/hotels/us/en/guiyang/kwecc/hoteldetail
IHG Hotels & Resorts,IHG-KWEQY,KWEQY,Holiday Inn Resort Guiyang Qingyan,Holiday Inn Resort,MAINLAND_CN,CN,Guiyang,false,ihg_destination_pages_no_amount,CNY,,,,,,,,https://www.ihg.com/holidayinnresorts/hotels/us/en/guiyang/kweqy/hoteldetail
IHG Hotels & Resorts,IHG-KWEFC,KWEFC,HUALUXE Guiyang Financial City,HUALUXE,MAINLAND_CN,CN,Guiyang,false,ihg_destination_pages_no_amount,CNY,,,,,,,,https://www.ihg.com/hotels/us/en/guiyang/kwefc/hoteldetail
IHG Hotels & Resorts,IHG-HAKDF,HAKDF,Holiday Inn Express Haikou Int'l Duty Free City,Holiday Inn Express,MAINLAND_CN,CN,Haikou,false,ihg_destination_pages_no_amount,CNY,,,,,,,,https://www.ihg.com/holidayinnexpress/hotels/us/en/haikou/hakdf/hoteldetail
IHG Hotels & Resorts,IHG-HAKML,HAKML,Holiday Inn Express Haikou Meilan,Holiday Inn Express,MAINLAND_CN,CN,Haikou,false,ihg_destination_pages_no_amount,CNY,,,,,,,,https://www.ihg.com/holidayinnexpress/hotels/us/en/haikou/hakml/hoteldetail
IHG Hotels & Resorts,IHG-HAKEX,HAKEX,Holiday Inn Express Haikou West Coast,Holiday Inn Express,MAINLAND_CN,CN,Haikou,false,ihg_destination_pages_no_amount,CNY,,,,,,,,https://www.ihg.com/holidayinnexpress/hotels/us/en/haikou/hakex/hoteldetail
IHG Hotels & Resorts,IHG-HAKXH,HAKXH,Holiday Inn Express Haikou World Trade Center,Holiday Inn Express,MAINLAND_CN,CN,Haikou,false,ihg_destination_pages_no_amount,CNY,,,,,,,,https://www.ihg.com/holidayinnexpress/hotels/us/en/haikou/hakxh/hoteldetail
IHG Hotels & Resorts,IHG-HAKBH,HAKBH,Holiday Inn Haikou West Coast,Holiday Inn,MAINLAND_CN,CN,Haikou,false,ihg_destination_pages_no_amount,CNY,,,,,,,,https://www.ihg.com/holidayinn/hotels/us/en/haikou/hakbh/hoteldetail
IHG Hotels & Resorts,IHG-HAKUL,HAKUL,InterContinental Haikou Seaview,InterContinental,MAINLAND_CN,CN,Haikou,false,ihg_destination_pages_no_amount,CNY,,,,,,,,https://www.ihg.com/intercontinental/hotels/us/en/haikou/hakul/hoteldetail
IHG Hotels & Resorts,IHG-HAKHY,HAKHY,Vignette Collection Haikou Yatter Hotel,Vignette Collection,MAINLAND_CN,CN,Haikou,false,ihg_destination_pages_no_amount,CNY,,,,,,,,https://www.ihg.com/vignettecollection/hotels/us/en/haikou/hakhy/hoteldetail
IHG Hotels & Resorts,IHG-TVXUX,TVXUX,HUALUXE Haining,HUALUXE,MAINLAND_CN,CN,Haining,false,ihg_destination_pages_no_amount,CNY,,,,,,,,https://www.ihg.com/hotels/us/en/haining/tvxux/hoteldetail
IHG Hotels & Resorts,IHG-HDGHE,HDGHE,Holiday Inn Express Handan East,Holiday Inn Express,MAINLAND_CN,CN,Handan,false,ihg_destination_pages_no_amount,CNY,,,,,,,,https://www.ihg.com/holidayinnexpress/hotels/us/en/handan/hdghe/hoteldetail
IHG Hotels & Resorts,IHG-HDGLX,HDGLX,HUALUXE Handan,HUALUXE,MAINLAND_CN,CN,Handan,false,ihg_destination_pages_no_amount,CNY,,,,,,,,https://www.ihg.com/hotels/us/en/handan/hdglx/hoteldetail
IHG Hotels & Resorts,IHG-HGHLI,HGHLI,Crowne Plaza Hangzhou Linping,Crowne Plaza,MAINLAND_CN,CN,Hangzhou,false,ihg_destination_pages_no_amount,CNY,,,,,,,,https://www.ihg.com/crowneplaza/hotels/us/en/hangzhou/hghli/hoteldetail
IHG Hotels & Resorts,IHG-HGHHH,HGHHH,Crowne Plaza Hangzhou Qiantang,Crowne Plaza,MAINLAND_CN,CN,Hangzhou,false,ihg_destination_pages_no_amount,CNY,,,,,,,,https://www.ihg.com/crowneplaza/hotels/us/en/hangzhou/hghhh/hoteldetail
IHG Hotels & Resorts,IHG-HGHJR,HGHJR,Crowne Plaza Hangzhou Riverside,Crowne Plaza,MAINLAND_CN,CN,Hangzhou,false,ihg_destination_pages_no_amount,CNY,,,,,,,,https://www.ihg.com/crowneplaza/hotels/us/en/hangzhou/hghjr/hoteldetail
IHG Hotels & Resorts,IHG-HGHCT,HGHCT,Crowne Plaza Hangzhou Science City,Crowne Plaza,MAINLAND_CN,CN,Hangzhou,false,ihg_destination_pages_no_amount,CNY,,,,,,,,https://www.ihg.com/crowneplaza/hotels/us/en/hangzhou/hghct/hoteldetail
IHG Hotels & Resorts,IHG-HGHWL,HGHWL,EVEN Hotel Hangzhou West Lake,EVEN Hotel,MAINLAND_CN,CN,Hangzhou,false,ihg_destination_pages_no_amount,CNY,,,,,,,,https://www.ihg.com/evenhotels/hotels/us/en/hangzhou/hghwl/hoteldetail
IHG Hotels & Resorts,IHG-HGHGD,HGHGD,EVEN Hotel Hangzhou Yintai City,EVEN Hotel,MAINLAND_CN,CN,Hangzhou,false,ihg_destination_pages_no_amount,CNY,,,,,,,,https://www.ihg.com/evenhotels/hotels/us/en/hangzhou/hghgd/hoteldetail
IHG Hotels & Resorts,IHG-HGHAP,HGHAP,Holiday Inn Express Hangzhou Airport,Holiday Inn Express,MAINLAND_CN,CN,Hangzhou,false,ihg_destination_pages_no_amount,CNY,,,,,,,,https://www.ihg.com/holidayinnexpress/hotels/us/en/hangzhou/hghap/hoteldetail
IHG Hotels & Resorts,IHG-HGHBJ,HGHBJ,Holiday Inn Express Hangzhou Binjiang,Holiday Inn Express,MAINLAND_CN,CN,Hangzhou,false,ihg_destination_pages_no_amount,CNY,,,,,,,,https://www.ihg.com/holidayinnexpress/hotels/us/en/hangzhou/hghbj/hoteldetail
IHG Hotels & Resorts,IHG-HGHST,HGHST,Holiday Inn Express Hangzhou East Station,Holiday Inn Express,MAINLAND_CN,CN,Hangzhou,false,ihg_destination_pages_no_amount,CNY,,,,,,,,https://www.ihg.com/holidayinnexpress/hotels/us/en/hangzhou/hghst/hoteldetail
IHG Hotels & Resorts,IHG-HGHHG,HGHHG,Holiday Inn Express Hangzhou Gongshu,Holiday Inn Express,MAINLAND_CN,CN,Hangzhou,false,ihg_destination_pages_no_amount,CNY,,,,,,,,https://www.ihg.com/holidayinnexpress/hotels/us/en/hangzhou/hghhg/hoteldetail
IHG Hotels & Resorts,IHG-HGHEX,HGHEX,Holiday Inn Express Hangzhou Huanglong,Holiday Inn Express,MAINLAND_CN,CN,Hangzhou,false,ihg_destination_pages_no_amount,CNY,,,,,,,,https://www.ihg.com/holidayinnexpress/hotels/us/en/hangzhou/hghex/hoteldetail
IHG Hotels & Resorts,IHG-HGHBS,HGHBS,Holiday Inn Express Hangzhou Jiangnan,Holiday Inn Express,MAINLAND_CN,CN,Hangzhou,false,ihg_destination_pages_no_amount,CNY,,,,,,,,https://www.ihg.com/holidayinnexpress/hotels/us/en/hangzhou/hghbs/hoteldetail
IHG Hotels & Resorts,IHG-HGHJU,HGHJU,Holiday Inn Express Hangzhou Jiuzhou,Holiday Inn Express,MAINLAND_CN,CN,Hangzhou,false,ihg_destination_pages_no_amount,CNY,,,,,,,,https://www.ihg.com/holidayinnexpress/hotels/us/en/hangzhou/hghju/hoteldetail
IHG Hotels & Resorts,IHG-HGHCC,HGHCC,Holiday Inn Express Hangzhou Qianjiang CenturyCity,Holiday Inn Express,MAINLAND_CN,CN,Hangzhou,false,ihg_destination_pages_no_amount,CNY,,,,,,,,https://www.ihg.com/holidayinnexpress/hotels/us/en/hangzhou/hghcc/hoteldetail
IHG Hotels & Resorts,IHG-HGHWE,HGHWE,Holiday Inn Express Hangzhou Westlake East,Holiday Inn Express,MAINLAND_CN,CN,Hangzhou,false,ihg_destination_pages_no_amount,CNY,,,,,,,,https://www.ihg.com/holidayinnexpress/hotels/us/en/hangzhou/hghwe/hoteldetail
IHG Hotels & Resorts,IHG-HGHXX,HGHXX,Holiday Inn Express Hangzhou Xixi,Holiday Inn Express,MAINLAND_CN,CN,Hangzhou,false,ihg_destination_pages_no_amount,CNY,,,,,,,,https://www.ihg.com/holidayinnexpress/hotels/us/en/hangzhou/hghxx/hoteldetail
IHG Hotels & Resorts,IHG-HGHAZ,HGHAZ,Holiday Inn Hangzhou Airport Zone,Holiday Inn,MAINLAND_CN,CN,Hangzhou,false,ihg_destination_pages_no_amount,CNY,,,,,,,,https://www.ihg.com/holidayinn/hotels/us/en/hangzhou/hghaz/hoteldetail
IHG Hotels & Resorts,IHG-HGHCG,HGHCG,Holiday Inn Hangzhou GCEC,Holiday Inn,MAINLAND_CN,CN,Hangzhou,false,ihg_destination_pages_no_amount,CNY,,,,,,,,https://www.ihg.com/holidayinn/hotels/us/en/hangzhou/hghcg/hoteldetail
IHG Hotels & Resorts,IHG-HGHHZ,HGHHZ,Holiday Inn Hangzhou Gongshu,Holiday Inn,MAINLAND_CN,CN,Hangzhou,false,ihg_destination_pages_no_amount,CNY,,,,,,,,https://www.ihg.com/holidayinn/hotels/us/en/hangzhou/hghhz/hoteldetail
IHG Hotels & Resorts,IHG-HGHLK,HGHLK,Holiday Inn Hangzhou West Lake,Holiday Inn,MAINLAND_CN,CN,Hangzhou,false,ihg_destination_pages_no_amount,CNY,,,,,,,,https://www.ihg.com/holidayinn/hotels/us/en/hangzhou/hghlk/hoteldetail
IHG Hotels & Resorts,IHG-HGHXS,HGHXS,Holiday Inn Hangzhou Xiaoshan,Holiday Inn,MAINLAND_CN,CN,Hangzhou,false,ihg_destination_pages_no_amount,CNY,,,,,,,,https://www.ihg.com/holidayinn/hotels/us/en/hangzhou/hghxs/hoteldetail
IHG Hotels & Resorts,IHG-HGHTM,HGHTM,Hotel Indigo Hangzhou Tianmushan,Hotel Indigo,MAINLAND_CN,CN,Hangzhou,false,ihg_destination_pages_no_amount,CNY,,,,,,,,https://www.ihg.com/hotelindigo/hotels/us/en/hangzhou/hghtm/hoteldetail
IHG Hotels & Resorts,IHG-HGHNE,HGHNE,Hotel Indigo Hangzhou Uptown,Hotel Indigo,MAINLAND_CN,CN,Hangzhou,false,ihg_destination_pages_no_amount,CNY,,,,,,,,https://www.ihg.com/hotelindigo/hotels/us/en/hangzhou/hghne/hoteldetail
IHG Hotels & Resorts,IHG-HGHHA,HGHHA,InterContinental Hangzhou ICC,InterContinental,MAINLAND_CN,CN,Hangzhou,false,ihg_destination_pages_no_amount,CNY,,,,,,,,https://www.ihg.com/intercontinental/hotels/us/en/hangzhou/hghha/hoteldetail
IHG Hotels & Resorts,IHG-HGHHL,HGHHL,InterContinental Hangzhou Liangzhu,InterContinental,MAINLAND_CN,CN,Hangzhou,false,ihg_destination_pages_no_amount,CNY,,,,,,,,https://www.ihg.com/intercontinental/hotels/us/en/hangzhou/hghhl/hoteldetail
IHG Hotels & Resorts,IHG-HGHWS,HGHWS,InterContinental Hangzhou Wulin,InterContinental,MAINLAND_CN,CN,Hangzhou,false,ihg_destination_pages_no_amount,CNY,,,,,,,,https://www.ihg.com/intercontinental/hotels/us/en/hangzhou/hghws/hoteldetail
IHG Hotels & Resorts,IHG-HGHHU,HGHHU,Vignette Collection Hangzhou Huaxia Center Hotel,Vignette Collection,MAINLAND_CN,CN,Hangzhou,false,ihg_destination_pages_no_amount,CNY,,,,,,,,https://www.ihg.com/vignettecollection/hotels/us/en/hangzhou/hghhu/hoteldetail
IHG Hotels & Resorts,IHG-HGHBM,HGHBM,voco Hangzhou Binjiang Minghao,voco,MAINLAND_CN,CN,Hangzhou,false,ihg_destination_pages_no_amount,CNY,,,,,,,,https://www.ihg.com/voco/hotels/us/en/hangzhou/hghbm/hoteldetail
IHG Hotels & Resorts,IHG-HGHTH,HGHTH,voco Thousand Island Lake,voco,MAINLAND_CN,CN,Hangzhou,false,ihg_destination_pages_no_amount,CNY,,,,,,,,https://www.ihg.com/voco/hotels/us/en/hangzhou/hghth/hoteldetail
IHG Hotels & Resorts,IHG-HRBSG,HRBSG,Crowne Plaza Harbin Songbei,Crowne Plaza,MAINLAND_CN,CN,Harbin,false,ihg_destination_pages_no_amount,CNY,,,,,,,,https://www.ihg.com/crowneplaza/hotels/us/en/harbin/hrbsg/hoteldetail
IHG Hotels & Resorts,IHG-HRBCL,HRBCL,Holiday Inn Express Harbin Central Avenue,Holiday Inn Express,MAINLAND_CN,CN,Harbin,false,ihg_destination_pages_no_amount,CNY,,,,,,,,https://www.ihg.com/holidayinnexpress/hotels/us/en/harbin/hrbcl/hoteldetail
IHG Hotels & Resorts,IHG-HRBEC,HRBEC,Holiday Inn Express Harbin Exhibition Center,Holiday Inn Express,MAINLAND_CN,CN,Harbin,false,ihg_destination_pages_no_amount,CNY,,,,,,,,https://www.ihg.com/holidayinnexpress/hotels/us/en/harbin/hrbec/hoteldetail
IHG Hotels & Resorts,IHG-HRBHQ,HRBHQ,Holiday Inn Express Harbin Qunli,Holiday Inn Express,MAINLAND_CN,CN,Harbin,false,ihg_destination_pages_no_amount,CNY,,,,,,,,https://www.ihg.com/holidayinnexpress/hotels/us/en/harbin/hrbhq/hoteldetail
IHG Hotels & Resorts,IHG-HRBND,HRBND,Holiday Inn Express Harbin Songbei New District,Holiday Inn Express,MAINLAND_CN,CN,Harbin,false,ihg_destination_pages_no_amount,CNY,,,,,,,,https://www.ihg.com/holidayinnexpress/hotels/us/en/harbin/hrbnd/hoteldetail
IHG Hotels & Resorts,IHG-HRBCA,HRBCA,Hotel Indigo Harbin Central Avenue,Hotel Indigo,MAINLAND_CN,CN,Harbin,false,ihg_destination_pages_no_amount,CNY,,,,,,,,https://www.ihg.com/hotelindigo/hotels/us/en/harbin/hrbca/hoteldetail
IHG Hotels & Resorts,IHG-HFETR,HFETR,Atwell Suites Hefei City Center,Atwell Suites,MAINLAND_CN,CN,Hefei,false,ihg_destination_pages_no_amount,CNY,,,,,,,,https://www.ihg.com/atwellsuites/hotels/us/en/hefei/hfetr/hoteldetail
IHG Hotels & Resorts,IHG-HFESD,HFESD,Crowne Plaza Hefei,Crowne Plaza,MAINLAND_CN,CN,Hefei,false,ihg_destination_pages_no_amount,CNY,,,,,,,,https://www.ihg.com/crowneplaza/hotels/us/en/hefei/hfesd/hoteldetail
IHG Hotels & Resorts,IHG-HFEFT,HFEFT,Holiday Inn Express Hefei FTZ,Holiday Inn Express,MAINLAND_CN,CN,Hefei,false,ihg_destination_pages_no_amount,CNY,,,,,,,,https://www.ihg.com/holidayinnexpress/hotels/us/en/hefei/hfeft/hoteldetail
IHG Hotels & Resorts,IHG-HFEHT,HFEHT,Holiday Inn Express Hefei High Tech,Holiday Inn Express,MAINLAND_CN,CN,Hefei,false,ihg_destination_pages_no_amount,CNY,,,,,,,,https://www.ihg.com/holidayinnexpress/hotels/us/en/hefei/hfeht/hoteldetail
IHG Hotels & Resorts,IHG-HFEEX,HFEEX,Holiday Inn Express Hefei Huaihe Road,Holiday Inn Express,MAINLAND_CN,CN,Hefei,false,ihg_destination_pages_no_amount,CNY,,,,,,,,https://www.ihg.com/holidayinnexpress/hotels/us/en/hefei/hfeex/hoteldetail
IHG Hotels & Resorts,IHG-HFESH,HFESH,Holiday Inn Express Hefei South,Holiday Inn Express,MAINLAND_CN,CN,Hefei,false,ihg_destination_pages_no_amount,CNY,,,,,,,,https://www.ihg.com/holidayinnexpress/hotels/us/en/hefei/hfesh/hoteldetail
IHG Hotels & Resorts,IHG-HFESS,HFESS,Holiday Inn Express Hefei West Railway Station,Holiday Inn Express,MAINLAND_CN,CN,Hefei,false,ihg_destination_pages_no_amount,CNY,,,,,,,,https://www.ihg.com/holidayinnexpress/hotels/us/en/hefei/hfess/hoteldetail
IHG Hotels & Resorts,IHG-HFECH,HFECH,Holiday Inn Hefei,Holiday Inn,MAINLAND_CN,CN,Hefei,false,ihg_destination_pages_no_amount,CNY,,,,,,,,https://www.ihg.com/holidayinn/hotels/us/en/hefei/hfech/hoteldetail
IHG Hotels & Resorts,IHG-HFECC,HFECC,Holiday Inn Hefei City Center,Holiday Inn,MAINLAND_CN,CN,Hefei,false,ihg_destination_pages_no_amount,CNY,,,,,,,,https://www.ihg.com/holidayinn/hotels/us/en/hefei/hfecc/hoteldetail
IHG Hotels & Resorts,IHG-HFEHA,HFEHA,InterContinental Hefei,InterContinental,MAINLAND_CN,CN,Hefei,false,ihg_destination_pages_no_amount,CNY,,,,,,,,https://www.ihg.com/intercontinental/hotels/us/en/hefei/hfeha/hoteldetail
IHG Hotels & Resorts,IHG-HFEBH,HFEBH,voco Hefei Binhu,voco,MAINLAND_CN,CN,Hefei,false,ihg_destination_pages_no_amount,CNY,,,,,,,,https://www.ihg.com/voco/hotels/us/en/hefei/hfebh/hoteldetail
IHG Hotels & Resorts,IHG-SJWHR,SJWHR,Holiday Inn Express Hengshui Railway Station,Holiday Inn Express,MAINLAND_CN,CN,Hengshui,false,ihg_destination_pages_no_amount,CNY,,,,,,,,https://www.ihg.com/holidayinnexpress/hotels/us/en/hengshui/sjwhr/hoteldetail
IHG Hotels & Resorts,IHG-HNYHZ,HNYHZ,Holiday Inn Express Hengyang High-Tech Zone,Holiday Inn Express,MAINLAND_CN,CN,Hengyang,false,ihg_destination_pages_no_amount,CNY,,,,,,,,https://www.ihg.com/holidayinnexpress/hotels/us/en/hengyang/hnyhz/hoteldetail
IHG Hotels & Resorts,IHG-HETCC,HETCC,Crowne Plaza Hohhot City Center,Crowne Plaza,MAINLAND_CN,CN,Hohhot,false,ihg_destination_pages_no_amount,CNY,,,,,,,,https://www.ihg.com/crowneplaza/hotels/us/en/hohhot/hetcc/hoteldetail
IHG Hotels & Resorts,IHG-HETHH,HETHH,Holiday Inn Express Hohhot East Station,Holiday Inn Express,MAINLAND_CN,CN,Hohhot,false,ihg_destination_pages_no_amount,CNY,,,,,,,,https://www.ihg.com/holidayinnexpress/hotels/us/en/hohhot/hethh/hoteldetail
IHG Hotels & Resorts,IHG-YINOS,YINOS,Holiday Inn Express Horgos,Holiday Inn Express,MAINLAND_CN,CN,Horgos,false,ihg_destination_pages_no_amount,CNY,,,,,,,,https://www.ihg.com/holidayinnexpress/hotels/us/en/horgos/yinos/hoteldetail
IHG Hotels & Resorts,IHG-SUZHC,SUZHC,Holiday Inn Express Huaibei City Center,Holiday Inn Express,MAINLAND_CN,CN,Huaibei,false,ihg_destination_pages_no_amount,CNY,,,,,,,,https://www.ihg.com/holidayinnexpress/hotels/us/en/huaibei/suzhc/hoteldetail
IHG Hotels & Resorts,IHG-HJJUA,HJJUA,Crowne Plaza Huaihua,Crowne Plaza,MAINLAND_CN,CN,Huaihua,false,ihg_destination_pages_no_amount,CNY,,,,,,,,https://www.ihg.com/crowneplaza/hotels/us/en/huaihua/hjjua/hoteldetail
IHG Hotels & Resorts,IHG-TXNCP,TXNCP,Crowne Plaza Huangshan Yucheng,Crowne Plaza,MAINLAND_CN,CN,Huangshan,false,ihg_destination_pages_no_amount,CNY,,,,,,,,https://www.ihg.com/crowneplaza/hotels/us/en/huangshan/txncp/hoteldetail
IHG Hotels & Resorts,IHG-TXNSG,TXNSG,Holiday Inn Express Huangshan Mountain South Gate,Holiday Inn Express,MAINLAND_CN,CN,Huangshan,false,ihg_destination_pages_no_amount,CNY,,,,,,,,https://www.ihg.com/holidayinnexpress/hotels/us/en/huangshan/txnsg/hoteldetail
IHG Hotels & Resorts,IHG-TXNQR,TXNQR,Holiday Inn Express Huangshan Tunxi High-Tech Zone,Holiday Inn Express,MAINLAND_CN,CN,Huangshan,false,ihg_destination_pages_no_amount,CNY,,,,,,,,https://www.ihg.com/holidayinnexpress/hotels/us/en/huangshan/txnqr/hoteldetail
IHG Hotels & Resorts,IHG-HSDCL,HSDCL,Holiday Inn Express Huangshi Cihu Lake,Holiday Inn Express,MAINLAND_CN,CN,Huangshi,false,ihg_destination_pages_no_amount,CNY,,,,,,,,https://www.ihg.com/holidayinnexpress/hotels/us/en/huangshi/hsdcl/hoteldetail
IHG Hotels & Resorts,IHG-HUZSK,HUZSK,Crowne Plaza Huizhou,Crowne Plaza,MAINLAND_CN,CN,Huizhou,false,ihg_destination_pages_no_amount,CNY,,,,,,,,https://www.ihg.com/crowneplaza/hotels/us/en/huizhou/huzsk/hoteldetail
IHG Hotels & Resorts,IHG-JNZHS,JNZHS,Holiday Inn Express Huludao Seaview,Holiday Inn Express,MAINLAND_CN,CN,Huludao,false,ihg_destination_pages_no_amount,CNY,,,,,,,,https://www.ihg.com/holidayinnexpress/hotels/us/en/huludao/jnzhs/hoteldetail
IHG Hotels & Resorts,IHG-HZCHZ,HZCHZ,Crowne Plaza Huzhou,Crowne Plaza,MAINLAND_CN,CN,Huzhou,false,ihg_destination_pages_no_amount,CNY,,,,,,,,https://www.ihg.com/crowneplaza/hotels/us/en/huzhou/hzchz/hoteldetail
IHG Hotels & Resorts,IHG-HZCHA,HZCHA,InterContinental Huzhou Taihu South,InterContinental,MAINLAND_CN,CN,Huzhou,false,ihg_destination_pages_no_amount,CNY,,,,,,,,https://www.ihg.com/intercontinental/hotels/us/en/huzhou/hzcha/hoteldetail
IHG Hotels & Resorts,IHG-YINNL,YINNL,Hotel Indigo Nalati,Hotel Indigo,MAINLAND_CN,CN,Ili,false,ihg_destination_pages_no_amount,CNY,,,,,,,,https://www.ihg.com/hotelindigo/hotels/us/en/kazak-autonomous-prefectu/yinnl/hoteldetail
IHG Hotels & Resorts,IHG-ZBDJB,ZBDJB,Crowne Plaza Jiangmen Binjiang,Crowne Plaza,MAINLAND_CN,CN,Jiangmen,false,ihg_destination_pages_no_amount,CNY,,,,,,,,https://www.ihg.com/crowneplaza/hotels/us/en/jiangmen/zbdjb/hoteldetail
IHG Hotels & Resorts,IHG-ZBDEA,ZBDEA,Holiday Inn Express Jiangmen East Station,Holiday Inn Express,MAINLAND_CN,CN,Jiangmen,false,ihg_destination_pages_no_amount,CNY,,,,,,,,https://www.ihg.com/holidayinnexpress/hotels/us/en/jiangmen/zbdea/hoteldetail
IHG Hotels & Resorts,IHG-ZBDJM,ZBDJM,Holiday Inn Express Jiangmen Jianghai,Holiday Inn Express,MAINLAND_CN,CN,Jiangmen,false,ihg_destination_pages_no_amount,CNY,,,,,,,,https://www.ihg.com/holidayinnexpress/hotels/us/en/jiangmen/zbdjm/hoteldetail
IHG Hotels & Resorts,IHG-ZBDJX,ZBDJX,Holiday Inn Express Jiangmen Yinhu Bay,Holiday Inn Express,MAINLAND_CN,CN,Jiangmen,false,ihg_destination_pages_no_amount,CNY,,,,,,,,https://www.ihg.com/holidayinnexpress/hotels/us/en/jiangmen/zbdjx/hoteldetail
IHG Hotels & Resorts,IHG-JXSJS,JXSJS,Holiday Inn Jiashan,Holiday Inn,MAINLAND_CN,CN,Jiashan,false,ihg_destination_pages_no_amount,CNY,,,,,,,,https://www.ihg.com/holidayinn/hotels/us/en/jiashan/jxsjs/hoteldetail
IHG Hotels & Resorts,IHG-JXSHZ,JXSHZ,Holiday Inn & Suites Jiaxing Hangzhou Bay,Holiday Inn & Suites,MAINLAND_CN,CN,Jiaxing,false,ihg_destination_pages_no_amount,CNY,,,,,,,,https://www.ihg.com/holidayinn/hotels/us/en/jiaxing/jxshz/hoteldetail
IHG Hotels & Resorts,IHG-JXSHY,JXSHY,Holiday Inn Express Haiyan,Holiday Inn Express,MAINLAND_CN,CN,Jiaxing,false,ihg_destination_pages_no_amount,CNY,,,,,,,,https://www.ihg.com/holidayinnexpress/hotels/us/en/jiaxing/jxshy/hoteldetail
IHG Hotels & Resorts,IHG-JXSNH,JXSNH,Holiday Inn Jiaxing Nanhu,Holiday Inn,MAINLAND_CN,CN,Jiaxing,false,ihg_destination_pages_no_amount,CNY,,,,,,,,https://www.ihg.com/holidayinn/hotels/us/en/jiaxing/jxsnh/hoteldetail
IHG Hotels & Resorts,IHG-JXSTO,JXSTO,Holiday Inn Tongxiang,Holiday Inn,MAINLAND_CN,CN,Jiaxing,false,ihg_destination_pages_no_amount,CNY,,,,,,,,https://www.ihg.com/holidayinn/hotels/us/en/jiaxing/jxsto/hoteldetail
IHG Hotels & Resorts,IHG-JXSXT,JXSXT,voco Xitang,voco,MAINLAND_CN,CN,Jiaxing,false,ihg_destination_pages_no_amount,CNY,,,,,,,,https://www.ihg.com/voco/hotels/us/en/jiaxing/jxsxt/hoteldetail
IHG Hotels & Resorts,IHG-JILJC,JILJC,Holiday Inn Express Jilin City Center,Holiday Inn Express,MAINLAND_CN,CN,Jilin,false,ihg_destination_pages_no_amount,CNY,,,,,,,,https://www.ihg.com/holidayinnexpress/hotels/us/en/jilin/jiljc/hoteldetail
IHG Hotels & Resorts,IHG-JILBH,JILBH,Holiday Inn Jilin Beidahu,Holiday Inn,MAINLAND_CN,CN,Jilin,false,ihg_destination_pages_no_amount,CNY,,,,,,,,https://www.ihg.com/holidayinn/hotels/us/en/jilin/jilbh/hoteldetail
IHG Hotels & Resorts,IHG-TNAWJ,TNAWJ,Crowne Plaza Jinan Runhua,Crowne Plaza,MAINLAND_CN,CN,Jinan,false,ihg_destination_pages_no_amount,CNY,,,,,,,,https://www.ihg.com/crowneplaza/hotels/us/en/jinan/tnawj/hoteldetail
IHG Hotels & Resorts,IHG-TNAJA,TNAJA,Holiday Inn Express Jinan Airport Zone,Holiday Inn Express,MAINLAND_CN,CN,Jinan,false,ihg_destination_pages_no_amount,CNY,,,,,,,,https://www.ihg.com/holidayinnexpress/hotels/us/en/jinan/tnaja/hoteldetail
IHG Hotels & Resorts,IHG-TNAJS,TNAJS,Holiday Inn Express Jinan High-Tech Zone,Holiday Inn Express,MAINLAND_CN,CN,Jinan,false,ihg_destination_pages_no_amount,CNY,,,,,,,,https://www.ihg.com/holidayinnexpress/hotels/us/en/jinan/tnajs/hoteldetail
IHG Hotels & Resorts,IHG-TNAJJ,TNAJJ,Holiday Inn Express Jinan Qianfo Mountain,Holiday Inn Express,MAINLAND_CN,CN,Jinan,false,ihg_destination_pages_no_amount,CNY,,,,,,,,https://www.ihg.com/holidayinnexpress/hotels/us/en/jinan/tnajj/hoteldetail
IHG Hotels & Resorts,IHG-TNAQS,TNAQS,Holiday Inn Express Jinan Quancheng Square,Holiday Inn Express,MAINLAND_CN,CN,Jinan,false,ihg_destination_pages_no_amount,CNY,,,,,,,,https://www.ihg.com/holidayinnexpress/hotels/us/en/jinan/tnaqs/hoteldetail
IHG Hotels & Resorts,IHG-TNADL,TNADL,Holiday Inn Jinan Daming Lake,Holiday Inn,MAINLAND_CN,CN,Jinan,false,ihg_destination_pages_no_amount,CNY,,,,,,,,https://www.ihg.com/holidayinn/hotels/us/en/jinan/tnadl/hoteldetail
IHG Hotels & Resorts,IHG-TNATB,TNATB,Holiday Inn Jinan Thousand Buddha Mountain,Holiday Inn,MAINLAND_CN,CN,Jinan,false,ihg_destination_pages_no_amount,CNY,,,,,,,,https://www.ihg.com/holidayinn/hotels/us/en/jinan/tnatb/hoteldetail
IHG Hotels & Resorts,IHG-TNACH,TNACH,InterContinental Jinan City Center,InterContinental,MAINLAND_CN,CN,Jinan,false,ihg_destination_pages_no_amount,CNY,,,,,,,,https://www.ihg.com/intercontinental/hotels/us/en/jinan/tnach/hoteldetail
IHG Hotels & Resorts,IHG-CIHJD,CIHJD,Holiday Inn Express Jincheng New District,Holiday Inn Express,MAINLAND_CN,CN,Jincheng,false,ihg_destination_pages_no_amount,CNY,,,,,,,,https://www.ihg.com/holidayinnexpress/hotels/us/en/jincheng/cihjd/hoteldetail
IHG Hotels & Resorts,IHG-CGOJD,CGOJD,voco Jincheng Danhe,voco,MAINLAND_CN,CN,Jincheng,false,ihg_destination_pages_no_amount,CNY,,,,,,,,https://www.ihg.com/voco/hotels/us/en/jincheng/cgojd/hoteldetail
IHG Hotels & Resorts,IHG-JDZTX,JDZTX,EVEN Hotel Jingdezhen Taoxichuan,EVEN Hotel,MAINLAND_CN,CN,Jingdezhen,false,ihg_destination_pages_no_amount,CNY,,,,,,,,https://www.ihg.com/evenhotels/hotels/us/en/jingdezhen/jdztx/hoteldetail
IHG Hotels & Resorts,IHG-JDZJA,JDZJA,Holiday Inn Express Jingdezhen Ancient Town,Holiday Inn Express,MAINLAND_CN,CN,Jingdezhen,false,ihg_destination_pages_no_amount,CNY,,,,,,,,https://www.ihg.com/holidayinnexpress/hotels/us/en/jingdezhen/jdzja/hoteldetail
IHG Hotels & Resorts,IHG-JDZTC,JDZTC,Holiday Inn Express Jingdezhen City Center,Holiday Inn Express,MAINLAND_CN,CN,Jingdezhen,false,ihg_destination_pages_no_amount,CNY,,,,,,,,https://www.ihg.com/holidayinnexpress/hotels/us/en/jingdezhen/jdztc/hoteldetail
IHG Hotels & Resorts,IHG-JDZJD,JDZJD,Holiday Inn Jingdezhen,Holiday Inn,MAINLAND_CN,CN,Jingdezhen,false,ihg_destination_pages_no_amount,CNY,,,,,,,,https://www.ihg.com/holidayinn/hotels/us/en/jingdezhen/jdzjd/hoteldetail
IHG Hotels & Resorts,IHG-JDZJT,JDZJT,Hotel Indigo Jingdezhen Taoxichuan,Hotel Indigo,MAINLAND_CN,CN,Jingdezhen,false,ihg_destination_pages_no_amount,CNY,,,,,,,,https://www.ihg.com/hotelindigo/hotels/us/en/jingdezhen/jdzjt/hoteldetail
IHG Hotels & Resorts,IHG-JJLJH,JJLJH,Crowne Plaza Jingmen,Crowne Plaza,MAINLAND_CN,CN,Jingmen,false,ihg_destination_pages_no_amount,CNY,,,,,,,,https://www.ihg.com/crowneplaza/hotels/us/en/jingmen/jjljh/hoteldetail
IHG Hotels & Resorts,IHG-HGHDH,HGHDH,Holiday Inn Express Dongyang Hengdian,Holiday Inn Express,MAINLAND_CN,CN,Jinhua,false,ihg_destination_pages_no_amount,CNY,,,,,,,,https://www.ihg.com/holidayinnexpress/hotels/us/en/jinhua/hghdh/hoteldetail
IHG Hotels & Resorts,IHG-HGHUA,HGHUA,Holiday Inn Express Yiwu International Trade City,Holiday Inn Express,MAINLAND_CN,CN,Jinhua,false,ihg_destination_pages_no_amount,CNY,,,,,,,,https://www.ihg.com/holidayinnexpress/hotels/us/en/jinhua/hghua/hoteldetail
IHG Hotels & Resorts,IHG-HGHYK,HGHYK,Holiday Inn Yongkang,Holiday Inn,MAINLAND_CN,CN,Jinhua,false,ihg_destination_pages_no_amount,CNY,,,,,,,,https://www.ihg.com/holidayinn/hotels/us/en/jinhua/hghyk/hoteldetail
IHG Hotels & Resorts,IHG-JNGJC,JNGJC,Holiday Inn Express Jining Cultural Center,Holiday Inn Express,MAINLAND_CN,CN,Jining,false,ihg_destination_pages_no_amount,CNY,,,,,,,,https://www.ihg.com/holidayinnexpress/hotels/us/en/jining/jngjc/hoteldetail
IHG Hotels & Resorts,IHG-JJNAH,JJNAH,Holiday Inn Express Jinjiang Anhai,Holiday Inn Express,MAINLAND_CN,CN,Jinjiang,false,ihg_destination_pages_no_amount,CNY,,,,,,,,https://www.ihg.com/holidayinnexpress/hotels/us/en/jinjiang/jjnah/hoteldetail
IHG Hotels & Resorts,IHG-XMNDS,XMNDS,Holiday Inn Express Jinjiang Dihao Square,Holiday Inn Express,MAINLAND_CN,CN,Jinjiang,false,ihg_destination_pages_no_amount,CNY,,,,,,,,https://www.ihg.com/holidayinnexpress/hotels/us/en/quanzhou/xmnds/hoteldetail
IHG Hotels & Resorts,IHG-JJNJA,JJNJA,Holiday Inn Quanzhou Jinjiang Airport,Holiday Inn,MAINLAND_CN,CN,Jinjiang,false,ihg_destination_pages_no_amount,CNY,,,,,,,,https://www.ihg.com/holidayinn/hotels/us/en/jinjiang/jjnja/hoteldetail
IHG Hotels & Resorts,IHG-JIHHA,JIHHA,Holiday Inn Express Jiuzhaigou,Holiday Inn Express,MAINLAND_CN,CN,Jiuzhaigou,false,ihg_destination_pages_no_amount,CNY,,,,,,,,https://www.ihg.com/holidayinnexpress/hotels/us/en/jiuzhaigou/jihha/hoteldetail
IHG Hotels & Resorts,IHG-LNLJH,LNLJH,Hotel Indigo Jiuzhai,Hotel Indigo,MAINLAND_CN,CN,Jiuzhaigou,false,ihg_destination_pages_no_amount,CNY,,,,,,,,https://www.ihg.com/hotelindigo/hotels/us/en/jiuzhaigou/lnljh/hoteldetail
IHG Hotels & Resorts,IHG-JZHHA,JZHHA,InterContinental Resort Jiuzhai Paradise,InterContinental,MAINLAND_CN,CN,Jiuzhaigou,false,ihg_destination_pages_no_amount,CNY,,,,,,,,https://www.ihg.com/intercontinental/hotels/us/en/jiuzhaigou/jzhha/hoteldetail
IHG Hotels & Resorts,IHG-NKGMS,NKGMS,Holiday Inn Resort Maoshan Hot-Spring,Holiday Inn Resort,MAINLAND_CN,CN,Jurong,false,ihg_destination_pages_no_amount,CNY,,,,,,,,https://www.ihg.com/holidayinnresorts/hotels/us/en/jurong/nkgms/hoteldetail
IHG Hotels & Resorts,IHG-CGOKC,CGOKC,Holiday Inn Express Kaifeng City Center,Holiday Inn Express,MAINLAND_CN,CN,Kaifeng,false,ihg_destination_pages_no_amount,CNY,,,,,,,,https://www.ihg.com/holidayinnexpress/hotels/us/en/kaifeng/cgokc/hoteldetail
IHG Hotels & Resorts,IHG-CGOCC,CGOCC,Holiday Inn Kaifeng City Center,Holiday Inn,MAINLAND_CN,CN,Kaifeng,false,ihg_destination_pages_no_amount,CNY,,,,,,,,https://www.ihg.com/holidayinn/hotels/us/en/zhengzhou/cgocc/hoteldetail
IHG Hotels & Resorts,IHG-AKUKG,AKUKG,Holiday Inn Express Kashgar Downtown,Holiday Inn Express,MAINLAND_CN,CN,Kashgar,false,ihg_destination_pages_no_amount,CNY,,,,,,,,https://www.ihg.com/holidayinnexpress/hotels/us/en/kashgar/akukg/hoteldetail
IHG Hotels & Resorts,IHG-KHGKE,KHGKE,Holiday Inn Kashgar East,Holiday Inn,MAINLAND_CN,CN,Kashgar,false,ihg_destination_pages_no_amount,CNY,,,,,,,,https://www.ihg.com/holidayinn/hotels/us/en/kashgar/khgke/hoteldetail
IHG Hotels & Resorts,IHG-KMGDT,KMGDT,Crowne Plaza Kunming Ancient Dian Town,Crowne Plaza,MAINLAND_CN,CN,Kunming,false,ihg_destination_pages_no_amount,CNY,,,,,,,,https://www.ihg.com/crowneplaza/hotels/us/en/kunming/kmgdt/hoteldetail
IHG Hotels & Resorts,IHG-KMGCC,KMGCC,Crowne Plaza Kunming City Centre,Crowne Plaza,MAINLAND_CN,CN,Kunming,false,ihg_destination_pages_no_amount,CNY,,,,,,,,https://www.ihg.com/crowneplaza/hotels/us/en/kunming/kmgcc/hoteldetail
IHG Hotels & Resorts,IHG-KMGDL,KMGDL,EVEN Hotel Kunming Dianchi Lake,EVEN Hotel,MAINLAND_CN,CN,Kunming,false,ihg_destination_pages_no_amount,CNY,,,,,,,,https://www.ihg.com/evenhotels/hotels/us/en/kunming/kmgdl/hoteldetail
IHG Hotels & Resorts,IHG-KMGAP,KMGAP,Holiday Inn Express Kunming Changshui Airport,Holiday Inn Express,MAINLAND_CN,CN,Kunming,false,ihg_destination_pages_no_amount,CNY,,,,,,,,https://www.ihg.com/holidayinnexpress/hotels/us/en/kunming-city/kmgap/hoteldetail
IHG Hotels & Resorts,IHG-KMGDR,KMGDR,Holiday Inn Express Kunming Dianchi Rixin Road,Holiday Inn Express,MAINLAND_CN,CN,Kunming,false,ihg_destination_pages_no_amount,CNY,,,,,,,,https://www.ihg.com/holidayinnexpress/hotels/us/en/kunming/kmgdr/hoteldetail
IHG Hotels & Resorts,IHG-KMGCD,KMGCD,Holiday Inn Express Kunming Economic Dev Zone,Holiday Inn Express,MAINLAND_CN,CN,Kunming,false,ihg_destination_pages_no_amount,CNY,,,,,,,,https://www.ihg.com/holidayinnexpress/hotels/us/en/kunming/kmgcd/hoteldetail
IHG Hotels & Resorts,IHG-KMGHE,KMGHE,Holiday Inn Express Kunming Horti-Expo Garden,Holiday Inn Express,MAINLAND_CN,CN,Kunming,false,ihg_destination_pages_no_amount,CNY,,,,,,,,https://www.ihg.com/holidayinnexpress/hotels/us/en/kunming/kmghe/hoteldetail
IHG Hotels & Resorts,IHG-KMGPL,KMGPL,Holiday Inn Express Kunming Panlong,Holiday Inn Express,MAINLAND_CN,CN,Kunming,false,ihg_destination_pages_no_amount,CNY,,,,,,,,https://www.ihg.com/holidayinnexpress/hotels/us/en/kunming/kmgpl/hoteldetail
IHG Hotels & Resorts,IHG-KMGRW,KMGRW,Holiday Inn Express Kunming Railway Station,Holiday Inn Express,MAINLAND_CN,CN,Kunming,false,ihg_destination_pages_no_amount,CNY,,,,,,,,https://www.ihg.com/holidayinnexpress/hotels/us/en/kunming/kmgrw/hoteldetail
IHG Hotels & Resorts,IHG-KMGKW,KMGKW,Holiday Inn Express Kunming West,Holiday Inn Express,MAINLAND_CN,CN,Kunming,false,ihg_destination_pages_no_amount,CNY,,,,,,,,https://www.ihg.com/holidayinnexpress/hotels/us/en/kunming/kmgkw/hoteldetail
IHG Hotels & Resorts,IHG-KMGYC,KMGYC,Holiday Inn Express Kunming Yiliang Center,Holiday Inn Express,MAINLAND_CN,CN,Kunming,false,ihg_destination_pages_no_amount,CNY,,,,,,,,https://www.ihg.com/holidayinnexpress/hotels/us/en/kunming/kmgyc/hoteldetail
IHG Hotels & Resorts,IHG-KMGDF,KMGDF,Holiday Inn Kunming City Centre,Holiday Inn,MAINLAND_CN,CN,Kunming,false,ihg_destination_pages_no_amount,CNY,,,,,,,,https://www.ihg.com/holidayinn/hotels/us/en/kunming/kmgdf/hoteldetail
IHG Hotels & Resorts,IHG-KMGLX,KMGLX,HUALUXE Kunming,HUALUXE,MAINLAND_CN,CN,Kunming,false,ihg_destination_pages_no_amount,CNY,,,,,,,,https://www.ihg.com/hotels/us/en/kunming/kmglx/hoteldetail
IHG Hotels & Resorts,IHG-KMGYR,KMGYR,InterContinental Kunming,InterContinental,MAINLAND_CN,CN,Kunming,false,ihg_destination_pages_no_amount,CNY,,,,,,,,https://www.ihg.com/intercontinental/hotels/us/en/kunming/kmgyr/hoteldetail
IHG Hotels & Resorts,IHG-KVNKS,KVNKS,Crowne Plaza Kunshan,Crowne Plaza,MAINLAND_CN,CN,Kunshan,false,ihg_destination_pages_no_amount,CNY,,,,,,,,https://www.ihg.com/crowneplaza/hotels/us/en/kunshan/kvnks/hoteldetail
IHG Hotels & Resorts,IHG-KVNDV,KVNDV,Crowne Plaza Kunshan East,Crowne Plaza,MAINLAND_CN,CN,Kunshan,false,ihg_destination_pages_no_amount,CNY,,,,,,,,https://www.ihg.com/crowneplaza/hotels/us/en/kunshan/kvndv/hoteldetail
IHG Hotels & Resorts,IHG-SHAHQ,SHAHQ,Holiday Inn & Suites Kunshan Huaqiao,Holiday Inn & Suites,MAINLAND_CN,CN,Kunshan,false,ihg_destination_pages_no_amount,CNY,,,,,,,,https://www.ihg.com/holidayinn/hotels/us/en/kunshan/shahq/hoteldetail
IHG Hotels & Resorts,IHG-KVNHT,KVNHT,Holiday Inn Express Kunshan High-Tech Zone,Holiday Inn Express,MAINLAND_CN,CN,Kunshan,false,ihg_destination_pages_no_amount,CNY,,,,,,,,https://www.ihg.com/holidayinnexpress/hotels/us/en/kunshan/kvnht/hoteldetail
IHG Hotels & Resorts,IHG-SZVJG,SZVJG,Holiday Inn Express Kunshan Yushan,Holiday Inn Express,MAINLAND_CN,CN,Kunshan,false,ihg_destination_pages_no_amount,CNY,,,,,,,,https://www.ihg.com/holidayinnexpress/hotels/us/en/suzhou/szvjg/hoteldetail
IHG Hotels & Resorts,IHG-KVNSK,KVNSK,Holiday Inn Kunshan,Holiday Inn,MAINLAND_CN,CN,Kunshan,false,ihg_destination_pages_no_amount,CNY,,,,,,,,https://www.ihg.com/holidayinn/hotels/us/en/kunshan/kvnsk/hoteldetail
IHG Hotels & Resorts,IHG-KVNDZ,KVNDZ,Holiday Inn Kunshan East,Holiday Inn,MAINLAND_CN,CN,Kunshan,false,ihg_destination_pages_no_amount,CNY,,,,,,,,https://www.ihg.com/holidayinn/hotels/us/en/kunshan/kvndz/hoteldetail
IHG Hotels & Resorts,IHG-KVNQE,KVNQE,Holiday Inn Kunshan Huaqiao,Holiday Inn,MAINLAND_CN,CN,Kunshan,false,ihg_destination_pages_no_amount,CNY,,,,,,,,https://www.ihg.com/holidayinn/hotels/us/en/kunshan/kvnqe/hoteldetail
IHG Hotels & Resorts,IHG-SHAKH,SHAKH,HUALUXE Kunshan Huaqiao,HUALUXE,MAINLAND_CN,CN,Kunshan,false,ihg_destination_pages_no_amount,CNY,,,,,,,,https://www.ihg.com/hotels/us/en/kunshan/shakh/hoteldetail
IHG Hotels & Resorts,IHG-PEGLF,PEGLF,Holiday Inn & Suites Langfang New Chaoyang,Holiday Inn & Suites,MAINLAND_CN,CN,Langfang,false,ihg_destination_pages_no_amount,CNY,,,,,,,,https://www.ihg.com/holidayinn/hotels/us/en/langfang/peglf/hoteldetail
IHG Hotels & Resorts,IHG-PEGNC,PEGNC,Holiday Inn Express Langfang New Chaoyang,Holiday Inn Express,MAINLAND_CN,CN,Langfang,false,ihg_destination_pages_no_amount,CNY,,,,,,,,https://www.ihg.com/holidayinnexpress/hotels/us/en/langfang/pegnc/hoteldetail
IHG Hotels & Resorts,IHG-LFAEX,LFAEX,Holiday Inn Express Langfang Park View,Holiday Inn Express,MAINLAND_CN,CN,Langfang,false,ihg_destination_pages_no_amount,CNY,,,,,,,,https://www.ihg.com/holidayinnexpress/hotels/us/en/langfang/lfaex/hoteldetail
IHG Hotels & Resorts,IHG-LFALY,LFALY,Holiday Inn Express Langfang Yanjiao,Holiday Inn Express,MAINLAND_CN,CN,Langfang,false,ihg_destination_pages_no_amount,CNY,,,,,,,,https://www.ihg.com/holidayinnexpress/hotels/us/en/langfang/lfaly/hoteldetail
IHG Hotels & Resorts,IHG-LHWCP,LHWCP,Crowne Plaza Lanzhou,Crowne Plaza,MAINLAND_CN,CN,Lanzhou,false,ihg_destination_pages_no_amount,CNY,,,,,,,,https://www.ihg.com/crowneplaza/hotels/us/en/lanzhou/lhwcp/hoteldetail
IHG Hotels & Resorts,IHG-LHWLN,LHWLN,Crowne Plaza Lanzhou New Area,Crowne Plaza,MAINLAND_CN,CN,Lanzhou,false,ihg_destination_pages_no_amount,CNY,,,,,,,,https://www.ihg.com/crowneplaza/hotels/us/en/lanzhou/lhwln/hoteldetail
IHG Hotels & Resorts,IHG-LHWDT,LHWDT,Holiday Inn Express Lanzhou Downtown,Holiday Inn Express,MAINLAND_CN,CN,Lanzhou,false,ihg_destination_pages_no_amount,CNY,,,,,,,,https://www.ihg.com/holidayinnexpress/hotels/us/en/lanzhou/lhwdt/hoteldetail
IHG Hotels & Resorts,IHG-LHWLJ,LHWLJ,Holiday Inn Express Lanzhou Jianlan,Holiday Inn Express,MAINLAND_CN,CN,Lanzhou,false,ihg_destination_pages_no_amount,CNY,,,,,,,,https://www.ihg.com/holidayinnexpress/hotels/us/en/lanzhou/lhwlj/hoteldetail
IHG Hotels & Resorts,IHG-LHWLZ,LHWLZ,Holiday Inn Express Lanzhou Zhengning Road,Holiday Inn Express,MAINLAND_CN,CN,Lanzhou,false,ihg_destination_pages_no_amount,CNY,,,,,,,,https://www.ihg.com/holidayinnexpress/hotels/us/en/lanzhou/lhwlz/hoteldetail
IHG Hotels & Resorts,IHG-CTULS,CTULS,Holiday Inn Express Leshan City Square,Holiday Inn Express,MAINLAND_CN,CN,Leshan,false,ihg_destination_pages_no_amount,CNY,,,,,,,,https://www.ihg.com/holidayinnexpress/hotels/us/en/leshan/ctuls/hoteldetail
IHG Hotels & Resorts,IHG-CTULE,CTULE,HUALUXE Leshan,HUALUXE,MAINLAND_CN,CN,Leshan,false,ihg_destination_pages_no_amount,CNY,,,,,,,,https://www.ihg.com/hotels/us/en/leshan/ctule/hoteldetail
IHG Hotels & Resorts,IHG-LXANB,LXANB,Holiday Inn Express Lhasa Potala Palace,Holiday Inn Express,MAINLAND_CN,CN,Lhasa,false,ihg_destination_pages_no_amount,CNY,,,,,,,,https://www.ihg.com/holidayinnexpress/hotels/us/en/lhasa/lxanb/hoteldetail
IHG Hotels & Resorts,IHG-LXAHA,LXAHA,InterContinental Lhasa Paradise,InterContinental,MAINLAND_CN,CN,Lhasa,false,ihg_destination_pages_no_amount,CNY,,,,,,,,https://www.ihg.com/intercontinental/hotels/us/en/lhasa/lxaha/hoteldetail
IHG Hotels & Resorts,IHG-LXALC,LXALC,voco Lhasa Chengguan,voco,MAINLAND_CN,CN,Lhasa,false,ihg_destination_pages_no_amount,CNY,,,,,,,,https://www.ihg.com/voco/hotels/us/en/lasah/lxalc/hoteldetail
IHG Hotels & Resorts,IHG-LYGHB,LYGHB,voco Lianyungang Haizhou Bay,voco,MAINLAND_CN,CN,Lianyungang,false,ihg_destination_pages_no_amount,CNY,,,,,,,,https://www.ihg.com/voco/hotels/us/en/lianyungang/lyghb/hoteldetail
IHG Hotels & Resorts,IHG-LYGSH,LYGSH,voco Lianyungang Star of HaizhouBay,voco,MAINLAND_CN,CN,Lianyungang,false,ihg_destination_pages_no_amount,CNY,,,,,,,,https://www.ihg.com/voco/hotels/us/en/lianyungang/lygsh/hoteldetail
IHG Hotels & Resorts,IHG-LIALC,LIALC,Holiday Inn Express Liaocheng Chiping,Holiday Inn Express,MAINLAND_CN,CN,Liaocheng,false,ihg_destination_pages_no_amount,CNY,,,,,,,,https://www.ihg.com/holidayinnexpress/hotels/us/en/liaocheng/lialc/hoteldetail
IHG Hotels & Resorts,IHG-TNALI,TNALI,Holiday Inn Express Liaocheng ETDZ,Holiday Inn Express,MAINLAND_CN,CN,Liaocheng,false,ihg_destination_pages_no_amount,CNY,,,,,,,,https://www.ihg.com/holidayinnexpress/hotels/us/en/liaocheng/tnali/hoteldetail
IHG Hotels & Resorts,IHG-TNHLE,TNHLE,Holiday Inn Express Liaoyuan Economic Dev Zone,Holiday Inn Express,MAINLAND_CN,CN,Liaoyuan,false,ihg_destination_pages_no_amount,CNY,,,,,,,,https://www.ihg.com/holidayinnexpress/hotels/us/en/liaoyuan/tnhle/hoteldetail
IHG Hotels & Resorts,IHG-CGQLI,CGQLI,Holiday Inn Liaoyuan City Center,Holiday Inn,MAINLAND_CN,CN,Liaoyuan,false,ihg_destination_pages_no_amount,CNY,,,,,,,,https://www.ihg.com/holidayinn/hotels/us/en/liaoyuan/cgqli/hoteldetail
IHG Hotels & Resorts,IHG-LJGLT,LJGLT,Holiday Inn Express Lijiang Ancient Town,Holiday Inn Express,MAINLAND_CN,CN,Lijiang,false,ihg_destination_pages_no_amount,CNY,,,,,,,,https://www.ihg.com/holidayinnexpress/hotels/us/en/lijiang/ljglt/hoteldetail
IHG Hotels & Resorts,IHG-LJGIN,LJGIN,Hotel Indigo Lijiang Ancient Town,Hotel Indigo,MAINLAND_CN,CN,Lijiang,false,ihg_destination_pages_no_amount,CNY,,,,,,,,https://www.ihg.com/hotelindigo/hotels/us/en/lijiang/ljgin/hoteldetail
IHG Hotels & Resorts,IHG-LJGLL,LJGLL,Hotel Indigo Lugu Lake,Hotel Indigo,MAINLAND_CN,CN,Lijiang,false,ihg_destination_pages_no_amount,CNY,,,,,,,,https://www.ihg.com/hotelindigo/hotels/us/en/lijiang/ljgll/hoteldetail
IHG Hotels & Resorts,IHG-LJGAC,LJGAC,InterContinental Lijiang Ancient Town Resort,InterContinental,MAINLAND_CN,CN,Lijiang,false,ihg_destination_pages_no_amount,CNY,,,,,,,,https://www.ihg.com/intercontinental/hotels/us/en/lijiang/ljgac/hoteldetail
IHG Hotels & Resorts,IHG-LQSHX,LQSHX,Holiday Inn Hainan Xiangshui Bay,Holiday Inn,MAINLAND_CN,CN,Lingshui,false,ihg_destination_pages_no_amount,CNY,,,,,,,,https://www.ihg.com/holidayinn/hotels/us/en/lingshui/lqshx/hoteldetail
IHG Hotels & Resorts,IHG-LQSWB,LQSWB,Hotel Indigo Hainan Clear Water Bay,Hotel Indigo,MAINLAND_CN,CN,Lingshui,false,ihg_destination_pages_no_amount,CNY,,,,,,,,https://www.ihg.com/hotelindigo/hotels/us/en/lingshui/lqswb/hoteldetail
IHG Hotels & Resorts,IHG-LQSCL,LQSCL,Kimpton Aqeos Hainan,Kimpton,MAINLAND_CN,CN,Lingshui,false,ihg_destination_pages_no_amount,CNY,,,,,,,,https://www.ihg.com/kimptonhotels/hotels/us/en/hainan-clear-water-bay-lingshui-china/lqscl/hoteldetail
IHG Hotels & Resorts,IHG-LYISC,LYISC,Crowne Plaza Linyi Olympic Sports Centre,Crowne Plaza,MAINLAND_CN,CN,Linyi,false,ihg_destination_pages_no_amount,CNY,,,,,,,,https://www.ihg.com/crowneplaza/hotels/us/en/linyi/lyisc/hoteldetail
IHG Hotels & Resorts,IHG-LYINN,LYINN,Holiday Inn Express Linyi North New District,Holiday Inn Express,MAINLAND_CN,CN,Linyi,false,ihg_destination_pages_no_amount,CNY,,,,,,,,https://www.ihg.com/holidayinnexpress/hotels/us/en/linyi/lyinn/hoteldetail
IHG Hotels & Resorts,IHG-LYIRS,LYIRS,Holiday Inn Express Linyi Riverside,Holiday Inn Express,MAINLAND_CN,CN,Linyi,false,ihg_destination_pages_no_amount,CNY,,,,,,,,https://www.ihg.com/holidayinnexpress/hotels/us/en/linyi/lyirs/hoteldetail
IHG Hotels & Resorts,IHG-LYILW,LYILW,Holiday Inn Express Linyi West,Holiday Inn Express,MAINLAND_CN,CN,Linyi,false,ihg_destination_pages_no_amount,CNY,,,,,,,,https://www.ihg.com/holidayinnexpress/hotels/us/en/linyi/lyilw/hoteldetail
IHG Hotels & Resorts,IHG-LYILL,LYILL,Holiday Inn Linyi Lanshan,Holiday Inn,MAINLAND_CN,CN,Linyi,false,ihg_destination_pages_no_amount,CNY,,,,,,,,https://www.ihg.com/holidayinn/hotels/us/en/linyi/lyill/hoteldetail
IHG Hotels & Resorts,IHG-LZYAI,LZYAI,Holiday Inn Express Linzhi Airport,Holiday Inn Express,MAINLAND_CN,CN,Linzhi,false,ihg_destination_pages_no_amount,CNY,,,,,,,,https://www.ihg.com/holidayinnexpress/hotels/us/en/linzhi/lzyai/hoteldetail
IHG Hotels & Resorts,IHG-WNZQL,WNZQL,Holiday Inn Express Zhejiang Qianxia Lake,Holiday Inn Express,MAINLAND_CN,CN,Lishui,false,ihg_destination_pages_no_amount,CNY,,,,,,,,https://www.ihg.com/holidayinnexpress/hotels/us/en/lishui/wnzql/hoteldetail
IHG Hotels & Resorts,IHG-LIUIB,LIUIB,Holiday Inn Express Liuyang Development Zone,Holiday Inn Express,MAINLAND_CN,CN,Liuyang,false,ihg_destination_pages_no_amount,CNY,,,,,,,,https://www.ihg.com/holidayinnexpress/hotels/us/en/liuyang/liuib/hoteldetail
IHG Hotels & Resorts,IHG-CSXLY,CSXLY,Holiday Inn Liuyang City Center,Holiday Inn,MAINLAND_CN,CN,Liuyang,false,ihg_destination_pages_no_amount,CNY,,,,,,,,https://www.ihg.com/holidayinn/hotels/us/en/changsha/csxly/hoteldetail
IHG Hotels & Resorts,IHG-IYALI,IYALI,Holiday Inn Express Liyang Huafu,Holiday Inn Express,MAINLAND_CN,CN,Liyang,false,ihg_destination_pages_no_amount,CNY,,,,,,,,https://www.ihg.com/holidayinnexpress/hotels/us/en/liyang/iyali/hoteldetail
IHG Hotels & Resorts,IHG-LCXLC,LCXLC,Holiday Inn Express Longyan Liancheng,Holiday Inn Express,MAINLAND_CN,CN,Longyan,false,ihg_destination_pages_no_amount,CNY,,,,,,,,https://www.ihg.com/holidayinnexpress/hotels/us/en/liancheng/lcxlc/hoteldetail
IHG Hotels & Resorts,IHG-LYALC,LYALC,Holiday Inn Express Luanchuan,Holiday Inn Express,MAINLAND_CN,CN,Luoyang,false,ihg_destination_pages_no_amount,CNY,,,,,,,,https://www.ihg.com/holidayinnexpress/hotels/us/en/luoyang/lyalc/hoteldetail
IHG Hotels & Resorts,IHG-LYAEX,LYAEX,Holiday Inn Express Luoyang City Center,Holiday Inn Express,MAINLAND_CN,CN,Luoyang,false,ihg_destination_pages_no_amount,CNY,,,,,,,,https://www.ihg.com/holidayinnexpress/hotels/us/en/luoyang/lyaex/hoteldetail
IHG Hotels & Resorts,IHG-LYALG,LYALG,Holiday Inn Express Luoyang Longmen,Holiday Inn Express,MAINLAND_CN,CN,Luoyang,false,ihg_destination_pages_no_amount,CNY,,,,,,,,https://www.ihg.com/holidayinnexpress/hotels/us/en/luoyang/lyalg/hoteldetail
IHG Hotels & Resorts,IHG-LYALN,LYALN,Holiday Inn Express Luoyang Nanchang Road,Holiday Inn Express,MAINLAND_CN,CN,Luoyang,false,ihg_destination_pages_no_amount,CNY,,,,,,,,https://www.ihg.com/holidayinnexpress/hotels/us/en/luoyang/lyaln/hoteldetail
IHG Hotels & Resorts,IHG-LYALY,LYALY,Holiday Inn Express Luoyang Yichuan,Holiday Inn Express,MAINLAND_CN,CN,Luoyang,false,ihg_destination_pages_no_amount,CNY,,,,,,,,https://www.ihg.com/holidayinnexpress/hotels/us/en/luoyang/lyaly/hoteldetail
IHG Hotels & Resorts,IHG-LZOLJ,LZOLJ,Holiday Inn Luzhou Longjian,Holiday Inn,MAINLAND_CN,CN,Luzhou,false,ihg_destination_pages_no_amount,CNY,,,,,,,,https://www.ihg.com/holidayinn/hotels/us/en/luzhou/lzolj/hoteldetail
IHG Hotels & Resorts,IHG-CTUMD,CTUMD,Holiday Inn Express Meishan Dongpo,Holiday Inn Express,MAINLAND_CN,CN,Meishan,false,ihg_destination_pages_no_amount,CNY,,,,,,,,https://www.ihg.com/holidayinnexpress/hotels/us/en/meishan/ctumd/hoteldetail
IHG Hotels & Resorts,IHG-CTUMS,CTUMS,Holiday Inn Express Wawu Mountain,Holiday Inn Express,MAINLAND_CN,CN,Meishan,false,ihg_destination_pages_no_amount,CNY,,,,,,,,https://www.ihg.com/holidayinnexpress/hotels/us/en/meishan/ctums/hoteldetail
IHG Hotels & Resorts,IHG-CTUHL,CTUHL,Hotel Indigo Heilong Lake,Hotel Indigo,MAINLAND_CN,CN,Meishan,false,ihg_destination_pages_no_amount,CNY,,,,,,,,https://www.ihg.com/hotelindigo/hotels/us/en/meishan/ctuhl/hoteldetail
IHG Hotels & Resorts,IHG-CTUMN,CTUMN,InterContinental Heilong Lake,InterContinental,MAINLAND_CN,CN,Meishan,false,ihg_destination_pages_no_amount,CNY,,,,,,,,https://www.ihg.com/intercontinental/hotels/us/en/meishan/ctumn/hoteldetail
IHG Hotels & Resorts,IHG-MIGHT,MIGHT,Holiday Inn Express Mianyang High-Tech Zone,Holiday Inn Express,MAINLAND_CN,CN,Mianyang,false,ihg_destination_pages_no_amount,CNY,,,,,,,,https://www.ihg.com/holidayinnexpress/hotels/us/en/mianyang/might/hoteldetail
IHG Hotels & Resorts,IHG-MIGST,MIGST,Holiday Inn Express Mianyang Sci-Tech City,Holiday Inn Express,MAINLAND_CN,CN,Mianyang,false,ihg_destination_pages_no_amount,CNY,,,,,,,,https://www.ihg.com/holidayinnexpress/hotels/us/en/mianyang/migst/hoteldetail
IHG Hotels & Resorts,IHG-MIIEQ,MIIEQ,Holiday Inn Express Qiliping,Holiday Inn Express,MAINLAND_CN,CN,Mount Emei,false,ihg_destination_pages_no_amount,CNY,,,,,,,,https://www.ihg.com/holidayinnexpress/hotels/us/en/meishan/miieq/hoteldetail
IHG Hotels & Resorts,IHG-MDGMJ,MDGMJ,Holiday Inn Mudanjiang,Holiday Inn,MAINLAND_CN,CN,Mudanjiang,false,ihg_destination_pages_no_amount,CNY,,,,,,,,https://www.ihg.com/holidayinn/hotels/us/en/mudanjiang/mdgmj/hoteldetail
IHG Hotels & Resorts,IHG-KHNRS,KHNRS,Crowne Plaza Nanchang Riverside,Crowne Plaza,MAINLAND_CN,CN,Nanchang,false,ihg_destination_pages_no_amount,CNY,,,,,,,,https://www.ihg.com/crowneplaza/hotels/us/en/nanchang/khnrs/hoteldetail
IHG Hotels & Resorts,IHG-KHNCP,KHNCP,Crowne Plaza Nanchang Wanli,Crowne Plaza,MAINLAND_CN,CN,Nanchang,false,ihg_destination_pages_no_amount,CNY,,,,,,,,https://www.ihg.com/crowneplaza/hotels/us/en/nanchang/khncp/hoteldetail
IHG Hotels & Resorts,IHG-KHNBS,KHNBS,Holiday Inn Express Nanchang Bayi Square,Holiday Inn Express,MAINLAND_CN,CN,Nanchang,false,ihg_destination_pages_no_amount,CNY,,,,,,,,https://www.ihg.com/holidayinnexpress/hotels/us/en/nanchang/khnbs/hoteldetail
IHG Hotels & Resorts,IHG-KHNHT,KHNHT,Holiday Inn Express Nanchang High-Tech Zone,Holiday Inn Express,MAINLAND_CN,CN,Nanchang,false,ihg_destination_pages_no_amount,CNY,,,,,,,,https://www.ihg.com/holidayinnexpress/hotels/us/en/nanchang/khnht/hoteldetail
IHG Hotels & Resorts,IHG-KHNQL,KHNQL,Holiday Inn Express Nanchang Qingshan Lake View,Holiday Inn Express,MAINLAND_CN,CN,Nanchang,false,ihg_destination_pages_no_amount,CNY,,,,,,,,https://www.ihg.com/holidayinnexpress/hotels/us/en/nanchang/khnql/hoteldetail
IHG Hotels & Resorts,IHG-KHNNR,KHNNR,Holiday Inn Express Nanchang Riverside,Holiday Inn Express,MAINLAND_CN,CN,Nanchang,false,ihg_destination_pages_no_amount,CNY,,,,,,,,https://www.ihg.com/holidayinnexpress/hotels/us/en/nanchang/khnnr/hoteldetail
IHG Hotels & Resorts,IHG-KHNWS,KHNWS,Holiday Inn Express Nanchang West Station,Holiday Inn Express,MAINLAND_CN,CN,Nanchang,false,ihg_destination_pages_no_amount,CNY,,,,,,,,https://www.ihg.com/holidayinnexpress/hotels/us/en/nanchang/khnws/hoteldetail
IHG Hotels & Resorts,IHG-KHNPS,KHNPS,Holiday Inn Nanchang Riverside,Holiday Inn,MAINLAND_CN,CN,Nanchang,false,ihg_destination_pages_no_amount,CNY,,,,,,,,https://www.ihg.com/holidayinn/hotels/us/en/nanchang/khnps/hoteldetail
IHG Hotels & Resorts,IHG-KHNNJ,KHNNJ,InterContinental Nanchang,InterContinental,MAINLAND_CN,CN,Nanchang,false,ihg_destination_pages_no_amount,CNY,,,,,,,,https://www.ihg.com/intercontinental/hotels/us/en/nanchang/khnnj/hoteldetail
IHG Hotels & Resorts,IHG-NKGNJ,NKGNJ,Crowne Plaza Nanjing Jiangning,Crowne Plaza,MAINLAND_CN,CN,Nanjing,false,ihg_destination_pages_no_amount,CNY,,,,,,,,https://www.ihg.com/crowneplaza/hotels/us/en/nanjing/nkgnj/hoteldetail
IHG Hotels & Resorts,IHG-NKGYT,NKGYT,EVEN Hotel Nanjing Yangtze River,EVEN Hotel,MAINLAND_CN,CN,Nanjing,false,ihg_destination_pages_no_amount,CNY,,,,,,,,https://www.ihg.com/evenhotels/hotels/us/en/nanjing/nkgyt/hoteldetail
IHG Hotels & Resorts,IHG-NKGCT,NKGCT,Holiday Inn Express Nanjing Confucius Temple,Holiday Inn Express,MAINLAND_CN,CN,Nanjing,false,ihg_destination_pages_no_amount,CNY,,,,,,,,https://www.ihg.com/holidayinnexpress/hotels/us/en/nanjing/nkgct/hoteldetail
IHG Hotels & Resorts,IHG-NKGND,NKGND,Holiday Inn Express Nanjing Dongshan,Holiday Inn Express,MAINLAND_CN,CN,Nanjing,false,ihg_destination_pages_no_amount,CNY,,,,,,,,https://www.ihg.com/holidayinnexpress/hotels/us/en/nanjing/nkgnd/hoteldetail
IHG Hotels & Resorts,IHG-NKGHV,NKGHV,Holiday Inn Express Nanjing Happy Valley,Holiday Inn Express,MAINLAND_CN,CN,Nanjing,false,ihg_destination_pages_no_amount,CNY,,,,,,,,https://www.ihg.com/holidayinnexpress/hotels/us/en/nanjing/nkghv/hoteldetail
IHG Hotels & Resorts,IHG-NKGNT,NKGNT,Holiday Inn Express Nanjing Jiangbei Wonhall Mall,Holiday Inn Express,MAINLAND_CN,CN,Nanjing,false,ihg_destination_pages_no_amount,CNY,,,,,,,,https://www.ihg.com/holidayinnexpress/hotels/us/en/nanjing/nkgnt/hoteldetail
IHG Hotels & Resorts,IHG-NKGJS,NKGJS,Holiday Inn Express Nanjing Jiangbei Yushan,Holiday Inn Express,MAINLAND_CN,CN,Nanjing,false,ihg_destination_pages_no_amount,CNY,,,,,,,,https://www.ihg.com/holidayinnexpress/hotels/us/en/zhenjiang/nkgjs/hoteldetail
IHG Hotels & Resorts,IHG-NKGRS,NKGRS,Holiday Inn Express Nanjing Riverside,Holiday Inn Express,MAINLAND_CN,CN,Nanjing,false,ihg_destination_pages_no_amount,CNY,,,,,,,,https://www.ihg.com/holidayinnexpress/hotels/us/en/nanjing/nkgrs/hoteldetail
IHG Hotels & Resorts,IHG-NKGXM,NKGXM,Holiday Inn Express Nanjing Xi'anmen,Holiday Inn Express,MAINLAND_CN,CN,Nanjing,false,ihg_destination_pages_no_amount,CNY,,,,,,,,https://www.ihg.com/holidayinnexpress/hotels/us/en/nanjing/nkgxm/hoteldetail
IHG Hotels & Resorts,IHG-NKGXW,NKGXW,Holiday Inn Express Nanjing Xuanwu Lake,Holiday Inn Express,MAINLAND_CN,CN,Nanjing,false,ihg_destination_pages_no_amount,CNY,,,,,,,,https://www.ihg.com/holidayinnexpress/hotels/us/en/nanjing/nkgxw/hoteldetail
IHG Hotels & Resorts,IHG-NKGZR,NKGZR,Holiday Inn Nanjing Aqua City,Holiday Inn,MAINLAND_CN,CN,Nanjing,false,ihg_destination_pages_no_amount,CNY,,,,,,,,https://www.ihg.com/holidayinn/hotels/us/en/nanjing/nkgzr/hoteldetail
IHG Hotels & Resorts,IHG-NKGNH,NKGNH,Holiday Inn Nanjing Harbour,Holiday Inn,MAINLAND_CN,CN,Nanjing,false,ihg_destination_pages_no_amount,CNY,,,,,,,,https://www.ihg.com/holidayinn/hotels/us/en/nanjing/nkgnh/hoteldetail
IHG Hotels & Resorts,IHG-NKGWM,NKGWM,Holiday Inn Nanjing Jiangbei New District,Holiday Inn,MAINLAND_CN,CN,Nanjing,false,ihg_destination_pages_no_amount,CNY,,,,,,,,https://www.ihg.com/holidayinn/hotels/us/en/nanjing/nkgwm/hoteldetail
IHG Hotels & Resorts,IHG-NKGNQ,NKGNQ,Holiday Inn Nanjing Qinhuai South,Holiday Inn,MAINLAND_CN,CN,Nanjing,false,ihg_destination_pages_no_amount,CNY,,,,,,,,https://www.ihg.com/holidayinn/hotels/us/en/nanjing/nkgnq/hoteldetail
IHG Hotels & Resorts,IHG-NKGHI,NKGHI,Holiday Inn Nanjing Qinhuai South Suites,Holiday Inn,MAINLAND_CN,CN,Nanjing,false,ihg_destination_pages_no_amount,CNY,,,,,,,,https://www.ihg.com/holidayinn/hotels/us/en/nanjing/nkghi/hoteldetail
IHG Hotels & Resorts,IHG-NKGSS,NKGSS,Holiday Inn Nanjing South Station,Holiday Inn,MAINLAND_CN,CN,Nanjing,false,ihg_destination_pages_no_amount,CNY,,,,,,,,https://www.ihg.com/holidayinn/hotels/us/en/nanjing/nkgss/hoteldetail
IHG Hotels & Resorts,IHG-NKGXL,NKGXL,Holiday Inn Nanjing Xuanwu Lake,Holiday Inn,MAINLAND_CN,CN,Nanjing,false,ihg_destination_pages_no_amount,CNY,,,,,,,,https://www.ihg.com/holidayinn/hotels/us/en/nanjing/nkgxl/hoteldetail
IHG Hotels & Resorts,IHG-NKGGO,NKGGO,Hotel Indigo Nanjing Garden Expo,Hotel Indigo,MAINLAND_CN,CN,Nanjing,false,ihg_destination_pages_no_amount,CNY,,,,,,,,https://www.ihg.com/hotelindigo/hotels/us/en/nanjing/nkggo/hoteldetail
IHG Hotels & Resorts,IHG-NKGYR,NKGYR,HUALUXE Nanjing Yangtze River,HUALUXE,MAINLAND_CN,CN,Nanjing,false,ihg_destination_pages_no_amount,CNY,,,,,,,,https://www.ihg.com/hotels/us/en/nanjing/nkgyr/hoteldetail
IHG Hotels & Resorts,IHG-NKGVO,NKGVO,voco Nanjing Garden Expo,voco,MAINLAND_CN,CN,Nanjing,false,ihg_destination_pages_no_amount,CNY,,,,,,,,https://www.ihg.com/voco/hotels/us/en/nanjing/nkgvo/hoteldetail
IHG Hotels & Resorts,IHG-NKGOP,NKGOP,voco Nanjing Oriental Pearl,voco,MAINLAND_CN,CN,Nanjing,false,ihg_destination_pages_no_amount,CNY,,,,,,,,https://www.ihg.com/voco/hotels/us/en/nanjing/nkgop/hoteldetail
IHG Hotels & Resorts,IHG-NKGHA,NKGHA,InterContinental Nanjing,InterContinental,MAINLAND_CN,CN,NANJING,false,ihg_destination_pages_no_amount,CNY,,,,,,,,https://www.ihg.com/intercontinental/hotels/us/en/nanjing/nkgha/hoteldetail
IHG Hotels & Resorts,IHG-NNGCC,NNGCC,Crowne Plaza Nanning City Center,Crowne Plaza,MAINLAND_CN,CN,Nanning,false,ihg_destination_pages_no_amount,CNY,,,,,,,,https://www.ihg.com/crowneplaza/hotels/us/en/nanning/nngcc/hoteldetail
IHG Hotels & Resorts,IHG-NNGCT,NNGCT,Holiday Inn Express Nanning City Center,Holiday Inn Express,MAINLAND_CN,CN,Nanning,false,ihg_destination_pages_no_amount,CNY,,,,,,,,https://www.ihg.com/holidayinnexpress/hotels/us/en/nanning/nngct/hoteldetail
IHG Hotels & Resorts,IHG-NNGCE,NNGCE,Holiday Inn Express Nanning Convention&Exhibition,Holiday Inn Express,MAINLAND_CN,CN,Nanning,false,ihg_destination_pages_no_amount,CNY,,,,,,,,https://www.ihg.com/holidayinnexpress/hotels/us/en/nanning/nngce/hoteldetail
IHG Hotels & Resorts,IHG-NNGJI,NNGJI,Holiday Inn Express Nanning Jiangnan,Holiday Inn Express,MAINLAND_CN,CN,Nanning,false,ihg_destination_pages_no_amount,CNY,,,,,,,,https://www.ihg.com/holidayinnexpress/hotels/us/en/nanning/nngji/hoteldetail
IHG Hotels & Resorts,IHG-SQJWU,SQJWU,Holiday Inn Wuyi Mountain Water Village,Holiday Inn,MAINLAND_CN,CN,Nanping,false,ihg_destination_pages_no_amount,CNY,,,,,,,,https://www.ihg.com/holidayinn/hotels/us/en/nanping/sqjwu/hoteldetail
IHG Hotels & Resorts,IHG-NTGHM,NTGHM,Holiday Inn Express Haimen City Center,Holiday Inn Express,MAINLAND_CN,CN,Nantong,false,ihg_destination_pages_no_amount,CNY,,,,,,,,https://www.ihg.com/holidayinnexpress/hotels/us/en/haimen/ntghm/hoteldetail
IHG Hotels & Resorts,IHG-NTGNA,NTGNA,Holiday Inn Express Nantong North Gateway,Holiday Inn Express,MAINLAND_CN,CN,Nantong,false,ihg_destination_pages_no_amount,CNY,,,,,,,,https://www.ihg.com/holidayinnexpress/hotels/us/en/nantong/ntgna/hoteldetail
IHG Hotels & Resorts,IHG-NTGTC,NTGTC,Holiday Inn Express Nantong Textile City,Holiday Inn Express,MAINLAND_CN,CN,Nantong,false,ihg_destination_pages_no_amount,CNY,,,,,,,,https://www.ihg.com/holidayinnexpress/hotels/us/en/nantong/ntgtc/hoteldetail
IHG Hotels & Resorts,IHG-NTGXA,NTGXA,Holiday Inn Express Nantong Xinghu,Holiday Inn Express,MAINLAND_CN,CN,Nantong,false,ihg_destination_pages_no_amount,CNY,,,,,,,,https://www.ihg.com/holidayinnexpress/hotels/us/en/nantong/ntgxa/hoteldetail
IHG Hotels & Resorts,IHG-NTGRB,NTGRB,Holiday Inn Express Rugao Baipu,Holiday Inn Express,MAINLAND_CN,CN,Nantong,false,ihg_destination_pages_no_amount,CNY,,,,,,,,https://www.ihg.com/holidayinnexpress/hotels/us/en/nantong/ntgrb/hoteldetail
IHG Hotels & Resorts,IHG-RUGCC,RUGCC,Holiday Inn Express Rugao City Center,Holiday Inn Express,MAINLAND_CN,CN,Nantong,false,ihg_destination_pages_no_amount,CNY,,,,,,,,https://www.ihg.com/holidayinnexpress/hotels/us/en/rugao/rugcc/hoteldetail
IHG Hotels & Resorts,IHG-NTGOC,NTGOC,Holiday Inn Nantong Oasis International,Holiday Inn,MAINLAND_CN,CN,Nantong,false,ihg_destination_pages_no_amount,CNY,,,,,,,,https://www.ihg.com/holidayinn/hotels/us/en/nantong/ntgoc/hoteldetail
IHG Hotels & Resorts,IHG-NTGTB,NTGTB,Holiday Inn Nantong Tongzhou Bay,Holiday Inn,MAINLAND_CN,CN,Nantong,false,ihg_destination_pages_no_amount,CNY,,,,,,,,https://www.ihg.com/holidayinn/hotels/us/en/nantong/ntgtb/hoteldetail
IHG Hotels & Resorts,IHG-NTGHA,NTGHA,InterContinental Nantong,InterContinental,MAINLAND_CN,CN,Nantong,false,ihg_destination_pages_no_amount,CNY,,,,,,,,https://www.ihg.com/intercontinental/hotels/us/en/nantong/ntgha/hoteldetail
IHG Hotels & Resorts,IHG-NNYHI,NNYHI,Holiday Inn Nanyang,Holiday Inn,MAINLAND_CN,CN,Nanyang,false,ihg_destination_pages_no_amount,CNY,,,,,,,,https://www.ihg.com/holidayinn/hotels/us/en/nanyang/nnyhi/hoteldetail
IHG Hotels & Resorts,IHG-LZOJI,LZOJI,Holiday Inn Neijiang Riverside,Holiday Inn,MAINLAND_CN,CN,Neijiang,false,ihg_destination_pages_no_amount,CNY,,,,,,,,https://www.ihg.com/holidayinn/hotels/us/en/neijiang/lzoji/hoteldetail
IHG Hotels & Resorts,IHG-NJBHT,NJBHT,Holiday Inn Express Neijiang High-Tech Zone,Holiday Inn Express,MAINLAND_CN,CN,NeiJiang,false,ihg_destination_pages_no_amount,CNY,,,,,,,,https://www.ihg.com/holidayinnexpress/hotels/us/en/neijiang/njbht/hoteldetail
IHG Hotels & Resorts,IHG-NGBHR,NGBHR,Crowne Plaza City Center Ningbo,Crowne Plaza,MAINLAND_CN,CN,Ningbo,false,ihg_destination_pages_no_amount,CNY,,,,,,,,https://www.ihg.com/crowneplaza/hotels/us/en/ningbo/ngbhr/hoteldetail
IHG Hotels & Resorts,IHG-NGBSV,NGBSV,Crowne Plaza Ningbo Xiangshan Sea View,Crowne Plaza,MAINLAND_CN,CN,Ningbo,false,ihg_destination_pages_no_amount,CNY,,,,,,,,https://www.ihg.com/crowneplaza/hotels/us/en/ningbo/ngbsv/hoteldetail
IHG Hotels & Resorts,IHG-NGBCC,NGBCC,Holiday Inn Express Ningbo City Center,Holiday Inn Express,MAINLAND_CN,CN,Ningbo,false,ihg_destination_pages_no_amount,CNY,,,,,,,,https://www.ihg.com/holidayinnexpress/hotels/us/en/ningbo/ngbcc/hoteldetail
IHG Hotels & Resorts,IHG-NGBFH,NGBFH,Holiday Inn Express Ningbo Fenghua,Holiday Inn Express,MAINLAND_CN,CN,Ningbo,false,ihg_destination_pages_no_amount,CNY,,,,,,,,https://www.ihg.com/holidayinnexpress/hotels/us/en/ningbo/ngbfh/hoteldetail
IHG Hotels & Resorts,IHG-NGBYI,NGBYI,Holiday Inn Express Ningbo Yinzhou,Holiday Inn Express,MAINLAND_CN,CN,Ningbo,false,ihg_destination_pages_no_amount,CNY,,,,,,,,https://www.ihg.com/holidayinnexpress/hotels/us/en/ningbo/ngbyi/hoteldetail
IHG Hotels & Resorts,IHG-NGBBE,NGBBE,Holiday Inn Ningbo Beilun,Holiday Inn,MAINLAND_CN,CN,Ningbo,false,ihg_destination_pages_no_amount,CNY,,,,,,,,https://www.ihg.com/holidayinn/hotels/us/en/ningbo/ngbbe/hoteldetail
IHG Hotels & Resorts,IHG-NGBGO,NGBGO,Hotel Indigo Ningbo,Hotel Indigo,MAINLAND_CN,CN,Ningbo,false,ihg_destination_pages_no_amount,CNY,,,,,,,,https://www.ihg.com/hotelindigo/hotels/us/en/ningbo/ngbgo/hoteldetail
IHG Hotels & Resorts,IHG-NGBRV,NGBRV,Hotel Indigo Ningbo Riverside,Hotel Indigo,MAINLAND_CN,CN,Ningbo,false,ihg_destination_pages_no_amount,CNY,,,,,,,,https://www.ihg.com/hotelindigo/hotels/us/en/ningbo/ngbrv/hoteldetail
IHG Hotels & Resorts,IHG-NGBUL,NGBUL,HUALUXE Ningbo Harbor City,HUALUXE,MAINLAND_CN,CN,Ningbo,false,ihg_destination_pages_no_amount,CNY,,,,,,,,https://www.ihg.com/hotels/us/en/ningbo/ngbul/hoteldetail
IHG Hotels & Resorts,IHG-NGBHA,NGBHA,Vignette Collection The Azure Ningbo,Vignette Collection,MAINLAND_CN,CN,Ningbo,false,ihg_destination_pages_no_amount,CNY,,,,,,,,https://www.ihg.com/vignettecollection/hotels/us/en/ningbo/ngbha/hoteldetail
IHG Hotels & Resorts,IHG-NGBDO,NGBDO,voco Ningbo Dongqian Lake,voco,MAINLAND_CN,CN,Ningbo,false,ihg_destination_pages_no_amount,CNY,,,,,,,,https://www.ihg.com/voco/hotels/us/en/ningbo/ngbdo/hoteldetail
IHG Hotels & Resorts,IHG-FOCNX,FOCNX,Holiday Inn Ningde Dijing,Holiday Inn,MAINLAND_CN,CN,Ningde,false,ihg_destination_pages_no_amount,CNY,,,,,,,,https://www.ihg.com/holidayinn/hotels/us/en/xiapu/focnx/hoteldetail
IHG Hotels & Resorts,IHG-FOCNJ,FOCNJ,Holiday Inn Ningde Jiaocheng,Holiday Inn,MAINLAND_CN,CN,Ningde,false,ihg_destination_pages_no_amount,CNY,,,,,,,,https://www.ihg.com/holidayinn/hotels/us/en/ningde/focnj/hoteldetail
IHG Hotels & Resorts,IHG-DSNOD,DSNOD,Holiday Inn Express Ordos Dongsheng,Holiday Inn Express,MAINLAND_CN,CN,Ordos,false,ihg_destination_pages_no_amount,CNY,,,,,,,,https://www.ihg.com/holidayinnexpress/hotels/us/en/ordos/dsnod/hoteldetail
IHG Hotels & Resorts,IHG-PJNSA,PJNSA,Holiday Inn Express Panjin Downtown,Holiday Inn Express,MAINLAND_CN,CN,Panjin,false,ihg_destination_pages_no_amount,CNY,,,,,,,,https://www.ihg.com/holidayinnexpress/hotels/us/en/panjin/pjnsa/hoteldetail
IHG Hotels & Resorts,IHG-JNZPA,JNZPA,Holiday Inn Panjin Aqua City,Holiday Inn,MAINLAND_CN,CN,Panjin,false,ihg_destination_pages_no_amount,CNY,,,,,,,,https://www.ihg.com/holidayinn/hotels/us/en/panjin/jnzpa/hoteldetail
IHG Hotels & Resorts,IHG-CTUPZ,CTUPZ,Holiday Inn Express Pengzhou Downtown,Holiday Inn Express,MAINLAND_CN,CN,Pengzhou,false,ihg_destination_pages_no_amount,CNY,,,,,,,,https://www.ihg.com/holidayinnexpress/hotels/us/en/pengzhou/ctupz/hoteldetail
IHG Hotels & Resorts,IHG-JXSPH,JXSPH,Holiday Inn Express Pinghu,Holiday Inn Express,MAINLAND_CN,CN,Pinghu,false,ihg_destination_pages_no_amount,CNY,,,,,,,,https://www.ihg.com/holidayinnexpress/hotels/us/en/pinghu/jxsph/hoteldetail
IHG Hotels & Resorts,IHG-PXGWU,PXGWU,voco Wugong Mountain Jiangxi,voco,MAINLAND_CN,CN,Pingxiang,false,ihg_destination_pages_no_amount,CNY,,,,,,,,https://www.ihg.com/voco/hotels/us/en/pingxiang/pxgwu/hoteldetail
IHG Hotels & Resorts,IHG-JHGPS,JHGPS,Holiday Inn Express Puer Simao,Holiday Inn Express,MAINLAND_CN,CN,Puer,false,ihg_destination_pages_no_amount,CNY,,,,,,,,https://www.ihg.com/holidayinnexpress/hotels/us/en/puer/jhgps/hoteldetail
IHG Hotels & Resorts,IHG-FOCPT,FOCPT,Crowne Plaza Putian,Crowne Plaza,MAINLAND_CN,CN,Putian,false,ihg_destination_pages_no_amount,CNY,,,,,,,,https://www.ihg.com/crowneplaza/hotels/us/en/putian/focpt/hoteldetail
IHG Hotels & Resorts,IHG-FOCCT,FOCCT,Holiday Inn Express Putian City Center,Holiday Inn Express,MAINLAND_CN,CN,Putian,false,ihg_destination_pages_no_amount,CNY,,,,,,,,https://www.ihg.com/holidayinnexpress/hotels/us/en/putian/focct/hoteldetail
IHG Hotels & Resorts,IHG-FOCPU,FOCPU,Holiday Inn Putian Xiuyu,Holiday Inn,MAINLAND_CN,CN,Putian,false,ihg_destination_pages_no_amount,CNY,,,,,,,,https://www.ihg.com/holidayinn/hotels/us/en/putian/focpu/hoteldetail
IHG Hotels & Resorts,IHG-SHAQD,SHAQD,Crowne Plaza Qidong,Crowne Plaza,MAINLAND_CN,CN,Qidong,false,ihg_destination_pages_no_amount,CNY,,,,,,,,https://www.ihg.com/crowneplaza/hotels/us/en/qidong/shaqd/hoteldetail
IHG Hotels & Resorts,IHG-NTGQD,NTGQD,Holiday Inn Express Qidong Economic Zone,Holiday Inn Express,MAINLAND_CN,CN,Qidong,false,ihg_destination_pages_no_amount,CNY,,,,,,,,https://www.ihg.com/holidayinnexpress/hotels/us/en/qidong/ntgqd/hoteldetail
IHG Hotels & Resorts,IHG-NTGQI,NTGQI,Holiday Inn Qidong Lvsi Port,Holiday Inn,MAINLAND_CN,CN,Qidong,false,ihg_destination_pages_no_amount,CNY,,,,,,,,https://www.ihg.com/holidayinn/hotels/us/en/qidong/ntgqi/hoteldetail
IHG Hotels & Resorts,IHG-NTGQG,NTGQG,HUALUXE Qidong,HUALUXE,MAINLAND_CN,CN,Qidong,false,ihg_destination_pages_no_amount,CNY,,,,,,,,https://www.ihg.com/hotels/us/en/qidong/ntgqg/hoteldetail
IHG Hotels & Resorts,IHG-DAOCH,DAOCH,Crowne Plaza Qingdao,Crowne Plaza,MAINLAND_CN,CN,Qingdao,false,ihg_destination_pages_no_amount,CNY,,,,,,,,https://www.ihg.com/crowneplaza/hotels/us/en/qingdao/daoch/hoteldetail
IHG Hotels & Resorts,IHG-TAOJN,TAOJN,Crowne Plaza Qingdao Jinshui,Crowne Plaza,MAINLAND_CN,CN,Qingdao,false,ihg_destination_pages_no_amount,CNY,,,,,,,,https://www.ihg.com/crowneplaza/hotels/us/en/qingdao/taojn/hoteldetail
IHG Hotels & Resorts,IHG-TAOJC,TAOJC,Crowne Plaza Qingdao Ocean Spring Resort,Crowne Plaza,MAINLAND_CN,CN,Qingdao,false,ihg_destination_pages_no_amount,CNY,,,,,,,,https://www.ihg.com/crowneplaza/hotels/us/en/qingdao/taojc/hoteldetail
IHG Hotels & Resorts,IHG-TAOMM,TAOMM,Crowne Plaza QingdaoOrientalMovieMetropolis,Crowne Plaza,MAINLAND_CN,CN,Qingdao,false,ihg_destination_pages_no_amount,CNY,,,,,,,,https://www.ihg.com/crowneplaza/hotels/us/en/qingdao/taomm/hoteldetail
IHG Hotels & Resorts,IHG-TAOQI,TAOQI,EVEN Hotel Qingdao Laoshan,EVEN Hotel,MAINLAND_CN,CN,Qingdao,false,ihg_destination_pages_no_amount,CNY,,,,,,,,https://www.ihg.com/evenhotels/hotels/us/en/qingdao/taoqi/hoteldetail
IHG Hotels & Resorts,IHG-TAOJI,TAOJI,Holiday Inn & Suites Qingdao Jinshui,Holiday Inn & Suites,MAINLAND_CN,CN,Qingdao,false,ihg_destination_pages_no_amount,CNY,,,,,,,,https://www.ihg.com/holidayinn/hotels/us/en/qingdao/taoji/hoteldetail
IHG Hotels & Resorts,IHG-TAOCC,TAOCC,Holiday Inn Express Qingdao Chengyang Central,Holiday Inn Express,MAINLAND_CN,CN,Qingdao,false,ihg_destination_pages_no_amount,CNY,,,,,,,,https://www.ihg.com/holidayinnexpress/hotels/us/en/qingdao/taocc/hoteldetail
IHG Hotels & Resorts,IHG-TAOCB,TAOCB,Holiday Inn Express Qingdao City Balcony,Holiday Inn Express,MAINLAND_CN,CN,Qingdao,false,ihg_destination_pages_no_amount,CNY,,,,,,,,https://www.ihg.com/holidayinnexpress/hotels/us/en/qingdao/taocb/hoteldetail
IHG Hotels & Resorts,IHG-DAOCC,DAOCC,Holiday Inn Express Qingdao City Center,Holiday Inn Express,MAINLAND_CN,CN,Qingdao,false,ihg_destination_pages_no_amount,CNY,,,,,,,,https://www.ihg.com/holidayinnexpress/hotels/us/en/qingdao/daocc/hoteldetail
IHG Hotels & Resorts,IHG-TAOQZ,TAOQZ,Holiday Inn Express Qingdao Downtown,Holiday Inn Express,MAINLAND_CN,CN,Qingdao,false,ihg_destination_pages_no_amount,CNY,,,,,,,,https://www.ihg.com/holidayinnexpress/hotels/us/en/qingdao/taoqz/hoteldetail
IHG Hotels & Resorts,IHG-TAOQH,TAOQH,Holiday Inn Express Qingdao Hongdao Station,Holiday Inn Express,MAINLAND_CN,CN,Qingdao,false,ihg_destination_pages_no_amount,CNY,,,,,,,,https://www.ihg.com/holidayinnexpress/hotels/us/en/qingdao/taoqh/hoteldetail
IHG Hotels & Resorts,IHG-TAOIP,TAOIP,Holiday Inn Express Qingdao Innovation Park,Holiday Inn Express,MAINLAND_CN,CN,Qingdao,false,ihg_destination_pages_no_amount,CNY,,,,,,,,https://www.ihg.com/holidayinnexpress/hotels/us/en/qingdao/taoip/hoteldetail
IHG Hotels & Resorts,IHG-TAOJM,TAOJM,Holiday Inn Express Qingdao Jimo,Holiday Inn Express,MAINLAND_CN,CN,Qingdao,false,ihg_destination_pages_no_amount,CNY,,,,,,,,https://www.ihg.com/holidayinnexpress/hotels/us/en/qingdao/taojm/hoteldetail
IHG Hotels & Resorts,IHG-TAOJS,TAOJS,Holiday Inn Express Qingdao Jinshui,Holiday Inn Express,MAINLAND_CN,CN,Qingdao,false,ihg_destination_pages_no_amount,CNY,,,,,,,,https://www.ihg.com/holidayinnexpress/hotels/us/en/qingdao/taojs/hoteldetail
IHG Hotels & Resorts,IHG-TAONW,TAONW,Holiday Inn Express Qingdao Northern West Coast,Holiday Inn Express,MAINLAND_CN,CN,Qingdao,false,ihg_destination_pages_no_amount,CNY,,,,,,,,https://www.ihg.com/holidayinnexpress/hotels/us/en/qingdao/taonw/hoteldetail
IHG Hotels & Resorts,IHG-TAOSB,TAOSB,Holiday Inn Express Qingdao Shibei,Holiday Inn Express,MAINLAND_CN,CN,Qingdao,false,ihg_destination_pages_no_amount,CNY,,,,,,,,https://www.ihg.com/holidayinnexpress/hotels/us/en/qingdao/taosb/hoteldetail
IHG Hotels & Resorts,IHG-TAOQW,TAOQW,Holiday Inn Express Qingdao West Coast,Holiday Inn Express,MAINLAND_CN,CN,Qingdao,false,ihg_destination_pages_no_amount,CNY,,,,,,,,https://www.ihg.com/holidayinnexpress/hotels/us/en/qingdao/taoqw/hoteldetail
IHG Hotels & Resorts,IHG-TAOQD,TAOQD,Holiday Inn Qingdao CBD,Holiday Inn,MAINLAND_CN,CN,Qingdao,false,ihg_destination_pages_no_amount,CNY,,,,,,,,https://www.ihg.com/holidayinn/hotels/us/en/qingdao/taoqd/hoteldetail
IHG Hotels & Resorts,IHG-DAOXR,DAOXR,Holiday Inn Qingdao City Centre,Holiday Inn,MAINLAND_CN,CN,Qingdao,false,ihg_destination_pages_no_amount,CNY,,,,,,,,https://www.ihg.com/holidayinn/hotels/us/en/qingdao/daoxr/hoteldetail
IHG Hotels & Resorts,IHG-TAOLC,TAOLC,HUALUXE Qingdao Licang,HUALUXE,MAINLAND_CN,CN,Qingdao,false,ihg_destination_pages_no_amount,CNY,,,,,,,,https://www.ihg.com/hotels/us/en/qingdao/taolc/hoteldetail
IHG Hotels & Resorts,IHG-DAOHA,DAOHA,InterContinental Qingdao,InterContinental,MAINLAND_CN,CN,Qingdao,false,ihg_destination_pages_no_amount,CNY,,,,,,,,https://www.ihg.com/intercontinental/hotels/us/en/qingdao/daoha/hoteldetail
IHG Hotels & Resorts,IHG-TAOVC,TAOVC,voco Qingdao Licang,voco,MAINLAND_CN,CN,Qingdao,false,ihg_destination_pages_no_amount,CNY,,,,,,,,https://www.ihg.com/voco/hotels/us/en/qingdao/taovc/hoteldetail
IHG Hotels & Resorts,IHG-TAOWQ,TAOWQ,voco Qingdao West Coast,voco,MAINLAND_CN,CN,Qingdao,false,ihg_destination_pages_no_amount,CNY,,,,,,,,https://www.ihg.com/voco/hotels/us/en/qingdao/taowq/hoteldetail
IHG Hotels & Resorts,IHG-BPEQI,BPEQI,Holiday Inn Express Qinhuangdao Haigang,Holiday Inn Express,MAINLAND_CN,CN,Qinhuangdao,false,ihg_destination_pages_no_amount,CNY,,,,,,,,https://www.ihg.com/holidayinnexpress/hotels/us/en/qinhuangdao/bpeqi/hoteldetail
IHG Hotels & Resorts,IHG-BPEHN,BPEHN,Holiday Inn Qinhuangdao Haigang,Holiday Inn,MAINLAND_CN,CN,Qinhuangdao,false,ihg_destination_pages_no_amount,CNY,,,,,,,,https://www.ihg.com/holidayinn/hotels/us/en/qinhuangdao/bpehn/hoteldetail
IHG Hotels & Resorts,IHG-BPEBH,BPEBH,Hotel Indigo Beidaihe,Hotel Indigo,MAINLAND_CN,CN,Qinhuangdao,false,ihg_destination_pages_no_amount,CNY,,,,,,,,https://www.ihg.com/hotelindigo/hotels/us/en/qinghuangdao/bpebh/hoteldetail
IHG Hotels & Resorts,IHG-BPEBR,BPEBR,Vignette Collection Resea Hotel Beidaihe,Vignette Collection,MAINLAND_CN,CN,Qinhuangdao,false,ihg_destination_pages_no_amount,CNY,,,,,,,,https://www.ihg.com/vignettecollection/hotels/us/en/qinhuangdao/bpebr/hoteldetail
IHG Hotels & Resorts,IHG-QHXML,QHXML,Holiday Inn Resort Qionghai Guantang,Holiday Inn Resort,MAINLAND_CN,CN,Qionghai,false,ihg_destination_pages_no_amount,CNY,,,,,,,,https://www.ihg.com/holidayinnresorts/hotels/us/en/qionghai/qhxml/hoteldetail
IHG Hotels & Resorts,IHG-CTUQI,CTUQI,InterContinental Chengdu Qionglai,InterContinental,MAINLAND_CN,CN,Qionglai,false,ihg_destination_pages_no_amount,CNY,,,,,,,,https://www.ihg.com/intercontinental/hotels/us/en/qionglai/ctuqi/hoteldetail
IHG Hotels & Resorts,IHG-JJNRQ,JJNRQ,Crowne Plaza Quanzhou Riverview,Crowne Plaza,MAINLAND_CN,CN,Quanzhou,false,ihg_destination_pages_no_amount,CNY,,,,,,,,https://www.ihg.com/crowneplaza/hotels/us/en/quanzhou/jjnrq/hoteldetail
IHG Hotels & Resorts,IHG-JJNCQ,JJNCQ,EVEN Hotel Quanzhou City Center,EVEN Hotel,MAINLAND_CN,CN,Quanzhou,false,ihg_destination_pages_no_amount,CNY,,,,,,,,https://www.ihg.com/evenhotels/hotels/us/en/quanzhou/jjncq/hoteldetail
IHG Hotels & Resorts,IHG-JJNCC,JJNCC,Holiday Inn Express Quanzhou City Center,Holiday Inn Express,MAINLAND_CN,CN,Quanzhou,false,ihg_destination_pages_no_amount,CNY,,,,,,,,https://www.ihg.com/holidayinnexpress/hotels/us/en/quanzhou/jjncc/hoteldetail
IHG Hotels & Resorts,IHG-XMNQF,XMNQF,Holiday Inn Express Quanzhou Licheng,Holiday Inn Express,MAINLAND_CN,CN,Quanzhou,false,ihg_destination_pages_no_amount,CNY,,,,,,,,https://www.ihg.com/holidayinnexpress/hotels/us/en/quanzhou/xmnqf/hoteldetail
IHG Hotels & Resorts,IHG-JJNQT,JJNQT,Holiday Inn Express Quanzhou Taishang District,Holiday Inn Express,MAINLAND_CN,CN,Quanzhou,false,ihg_destination_pages_no_amount,CNY,,,,,,,,https://www.ihg.com/holidayinnexpress/hotels/us/en/quanzhou/jjnqt/hoteldetail
IHG Hotels & Resorts,IHG-JJNQD,JJNQD,Holiday Inn Quanzhou Donghai,Holiday Inn,MAINLAND_CN,CN,Quanzhou,false,ihg_destination_pages_no_amount,CNY,,,,,,,,https://www.ihg.com/holidayinn/hotels/us/en/quanzhou/jjnqd/hoteldetail
IHG Hotels & Resorts,IHG-JJNQA,JJNQA,Hotel Indigo Quanzhou Ancient Town,Hotel Indigo,MAINLAND_CN,CN,Quanzhou,false,ihg_destination_pages_no_amount,CNY,,,,,,,,https://www.ihg.com/hotelindigo/hotels/us/en/quanzhou/jjnqa/hoteldetail
IHG Hotels & Resorts,IHG-JJNQC,JJNQC,InterContinental Quanzhou,InterContinental,MAINLAND_CN,CN,Quanzhou,false,ihg_destination_pages_no_amount,CNY,,,,,,,,https://www.ihg.com/intercontinental/hotels/us/en/quanzhou/jjnqc/hoteldetail
IHG Hotels & Resorts,IHG-JUZQZ,JUZQZ,Crowne Plaza Quzhou,Crowne Plaza,MAINLAND_CN,CN,Quzhou,false,ihg_destination_pages_no_amount,CNY,,,,,,,,https://www.ihg.com/crowneplaza/hotels/us/en/quzhou/juzqz/hoteldetail
IHG Hotels & Resorts,IHG-HGHNT,HGHNT,Holiday Inn Quzhou,Holiday Inn,MAINLAND_CN,CN,Quzhou,false,ihg_destination_pages_no_amount,CNY,,,,,,,,https://www.ihg.com/holidayinn/hotels/us/en/quzhou/hghnt/hoteldetail
IHG Hotels & Resorts,IHG-ZYIMT,ZYIMT,InterContinental Maotai Town,InterContinental,MAINLAND_CN,CN,Renhuai,false,ihg_destination_pages_no_amount,CNY,,,,,,,,https://www.ihg.com/intercontinental/hotels/us/en/renhuai/zyimt/hoteldetail
IHG Hotels & Resorts,IHG-RIZRD,RIZRD,Holiday Inn Express Rizhao Oriental Colorful City,Holiday Inn Express,MAINLAND_CN,CN,Rizhao,false,ihg_destination_pages_no_amount,CNY,,,,,,,,https://www.ihg.com/holidayinnexpress/hotels/us/en/rizhao/rizrd/hoteldetail
IHG Hotels & Resorts,IHG-RIZRV,RIZRV,Holiday Inn Rizhao Seaview,Holiday Inn,MAINLAND_CN,CN,Rizhao,false,ihg_destination_pages_no_amount,CNY,,,,,,,,https://www.ihg.com/holidayinn/hotels/us/en/rizhao/rizrv/hoteldetail
IHG Hotels & Resorts,IHG-SYXBA,SYXBA,Crowne Plaza Resort Sanya Bay,Crowne Plaza,MAINLAND_CN,CN,Sanya,false,ihg_destination_pages_no_amount,CNY,,,,,,,,https://www.ihg.com/crowneplaza/hotels/us/en/sanya/syxba/hoteldetail
IHG Hotels & Resorts,IHG-SYXCC,SYXCC,Crowne Plaza Sanya City Center,Crowne Plaza,MAINLAND_CN,CN,Sanya,false,ihg_destination_pages_no_amount,CNY,,,,,,,,https://www.ihg.com/crowneplaza/hotels/us/en/sanya/syxcc/hoteldetail
IHG Hotels & Resorts,IHG-SYXCR,SYXCR,Crowne Plaza Sanya Haitang Bay Resort,Crowne Plaza,MAINLAND_CN,CN,Sanya,false,ihg_destination_pages_no_amount,CNY,,,,,,,,https://www.ihg.com/crowneplaza/hotels/us/en/sanya/syxcr/hoteldetail
IHG Hotels & Resorts,IHG-SYXYA,SYXYA,Crowne Plaza Sanya Yazhou Bay,Crowne Plaza,MAINLAND_CN,CN,Sanya,false,ihg_destination_pages_no_amount,CNY,,,,,,,,https://www.ihg.com/crowneplaza/hotels/us/en/sanya/syxya/hoteldetail
IHG Hotels & Resorts,IHG-SYXYY,SYXYY,Holiday Inn & Suites Sanya Yalong Bay,Holiday Inn & Suites,MAINLAND_CN,CN,Sanya,false,ihg_destination_pages_no_amount,CNY,,,,,,,,https://www.ihg.com/holidayinn/hotels/us/en/sanya/syxyy/hoteldetail
IHG Hotels & Resorts,IHG-SYXSA,SYXSA,Holiday Inn Express Sanya Bay,Holiday Inn Express,MAINLAND_CN,CN,Sanya,false,ihg_destination_pages_no_amount,CNY,,,,,,,,https://www.ihg.com/holidayinnexpress/hotels/us/en/sanya/syxsa/hoteldetail
IHG Hotels & Resorts,IHG-SYXSB,SYXSB,Holiday Inn Resort Sanya Bay,Holiday Inn Resort,MAINLAND_CN,CN,Sanya,false,ihg_destination_pages_no_amount,CNY,,,,,,,,https://www.ihg.com/holidayinnresorts/hotels/us/en/sanya-bay/syxsb/hoteldetail
IHG Hotels & Resorts,IHG-SYXYL,SYXYL,HUALUXE Sanya Yalong Bay Resort,HUALUXE,MAINLAND_CN,CN,Sanya,false,ihg_destination_pages_no_amount,CNY,,,,,,,,https://www.ihg.com/hotels/us/en/sanya/syxyl/hoteldetail
IHG Hotels & Resorts,IHG-SYXIC,SYXIC,InterContinental Sanya Haitang Bay Resort,InterContinental,MAINLAND_CN,CN,Sanya,false,ihg_destination_pages_no_amount,CNY,,,,,,,,https://www.ihg.com/intercontinental/hotels/us/en/sanya/syxic/hoteldetail
IHG Hotels & Resorts,IHG-SYXHA,SYXHA,InterContinental Sanya Resort,InterContinental,MAINLAND_CN,CN,Sanya,false,ihg_destination_pages_no_amount,CNY,,,,,,,,https://www.ihg.com/intercontinental/hotels/us/en/sanya/syxha/hoteldetail
IHG Hotels & Resorts,IHG-SYXBM,SYXBM,Vignette Collection Tiancheng Belmont Hotel Sanya,Vignette Collection,MAINLAND_CN,CN,Sanya,false,ihg_destination_pages_no_amount,CNY,,,,,,,,https://www.ihg.com/vignettecollection/hotels/us/en/sanya/syxbm/hoteldetail
IHG Hotels & Resorts,IHG-SYXVO,SYXVO,voco Sanya Bay,voco,MAINLAND_CN,CN,Sanya,false,ihg_destination_pages_no_amount,CNY,,,,,,,,https://www.ihg.com/voco/hotels/us/en/sanya/syxvo/hoteldetail
IHG Hotels & Resorts,IHG-SYXDA,SYXDA,voco Sanya Dadonghai,voco,MAINLAND_CN,CN,Sanya,false,ihg_destination_pages_no_amount,CNY,,,,,,,,https://www.ihg.com/voco/hotels/us/en/sanya/syxda/hoteldetail
IHG Hotels & Resorts,IHG-SHAPO,SHAPO,Atwell Suites Shanghai Wuning,Atwell Suites,MAINLAND_CN,CN,Shanghai,false,ihg_destination_pages_no_amount,CNY,,,,,,,,https://www.ihg.com/atwellsuites/hotels/us/en/shanghai/shapo/hoteldetail
IHG Hotels & Resorts,IHG-SHGCH,SHGCH,Crowne Plaza Shanghai,Crowne Plaza,MAINLAND_CN,CN,Shanghai,false,ihg_destination_pages_no_amount,CNY,,,,,,,,https://www.ihg.com/crowneplaza/hotels/us/en/shanghai/shgch/hoteldetail
IHG Hotels & Resorts,IHG-SHGAT,SHGAT,Crowne Plaza Shanghai Anting,Crowne Plaza,MAINLAND_CN,CN,Shanghai,false,ihg_destination_pages_no_amount,CNY,,,,,,,,https://www.ihg.com/crowneplaza/hotels/us/en/shanghai/shgat/hoteldetail
IHG Hotels & Resorts,IHG-SHGFD,SHGFD,Crowne Plaza Shanghai Fudan,Crowne Plaza,MAINLAND_CN,CN,Shanghai,false,ihg_destination_pages_no_amount,CNY,,,,,,,,https://www.ihg.com/crowneplaza/hotels/us/en/shanghai/shgfd/hoteldetail
IHG Hotels & Resorts,IHG-SHALS,SHALS,Crowne Plaza Shanghai Hongqiao,Crowne Plaza,MAINLAND_CN,CN,Shanghai,false,ihg_destination_pages_no_amount,CNY,,,,,,,,https://www.ihg.com/crowneplaza/hotels/us/en/shanghai/shals/hoteldetail
IHG Hotels & Resorts,IHG-SHAJS,SHAJS,Crowne Plaza Shanghai Jinshan,Crowne Plaza,MAINLAND_CN,CN,Shanghai,false,ihg_destination_pages_no_amount,CNY,,,,,,,,https://www.ihg.com/crowneplaza/hotels/us/en/shanghai/shajs/hoteldetail
IHG Hotels & Resorts,IHG-SHGJP,SHGJP,Crowne Plaza Shanghai Jinxiu,Crowne Plaza,MAINLAND_CN,CN,Shanghai,false,ihg_destination_pages_no_amount,CNY,,,,,,,,https://www.ihg.com/crowneplaza/hotels/us/en/shanghai/shgjp/hoteldetail
IHG Hotels & Resorts,IHG-SHAHD,SHAHD,Crowne Plaza Shanghai Nanjing Road,Crowne Plaza,MAINLAND_CN,CN,Shanghai,false,ihg_destination_pages_no_amount,CNY,,,,,,,,https://www.ihg.com/crowneplaza/hotels/us/en/shanghai/shahd/hoteldetail
IHG Hotels & Resorts,IHG-SHGNS,SHGNS,Crowne Plaza Shanghai Noah Square,Crowne Plaza,MAINLAND_CN,CN,Shanghai,false,ihg_destination_pages_no_amount,CNY,,,,,,,,https://www.ihg.com/crowneplaza/hotels/us/en/shanghai/shgns/hoteldetail
IHG Hotels & Resorts,IHG-SHGPU,SHGPU,Crowne Plaza Shanghai Pujiang,Crowne Plaza,MAINLAND_CN,CN,Shanghai,false,ihg_destination_pages_no_amount,CNY,,,,,,,,https://www.ihg.com/crowneplaza/hotels/us/en/shanghai/shgpu/hoteldetail
IHG Hotels & Resorts,IHG-SHGQR,SHGQR,Crowne Plaza Shanghai Xiayang Lake,Crowne Plaza,MAINLAND_CN,CN,Shanghai,false,ihg_destination_pages_no_amount,CNY,,,,,,,,https://www.ihg.com/crowneplaza/hotels/us/en/shanghai/shgqr/hoteldetail
IHG Hotels & Resorts,IHG-SHASE,SHASE,EVEN Hotel Shanghai Expo,EVEN Hotel,MAINLAND_CN,CN,Shanghai,false,ihg_destination_pages_no_amount,CNY,,,,,,,,https://www.ihg.com/evenhotels/hotels/us/en/shanghai/shase/hoteldetail
IHG Hotels & Resorts,IHG-SHAEV,SHAEV,EVEN Hotel Shanghai Hongqiao CBD,EVEN Hotel,MAINLAND_CN,CN,Shanghai,false,ihg_destination_pages_no_amount,CNY,,,,,,,,https://www.ihg.com/evenhotels/hotels/us/en/shanghai/shaev/hoteldetail
IHG Hotels & Resorts,IHG-SHAJR,SHAJR,EVEN Hotel Shanghai Jinqiao,EVEN Hotel,MAINLAND_CN,CN,Shanghai,false,ihg_destination_pages_no_amount,CNY,,,,,,,,https://www.ihg.com/evenhotels/hotels/us/en/shanghai/shajr/hoteldetail
IHG Hotels & Resorts,IHG-SHACS,SHACS,Holiday Inn & Suites Shanghai Changfeng,Holiday Inn & Suites,MAINLAND_CN,CN,Shanghai,false,ihg_destination_pages_no_amount,CNY,,,,,,,,https://www.ihg.com/holidayinn/hotels/us/en/shanghai/shacs/hoteldetail
IHG Hotels & Resorts,IHG-SHABT,SHABT,Holiday Inn Express Shanghai Baoshan Baoyang,Holiday Inn Express,MAINLAND_CN,CN,Shanghai,false,ihg_destination_pages_no_amount,CNY,,,,,,,,https://www.ihg.com/holidayinnexpress/hotels/us/en/shanghai/shabt/hoteldetail
IHG Hotels & Resorts,IHG-SHAXC,SHAXC,Holiday Inn Express Shanghai Changfeng Park,Holiday Inn Express,MAINLAND_CN,CN,Shanghai,false,ihg_destination_pages_no_amount,CNY,,,,,,,,https://www.ihg.com/holidayinnexpress/hotels/us/en/shanghai/shaxc/hoteldetail
IHG Hotels & Resorts,IHG-SHACY,SHACY,Holiday Inn Express Shanghai Changyang Road,Holiday Inn Express,MAINLAND_CN,CN,Shanghai,false,ihg_destination_pages_no_amount,CNY,,,,,,,,https://www.ihg.com/holidayinnexpress/hotels/us/en/shanghai/shacy/hoteldetail
IHG Hotels & Resorts,IHG-SHACM,SHACM,Holiday Inn Express Shanghai Chongming,Holiday Inn Express,MAINLAND_CN,CN,Shanghai,false,ihg_destination_pages_no_amount,CNY,,,,,,,,https://www.ihg.com/holidayinnexpress/hotels/us/en/shanghai/shacm/hoteldetail
IHG Hotels & Resorts,IHG-SHAPD,SHAPD,Holiday Inn Express Shanghai Expo Centre,Holiday Inn Express,MAINLAND_CN,CN,Shanghai,false,ihg_destination_pages_no_amount,CNY,,,,,,,,https://www.ihg.com/holidayinnexpress/hotels/us/en/shanghai/shapd/hoteldetail
IHG Hotels & Resorts,IHG-SHASG,SHASG,Holiday Inn Express Shanghai Gongkang,Holiday Inn Express,MAINLAND_CN,CN,Shanghai,false,ihg_destination_pages_no_amount,CNY,,,,,,,,https://www.ihg.com/holidayinnexpress/hotels/us/en/shanghai/shasg/hoteldetail
IHG Hotels & Resorts,IHG-SHAGU,SHAGU,Holiday Inn Express Shanghai Gubei,Holiday Inn Express,MAINLAND_CN,CN,Shanghai,false,ihg_destination_pages_no_amount,CNY,,,,,,,,https://www.ihg.com/holidayinnexpress/hotels/us/en/shanghai/shagu/hoteldetail
IHG Hotels & Resorts,IHG-SHAGM,SHAGM,Holiday Inn Express Shanghai Gumei,Holiday Inn Express,MAINLAND_CN,CN,Shanghai,false,ihg_destination_pages_no_amount,CNY,,,,,,,,https://www.ihg.com/holidayinnexpress/hotels/us/en/minhang-district/shagm/hoteldetail
IHG Hotels & Resorts,IHG-SHASB,SHASB,Holiday Inn Express Shanghai Hongqiao CBD,Holiday Inn Express,MAINLAND_CN,CN,Shanghai,false,ihg_destination_pages_no_amount,CNY,,,,,,,,https://www.ihg.com/holidayinnexpress/hotels/us/en/shanghai/shasb/hoteldetail
IHG Hotels & Resorts,IHG-SHAHL,SHAHL,Holiday Inn Express Shanghai Hongqiao Linkong,Holiday Inn Express,MAINLAND_CN,CN,Shanghai,false,ihg_destination_pages_no_amount,CNY,,,,,,,,https://www.ihg.com/holidayinnexpress/hotels/us/en/shanghai/shahl/hoteldetail
IHG Hotels & Resorts,IHG-SHANE,SHANE,Holiday Inn Express Shanghai Hongqiao NECC,Holiday Inn Express,MAINLAND_CN,CN,Shanghai,false,ihg_destination_pages_no_amount,CNY,,,,,,,,https://www.ihg.com/holidayinnexpress/hotels/us/en/shanghai/shane/hoteldetail
IHG Hotels & Resorts,IHG-SHAHJ,SHAHJ,Holiday Inn Express Shanghai Huijin,Holiday Inn Express,MAINLAND_CN,CN,Shanghai,false,ihg_destination_pages_no_amount,CNY,,,,,,,,https://www.ihg.com/holidayinnexpress/hotels/us/en/shanghai/shahj/hoteldetail
IHG Hotels & Resorts,IHG-SHAJC,SHAJC,Holiday Inn Express Shanghai Jiading Center,Holiday Inn Express,MAINLAND_CN,CN,Shanghai,false,ihg_destination_pages_no_amount,CNY,,,,,,,,https://www.ihg.com/holidayinnexpress/hotels/us/en/shanghai/shajc/hoteldetail
IHG Hotels & Resorts,IHG-SHAJI,SHAJI,Holiday Inn Express Shanghai Jiading Industry Park,Holiday Inn Express,MAINLAND_CN,CN,Shanghai,false,ihg_destination_pages_no_amount,CNY,,,,,,,,https://www.ihg.com/holidayinnexpress/hotels/us/en/shanghai/shaji/hoteldetail
IHG Hotels & Resorts,IHG-SHAHR,SHAHR,Holiday Inn Express Shanghai Jiading New City,Holiday Inn Express,MAINLAND_CN,CN,Shanghai,false,ihg_destination_pages_no_amount,CNY,,,,,,,,https://www.ihg.com/holidayinnexpress/hotels/us/en/shanghai/shahr/hoteldetail
IHG Hotels & Resorts,IHG-SHAJT,SHAJT,Holiday Inn Express Shanghai Jing'an Temple,Holiday Inn Express,MAINLAND_CN,CN,Shanghai,false,ihg_destination_pages_no_amount,CNY,,,,,,,,https://www.ihg.com/holidayinnexpress/hotels/us/en/shanghai/shajt/hoteldetail
IHG Hotels & Resorts,IHG-SHGXK,SHGXK,Holiday Inn Express Shanghai Jing'an Xikang Road,Holiday Inn Express,MAINLAND_CN,CN,Shanghai,false,ihg_destination_pages_no_amount,CNY,,,,,,,,https://www.ihg.com/holidayinnexpress/hotels/us/en/shanghai/shgxk/hoteldetail
IHG Hotels & Resorts,IHG-SHGPJ,SHGPJ,Holiday Inn Express Shanghai Jinqiao Central,Holiday Inn Express,MAINLAND_CN,CN,Shanghai,false,ihg_destination_pages_no_amount,CNY,,,,,,,,https://www.ihg.com/holidayinnexpress/hotels/us/en/shanghai/shgpj/hoteldetail
IHG Hotels & Resorts,IHG-SHASJ,SHASJ,Holiday Inn Express Shanghai Jinsha,Holiday Inn Express,MAINLAND_CN,CN,Shanghai,false,ihg_destination_pages_no_amount,CNY,,,,,,,,https://www.ihg.com/holidayinnexpress/hotels/us/en/shanghai/shasj/hoteldetail
IHG Hotels & Resorts,IHG-SHAJN,SHAJN,Holiday Inn Express Shanghai Jinshan,Holiday Inn Express,MAINLAND_CN,CN,Shanghai,false,ihg_destination_pages_no_amount,CNY,,,,,,,,https://www.ihg.com/holidayinnexpress/hotels/us/en/shanghai/shajn/hoteldetail
IHG Hotels & Resorts,IHG-SHAKG,SHAKG,Holiday Inn Express Shanghai Kangqiao,Holiday Inn Express,MAINLAND_CN,CN,Shanghai,false,ihg_destination_pages_no_amount,CNY,,,,,,,,https://www.ihg.com/holidayinnexpress/hotels/us/en/shanghai/shakg/hoteldetail
IHG Hotels & Resorts,IHG-SHGJE,SHGJE,Holiday Inn Express Shanghai New Jinqiao,Holiday Inn Express,MAINLAND_CN,CN,Shanghai,false,ihg_destination_pages_no_amount,CNY,,,,,,,,https://www.ihg.com/holidayinnexpress/hotels/us/en/shanghai/shgje/hoteldetail
IHG Hotels & Resorts,IHG-SHAHN,SHAHN,Holiday Inn Express Shanghai North Hongqiao CBD,Holiday Inn Express,MAINLAND_CN,CN,Shanghai,false,ihg_destination_pages_no_amount,CNY,,,,,,,,https://www.ihg.com/holidayinnexpress/hotels/us/en/shanghai/shahn/hoteldetail
IHG Hotels & Resorts,IHG-SHATB,SHATB,Holiday Inn Express Shanghai on The Bund,Holiday Inn Express,MAINLAND_CN,CN,Shanghai,false,ihg_destination_pages_no_amount,CNY,,,,,,,,https://www.ihg.com/holidayinnexpress/hotels/us/en/shanghai/shatb/hoteldetail
IHG Hotels & Resorts,IHG-SHAPA,SHAPA,Holiday Inn Express Shanghai Pudong Airport,Holiday Inn Express,MAINLAND_CN,CN,Shanghai,false,ihg_destination_pages_no_amount,CNY,,,,,,,,https://www.ihg.com/holidayinnexpress/hotels/us/en/shanghai/shapa/hoteldetail
IHG Hotels & Resorts,IHG-SHAPC,SHAPC,Holiday Inn Express Shanghai Pudong Chuansha,Holiday Inn Express,MAINLAND_CN,CN,Shanghai,false,ihg_destination_pages_no_amount,CNY,,,,,,,,https://www.ihg.com/holidayinnexpress/hotels/us/en/shanghai/shapc/hoteldetail
IHG Hotels & Resorts,IHG-SHAZS,SHAZS,Holiday Inn Express Shanghai Pudong Zhangjiang,Holiday Inn Express,MAINLAND_CN,CN,Shanghai,false,ihg_destination_pages_no_amount,CNY,,,,,,,,https://www.ihg.com/holidayinnexpress/hotels/us/en/shanghai/shazs/hoteldetail
IHG Hotels & Resorts,IHG-SHGPX,SHGPX,Holiday Inn Express Shanghai Pujiang,Holiday Inn Express,MAINLAND_CN,CN,Shanghai,false,ihg_destination_pages_no_amount,CNY,,,,,,,,https://www.ihg.com/holidayinnexpress/hotels/us/en/shanghai/shgpx/hoteldetail
IHG Hotels & Resorts,IHG-SHAPL,SHAPL,Holiday Inn Express Shanghai Pujiang Lianhang Road,Holiday Inn Express,MAINLAND_CN,CN,Shanghai,false,ihg_destination_pages_no_amount,CNY,,,,,,,,https://www.ihg.com/holidayinnexpress/hotels/us/en/shanghai/shapl/hoteldetail
IHG Hotels & Resorts,IHG-SHGPT,SHGPT,Holiday Inn Express Shanghai Putuo,Holiday Inn Express,MAINLAND_CN,CN,Shanghai,false,ihg_destination_pages_no_amount,CNY,,,,,,,,https://www.ihg.com/holidayinnexpress/hotels/us/en/shanghai/shgpt/hoteldetail
IHG Hotels & Resorts,IHG-SHAPG,SHAPG,Holiday Inn Express Shanghai PVG Zhuqiao,Holiday Inn Express,MAINLAND_CN,CN,Shanghai,false,ihg_destination_pages_no_amount,CNY,,,,,,,,https://www.ihg.com/holidayinnexpress/hotels/us/en/shanghai/shapg/hoteldetail
IHG Hotels & Resorts,IHG-SHGQP,SHGQP,Holiday Inn Express Shanghai Qingpu New City,Holiday Inn Express,MAINLAND_CN,CN,Shanghai,false,ihg_destination_pages_no_amount,CNY,,,,,,,,https://www.ihg.com/holidayinnexpress/hotels/us/en/shanghai/shgqp/hoteldetail
IHG Hotels & Resorts,IHG-SHGFA,SHGFA,Holiday Inn Express Shanghai Songjiang Fangta,Holiday Inn Express,MAINLAND_CN,CN,Shanghai,false,ihg_destination_pages_no_amount,CNY,,,,,,,,https://www.ihg.com/holidayinnexpress/hotels/us/en/shanghai/shgfa/hoteldetail
IHG Hotels & Resorts,IHG-SHATH,SHATH,Holiday Inn Express Shanghai TangZhen,Holiday Inn Express,MAINLAND_CN,CN,Shanghai,false,ihg_destination_pages_no_amount,CNY,,,,,,,,https://www.ihg.com/holidayinnexpress/hotels/us/en/shanghai/shath/hoteldetail
IHG Hotels & Resorts,IHG-SHAWA,SHAWA,Holiday Inn Express Shanghai Wild Animal Park,Holiday Inn Express,MAINLAND_CN,CN,Shanghai,false,ihg_destination_pages_no_amount,CNY,,,,,,,,https://www.ihg.com/holidayinnexpress/hotels/us/en/shanghai/shawa/hoteldetail
IHG Hotels & Resorts,IHG-SHABJ,SHABJ,Holiday Inn Express Shanghai Xuhui Binjiang,Holiday Inn Express,MAINLAND_CN,CN,Shanghai,false,ihg_destination_pages_no_amount,CNY,,,,,,,,https://www.ihg.com/holidayinnexpress/hotels/us/en/shanghai/shabj/hoteldetail
IHG Hotels & Resorts,IHG-SHGZP,SHGZP,Holiday Inn Express Shanghai Zhenping,Holiday Inn Express,MAINLAND_CN,CN,Shanghai,false,ihg_destination_pages_no_amount,CNY,,,,,,,,https://www.ihg.com/holidayinnexpress/hotels/us/en/shanghai/shgzp/hoteldetail
IHG Hotels & Resorts,IHG-SHGXR,SHGXR,Holiday Inn Shanghai Hongqiao,Holiday Inn,MAINLAND_CN,CN,Shanghai,false,ihg_destination_pages_no_amount,CNY,,,,,,,,https://www.ihg.com/holidayinn/hotels/us/en/shanghai/shgxr/hoteldetail
IHG Hotels & Resorts,IHG-SHGJL,SHGJL,Holiday Inn Shanghai Hongqiao Central,Holiday Inn,MAINLAND_CN,CN,Shanghai,false,ihg_destination_pages_no_amount,CNY,,,,,,,,https://www.ihg.com/holidayinn/hotels/us/en/shanghai/shgjl/hoteldetail
IHG Hotels & Resorts,IHG-SHGXJ,SHGXJ,Holiday Inn Shanghai Hongqiao West,Holiday Inn,MAINLAND_CN,CN,Shanghai,false,ihg_destination_pages_no_amount,CNY,,,,,,,,https://www.ihg.com/holidayinn/hotels/us/en/shanghai/shgxj/hoteldetail
IHG Hotels & Resorts,IHG-SHACR,SHACR,Holiday Inn Shanghai Huaxia,Holiday Inn,MAINLAND_CN,CN,Shanghai,false,ihg_destination_pages_no_amount,CNY,,,,,,,,https://www.ihg.com/holidayinn/hotels/us/en/shanghai/shacr/hoteldetail
IHG Hotels & Resorts,IHG-SHGZB,SHGZB,Holiday Inn Shanghai Jing'an,Holiday Inn,MAINLAND_CN,CN,Shanghai,false,ihg_destination_pages_no_amount,CNY,,,,,,,,https://www.ihg.com/holidayinn/hotels/us/en/shanghai/shgzb/hoteldetail
IHG Hotels & Resorts,IHG-SHAMH,SHAMH,Holiday Inn Shanghai Minhang Center,Holiday Inn,MAINLAND_CN,CN,Shanghai,false,ihg_destination_pages_no_amount,CNY,,,,,,,,https://www.ihg.com/holidayinn/hotels/us/en/shanghai/shamh/hoteldetail
IHG Hotels & Resorts,IHG-SHANR,SHANR,Holiday Inn Shanghai Nanjing Road,Holiday Inn,MAINLAND_CN,CN,Shanghai,false,ihg_destination_pages_no_amount,CNY,,,,,,,,https://www.ihg.com/holidayinn/hotels/us/en/shanghai/shanr/hoteldetail
IHG Hotels & Resorts,IHG-SHAEC,SHAEC,Holiday Inn Shanghai NECC,Holiday Inn,MAINLAND_CN,CN,Shanghai,false,ihg_destination_pages_no_amount,CNY,,,,,,,,https://www.ihg.com/holidayinn/hotels/us/en/shanghai/shaec/hoteldetail
IHG Hotels & Resorts,IHG-SHGPD,SHGPD,Holiday Inn Shanghai Pudong,Holiday Inn,MAINLAND_CN,CN,Shanghai,false,ihg_destination_pages_no_amount,CNY,,,,,,,,https://www.ihg.com/holidayinn/hotels/us/en/shanghai/shgpd/hoteldetail
IHG Hotels & Resorts,IHG-SHAPT,SHAPT,Holiday Inn Shanghai Pudong Airport,Holiday Inn,MAINLAND_CN,CN,Shanghai,false,ihg_destination_pages_no_amount,CNY,,,,,,,,https://www.ihg.com/holidayinn/hotels/us/en/shanghai/shapt/hoteldetail
IHG Hotels & Resorts,IHG-SHGKS,SHGKS,Holiday Inn Shanghai Pudong Kangqiao,Holiday Inn,MAINLAND_CN,CN,Shanghai,false,ihg_destination_pages_no_amount,CNY,,,,,,,,https://www.ihg.com/holidayinn/hotels/us/en/shanghai/shgks/hoteldetail
IHG Hotels & Resorts,IHG-SHGPN,SHGPN,Holiday Inn Shanghai Pudong Nanpu,Holiday Inn,MAINLAND_CN,CN,Shanghai,false,ihg_destination_pages_no_amount,CNY,,,,,,,,https://www.ihg.com/holidayinn/hotels/us/en/shanghai/shgpn/hoteldetail
IHG Hotels & Resorts,IHG-SHGSJ,SHGSJ,Holiday Inn Shanghai Songjiang,Holiday Inn,MAINLAND_CN,CN,Shanghai,false,ihg_destination_pages_no_amount,CNY,,,,,,,,https://www.ihg.com/holidayinn/hotels/us/en/shanghai/shgsj/hoteldetail
IHG Hotels & Resorts,IHG-SHATZ,SHATZ,Holiday Inn Shanghai Tourism Zone,Holiday Inn,MAINLAND_CN,CN,Shanghai,false,ihg_destination_pages_no_amount,CNY,,,,,,,,https://www.ihg.com/holidayinn/hotels/us/en/shanghai/shatz/hoteldetail
IHG Hotels & Resorts,IHG-SHGGJ,SHGGJ,Holiday Inn Shanghai Vista,Holiday Inn,MAINLAND_CN,CN,Shanghai,false,ihg_destination_pages_no_amount,CNY,,,,,,,,https://www.ihg.com/holidayinn/hotels/us/en/shanghai/shggj/hoteldetail
IHG Hotels & Resorts,IHG-SHASZ,SHASZ,Holiday Inn Shanghai Zhujiajiao,Holiday Inn,MAINLAND_CN,CN,Shanghai,false,ihg_destination_pages_no_amount,CNY,,,,,,,,https://www.ihg.com/holidayinn/hotels/us/en/shanghai/shasz/hoteldetail
IHG Hotels & Resorts,IHG-SHGJN,SHGJN,Hotel Indigo Shanghai Jing'An,Hotel Indigo,MAINLAND_CN,CN,Shanghai,false,ihg_destination_pages_no_amount,CNY,,,,,,,,https://www.ihg.com/hotelindigo/hotels/us/en/shanghai/shgjn/hoteldetail
IHG Hotels & Resorts,IHG-SHGNB,SHGNB,Hotel Indigo Shanghai On The Bund,Hotel Indigo,MAINLAND_CN,CN,Shanghai,false,ihg_destination_pages_no_amount,CNY,,,,,,,,https://www.ihg.com/hotelindigo/hotels/us/en/shanghai/shgnb/hoteldetail
IHG Hotels & Resorts,IHG-SHASC,SHASC,HUALUXE Shanghai Changfeng Park,HUALUXE,MAINLAND_CN,CN,Shanghai,false,ihg_destination_pages_no_amount,CNY,,,,,,,,https://www.ihg.com/hotels/us/en/shanghai/shasc/hoteldetail
IHG Hotels & Resorts,IHG-SHAHG,SHAHG,HUALUXE Shanghai Twelve at Hengshan,HUALUXE,MAINLAND_CN,CN,Shanghai,false,ihg_destination_pages_no_amount,CNY,,,,,,,,https://www.ihg.com/hotels/us/en/shanghai/shahg/hoteldetail
IHG Hotels & Resorts,IHG-SHGHB,SHGHB,InterContinental Shanghai Expo,InterContinental,MAINLAND_CN,CN,Shanghai,false,ihg_destination_pages_no_amount,CNY,,,,,,,,https://www.ihg.com/intercontinental/hotels/us/en/shanghai/shghb/hoteldetail
IHG Hotels & Resorts,IHG-SHGIC,SHGIC,InterContinental Shanghai Hongqiao NECC,InterContinental,MAINLAND_CN,CN,Shanghai,false,ihg_destination_pages_no_amount,CNY,,,,,,,,https://www.ihg.com/intercontinental/hotels/us/en/shanghai/shgic/hoteldetail
IHG Hotels & Resorts,IHG-SHGZD,SHGZD,InterContinental Shanghai Jing'An,InterContinental,MAINLAND_CN,CN,Shanghai,false,ihg_destination_pages_no_amount,CNY,,,,,,,,https://www.ihg.com/intercontinental/hotels/us/en/shanghai/shgzd/hoteldetail
IHG Hotels & Resorts,IHG-SHAES,SHAES,InterContinental Shanghai Jing'an Serviced Apt.,InterContinental,MAINLAND_CN,CN,Shanghai,false,ihg_destination_pages_no_amount,CNY,,,,,,,,https://www.ihg.com/intercontinental/hotels/us/en/shanghai/shaes/hoteldetail
IHG Hotels & Resorts,IHG-SHGHA,SHGHA,InterContinental Shanghai Pudong,InterContinental,MAINLAND_CN,CN,Shanghai,false,ihg_destination_pages_no_amount,CNY,,,,,,,,https://www.ihg.com/intercontinental/hotels/us/en/shanghai/shgha/hoteldetail
IHG Hotels & Resorts,IHG-SHGSR,SHGSR,InterContinental Shanghai Ruijin,InterContinental,MAINLAND_CN,CN,Shanghai,false,ihg_destination_pages_no_amount,CNY,,,,,,,,https://www.ihg.com/intercontinental/hotels/us/en/shanghai/shgsr/hoteldetail
IHG Hotels & Resorts,IHG-SHGHE,SHGHE,InterContinental Shanghai Wonderland,InterContinental,MAINLAND_CN,CN,Shanghai,false,ihg_destination_pages_no_amount,CNY,,,,,,,,https://www.ihg.com/intercontinental/hotels/us/en/shanghai/shghe/hoteldetail
IHG Hotels & Resorts,IHG-SHAKP,SHAKP,Kimpton Nine Trees Shanghai,Kimpton,MAINLAND_CN,CN,Shanghai,false,ihg_destination_pages_no_amount,CNY,,,,,,,,https://www.ihg.com/kimptonhotels/hotels/us/en/shanghai/shakp/hoteldetail
IHG Hotels & Resorts,IHG-SHANB,SHANB,Kimpton Qiantan Shanghai,Kimpton,MAINLAND_CN,CN,Shanghai,false,ihg_destination_pages_no_amount,CNY,,,,,,,,https://www.ihg.com/kimptonhotels/hotels/us/en/shanghai/shanb/hoteldetail
IHG Hotels & Resorts,IHG-SHABN,SHABN,Regent Shanghai on the Bund,Regent,MAINLAND_CN,CN,Shanghai,false,ihg_destination_pages_no_amount,CNY,,,,,,,,https://www.ihg.com/regent/hotels/us/en/shanghai/shabn/hoteldetail
IHG Hotels & Resorts,IHG-SHASD,SHASD,Regent Shanghai Pudong,Regent,MAINLAND_CN,CN,Shanghai,false,ihg_destination_pages_no_amount,CNY,,,,,,,,https://www.ihg.com/regent/hotels/us/en/shanghai/shasd/hoteldetail
IHG Hotels & Resorts,IHG-SHAOS,SHAOS,Vignette Collection THE ONE Shanghai Downtown,Vignette Collection,MAINLAND_CN,CN,Shanghai,false,ihg_destination_pages_no_amount,CNY,,,,,,,,https://www.ihg.com/vignettecollection/hotels/us/en/shanghai/shaos/hoteldetail
IHG Hotels & Resorts,IHG-SHAJJ,SHAJJ,voco Shanghai Hongqiao Hub,voco,MAINLAND_CN,CN,Shanghai,false,ihg_destination_pages_no_amount,CNY,,,,,,,,https://www.ihg.com/voco/hotels/us/en/shanghai/shajj/hoteldetail
IHG Hotels & Resorts,IHG-SHAZJ,SHAZJ,voco Shanghai Zhangjiang,voco,MAINLAND_CN,CN,Shanghai,false,ihg_destination_pages_no_amount,CNY,,,,,,,,https://www.ihg.com/voco/hotels/us/en/shanghai/shazj/hoteldetail
IHG Hotels & Resorts,IHG-SHAVO,SHAVO,voco Suites Shanghai Hongqiao CBD,voco,MAINLAND_CN,CN,Shanghai,false,ihg_destination_pages_no_amount,CNY,,,,,,,,https://www.ihg.com/voco/hotels/us/en/shanghai/shavo/hoteldetail
IHG Hotels & Resorts,IHG-XIYSH,XIYSH,Crowne Plaza Shangluo,Crowne Plaza,MAINLAND_CN,CN,Shangluo,false,ihg_destination_pages_no_amount,CNY,,,,,,,,https://www.ihg.com/crowneplaza/hotels/us/en/shangluo/xiysh/hoteldetail
IHG Hotels & Resorts,IHG-SQDRS,SQDRS,Holiday Inn Express Shangrao Railway Station,Holiday Inn Express,MAINLAND_CN,CN,Shangrao,false,ihg_destination_pages_no_amount,CNY,,,,,,,,https://www.ihg.com/holidayinnexpress/hotels/us/en/shangrao/sqdrs/hoteldetail
IHG Hotels & Resorts,IHG-DIGSH,DIGSH,Holiday Inn Express Shangri-La,Holiday Inn Express,MAINLAND_CN,CN,Shangri-La,false,ihg_destination_pages_no_amount,CNY,,,,,,,,https://www.ihg.com/holidayinnexpress/hotels/us/en/shangri-la/digsh/hoteldetail
IHG Hotels & Resorts,IHG-SWASC,SWASC,Holiday Inn Express Shantou Chenghai,Holiday Inn Express,MAINLAND_CN,CN,Shantou,false,ihg_destination_pages_no_amount,CNY,,,,,,,,https://www.ihg.com/holidayinnexpress/hotels/us/en/shantou/swasc/hoteldetail
IHG Hotels & Resorts,IHG-SWACC,SWACC,Holiday Inn Express Shantou City Center,Holiday Inn Express,MAINLAND_CN,CN,Shantou,false,ihg_destination_pages_no_amount,CNY,,,,,,,,https://www.ihg.com/holidayinnexpress/hotels/us/en/shantou/swacc/hoteldetail
IHG Hotels & Resorts,IHG-HSCSD,HSCSD,Holiday Inn Shaoguan Downtown,Holiday Inn,MAINLAND_CN,CN,Shaoguan,false,ihg_destination_pages_no_amount,CNY,,,,,,,,https://www.ihg.com/holidayinn/hotels/us/en/shaoguan/hscsd/hoteldetail
IHG Hotels & Resorts,IHG-HSCQS,HSCQS,Holiday Inn Shaoguan Shaozhou City,Holiday Inn,MAINLAND_CN,CN,Shaoguan,false,ihg_destination_pages_no_amount,CNY,,,,,,,,https://www.ihg.com/holidayinn/hotels/us/en/shaoguan/hscqs/hoteldetail
IHG Hotels & Resorts,IHG-HGHSX,HGHSX,Crowne Plaza Shaoxing,Crowne Plaza,MAINLAND_CN,CN,Shaoxing,false,ihg_destination_pages_no_amount,CNY,,,,,,,,https://www.ihg.com/crowneplaza/hotels/us/en/shaoxing/hghsx/hoteldetail
IHG Hotels & Resorts,IHG-RNXSB,RNXSB,Crowne Plaza Shaoxing Binhai New Area,Crowne Plaza,MAINLAND_CN,CN,Shaoxing,false,ihg_destination_pages_no_amount,CNY,,,,,,,,https://www.ihg.com/crowneplaza/hotels/us/en/shaoxing/rnxsb/hoteldetail
IHG Hotels & Resorts,IHG-RNXSP,RNXSP,Holiday Inn Express Shaoxing Paojiang,Holiday Inn Express,MAINLAND_CN,CN,Shaoxing,false,ihg_destination_pages_no_amount,CNY,,,,,,,,https://www.ihg.com/holidayinnexpress/hotels/us/en/shaoxing/rnxsp/hoteldetail
IHG Hotels & Resorts,IHG-HGHSC,HGHSC,Holiday Inn Shaoxing,Holiday Inn,MAINLAND_CN,CN,Shaoxing,false,ihg_destination_pages_no_amount,CNY,,,,,,,,https://www.ihg.com/holidayinn/hotels/us/en/shaoxing/hghsc/hoteldetail
IHG Hotels & Resorts,IHG-HPGSH,HPGSH,Crowne Plaza Shennongjia,Crowne Plaza,MAINLAND_CN,CN,Shennongjia,false,ihg_destination_pages_no_amount,CNY,,,,,,,,https://www.ihg.com/crowneplaza/hotels/us/en/shennongjia/hpgsh/hoteldetail
IHG Hotels & Resorts,IHG-SHNGC,SHNGC,Holiday Inn Express Shenyang Golden Corridor,Holiday Inn Express,MAINLAND_CN,CN,Shenyang,false,ihg_destination_pages_no_amount,CNY,,,,,,,,https://www.ihg.com/holidayinnexpress/hotels/us/en/shenyang/shngc/hoteldetail
IHG Hotels & Resorts,IHG-SHEEX,SHEEX,Holiday Inn Express Shenyang North Station,Holiday Inn Express,MAINLAND_CN,CN,Shenyang,false,ihg_destination_pages_no_amount,CNY,,,,,,,,https://www.ihg.com/holidayinnexpress/hotels/us/en/shenyang/sheex/hoteldetail
IHG Hotels & Resorts,IHG-SHNST,SHNST,Holiday Inn Express Shenyang Tawan,Holiday Inn Express,MAINLAND_CN,CN,Shenyang,false,ihg_destination_pages_no_amount,CNY,,,,,,,,https://www.ihg.com/holidayinnexpress/hotels/us/en/shenyang/shnst/hoteldetail
IHG Hotels & Resorts,IHG-SZXNH,SZXNH,Atwell Suites Shenzhen Nanshan,Atwell Suites,MAINLAND_CN,CN,Shenzhen,false,ihg_destination_pages_no_amount,CNY,,,,,,,,https://www.ihg.com/atwellsuites/hotels/us/en/shenzhen/szxnh/hoteldetail
IHG Hotels & Resorts,IHG-SZXLM,SZXLM,Crowne Plaza Hotel&Suites Landmark Shenzhen,Crowne Plaza,MAINLAND_CN,CN,Shenzhen,false,ihg_destination_pages_no_amount,CNY,,,,,,,,https://www.ihg.com/crowneplaza/hotels/us/en/shenzhen/szxlm/hoteldetail
IHG Hotels & Resorts,IHG-SZXSF,SZXSF,Crowne Plaza Shenzhen Futian,Crowne Plaza,MAINLAND_CN,CN,Shenzhen,false,ihg_destination_pages_no_amount,CNY,,,,,,,,https://www.ihg.com/crowneplaza/hotels/us/en/shenzhen/szxsf/hoteldetail
IHG Hotels & Resorts,IHG-SZXTR,SZXTR,Crowne Plaza Shenzhen Longgang City Centre,Crowne Plaza,MAINLAND_CN,CN,Shenzhen,false,ihg_destination_pages_no_amount,CNY,,,,,,,,https://www.ihg.com/crowneplaza/hotels/us/en/shenzhen/szxtr/hoteldetail
IHG Hotels & Resorts,IHG-SZXSN,SZXSN,Crowne Plaza Shenzhen Nanshan,Crowne Plaza,MAINLAND_CN,CN,Shenzhen,false,ihg_destination_pages_no_amount,CNY,,,,,,,,https://www.ihg.com/crowneplaza/hotels/us/en/shenzhen/szxsn/hoteldetail
IHG Hotels & Resorts,IHG-SZXIC,SZXIC,Crowne Plaza Shenzhen WECC,Crowne Plaza,MAINLAND_CN,CN,Shenzhen,false,ihg_destination_pages_no_amount,CNY,,,,,,,,https://www.ihg.com/crowneplaza/hotels/us/en/shenzhen/szxic/hoteldetail
IHG Hotels & Resorts,IHG-SZXCY,SZXCY,EVEN Hotel Shenzhen Guangming Cloud Park,EVEN Hotel,MAINLAND_CN,CN,Shenzhen,false,ihg_destination_pages_no_amount,CNY,,,,,,,,https://www.ihg.com/evenhotels/hotels/us/en/shenzhen/szxcy/hoteldetail
IHG Hotels & Resorts,IHG-SZXEV,SZXEV,EVEN Hotel Shenzhen Nanshan,EVEN Hotel,MAINLAND_CN,CN,Shenzhen,false,ihg_destination_pages_no_amount,CNY,,,,,,,,https://www.ihg.com/evenhotels/hotels/us/en/shenzhen/szxev/hoteldetail
IHG Hotels & Resorts,IHG-SZXBA,SZXBA,Holiday Inn Express Shenzhen Baolong Metro Station,Holiday Inn Express,MAINLAND_CN,CN,Shenzhen,false,ihg_destination_pages_no_amount,CNY,,,,,,,,https://www.ihg.com/holidayinnexpress/hotels/us/en/shenzhen/szxba/hoteldetail
IHG Hotels & Resorts,IHG-SZXSB,SZXSB,Holiday Inn Express Shenzhen Bay,Holiday Inn Express,MAINLAND_CN,CN,Shenzhen,false,ihg_destination_pages_no_amount,CNY,,,,,,,,https://www.ihg.com/holidayinnexpress/hotels/us/en/shenzhen/szxsb/hoteldetail
IHG Hotels & Resorts,IHG-SZXDM,SZXDM,Holiday Inn Express Shenzhen Dongmen,Holiday Inn Express,MAINLAND_CN,CN,Shenzhen,false,ihg_destination_pages_no_amount,CNY,,,,,,,,https://www.ihg.com/holidayinnexpress/hotels/us/en/shenzhen/szxdm/hoteldetail
IHG Hotels & Resorts,IHG-SZXFC,SZXFC,Holiday Inn Express Shenzhen Futian Center,Holiday Inn Express,MAINLAND_CN,CN,Shenzhen,false,ihg_destination_pages_no_amount,CNY,,,,,,,,https://www.ihg.com/holidayinnexpress/hotels/us/en/shenzhen/szxfc/hoteldetail
IHG Hotels & Resorts,IHG-SZXGM,SZXGM,Holiday Inn Express Shenzhen Guangming,Holiday Inn Express,MAINLAND_CN,CN,Shenzhen,false,ihg_destination_pages_no_amount,CNY,,,,,,,,https://www.ihg.com/holidayinnexpress/hotels/us/en/shenzhen/szxgm/hoteldetail
IHG Hotels & Resorts,IHG-SZXCV,SZXCV,Holiday Inn Express Shenzhen Guangming Cloud Park,Holiday Inn Express,MAINLAND_CN,CN,Shenzhen,false,ihg_destination_pages_no_amount,CNY,,,,,,,,https://www.ihg.com/holidayinnexpress/hotels/us/en/shenzhen/szxcv/hoteldetail
IHG Hotels & Resorts,IHG-SZXHC,SZXHC,Holiday Inn Express Shenzhen Haiyuan City,Holiday Inn Express,MAINLAND_CN,CN,Shenzhen,false,ihg_destination_pages_no_amount,CNY,,,,,,,,https://www.ihg.com/holidayinnexpress/hotels/us/en/shenzhen/szxhc/hoteldetail
IHG Hotels & Resorts,IHG-SZXSL,SZXSL,Holiday Inn Express Shenzhen Longhua,Holiday Inn Express,MAINLAND_CN,CN,Shenzhen,false,ihg_destination_pages_no_amount,CNY,,,,,,,,https://www.ihg.com/holidayinnexpress/hotels/us/en/shenzhen/szxsl/hoteldetail
IHG Hotels & Resorts,IHG-SZXNO,SZXNO,Holiday Inn Express Shenzhen Nan'ao,Holiday Inn Express,MAINLAND_CN,CN,Shenzhen,false,ihg_destination_pages_no_amount,CNY,,,,,,,,https://www.ihg.com/holidayinnexpress/hotels/us/en/shenzhen/szxno/hoteldetail
IHG Hotels & Resorts,IHG-SZXNN,SZXNN,Holiday Inn Express Shenzhen Nanshan,Holiday Inn Express,MAINLAND_CN,CN,Shenzhen,false,ihg_destination_pages_no_amount,CNY,,,,,,,,https://www.ihg.com/holidayinnexpress/hotels/us/en/shenzhen/szxnn/hoteldetail
IHG Hotels & Resorts,IHG-SZXST,SZXST,Holiday Inn Express Shenzhen North Station,Holiday Inn Express,MAINLAND_CN,CN,Shenzhen,false,ihg_destination_pages_no_amount,CNY,,,,,,,,https://www.ihg.com/holidayinnexpress/hotels/us/en/shenzhen/szxst/hoteldetail
IHG Hotels & Resorts,IHG-SZXSC,SZXSC,Holiday Inn Express Shenzhen Sports Center,Holiday Inn Express,MAINLAND_CN,CN,Shenzhen,false,ihg_destination_pages_no_amount,CNY,,,,,,,,https://www.ihg.com/holidayinnexpress/hotels/us/en/shenzhen/szxsc/hoteldetail
IHG Hotels & Resorts,IHG-SZXCH,SZXCH,Holiday Inn Shenzhen Donghua,Holiday Inn,MAINLAND_CN,CN,Shenzhen,false,ihg_destination_pages_no_amount,CNY,,,,,,,,https://www.ihg.com/holidayinn/hotels/us/en/shenzhen/szxch/hoteldetail
IHG Hotels & Resorts,IHG-SZXNA,SZXNA,Holiday Inn Shenzhen Nanshan,Holiday Inn,MAINLAND_CN,CN,Shenzhen,false,ihg_destination_pages_no_amount,CNY,,,,,,,,https://www.ihg.com/holidayinn/hotels/us/en/shenzhen/szxna/hoteldetail
IHG Hotels & Resorts,IHG-SZXSV,SZXSV,Hotel Indigo Shenzhen Overseas Chinese Town,Hotel Indigo,MAINLAND_CN,CN,Shenzhen,false,ihg_destination_pages_no_amount,CNY,,,,,,,,https://www.ihg.com/hotelindigo/hotels/us/en/shenzhen/szxsv/hoteldetail
IHG Hotels & Resorts,IHG-SZXGB,SZXGB,HUALUXE Shenzhen Bao'an,HUALUXE,MAINLAND_CN,CN,Shenzhen,false,ihg_destination_pages_no_amount,CNY,,,,,,,,https://www.ihg.com/hotels/us/en/shenzhen/szxgb/hoteldetail
IHG Hotels & Resorts,IHG-SZXHA,SZXHA,InterContinental Shenzhen,InterContinental,MAINLAND_CN,CN,Shenzhen,false,ihg_destination_pages_no_amount,CNY,,,,,,,,https://www.ihg.com/intercontinental/hotels/us/en/shenzhen/szxha/hoteldetail
IHG Hotels & Resorts,IHG-SZXDR,SZXDR,InterContinental Shenzhen Dameisha Resort,InterContinental,MAINLAND_CN,CN,Shenzhen,false,ihg_destination_pages_no_amount,CNY,,,,,,,,https://www.ihg.com/intercontinental/hotels/us/en/shenzhen/szxdr/hoteldetail
IHG Hotels & Resorts,IHG-SZXFT,SZXFT,InterContinental Shenzhen ICSZ,InterContinental,MAINLAND_CN,CN,Shenzhen,false,ihg_destination_pages_no_amount,CNY,,,,,,,,https://www.ihg.com/intercontinental/hotels/us/en/shenzhen/szxft/hoteldetail
IHG Hotels & Resorts,IHG-SZXSW,SZXSW,InterContinental Shenzhen WECC,InterContinental,MAINLAND_CN,CN,Shenzhen,false,ihg_destination_pages_no_amount,CNY,,,,,,,,https://www.ihg.com/intercontinental/hotels/us/en/shenzhen/szxsw/hoteldetail
IHG Hotels & Resorts,IHG-SZXSH,SZXSH,voco Suites Shenzhen Huanggang,voco,MAINLAND_CN,CN,Shenzhen,false,ihg_destination_pages_no_amount,CNY,,,,,,,,https://www.ihg.com/voco/hotels/us/en/shenzhen/szxsh/hoteldetail
IHG Hotels & Resorts,IHG-SJWSH,SJWSH,Holiday Inn Express Shijiazhuang Heping,Holiday Inn Express,MAINLAND_CN,CN,Shijiazhuang,false,ihg_destination_pages_no_amount,CNY,,,,,,,,https://www.ihg.com/holidayinnexpress/hotels/us/en/shijiazhuang/sjwsh/hoteldetail
IHG Hotels & Resorts,IHG-SJWHT,SJWHT,Holiday Inn Express Shijiazhuang High-tech Zone,Holiday Inn Express,MAINLAND_CN,CN,Shijiazhuang,false,ihg_destination_pages_no_amount,CNY,,,,,,,,https://www.ihg.com/holidayinnexpress/hotels/us/en/shijiazhuang/sjwht/hoteldetail
IHG Hotels & Resorts,IHG-SJWSC,SJWSC,Holiday Inn Shijiazhuang Central,Holiday Inn,MAINLAND_CN,CN,Shijiazhuang,false,ihg_destination_pages_no_amount,CNY,,,,,,,,https://www.ihg.com/holidayinn/hotels/us/en/shijiazhuang/sjwsc/hoteldetail
IHG Hotels & Resorts,IHG-SJWTZ,SJWTZ,Holiday Inn Shijiazhuang High-tech Zone,Holiday Inn,MAINLAND_CN,CN,Shijiazhuang,false,ihg_destination_pages_no_amount,CNY,,,,,,,,https://www.ihg.com/holidayinn/hotels/us/en/shijiazhuang/sjwtz/hoteldetail
IHG Hotels & Resorts,IHG-SJWHH,SJWHH,InterContinental Shijiazhuang,InterContinental,MAINLAND_CN,CN,Shijiazhuang,false,ihg_destination_pages_no_amount,CNY,,,,,,,,https://www.ihg.com/intercontinental/hotels/us/en/shijiazhuang/sjwhh/hoteldetail
IHG Hotels & Resorts,IHG-SJWSJ,SJWSJ,Vignette Collection Hebei Grand Hotel,Vignette Collection,MAINLAND_CN,CN,Shijiazhuang,false,ihg_destination_pages_no_amount,CNY,,,,,,,,https://www.ihg.com/vignettecollection/hotels/us/en/shijiazhuang/sjwsj/hoteldetail
IHG Hotels & Resorts,IHG-CANSH,CANSH,Holiday Inn Express Sihui City Center,Holiday Inn Express,MAINLAND_CN,CN,Sihui,false,ihg_destination_pages_no_amount,CNY,,,,,,,,https://www.ihg.com/holidayinnexpress/hotels/us/en/sihui/cansh/hoteldetail
IHG Hotels & Resorts,IHG-KWEQL,KWEQL,Holiday Inn Express Guizhou Qinglong,Holiday Inn Express,MAINLAND_CN,CN,Southwest Guizhou,false,ihg_destination_pages_no_amount,CNY,,,,,,,,https://www.ihg.com/holidayinnexpress/hotels/us/en/guiyang/kweql/hoteldetail
IHG Hotels & Resorts,IHG-SUZCH,SUZCH,Crowne Plaza Suzhou,Crowne Plaza,MAINLAND_CN,CN,Suzhou,false,ihg_destination_pages_no_amount,CNY,,,,,,,,https://www.ihg.com/crowneplaza/hotels/us/en/suzhou/suzch/hoteldetail
IHG Hotels & Resorts,IHG-SZVCR,SZVCR,Crowne Plaza Suzhou East Taihu,Crowne Plaza,MAINLAND_CN,CN,Suzhou,false,ihg_destination_pages_no_amount,CNY,,,,,,,,https://www.ihg.com/crowneplaza/hotels/us/en/suzhou/szvcr/hoteldetail
IHG Hotels & Resorts,IHG-SZVTA,SZVTA,Crowne Plaza Suzhou Taihu Lake,Crowne Plaza,MAINLAND_CN,CN,Suzhou,false,ihg_destination_pages_no_amount,CNY,,,,,,,,https://www.ihg.com/crowneplaza/hotels/us/en/suzhou/szvta/hoteldetail
IHG Hotels & Resorts,IHG-SZVSW,SZVSW,Crowne Plaza Suzhou Wuzhong,Crowne Plaza,MAINLAND_CN,CN,Suzhou,false,ihg_destination_pages_no_amount,CNY,,,,,,,,https://www.ihg.com/crowneplaza/hotels/us/en/suzhou/szvsw/hoteldetail
IHG Hotels & Resorts,IHG-SZVGD,SZVGD,EVEN Hotel Suzhou Grand Canal,EVEN Hotel,MAINLAND_CN,CN,Suzhou,false,ihg_destination_pages_no_amount,CNY,,,,,,,,https://www.ihg.com/evenhotels/hotels/us/en/suzhou/szvgd/hoteldetail
IHG Hotels & Resorts,IHG-SZVXC,SZVXC,Holiday Inn & Suites Suzhou Xiangcheng,Holiday Inn & Suites,MAINLAND_CN,CN,Suzhou,false,ihg_destination_pages_no_amount,CNY,,,,,,,,https://www.ihg.com/holidayinn/hotels/us/en/suzhou/szvxc/hoteldetail
IHG Hotels & Resorts,IHG-SZVLK,SZVLK,Holiday Inn & Suites Suzhou Yangcheng Lake,Holiday Inn & Suites,MAINLAND_CN,CN,Suzhou,false,ihg_destination_pages_no_amount,CNY,,,,,,,,https://www.ihg.com/holidayinn/hotels/us/en/suzhou/szvlk/hoteldetail
IHG Hotels & Resorts,IHG-SZVSB,SZVSB,Holiday Inn Express Suzhou Bay,Holiday Inn Express,MAINLAND_CN,CN,Suzhou,false,ihg_destination_pages_no_amount,CNY,,,,,,,,https://www.ihg.com/holidayinnexpress/hotels/us/en/suzhou/szvsb/hoteldetail
IHG Hotels & Resorts,IHG-SUZCJ,SUZCJ,Holiday Inn Express Suzhou Changjiang,Holiday Inn Express,MAINLAND_CN,CN,Suzhou,false,ihg_destination_pages_no_amount,CNY,,,,,,,,https://www.ihg.com/holidayinnexpress/hotels/us/en/suzhou/suzcj/hoteldetail
IHG Hotels & Resorts,IHG-SZVLI,SZVLI,Holiday Inn Express Suzhou City Center,Holiday Inn Express,MAINLAND_CN,CN,Suzhou,false,ihg_destination_pages_no_amount,CNY,,,,,,,,https://www.ihg.com/holidayinnexpress/hotels/us/en/suzhou/szvli/hoteldetail
IHG Hotels & Resorts,IHG-SZVSL,SZVSL,Holiday Inn Express Suzhou Dushu Lake,Holiday Inn Express,MAINLAND_CN,CN,Suzhou,false,ihg_destination_pages_no_amount,CNY,,,,,,,,https://www.ihg.com/holidayinnexpress/hotels/us/en/suzhou/szvsl/hoteldetail
IHG Hotels & Resorts,IHG-SZVET,SZVET,Holiday Inn Express Suzhou East Taihu,Holiday Inn Express,MAINLAND_CN,CN,Suzhou,false,ihg_destination_pages_no_amount,CNY,,,,,,,,https://www.ihg.com/holidayinnexpress/hotels/us/en/suzhou/szvet/hoteldetail
IHG Hotels & Resorts,IHG-SZVXP,SZVXP,Holiday Inn Express Suzhou Expo Center,Holiday Inn Express,MAINLAND_CN,CN,Suzhou,false,ihg_destination_pages_no_amount,CNY,,,,,,,,https://www.ihg.com/holidayinnexpress/hotels/us/en/suzhou/szvxp/hoteldetail
IHG Hotels & Resorts,IHG-SZVFH,SZVFH,Holiday Inn Express Suzhou Fenhu,Holiday Inn Express,MAINLAND_CN,CN,Suzhou,false,ihg_destination_pages_no_amount,CNY,,,,,,,,https://www.ihg.com/holidayinnexpress/hotels/us/en/suzhou/szvfh/hoteldetail
IHG Hotels & Resorts,IHG-SZVIP,SZVIP,Holiday Inn Express Suzhou Industrial Park,Holiday Inn Express,MAINLAND_CN,CN,Suzhou,false,ihg_destination_pages_no_amount,CNY,,,,,,,,https://www.ihg.com/holidayinnexpress/hotels/us/en/suzhou/szvip/hoteldetail
IHG Hotels & Resorts,IHG-SZVLH,SZVLH,Holiday Inn Express Suzhou Luzhi,Holiday Inn Express,MAINLAND_CN,CN,Suzhou,false,ihg_destination_pages_no_amount,CNY,,,,,,,,https://www.ihg.com/holidayinnexpress/hotels/us/en/suzhou/szvlh/hoteldetail
IHG Hotels & Resorts,IHG-SZVLU,SZVLU,Holiday Inn Express Suzhou Luzhi Industrial Park,Holiday Inn Express,MAINLAND_CN,CN,Suzhou,false,ihg_destination_pages_no_amount,CNY,,,,,,,,https://www.ihg.com/holidayinnexpress/hotels/us/en/suzhou/szvlu/hoteldetail
IHG Hotels & Resorts,IHG-SZVSN,SZVSN,Holiday Inn Express Suzhou New District,Holiday Inn Express,MAINLAND_CN,CN,Suzhou,false,ihg_destination_pages_no_amount,CNY,,,,,,,,https://www.ihg.com/holidayinnexpress/hotels/us/en/suzhou/szvsn/hoteldetail
IHG Hotels & Resorts,IHG-SZVJS,SZVJS,Holiday Inn Express Suzhou North Station,Holiday Inn Express,MAINLAND_CN,CN,Suzhou,false,ihg_destination_pages_no_amount,CNY,,,,,,,,https://www.ihg.com/holidayinnexpress/hotels/us/en/suzhou/szvjs/hoteldetail
IHG Hotels & Resorts,IHG-SZVWU,SZVWU,Holiday Inn Express Suzhou Shihu University Town,Holiday Inn Express,MAINLAND_CN,CN,Suzhou,false,ihg_destination_pages_no_amount,CNY,,,,,,,,https://www.ihg.com/holidayinnexpress/hotels/us/en/suzhou/szvwu/hoteldetail
IHG Hotels & Resorts,IHG-SUZOU,SUZOU,Holiday Inn Express Suzhou Taihu Lake,Holiday Inn Express,MAINLAND_CN,CN,Suzhou,false,ihg_destination_pages_no_amount,CNY,,,,,,,,https://www.ihg.com/holidayinnexpress/hotels/us/en/suzhou/suzou/hoteldetail
IHG Hotels & Resorts,IHG-SHAKA,SHAKA,Holiday Inn Express Suzhou Zhouzhuang Ancient Town,Holiday Inn Express,MAINLAND_CN,CN,Suzhou,false,ihg_destination_pages_no_amount,CNY,,,,,,,,https://www.ihg.com/holidayinnexpress/hotels/us/en/zhouzhuang/shaka/hoteldetail
IHG Hotels & Resorts,IHG-SZVHI,SZVHI,Holiday Inn Suzhou Huirong Plaza,Holiday Inn,MAINLAND_CN,CN,Suzhou,false,ihg_destination_pages_no_amount,CNY,,,,,,,,https://www.ihg.com/holidayinn/hotels/us/en/suzhou/szvhi/hoteldetail
IHG Hotels & Resorts,IHG-SZVRN,SZVRN,Holiday Inn Suzhou North,Holiday Inn,MAINLAND_CN,CN,Suzhou,false,ihg_destination_pages_no_amount,CNY,,,,,,,,https://www.ihg.com/holidayinn/hotels/us/en/suzhou/szvrn/hoteldetail
IHG Hotels & Resorts,IHG-SUZST,SUZST,Holiday Inn Suzhou Taihu Lake,Holiday Inn,MAINLAND_CN,CN,Suzhou,false,ihg_destination_pages_no_amount,CNY,,,,,,,,https://www.ihg.com/holidayinn/hotels/us/en/suzhou/suzst/hoteldetail
IHG Hotels & Resorts,IHG-SZVGC,SZVGC,Hotel Indigo Suzhou Grand Canal,Hotel Indigo,MAINLAND_CN,CN,Suzhou,false,ihg_destination_pages_no_amount,CNY,,,,,,,,https://www.ihg.com/hotelindigo/hotels/us/en/suzhou/szvgc/hoteldetail
IHG Hotels & Resorts,IHG-SZVJL,SZVJL,Hotel Indigo Suzhou Jinji Lake,Hotel Indigo,MAINLAND_CN,CN,Suzhou,false,ihg_destination_pages_no_amount,CNY,,,,,,,,https://www.ihg.com/hotelindigo/hotels/us/en/suzhou/szvjl/hoteldetail
IHG Hotels & Resorts,IHG-SZVYL,SZVYL,Hotel Indigo Suzhou Yangcheng Lake,Hotel Indigo,MAINLAND_CN,CN,Suzhou,false,ihg_destination_pages_no_amount,CNY,,,,,,,,https://www.ihg.com/hotelindigo/hotels/us/en/suzhou/szvyl/hoteldetail
IHG Hotels & Resorts,IHG-SZVHL,SZVHL,HUALUXE Suzhou Bay Hot Spring Resort,HUALUXE,MAINLAND_CN,CN,Suzhou,false,ihg_destination_pages_no_amount,CNY,,,,,,,,https://www.ihg.com/hotels/us/en/suzhou/szvhl/hoteldetail
IHG Hotels & Resorts,IHG-SUZHA,SUZHA,InterContinental Suzhou,InterContinental,MAINLAND_CN,CN,Suzhou,false,ihg_destination_pages_no_amount,CNY,,,,,,,,https://www.ihg.com/intercontinental/hotels/us/en/suzhou/suzha/hoteldetail
IHG Hotels & Resorts,IHG-SZVBG,SZVBG,Kimpton Bamboo Grove Suzhou,Kimpton,MAINLAND_CN,CN,Suzhou,false,ihg_destination_pages_no_amount,CNY,,,,,,,,https://www.ihg.com/kimptonhotels/hotels/us/en/bamboo-grove-suzhou-china/szvbg/hoteldetail
IHG Hotels & Resorts,IHG-SZVGQ,SZVGQ,voco Suzhou Guanqian Street,voco,MAINLAND_CN,CN,Suzhou,false,ihg_destination_pages_no_amount,CNY,,,,,,,,https://www.ihg.com/voco/hotels/us/en/suzhou/szvgq/hoteldetail
IHG Hotels & Resorts,IHG-SHALJ,SHALJ,Holiday Inn Express Taicang Loujiang North,Holiday Inn Express,MAINLAND_CN,CN,Taicang,false,ihg_destination_pages_no_amount,CNY,,,,,,,,https://www.ihg.com/holidayinnexpress/hotels/us/en/taicang/shalj/hoteldetail
IHG Hotels & Resorts,IHG-TAIRM,TAIRM,Holiday Inn Taicang City Centre,Holiday Inn,MAINLAND_CN,CN,Taicang,false,ihg_destination_pages_no_amount,CNY,,,,,,,,https://www.ihg.com/holidayinn/hotels/us/en/taicang/tairm/hoteldetail
IHG Hotels & Resorts,IHG-TYNHT,TYNHT,Holiday Inn Express Taiyuan High Tech Zone,Holiday Inn Express,MAINLAND_CN,CN,Taiyuan,false,ihg_destination_pages_no_amount,CNY,,,,,,,,https://www.ihg.com/holidayinnexpress/hotels/us/en/taiyuan/tynht/hoteldetail
IHG Hotels & Resorts,IHG-TYNCC,TYNCC,Holiday Inn Taiyuan City Center,Holiday Inn,MAINLAND_CN,CN,Taiyuan,false,ihg_destination_pages_no_amount,CNY,,,,,,,,https://www.ihg.com/holidayinn/hotels/us/en/taiyuan/tyncc/hoteldetail
IHG Hotels & Resorts,IHG-TYNSS,TYNSS,Holiday Inn Taiyuan Sunshine,Holiday Inn,MAINLAND_CN,CN,Taiyuan,false,ihg_destination_pages_no_amount,CNY,,,,,,,,https://www.ihg.com/holidayinn/hotels/us/en/taiyuan/tynss/hoteldetail
IHG Hotels & Resorts,IHG-TYNHA,TYNHA,InterContinental Taiyuan,InterContinental,MAINLAND_CN,CN,Taiyuan,false,ihg_destination_pages_no_amount,CNY,,,,,,,,https://www.ihg.com/intercontinental/hotels/us/en/taiyuan/tynha/hoteldetail
IHG Hotels & Resorts,IHG-HYNTX,HYNTX,Crowne Plaza Taixing,Crowne Plaza,MAINLAND_CN,CN,Taizhou,false,ihg_destination_pages_no_amount,CNY,,,,,,,,https://www.ihg.com/crowneplaza/hotels/us/en/taixing/hyntx/hoteldetail
IHG Hotels & Resorts,IHG-HYNLQ,HYNLQ,Crowne Plaza Taizhou,Crowne Plaza,MAINLAND_CN,CN,Taizhou,false,ihg_destination_pages_no_amount,CNY,,,,,,,,https://www.ihg.com/crowneplaza/hotels/us/en/taizhou/hynlq/hoteldetail
IHG Hotels & Resorts,IHG-HYNCC,HYNCC,Crowne Plaza Taizhou City Centre,Crowne Plaza,MAINLAND_CN,CN,Taizhou,false,ihg_destination_pages_no_amount,CNY,,,,,,,,https://www.ihg.com/crowneplaza/hotels/us/en/taizhou/hyncc/hoteldetail
IHG Hotels & Resorts,IHG-HYNTC,HYNTC,Holiday Inn Express Taizhou CMC,Holiday Inn Express,MAINLAND_CN,CN,Taizhou,false,ihg_destination_pages_no_amount,CNY,,,,,,,,https://www.ihg.com/holidayinnexpress/hotels/us/en/taizhou/hyntc/hoteldetail
IHG Hotels & Resorts,IHG-HYNTJ,HYNTJ,Holiday Inn Express Taizhou Jiaojiang,Holiday Inn Express,MAINLAND_CN,CN,Taizhou,false,ihg_destination_pages_no_amount,CNY,,,,,,,,https://www.ihg.com/holidayinnexpress/hotels/us/en/taizhou/hyntj/hoteldetail
IHG Hotels & Resorts,IHG-HYNLU,HYNLU,Holiday Inn Express Taizhou Luqiao,Holiday Inn Express,MAINLAND_CN,CN,Taizhou,false,ihg_destination_pages_no_amount,CNY,,,,,,,,https://www.ihg.com/holidayinnexpress/hotels/us/en/taizhou/hynlu/hoteldetail
IHG Hotels & Resorts,IHG-HYNTP,HYNTP,Holiday Inn Express Taizhou Toumen Port,Holiday Inn Express,MAINLAND_CN,CN,Taizhou,false,ihg_destination_pages_no_amount,CNY,,,,,,,,https://www.ihg.com/holidayinnexpress/hotels/us/en/taizhou/hyntp/hoteldetail
IHG Hotels & Resorts,IHG-TVSCB,TVSCB,Holiday Inn Express Tangshan Downtown,Holiday Inn Express,MAINLAND_CN,CN,Tangshan,false,ihg_destination_pages_no_amount,CNY,,,,,,,,https://www.ihg.com/holidayinnexpress/hotels/us/en/tangshan/tvscb/hoteldetail
IHG Hotels & Resorts,IHG-TVSTN,TVSTN,Holiday Inn Tangshan Nanhu,Holiday Inn,MAINLAND_CN,CN,Tangshan,false,ihg_destination_pages_no_amount,CNY,,,,,,,,https://www.ihg.com/holidayinn/hotels/us/en/tangshan/tvstn/hoteldetail
IHG Hotels & Resorts,IHG-TVSZW,TVSZW,InterContinental Tangshan,InterContinental,MAINLAND_CN,CN,Tangshan,false,ihg_destination_pages_no_amount,CNY,,,,,,,,https://www.ihg.com/intercontinental/hotels/us/en/tangshan/tvszw/hoteldetail
IHG Hotels & Resorts,IHG-TCZTH,TCZTH,Holiday Inn Express Tengchong Hot-Spring,Holiday Inn Express,MAINLAND_CN,CN,Tengchong,false,ihg_destination_pages_no_amount,CNY,,,,,,,,https://www.ihg.com/holidayinnexpress/hotels/us/en/tengchong/tczth/hoteldetail
IHG Hotels & Resorts,IHG-TSNBH,TSNBH,Crowne Plaza Tianjin Binhai,Crowne Plaza,MAINLAND_CN,CN,Tianjin,false,ihg_destination_pages_no_amount,CNY,,,,,,,,https://www.ihg.com/crowneplaza/hotels/us/en/tianjin/tsnbh/hoteldetail
IHG Hotels & Resorts,IHG-TSNBC,TSNBC,Crowne Plaza Tianjin Binhai Center,Crowne Plaza,MAINLAND_CN,CN,Tianjin,false,ihg_destination_pages_no_amount,CNY,,,,,,,,https://www.ihg.com/crowneplaza/hotels/us/en/tianjin-binhai/tsnbc/hoteldetail
IHG Hotels & Resorts,IHG-TSNTJ,TSNTJ,Crowne Plaza Tianjin Jinnan,Crowne Plaza,MAINLAND_CN,CN,Tianjin,false,ihg_destination_pages_no_amount,CNY,,,,,,,,https://www.ihg.com/crowneplaza/hotels/us/en/tianjin/tsntj/hoteldetail
IHG Hotels & Resorts,IHG-TSNTM,TSNTM,Crowne Plaza Tianjin Meijiangnan,Crowne Plaza,MAINLAND_CN,CN,Tianjin,false,ihg_destination_pages_no_amount,CNY,,,,,,,,https://www.ihg.com/crowneplaza/hotels/us/en/tianjin/tsntm/hoteldetail
IHG Hotels & Resorts,IHG-TSNNK,TSNNK,Holiday Inn & Suites Tianjin Downtown,Holiday Inn & Suites,MAINLAND_CN,CN,Tianjin,false,ihg_destination_pages_no_amount,CNY,,,,,,,,https://www.ihg.com/holidayinn/hotels/us/en/tianjin/tsnnk/hoteldetail
IHG Hotels & Resorts,IHG-TSNIP,TSNIP,Holiday Inn Express Tianjin Airport,Holiday Inn Express,MAINLAND_CN,CN,Tianjin,false,ihg_destination_pages_no_amount,CNY,,,,,,,,https://www.ihg.com/holidayinnexpress/hotels/us/en/tianjin/tsnip/hoteldetail
IHG Hotels & Resorts,IHG-TSNAE,TSNAE,Holiday Inn Express Tianjin Airport East,Holiday Inn Express,MAINLAND_CN,CN,Tianjin,false,ihg_destination_pages_no_amount,CNY,,,,,,,,https://www.ihg.com/holidayinnexpress/hotels/us/en/tianjin/tsnae/hoteldetail
IHG Hotels & Resorts,IHG-TSNBN,TSNBN,Holiday Inn Express Tianjin Binhai,Holiday Inn Express,MAINLAND_CN,CN,Tianjin,false,ihg_destination_pages_no_amount,CNY,,,,,,,,https://www.ihg.com/holidayinnexpress/hotels/us/en/tianjin/tsnbn/hoteldetail
IHG Hotels & Resorts,IHG-TSNDD,TSNDD,Holiday Inn Express Tianjin Dongli Plaza,Holiday Inn Express,MAINLAND_CN,CN,Tianjin,false,ihg_destination_pages_no_amount,CNY,,,,,,,,https://www.ihg.com/holidayinnexpress/hotels/us/en/tianjin/tsndd/hoteldetail
IHG Hotels & Resorts,IHG-TSNAS,TSNAS,Holiday Inn Express Tianjin Heping,Holiday Inn Express,MAINLAND_CN,CN,Tianjin,false,ihg_destination_pages_no_amount,CNY,,,,,,,,https://www.ihg.com/holidayinnexpress/hotels/us/en/tianjin/tsnas/hoteldetail
IHG Hotels & Resorts,IHG-TSNCR,TSNCR,Holiday Inn Tianjin Riverside,Holiday Inn,MAINLAND_CN,CN,Tianjin,false,ihg_destination_pages_no_amount,CNY,,,,,,,,https://www.ihg.com/holidayinn/hotels/us/en/tianjin/tsncr/hoteldetail
IHG Hotels & Resorts,IHG-TSNTW,TSNTW,Holiday Inn Tianjin Wuqing,Holiday Inn,MAINLAND_CN,CN,Tianjin,false,ihg_destination_pages_no_amount,CNY,,,,,,,,https://www.ihg.com/holidayinn/hotels/us/en/tianjin/tsntw/hoteldetail
IHG Hotels & Resorts,IHG-TSNXZ,TSNXZ,Holiday Inn Tianjin Xiqing,Holiday Inn,MAINLAND_CN,CN,Tianjin,false,ihg_destination_pages_no_amount,CNY,,,,,,,,https://www.ihg.com/holidayinn/hotels/us/en/tianjin/tsnxz/hoteldetail
IHG Hotels & Resorts,IHG-TSNHA,TSNHA,InterContinental TianjinYujiapuHotel&Residences,InterContinental,MAINLAND_CN,CN,Tianjin,false,ihg_destination_pages_no_amount,CNY,,,,,,,,https://www.ihg.com/intercontinental/hotels/us/en/tianjin/tsnha/hoteldetail
IHG Hotels & Resorts,IHG-THQCC,THQCC,Holiday Inn Express Tianshui City Center,Holiday Inn Express,MAINLAND_CN,CN,Tianshui,false,ihg_destination_pages_no_amount,CNY,,,,,,,,https://www.ihg.com/holidayinnexpress/hotels/us/en/tianshui/thqcc/hoteldetail
IHG Hotels & Resorts,IHG-TENWT,TENWT,Holiday Inn Tongren Wanshan,Holiday Inn,MAINLAND_CN,CN,Tongren,false,ihg_destination_pages_no_amount,CNY,,,,,,,,https://www.ihg.com/holidayinn/hotels/us/en/tongren/tenwt/hoteldetail
IHG Hotels & Resorts,IHG-TVXQR,TVXQR,Crowne Plaza Wuzhen,Crowne Plaza,MAINLAND_CN,CN,Tongxiang,false,ihg_destination_pages_no_amount,CNY,,,,,,,,https://www.ihg.com/crowneplaza/hotels/us/en/wuzhen-town/tvxqr/hoteldetail
IHG Hotels & Resorts,IHG-TLQPN,TLQPN,Holiday Inn Express Turpan,Holiday Inn Express,MAINLAND_CN,CN,Turpan,false,ihg_destination_pages_no_amount,CNY,,,,,,,,https://www.ihg.com/holidayinnexpress/hotels/us/en/turpan/tlqpn/hoteldetail
IHG Hotels & Resorts,IHG-UCBUJ,UCBUJ,Holiday Inn Express Ulanqab Jining,Holiday Inn Express,MAINLAND_CN,CN,Ulanqab,false,ihg_destination_pages_no_amount,CNY,,,,,,,,https://www.ihg.com/holidayinnexpress/hotels/us/en/ulanqab/ucbuj/hoteldetail
IHG Hotels & Resorts,IHG-URCQI,URCQI,Holiday Inn Express Urumqi Station,Holiday Inn Express,MAINLAND_CN,CN,Urumqi,false,ihg_destination_pages_no_amount,CNY,,,,,,,,https://www.ihg.com/holidayinnexpress/hotels/us/en/urumqi/urcqi/hoteldetail
IHG Hotels & Resorts,IHG-WXJSH,WXJSH,Holiday Inn Resort Wanning Shenzhou Peninsula,Holiday Inn Resort,MAINLAND_CN,CN,Wanning,false,ihg_destination_pages_no_amount,CNY,,,,,,,,https://www.ihg.com/holidayinnresorts/hotels/us/en/wanning/wxjsh/hoteldetail
IHG Hotels & Resorts,IHG-WEFCC,WEFCC,Holiday Inn Express Weifang City Center,Holiday Inn Express,MAINLAND_CN,CN,Weifang,false,ihg_destination_pages_no_amount,CNY,,,,,,,,https://www.ihg.com/holidayinnexpress/hotels/us/en/weifang/wefcc/hoteldetail
IHG Hotels & Resorts,IHG-WEHWB,WEHWB,Crowne Plaza Weihai Binhai,Crowne Plaza,MAINLAND_CN,CN,Weihai,false,ihg_destination_pages_no_amount,CNY,,,,,,,,https://www.ihg.com/crowneplaza/hotels/us/en/weihai/wehwb/hoteldetail
IHG Hotels & Resorts,IHG-WEHEZ,WEHEZ,Holiday Inn Express Weihai Economic Zone,Holiday Inn Express,MAINLAND_CN,CN,Weihai,false,ihg_destination_pages_no_amount,CNY,,,,,,,,https://www.ihg.com/holidayinnexpress/hotels/us/en/wenchang/wehez/hoteldetail
IHG Hotels & Resorts,IHG-SIADZ,SIADZ,Holiday Inn Weinan High-Tech Zone,Holiday Inn,MAINLAND_CN,CN,Weinan,false,ihg_destination_pages_no_amount,CNY,,,,,,,,https://www.ihg.com/holidayinn/hotels/us/en/weinan/siadz/hoteldetail
IHG Hotels & Resorts,IHG-WECHG,WECHG,Holiday Inn Express Wenchang,Holiday Inn Express,MAINLAND_CN,CN,Wenchang,false,ihg_destination_pages_no_amount,CNY,,,,,,,,https://www.ihg.com/holidayinnexpress/hotels/us/en/wenchang/wechg/hoteldetail
IHG Hotels & Resorts,IHG-WNHPH,WNHPH,Hotel Indigo Puzhehei,Hotel Indigo,MAINLAND_CN,CN,Wenshan,false,ihg_destination_pages_no_amount,CNY,,,,,,,,https://www.ihg.com/hotelindigo/hotels/us/en/puzhehei/wnhph/hoteldetail
IHG Hotels & Resorts,IHG-WNZRX,WNZRX,Holiday Inn Express Rui'an Xincheng,Holiday Inn Express,MAINLAND_CN,CN,Wenzhou,false,ihg_destination_pages_no_amount,CNY,,,,,,,,https://www.ihg.com/holidayinnexpress/hotels/us/en/wenzhou/wnzrx/hoteldetail
IHG Hotels & Resorts,IHG-WNZGE,WNZGE,Holiday Inn Express Wenzhou Garden Expo,Holiday Inn Express,MAINLAND_CN,CN,Wenzhou,false,ihg_destination_pages_no_amount,CNY,,,,,,,,https://www.ihg.com/holidayinnexpress/hotels/us/en/wenzhou/wnzge/hoteldetail
IHG Hotels & Resorts,IHG-WNZWA,WNZWA,Holiday Inn Wenzhou Airport,Holiday Inn,MAINLAND_CN,CN,Wenzhou,false,ihg_destination_pages_no_amount,CNY,,,,,,,,https://www.ihg.com/holidayinn/hotels/us/en/wenzhou/wnzwa/hoteldetail
IHG Hotels & Resorts,IHG-WUHEZ,WUHEZ,Crowne Plaza Wuhan Development Zone,Crowne Plaza,MAINLAND_CN,CN,Wuhan,false,ihg_destination_pages_no_amount,CNY,,,,,,,,https://www.ihg.com/crowneplaza/hotels/us/en/wuhan/wuhez/hoteldetail
IHG Hotels & Resorts,IHG-WUHBL,WUHBL,Crowne Plaza Wuhan Optics Valley,Crowne Plaza,MAINLAND_CN,CN,Wuhan,false,ihg_destination_pages_no_amount,CNY,,,,,,,,https://www.ihg.com/crowneplaza/hotels/us/en/wuhan/wuhbl/hoteldetail
IHG Hotels & Resorts,IHG-WUHAP,WUHAP,Crowne Plaza Wuhan Tianhe Airport,Crowne Plaza,MAINLAND_CN,CN,Wuhan,false,ihg_destination_pages_no_amount,CNY,,,,,,,,https://www.ihg.com/crowneplaza/hotels/us/en/wuhan/wuhap/hoteldetail
IHG Hotels & Resorts,IHG-WUHAZ,WUHAZ,EVEN Hotel Wuhan Airport Zone,EVEN Hotel,MAINLAND_CN,CN,Wuhan,false,ihg_destination_pages_no_amount,CNY,,,,,,,,https://www.ihg.com/evenhotels/hotels/us/en/wuhan/wuhaz/hoteldetail
IHG Hotels & Resorts,IHG-WUHNC,WUHNC,Holiday Inn & Suites Wuhan International Expo,Holiday Inn & Suites,MAINLAND_CN,CN,Wuhan,false,ihg_destination_pages_no_amount,CNY,,,,,,,,https://www.ihg.com/holidayinn/hotels/us/en/wuhan/wuhnc/hoteldetail
IHG Hotels & Resorts,IHG-WUHEL,WUHEL,Holiday Inn Express Wuhan East Lake,Holiday Inn Express,MAINLAND_CN,CN,Wuhan,false,ihg_destination_pages_no_amount,CNY,,,,,,,,https://www.ihg.com/holidayinnexpress/hotels/us/en/wuhan/wuhel/hoteldetail
IHG Hotels & Resorts,IHG-WUHWJ,WUHWJ,Holiday Inn Express Wuhan Jianghan Road,Holiday Inn Express,MAINLAND_CN,CN,Wuhan,false,ihg_destination_pages_no_amount,CNY,,,,,,,,https://www.ihg.com/holidayinnexpress/hotels/us/en/wuhan/wuhwj/hoteldetail
IHG Hotels & Resorts,IHG-WUHJL,WUHJL,Holiday Inn Express Wuhan Jinyin Lake,Holiday Inn Express,MAINLAND_CN,CN,Wuhan,false,ihg_destination_pages_no_amount,CNY,,,,,,,,https://www.ihg.com/holidayinnexpress/hotels/us/en/shanghai/wuhjl/hoteldetail
IHG Hotels & Resorts,IHG-WUHOV,WUHOV,Holiday Inn Express Wuhan Optical Valley,Holiday Inn Express,MAINLAND_CN,CN,Wuhan,false,ihg_destination_pages_no_amount,CNY,,,,,,,,https://www.ihg.com/holidayinnexpress/hotels/us/en/wuhan/wuhov/hoteldetail
IHG Hotels & Resorts,IHG-WUHHG,WUHHG,Holiday Inn Wuhan Houguan Lake,Holiday Inn,MAINLAND_CN,CN,Wuhan,false,ihg_destination_pages_no_amount,CNY,,,,,,,,https://www.ihg.com/holidayinn/hotels/us/en/wuhan/wuhhg/hoteldetail
IHG Hotels & Resorts,IHG-WUHQC,WUHQC,Holiday Inn Wuhan Riverside,Holiday Inn,MAINLAND_CN,CN,Wuhan,false,ihg_destination_pages_no_amount,CNY,,,,,,,,https://www.ihg.com/holidayinn/hotels/us/en/wuhan/wuhqc/hoteldetail
IHG Hotels & Resorts,IHG-WUHTA,WUHTA,Holiday Inn Wuhan Tianhe Airport,Holiday Inn,MAINLAND_CN,CN,Wuhan,false,ihg_destination_pages_no_amount,CNY,,,,,,,,https://www.ihg.com/holidayinn/hotels/us/en/wuhan/wuhta/hoteldetail
IHG Hotels & Resorts,IHG-WUHHA,WUHHA,InterContinental Wuhan,InterContinental,MAINLAND_CN,CN,Wuhan,false,ihg_destination_pages_no_amount,CNY,,,,,,,,https://www.ihg.com/intercontinental/hotels/us/en/wuhan/wuhha/hoteldetail
IHG Hotels & Resorts,IHG-WUHVC,WUHVC,voco Wuhan Xinhua,voco,MAINLAND_CN,CN,Wuhan,false,ihg_destination_pages_no_amount,CNY,,,,,,,,https://www.ihg.com/voco/hotels/us/en/wuhan/wuhvc/hoteldetail
IHG Hotels & Resorts,IHG-WHUWJ,WHUWJ,Holiday Inn Wuhu Jiangbei New Area,Holiday Inn,MAINLAND_CN,CN,Wuhu,false,ihg_destination_pages_no_amount,CNY,,,,,,,,https://www.ihg.com/holidayinn/hotels/us/en/wuhu/whuwj/hoteldetail
IHG Hotels & Resorts,IHG-WHUHU,WHUHU,HUALUXE Wuhu,HUALUXE,MAINLAND_CN,CN,Wuhu,false,ihg_destination_pages_no_amount,CNY,,,,,,,,https://www.ihg.com/hotels/us/en/wuhu/whuhu/hoteldetail
IHG Hotels & Resorts,IHG-JICWG,JICWG,Holiday Inn Express Wuwei,Holiday Inn Express,MAINLAND_CN,CN,Wuwei,false,ihg_destination_pages_no_amount,CNY,,,,,,,,https://www.ihg.com/holidayinnexpress/hotels/us/en/wuwei/jicwg/hoteldetail
IHG Hotels & Resorts,IHG-WUXGC,WUXGC,Crowne Plaza Wuxi City Center,Crowne Plaza,MAINLAND_CN,CN,Wuxi,false,ihg_destination_pages_no_amount,CNY,,,,,,,,https://www.ihg.com/crowneplaza/hotels/us/en/wuxi/wuxgc/hoteldetail
IHG Hotels & Resorts,IHG-WUXLV,WUXLV,Crowne Plaza Wuxi Lake View,Crowne Plaza,MAINLAND_CN,CN,Wuxi,false,ihg_destination_pages_no_amount,CNY,,,,,,,,https://www.ihg.com/crowneplaza/hotels/us/en/wuxi/wuxlv/hoteldetail
IHG Hotels & Resorts,IHG-WUXWT,WUXWT,Crowne Plaza Wuxi Taihu,Crowne Plaza,MAINLAND_CN,CN,Wuxi,false,ihg_destination_pages_no_amount,CNY,,,,,,,,https://www.ihg.com/crowneplaza/hotels/us/en/wuxi/wuxwt/hoteldetail
IHG Hotels & Resorts,IHG-WUXWE,WUXWE,Holiday Inn Express Wuxi East Station,Holiday Inn Express,MAINLAND_CN,CN,Wuxi,false,ihg_destination_pages_no_amount,CNY,,,,,,,,https://www.ihg.com/holidayinnexpress/hotels/us/en/wuxi/wuxwe/hoteldetail
IHG Hotels & Resorts,IHG-WUXWX,WUXWX,Holiday Inn Express Wuxi Taihu,Holiday Inn Express,MAINLAND_CN,CN,Wuxi,false,ihg_destination_pages_no_amount,CNY,,,,,,,,https://www.ihg.com/holidayinnexpress/hotels/us/en/wuxi/wuxwx/hoteldetail
IHG Hotels & Resorts,IHG-WUXTH,WUXTH,Holiday Inn Express Wuxi Taihu New City,Holiday Inn Express,MAINLAND_CN,CN,Wuxi,false,ihg_destination_pages_no_amount,CNY,,,,,,,,https://www.ihg.com/holidayinnexpress/hotels/us/en/wuxi/wuxth/hoteldetail
IHG Hotels & Resorts,IHG-WUXXS,WUXXS,Holiday Inn Express Wuxi Xishan,Holiday Inn Express,MAINLAND_CN,CN,Wuxi,false,ihg_destination_pages_no_amount,CNY,,,,,,,,https://www.ihg.com/holidayinnexpress/hotels/us/en/wuxi/wuxxs/hoteldetail
IHG Hotels & Resorts,IHG-WUXCS,WUXCS,Holiday Inn Wuxi Central Station,Holiday Inn,MAINLAND_CN,CN,Wuxi,false,ihg_destination_pages_no_amount,CNY,,,,,,,,https://www.ihg.com/holidayinn/hotels/us/en/wuxi/wuxcs/hoteldetail
IHG Hotels & Resorts,IHG-WUXHR,WUXHR,Holiday Inn Wuxi Taihu New City,Holiday Inn,MAINLAND_CN,CN,Wuxi,false,ihg_destination_pages_no_amount,CNY,,,,,,,,https://www.ihg.com/holidayinn/hotels/us/en/wuxi/wuxhr/hoteldetail
IHG Hotels & Resorts,IHG-WUXQB,WUXQB,Hotel Indigo Wuxi Qingming Bridge,Hotel Indigo,MAINLAND_CN,CN,Wuxi,false,ihg_destination_pages_no_amount,CNY,,,,,,,,https://www.ihg.com/hotelindigo/hotels/us/en/wuxi/wuxqb/hoteldetail
IHG Hotels & Resorts,IHG-WUXGO,WUXGO,Hotel Indigo Wuxi Taihu New City,Hotel Indigo,MAINLAND_CN,CN,Wuxi,false,ihg_destination_pages_no_amount,CNY,,,,,,,,https://www.ihg.com/hotelindigo/hotels/us/en/wuxi/wuxgo/hoteldetail
IHG Hotels & Resorts,IHG-WUXWC,WUXWC,HUALUXE Wuxi Taihu,HUALUXE,MAINLAND_CN,CN,Wuxi,false,ihg_destination_pages_no_amount,CNY,,,,,,,,https://www.ihg.com/hotels/us/en/wuxi/wuxwc/hoteldetail
IHG Hotels & Resorts,IHG-WUXHA,WUXHA,InterContinental Wuxi,InterContinental,MAINLAND_CN,CN,Wuxi,false,ihg_destination_pages_no_amount,CNY,,,,,,,,https://www.ihg.com/intercontinental/hotels/us/en/wuxi/wuxha/hoteldetail
IHG Hotels & Resorts,IHG-WUXTA,WUXTA,InterContinental Wuxi Taihu New City,InterContinental,MAINLAND_CN,CN,Wuxi,false,ihg_destination_pages_no_amount,CNY,,,,,,,,https://www.ihg.com/intercontinental/hotels/us/en/wuxi/wuxta/hoteldetail
IHG Hotels & Resorts,IHG-SIAZQ,SIAZQ,Crowne Plaza Xi'an,Crowne Plaza,MAINLAND_CN,CN,Xi'an,false,ihg_destination_pages_no_amount,CNY,,,,,,,,https://www.ihg.com/crowneplaza/hotels/us/en/xi-an/siazq/hoteldetail
IHG Hotels & Resorts,IHG-SIAWD,SIAWD,Crowne Plaza Xi'an Weiyang,Crowne Plaza,MAINLAND_CN,CN,Xi'an,false,ihg_destination_pages_no_amount,CNY,,,,,,,,https://www.ihg.com/crowneplaza/hotels/us/en/xi-an/siawd/hoteldetail
IHG Hotels & Resorts,IHG-SIAAZ,SIAAZ,EVEN Hotel Xi'an Airport Zone,EVEN Hotel,MAINLAND_CN,CN,Xi'an,false,ihg_destination_pages_no_amount,CNY,,,,,,,,https://www.ihg.com/evenhotels/hotels/us/en/xian/siaaz/hoteldetail
IHG Hotels & Resorts,IHG-SIAHH,SIAHH,EVEN Hotel Xi'an High-Tech Zone,EVEN Hotel,MAINLAND_CN,CN,Xi'an,false,ihg_destination_pages_no_amount,CNY,,,,,,,,https://www.ihg.com/evenhotels/hotels/us/en/xian/siahh/hoteldetail
IHG Hotels & Resorts,IHG-SIAHI,SIAHI,Holiday Inn & Suites Xi'an High-Tech Zone,Holiday Inn & Suites,MAINLAND_CN,CN,Xi'an,false,ihg_destination_pages_no_amount,CNY,,,,,,,,https://www.ihg.com/holidayinn/hotels/us/en/xi-an/siahi/hoteldetail
IHG Hotels & Resorts,IHG-SIAER,SIAER,Holiday Inn Express Xi'an Aerospace Town,Holiday Inn Express,MAINLAND_CN,CN,Xi'an,false,ihg_destination_pages_no_amount,CNY,,,,,,,,https://www.ihg.com/holidayinnexpress/hotels/us/en/xian/siaer/hoteldetail
IHG Hotels & Resorts,IHG-SIATW,SIATW,Holiday Inn Express Xi'an Ancient Town West,Holiday Inn Express,MAINLAND_CN,CN,Xi'an,false,ihg_destination_pages_no_amount,CNY,,,,,,,,https://www.ihg.com/holidayinnexpress/hotels/us/en/xi-an/siatw/hoteldetail
IHG Hotels & Resorts,IHG-SIABT,SIABT,Holiday Inn Express Xi'an Bell Tower,Holiday Inn Express,MAINLAND_CN,CN,Xi'an,false,ihg_destination_pages_no_amount,CNY,,,,,,,,https://www.ihg.com/holidayinnexpress/hotels/us/en/xian/siabt/hoteldetail
IHG Hotels & Resorts,IHG-SIACT,SIACT,Holiday Inn Express Xi'an Caotang Technology Park,Holiday Inn Express,MAINLAND_CN,CN,Xi'an,false,ihg_destination_pages_no_amount,CNY,,,,,,,,https://www.ihg.com/holidayinnexpress/hotels/us/en/xian/siact/hoteldetail
IHG Hotels & Resorts,IHG-SIADX,SIADX,Holiday Inn Express Xi'an Daxing,Holiday Inn Express,MAINLAND_CN,CN,Xi'an,false,ihg_destination_pages_no_amount,CNY,,,,,,,,https://www.ihg.com/holidayinnexpress/hotels/us/en/xian/siadx/hoteldetail
IHG Hotels & Resorts,IHG-SIAGU,SIAGU,Holiday Inn Express Xi'an Guangyuntan,Holiday Inn Express,MAINLAND_CN,CN,Xi'an,false,ihg_destination_pages_no_amount,CNY,,,,,,,,https://www.ihg.com/holidayinnexpress/hotels/us/en/xian/siagu/hoteldetail
IHG Hotels & Resorts,IHG-SIATS,SIATS,Holiday Inn Express Xi'an High-tech South,Holiday Inn Express,MAINLAND_CN,CN,Xi'an,false,ihg_destination_pages_no_amount,CNY,,,,,,,,https://www.ihg.com/holidayinnexpress/hotels/us/en/xian/siats/hoteldetail
IHG Hotels & Resorts,IHG-SIAHT,SIAHT,Holiday Inn Express Xi'an High-Tech Zone,Holiday Inn Express,MAINLAND_CN,CN,Xi'an,false,ihg_destination_pages_no_amount,CNY,,,,,,,,https://www.ihg.com/holidayinnexpress/hotels/us/en/xi-an/siaht/hoteldetail
IHG Hotels & Resorts,IHG-SIAZN,SIAZN,Holiday Inn Express Xi'an High-Tech Zone North,Holiday Inn Express,MAINLAND_CN,CN,Xi'an,false,ihg_destination_pages_no_amount,CNY,,,,,,,,https://www.ihg.com/holidayinnexpress/hotels/us/en/xian/siazn/hoteldetail
IHG Hotels & Resorts,IHG-SIATZ,SIATZ,Holiday Inn Express Xi'an Intl Trade&Logistic Park,Holiday Inn Express,MAINLAND_CN,CN,Xi'an,false,ihg_destination_pages_no_amount,CNY,,,,,,,,https://www.ihg.com/holidayinnexpress/hotels/us/en/xian/siatz/hoteldetail
IHG Hotels & Resorts,IHG-SIAXS,SIAXS,Holiday Inn Express Xi'an North,Holiday Inn Express,MAINLAND_CN,CN,Xi'an,false,ihg_destination_pages_no_amount,CNY,,,,,,,,https://www.ihg.com/holidayinnexpress/hotels/us/en/xi-an/siaxs/hoteldetail
IHG Hotels & Resorts,IHG-SIANS,SIANS,Holiday Inn Express Xi'an North Station,Holiday Inn Express,MAINLAND_CN,CN,Xi'an,false,ihg_destination_pages_no_amount,CNY,,,,,,,,https://www.ihg.com/holidayinnexpress/hotels/us/en/xian/sians/hoteldetail
IHG Hotels & Resorts,IHG-SIAXN,SIAXN,Holiday Inn Express Xi'an North Station West,Holiday Inn Express,MAINLAND_CN,CN,Xi'an,false,ihg_destination_pages_no_amount,CNY,,,,,,,,https://www.ihg.com/holidayinnexpress/hotels/us/en/xi'an/siaxn/hoteldetail
IHG Hotels & Resorts,IHG-SIAQC,SIAQC,Holiday Inn Express Xi'an Qujiang Center,Holiday Inn Express,MAINLAND_CN,CN,Xi'an,false,ihg_destination_pages_no_amount,CNY,,,,,,,,https://www.ihg.com/holidayinnexpress/hotels/us/en/xian/siaqc/hoteldetail
IHG Hotels & Resorts,IHG-SIAQS,SIAQS,Holiday Inn Express Xi'an Qujiang South,Holiday Inn Express,MAINLAND_CN,CN,Xi'an,false,ihg_destination_pages_no_amount,CNY,,,,,,,,https://www.ihg.com/holidayinnexpress/hotels/us/en/xian/siaqs/hoteldetail
IHG Hotels & Resorts,IHG-SIATU,SIATU,Holiday Inn Express Xi'an Tuanjie South Road,Holiday Inn Express,MAINLAND_CN,CN,Xi'an,false,ihg_destination_pages_no_amount,CNY,,,,,,,,https://www.ihg.com/holidayinnexpress/hotels/us/en/xian/siatu/hoteldetail
IHG Hotels & Resorts,IHG-SIABG,SIABG,Holiday Inn Xi'an Big Goose Pagoda,Holiday Inn,MAINLAND_CN,CN,Xi'an,false,ihg_destination_pages_no_amount,CNY,,,,,,,,https://www.ihg.com/holidayinn/hotels/us/en/xi-an/siabg/hoteldetail
IHG Hotels & Resorts,IHG-SIACX,SIACX,Holiday Inn Xi'an Chanba,Holiday Inn,MAINLAND_CN,CN,Xi'an,false,ihg_destination_pages_no_amount,CNY,,,,,,,,https://www.ihg.com/holidayinn/hotels/us/en/xian/siacx/hoteldetail
IHG Hotels & Resorts,IHG-SIAXE,SIAXE,Holiday Inn Xi'an East,Holiday Inn,MAINLAND_CN,CN,Xi'an,false,ihg_destination_pages_no_amount,CNY,,,,,,,,https://www.ihg.com/holidayinn/hotels/us/en/xian/siaxe/hoteldetail
IHG Hotels & Resorts,IHG-SIAGL,SIAGL,Holiday Inn Xi'an High-tech Central,Holiday Inn,MAINLAND_CN,CN,Xi'an,false,ihg_destination_pages_no_amount,CNY,,,,,,,,https://www.ihg.com/holidayinn/hotels/us/en/xi-an/siagl/hoteldetail
IHG Hotels & Resorts,IHG-SIATC,SIATC,Holiday Inn Xi'an High-Tech Zone,Holiday Inn,MAINLAND_CN,CN,Xi'an,false,ihg_destination_pages_no_amount,CNY,,,,,,,,https://www.ihg.com/holidayinn/hotels/us/en/xian/siatc/hoteldetail
IHG Hotels & Resorts,IHG-SIAXR,SIAXR,Hotel Indigo Xi'an High-tech Zone,Hotel Indigo,MAINLAND_CN,CN,Xi'an,false,ihg_destination_pages_no_amount,CNY,,,,,,,,https://www.ihg.com/hotelindigo/hotels/us/en/xian/siaxr/hoteldetail
IHG Hotels & Resorts,IHG-SIAXC,SIAXC,HUALUXE Xi'an Chanba,HUALUXE,MAINLAND_CN,CN,Xi'an,false,ihg_destination_pages_no_amount,CNY,,,,,,,,https://www.ihg.com/hotels/us/en/xian/siaxc/hoteldetail
IHG Hotels & Resorts,IHG-SIATH,SIATH,HUALUXE Xi'an Tanghua,HUALUXE,MAINLAND_CN,CN,Xi'an,false,ihg_destination_pages_no_amount,CNY,,,,,,,,https://www.ihg.com/hotels/us/en/xian/siath/hoteldetail
IHG Hotels & Resorts,IHG-SIAHZ,SIAHZ,InterContinental Xi'an Hi-tech Zone,InterContinental,MAINLAND_CN,CN,Xi'an,false,ihg_destination_pages_no_amount,CNY,,,,,,,,https://www.ihg.com/intercontinental/hotels/us/en/xian/siahz/hoteldetail
IHG Hotels & Resorts,IHG-SIACP,SIACP,InterContinental Xi'an North,InterContinental,MAINLAND_CN,CN,Xi'an,false,ihg_destination_pages_no_amount,CNY,,,,,,,,https://www.ihg.com/intercontinental/hotels/us/en/xi-an/siacp/hoteldetail
IHG Hotels & Resorts,IHG-SIAVC,SIAVC,voco Xi'an ETDZ,voco,MAINLAND_CN,CN,Xi'an,false,ihg_destination_pages_no_amount,CNY,,,,,,,,https://www.ihg.com/voco/hotels/us/en/xian/siavc/hoteldetail
IHG Hotels & Resorts,IHG-SIAQL,SIAQL,voco Xi'an Qindu Legend,voco,MAINLAND_CN,CN,Xi'an,false,ihg_destination_pages_no_amount,CNY,,,,,,,,https://www.ihg.com/voco/hotels/us/en/xian/siaql/hoteldetail
IHG Hotels & Resorts,IHG-XMNJE,XMNJE,Crowne Plaza Xiamen Jimei Seaview,Crowne Plaza,MAINLAND_CN,CN,Xiamen,false,ihg_destination_pages_no_amount,CNY,,,,,,,,https://www.ihg.com/crowneplaza/hotels/us/en/xiamen/xmnje/hoteldetail
IHG Hotels & Resorts,IHG-XMNAH,XMNAH,Holiday Inn Express Xiamen Airport Zone,Holiday Inn Express,MAINLAND_CN,CN,Xiamen,false,ihg_destination_pages_no_amount,CNY,,,,,,,,https://www.ihg.com/holidayinnexpress/hotels/us/en/xiamen/xmnah/hoteldetail
IHG Hotels & Resorts,IHG-XMNCC,XMNCC,Holiday Inn Express Xiamen City Center,Holiday Inn Express,MAINLAND_CN,CN,Xiamen,false,ihg_destination_pages_no_amount,CNY,,,,,,,,https://www.ihg.com/holidayinnexpress/hotels/us/en/xiamen/xmncc/hoteldetail
IHG Hotels & Resorts,IHG-XMNNT,XMNNT,Holiday Inn Express Xiamen Jimei New Town,Holiday Inn Express,MAINLAND_CN,CN,Xiamen,false,ihg_destination_pages_no_amount,CNY,,,,,,,,https://www.ihg.com/holidayinnexpress/hotels/us/en/xiamen/xmnnt/hoteldetail
IHG Hotels & Resorts,IHG-XMNLU,XMNLU,Holiday Inn Express Xiamen Lushan,Holiday Inn Express,MAINLAND_CN,CN,Xiamen,false,ihg_destination_pages_no_amount,CNY,,,,,,,,https://www.ihg.com/holidayinnexpress/hotels/us/en/xiamen/xmnlu/hoteldetail
IHG Hotels & Resorts,IHG-XMNTN,XMNTN,Holiday Inn Express Xiamen Tongan,Holiday Inn Express,MAINLAND_CN,CN,Xiamen,false,ihg_destination_pages_no_amount,CNY,,,,,,,,https://www.ihg.com/holidayinnexpress/hotels/us/en/xiamen/xmntn/hoteldetail
IHG Hotels & Resorts,IHG-XMNHC,XMNHC,Hotel Indigo Xiamen Haicang,Hotel Indigo,MAINLAND_CN,CN,Xiamen,false,ihg_destination_pages_no_amount,CNY,,,,,,,,https://www.ihg.com/hotelindigo/hotels/us/en/xiamen/xmnhc/hoteldetail
IHG Hotels & Resorts,IHG-XMNIN,XMNIN,Hotel Indigo Xiamen Harbour,Hotel Indigo,MAINLAND_CN,CN,Xiamen,false,ihg_destination_pages_no_amount,CNY,,,,,,,,https://www.ihg.com/hotelindigo/hotels/us/en/xiamen/xmnin/hoteldetail
IHG Hotels & Resorts,IHG-XMNAD,XMNAD,HUALUXE Xiamen Haicang Harbour View,HUALUXE,MAINLAND_CN,CN,Xiamen,false,ihg_destination_pages_no_amount,CNY,,,,,,,,https://www.ihg.com/hotels/us/en/xiamen/xmnad/hoteldetail
IHG Hotels & Resorts,IHG-XMNLR,XMNLR,InterContinental Xiamen,InterContinental,MAINLAND_CN,CN,Xiamen,false,ihg_destination_pages_no_amount,CNY,,,,,,,,https://www.ihg.com/intercontinental/hotels/us/en/xiamen/xmnlr/hoteldetail
IHG Hotels & Resorts,IHG-XMNSM,XMNSM,voco Xiamen SM City,voco,MAINLAND_CN,CN,Xiamen,false,ihg_destination_pages_no_amount,CNY,,,,,,,,https://www.ihg.com/voco/hotels/us/en/xiamen/xmnsm/hoteldetail
IHG Hotels & Resorts,IHG-XFNFC,XFNFC,Crowne Plaza Xiangyang,Crowne Plaza,MAINLAND_CN,CN,Xiangyang,false,ihg_destination_pages_no_amount,CNY,,,,,,,,https://www.ihg.com/crowneplaza/hotels/us/en/xiangyang/xfnfc/hoteldetail
IHG Hotels & Resorts,IHG-XFNXA,XFNXA,Crowne Plaza Xiangyang Fuchun Lakeside,Crowne Plaza,MAINLAND_CN,CN,Xiangyang,false,ihg_destination_pages_no_amount,CNY,,,,,,,,https://www.ihg.com/crowneplaza/hotels/us/en/xiangyang/xfnxa/hoteldetail
IHG Hotels & Resorts,IHG-KLJXY,KLJXY,InterContinental Xiangyang,InterContinental,MAINLAND_CN,CN,Xiangyang,false,ihg_destination_pages_no_amount,CNY,,,,,,,,https://www.ihg.com/intercontinental/hotels/us/en/xiangyang/kljxy/hoteldetail
IHG Hotels & Resorts,IHG-SIAFD,SIAFD,Holiday Inn Express Xi'an Fengdong,Holiday Inn Express,MAINLAND_CN,CN,Xianyang,false,ihg_destination_pages_no_amount,CNY,,,,,,,,https://www.ihg.com/holidayinnexpress/hotels/us/en/xianyang/siafd/hoteldetail
IHG Hotels & Resorts,IHG-SIASL,SIASL,Holiday Inn Xianyang Shuangzhao Lake,Holiday Inn,MAINLAND_CN,CN,Xianyang,false,ihg_destination_pages_no_amount,CNY,,,,,,,,https://www.ihg.com/holidayinn/hotels/us/en/xianyang/siasl/hoteldetail
IHG Hotels & Resorts,IHG-SIALK,SIALK,HUALUXE Xianyang,HUALUXE,MAINLAND_CN,CN,Xianyang,false,ihg_destination_pages_no_amount,CNY,,,,,,,,https://www.ihg.com/hotels/us/en/xianyang/sialk/hoteldetail
IHG Hotels & Resorts,IHG-XICCC,XICCC,Holiday Inn Express Xichang Qionghai,Holiday Inn Express,MAINLAND_CN,CN,Xichang,false,ihg_destination_pages_no_amount,CNY,,,,,,,,https://www.ihg.com/holidayinnexpress/hotels/us/en/xichang/xiccc/hoteldetail
IHG Hotels & Resorts,IHG-HYNXH,HYNXH,Crowne Plaza Xinghua,Crowne Plaza,MAINLAND_CN,CN,Xinghua,false,ihg_destination_pages_no_amount,CNY,,,,,,,,https://www.ihg.com/crowneplaza/hotels/us/en/xinghua/hynxh/hoteldetail
IHG Hotels & Resorts,IHG-XNTQC,XNTQC,Holiday Inn Xingtai Quancheng,Holiday Inn,MAINLAND_CN,CN,Xingtai,false,ihg_destination_pages_no_amount,CNY,,,,,,,,https://www.ihg.com/holidayinn/hotels/us/en/xingtai/xntqc/hoteldetail
IHG Hotels & Resorts,IHG-XNNRW,XNNRW,Holiday Inn Express Xining Railway Station,Holiday Inn Express,MAINLAND_CN,CN,Xining,false,ihg_destination_pages_no_amount,CNY,,,,,,,,https://www.ihg.com/holidayinnexpress/hotels/us/en/xining/xnnrw/hoteldetail
IHG Hotels & Resorts,IHG-XNNQT,XNNQT,Holiday Inn Xining Datong,Holiday Inn,MAINLAND_CN,CN,Xining,false,ihg_destination_pages_no_amount,CNY,,,,,,,,https://www.ihg.com/holidayinn/hotels/us/en/xining/xnnqt/hoteldetail
IHG Hotels & Resorts,IHG-XNNHT,XNNHT,Holiday Inn Xining Hot-Spring,Holiday Inn,MAINLAND_CN,CN,Xining,false,ihg_destination_pages_no_amount,CNY,,,,,,,,https://www.ihg.com/holidayinn/hotels/us/en/xining/xnnht/hoteldetail
IHG Hotels & Resorts,IHG-SJWXI,SJWXI,Holiday Inn Express Xinji City Center,Holiday Inn Express,MAINLAND_CN,CN,Xinji,false,ihg_destination_pages_no_amount,CNY,,,,,,,,https://www.ihg.com/holidayinnexpress/hotels/us/en/xinji/sjwxi/hoteldetail
IHG Hotels & Resorts,IHG-CGOXP,CGOXP,Holiday Inn Express Xinxiang Pingyuan New Area,Holiday Inn Express,MAINLAND_CN,CN,Xinxiang,false,ihg_destination_pages_no_amount,CNY,,,,,,,,https://www.ihg.com/holidayinnexpress/hotels/us/en/xinxiang/cgoxp/hoteldetail
IHG Hotels & Resorts,IHG-JHGXB,JHGXB,Crowne Plaza Resort Xishuangbanna Parkview,Crowne Plaza,MAINLAND_CN,CN,Xishuangbanna,false,ihg_destination_pages_no_amount,CNY,,,,,,,,https://www.ihg.com/crowneplaza/hotels/us/en/jinghong/jhgxb/hoteldetail
IHG Hotels & Resorts,IHG-JHGXA,JHGXA,InterContinental Xishuangbanna Resort,InterContinental,MAINLAND_CN,CN,Xishuangbanna,false,ihg_destination_pages_no_amount,CNY,,,,,,,,https://www.ihg.com/intercontinental/hotels/us/en/jing-hong/jhgxa/hoteldetail
IHG Hotels & Resorts,IHG-LNJBG,LNJBG,voco Xishuangbanna Botanical Garden,voco,MAINLAND_CN,CN,Xishuangbanna,false,ihg_destination_pages_no_amount,CNY,,,,,,,,https://www.ihg.com/voco/hotels/us/en/xishuangbanna/lnjbg/hoteldetail
IHG Hotels & Resorts,IHG-JHGGZ,JHGGZ,voco Xishuangbanna Gaozhuang,voco,MAINLAND_CN,CN,Xishuangbanna,false,ihg_destination_pages_no_amount,CNY,,,,,,,,https://www.ihg.com/voco/hotels/us/en/xishuangbanna/jhggz/hoteldetail
IHG Hotels & Resorts,IHG-XUZCP,XUZCP,Crowne Plaza Xuzhou Dalong Lake,Crowne Plaza,MAINLAND_CN,CN,Xuzhou,false,ihg_destination_pages_no_amount,CNY,,,,,,,,https://www.ihg.com/crowneplaza/hotels/us/en/xuzhou/xuzcp/hoteldetail
IHG Hotels & Resorts,IHG-XUZXY,XUZXY,Holiday Inn Xuzhou Yunquan,Holiday Inn,MAINLAND_CN,CN,Xuzhou,false,ihg_destination_pages_no_amount,CNY,,,,,,,,https://www.ihg.com/holidayinn/hotels/us/en/xuzhou/xuzxy/hoteldetail
IHG Hotels & Resorts,IHG-KWLYS,KWLYS,Crowne Plaza Ya'an,Crowne Plaza,MAINLAND_CN,CN,Ya'an,false,ihg_destination_pages_no_amount,CNY,,,,,,,,https://www.ihg.com/crowneplaza/hotels/us/en/yaan/kwlys/hoteldetail
IHG Hotels & Resorts,IHG-YAANE,YAANE,Holiday Inn Express Ya'an City Center,Holiday Inn Express,MAINLAND_CN,CN,Ya'an,false,ihg_destination_pages_no_amount,CNY,,,,,,,,https://www.ihg.com/holidayinnexpress/hotels/us/en/yaan/yaane/hoteldetail
IHG Hotels & Resorts,IHG-CTUMT,CTUMT,Holiday Inn Resort Mengding Mountain,Holiday Inn Resort,MAINLAND_CN,CN,Ya'an,false,ihg_destination_pages_no_amount,CNY,,,,,,,,https://www.ihg.com/holidayinnresorts/hotels/us/en/yaan/ctumt/hoteldetail
IHG Hotels & Resorts,IHG-NBSCH,NBSCH,Holiday Inn Express Changbaishan Beauty Pine,Holiday Inn Express,MAINLAND_CN,CN,Yanbian,false,ihg_destination_pages_no_amount,CNY,,,,,,,,https://www.ihg.com/holidayinnexpress/hotels/us/en/yanbian/nbsch/hoteldetail
IHG Hotels & Resorts,IHG-YNZJH,YNZJH,Holiday Inn Jianhu,Holiday Inn,MAINLAND_CN,CN,Yancheng,false,ihg_destination_pages_no_amount,CNY,,,,,,,,https://www.ihg.com/holidayinn/hotels/us/en/yancheng/ynzjh/hoteldetail
IHG Hotels & Resorts,IHG-CANHL,CANHL,Crowne Plaza Hailing Island,Crowne Plaza,MAINLAND_CN,CN,Yangjiang,false,ihg_destination_pages_no_amount,CNY,,,,,,,,https://www.ihg.com/crowneplaza/hotels/us/en/yangjiang/canhl/hoteldetail
IHG Hotels & Resorts,IHG-YGICC,YGICC,Holiday Inn Express Yangjiang City Center,Holiday Inn Express,MAINLAND_CN,CN,Yangjiang,false,ihg_destination_pages_no_amount,CNY,,,,,,,,https://www.ihg.com/holidayinnexpress/hotels/us/en/yangjiang/ygicc/hoteldetail
IHG Hotels & Resorts,IHG-CANYC,CANYC,HUALUXE Yangjiang City Center,HUALUXE,MAINLAND_CN,CN,Yangjiang,false,ihg_destination_pages_no_amount,CNY,,,,,,,,https://www.ihg.com/hotels/us/en/yangjiang/canyc/hoteldetail
IHG Hotels & Resorts,IHG-SJWYA,SJWYA,Holiday Inn Express Yangquan City Center,Holiday Inn Express,MAINLAND_CN,CN,Yangquan,false,ihg_destination_pages_no_amount,CNY,,,,,,,,https://www.ihg.com/holidayinnexpress/hotels/us/en/yangquan/sjwya/hoteldetail
IHG Hotels & Resorts,IHG-NKGCP,NKGCP,Crowne Plaza Yangzhou,Crowne Plaza,MAINLAND_CN,CN,Yangzhou,false,ihg_destination_pages_no_amount,CNY,,,,,,,,https://www.ihg.com/crowneplaza/hotels/us/en/yangzhou/nkgcp/hoteldetail
IHG Hotels & Resorts,IHG-NKGYC,NKGYC,Holiday Inn Express Yangzhou City Center,Holiday Inn Express,MAINLAND_CN,CN,Yangzhou,false,ihg_destination_pages_no_amount,CNY,,,,,,,,https://www.ihg.com/holidayinnexpress/hotels/us/en/yangzhou/nkgyc/hoteldetail
IHG Hotels & Resorts,IHG-YTYGC,YTYGC,Holiday Inn Express Yangzhou Grand Canal Theatre,Holiday Inn Express,MAINLAND_CN,CN,Yangzhou,false,ihg_destination_pages_no_amount,CNY,,,,,,,,https://www.ihg.com/holidayinnexpress/hotels/us/en/yangzhou/ytygc/hoteldetail
IHG Hotels & Resorts,IHG-YNTSV,YNTSV,Crowne Plaza Yantai Sea View,Crowne Plaza,MAINLAND_CN,CN,Yantai,false,ihg_destination_pages_no_amount,CNY,,,,,,,,https://www.ihg.com/crowneplaza/hotels/us/en/yantai/yntsv/hoteldetail
IHG Hotels & Resorts,IHG-YNTEV,YNTEV,EVEN Hotel Yantai Golden Coast,EVEN Hotel,MAINLAND_CN,CN,Yantai,false,ihg_destination_pages_no_amount,CNY,,,,,,,,https://www.ihg.com/evenhotels/hotels/us/en/yantai/yntev/hoteldetail
IHG Hotels & Resorts,IHG-YNTAI,YNTAI,Holiday Inn Express Yantai YEDA,Holiday Inn Express,MAINLAND_CN,CN,Yantai,false,ihg_destination_pages_no_amount,CNY,,,,,,,,https://www.ihg.com/holidayinnexpress/hotels/us/en/yantai/yntai/hoteldetail
IHG Hotels & Resorts,IHG-YNTGC,YNTGC,Hotel Indigo Yantai Golden Coast,Hotel Indigo,MAINLAND_CN,CN,Yantai,false,ihg_destination_pages_no_amount,CNY,,,,,,,,https://www.ihg.com/hotelindigo/hotels/us/en/yantai/yntgc/hoteldetail
IHG Hotels & Resorts,IHG-YBPCP,YBPCP,Crowne Plaza Yibin,Crowne Plaza,MAINLAND_CN,CN,Yibin,false,ihg_destination_pages_no_amount,CNY,,,,,,,,https://www.ihg.com/crowneplaza/hotels/us/en/yibin/ybpcp/hoteldetail
IHG Hotels & Resorts,IHG-YBPYB,YBPYB,Holiday Inn Express Yibin,Holiday Inn Express,MAINLAND_CN,CN,Yibin,false,ihg_destination_pages_no_amount,CNY,,,,,,,,https://www.ihg.com/holidayinnexpress/hotels/us/en/yibin/ybpyb/hoteldetail
IHG Hotels & Resorts,IHG-YBPSN,YBPSN,Holiday Inn Express Yibin Xuzhou,Holiday Inn Express,MAINLAND_CN,CN,Yibin,false,ihg_destination_pages_no_amount,CNY,,,,,,,,https://www.ihg.com/holidayinnexpress/hotels/us/en/yibin/ybpsn/hoteldetail
IHG Hotels & Resorts,IHG-YBPYS,YBPYS,HUALUXE Yibin,HUALUXE,MAINLAND_CN,CN,Yibin,false,ihg_destination_pages_no_amount,CNY,,,,,,,,https://www.ihg.com/hotels/us/en/yibin/ybpys/hoteldetail
IHG Hotels & Resorts,IHG-YIHRY,YIHRY,Crowne Plaza Yichang,Crowne Plaza,MAINLAND_CN,CN,Yichang,false,ihg_destination_pages_no_amount,CNY,,,,,,,,https://www.ihg.com/crowneplaza/hotels/us/en/yichang/yihry/hoteldetail
IHG Hotels & Resorts,IHG-YIHRS,YIHRS,Holiday Inn Express Yichang Riverside,Holiday Inn Express,MAINLAND_CN,CN,Yichang,false,ihg_destination_pages_no_amount,CNY,,,,,,,,https://www.ihg.com/holidayinnexpress/hotels/us/en/yichang/yihrs/hoteldetail
IHG Hotels & Resorts,IHG-YICMY,YICMY,Holiday Inn Resort Yichun Mingyue Mountain,Holiday Inn Resort,MAINLAND_CN,CN,Yichun,false,ihg_destination_pages_no_amount,CNY,,,,,,,,https://www.ihg.com/holidayinnresorts/hotels/us/en/yichun/yicmy/hoteldetail
IHG Hotels & Resorts,IHG-INCYH,INCYH,EVEN Hotel Yinchuan Yuehai,EVEN Hotel,MAINLAND_CN,CN,Yinchuan,false,ihg_destination_pages_no_amount,CNY,,,,,,,,https://www.ihg.com/evenhotels/hotels/us/en/yinchuan/incyh/hoteldetail
IHG Hotels & Resorts,IHG-INCYD,INCYD,Holiday Inn Express Yinchuan Downtown,Holiday Inn Express,MAINLAND_CN,CN,Yinchuan,false,ihg_destination_pages_no_amount,CNY,,,,,,,,https://www.ihg.com/holidayinnexpress/hotels/us/en/yinchuan/incyd/hoteldetail
IHG Hotels & Resorts,IHG-INCBP,INCBP,Holiday Inn Express Yinchuan Lanxi Valley Plaza,Holiday Inn Express,MAINLAND_CN,CN,Yinchuan,false,ihg_destination_pages_no_amount,CNY,,,,,,,,https://www.ihg.com/holidayinnexpress/hotels/us/en/yinchuan/incbp/hoteldetail
IHG Hotels & Resorts,IHG-INCYY,INCYY,Holiday Inn Express Yinchuan Yuehai,Holiday Inn Express,MAINLAND_CN,CN,Yinchuan,false,ihg_destination_pages_no_amount,CNY,,,,,,,,https://www.ihg.com/holidayinnexpress/hotels/us/en/yinchuan/incyy/hoteldetail
IHG Hotels & Resorts,IHG-JYQOP,JYQOP,Holiday Inn Express Yingkou Onelong Plaza,Holiday Inn Express,MAINLAND_CN,CN,Yingkou,false,ihg_destination_pages_no_amount,CNY,,,,,,,,https://www.ihg.com/holidayinnexpress/hotels/us/en/yingkou/jyqop/hoteldetail
IHG Hotels & Resorts,IHG-YINYI,YINYI,EVEN Hotel Yining,EVEN Hotel,MAINLAND_CN,CN,Yining,false,ihg_destination_pages_no_amount,CNY,,,,,,,,https://www.ihg.com/evenhotels/hotels/us/en/yining/yinyi/hoteldetail
IHG Hotels & Resorts,IHG-YINNG,YINNG,InterContinental Yining,InterContinental,MAINLAND_CN,CN,Yining,false,ihg_destination_pages_no_amount,CNY,,,,,,,,https://www.ihg.com/intercontinental/hotels/us/en/yining/yinng/hoteldetail
IHG Hotels & Resorts,IHG-HGHJI,HGHJI,Holiday Inn Yiwu Center,Holiday Inn,MAINLAND_CN,CN,Yiwu,false,ihg_destination_pages_no_amount,CNY,,,,,,,,https://www.ihg.com/holidayinn/hotels/us/en/jinhua/hghji/hoteldetail
IHG Hotels & Resorts,IHG-CZXYI,CZXYI,Holiday Inn Express Yixing,Holiday Inn Express,MAINLAND_CN,CN,Yixing,false,ihg_destination_pages_no_amount,CNY,,,,,,,,https://www.ihg.com/holidayinnexpress/hotels/us/en/yixing/czxyi/hoteldetail
IHG Hotels & Resorts,IHG-YYAYP,YYAYP,Holiday Inn Express Yueyang Pingjiang,Holiday Inn Express,MAINLAND_CN,CN,Yueyang,false,ihg_destination_pages_no_amount,CNY,,,,,,,,https://www.ihg.com/holidayinnexpress/hotels/us/en/yueyang/yyayp/hoteldetail
IHG Hotels & Resorts,IHG-WNZYU,WNZYU,Holiday Inn Express Yuhuan Wetland Park,Holiday Inn Express,MAINLAND_CN,CN,Yuhuan,false,ihg_destination_pages_no_amount,CNY,,,,,,,,https://www.ihg.com/holidayinnexpress/hotels/us/en/yuhuan/wnzyu/hoteldetail
IHG Hotels & Resorts,IHG-NTGZE,NTGZE,Holiday Inn Express Zhangjiagang East,Holiday Inn Express,MAINLAND_CN,CN,Zhangjiagang,false,ihg_destination_pages_no_amount,CNY,,,,,,,,https://www.ihg.com/holidayinnexpress/hotels/us/en/zhangjiagang/ntgze/hoteldetail
IHG Hotels & Resorts,IHG-SZVZF,SZVZF,Holiday Inn Express Zhangjiagang Fenghuang,Holiday Inn Express,MAINLAND_CN,CN,Zhangjiagang,false,ihg_destination_pages_no_amount,CNY,,,,,,,,https://www.ihg.com/holidayinnexpress/hotels/us/en/suzhou/szvzf/hoteldetail
IHG Hotels & Resorts,IHG-WUXZT,WUXZT,Holiday Inn Express Zhangjiagang Free Trade Zone,Holiday Inn Express,MAINLAND_CN,CN,Zhangjiagang,false,ihg_destination_pages_no_amount,CNY,,,,,,,,https://www.ihg.com/holidayinnexpress/hotels/us/en/zhangjiagang/wuxzt/hoteldetail
IHG Hotels & Resorts,IHG-DYGRS,DYGRS,Holiday Inn Zhangjiajie Railway Station,Holiday Inn,MAINLAND_CN,CN,Zhangjiajie,false,ihg_destination_pages_no_amount,CNY,,,,,,,,https://www.ihg.com/holidayinn/hotels/us/en/zhangjiajie/dygrs/hoteldetail
IHG Hotels & Resorts,IHG-ZQZDV,ZQZDV,Crowne Plaza Chongli Resort,Crowne Plaza,MAINLAND_CN,CN,Zhangjiakou,false,ihg_destination_pages_no_amount,CNY,,,,,,,,https://www.ihg.com/crowneplaza/hotels/us/en/zhangjiakou/zqzdv/hoteldetail
IHG Hotels & Resorts,IHG-ZQZCH,ZQZCH,Holiday Inn Express Chongli,Holiday Inn Express,MAINLAND_CN,CN,Zhangjiakou,false,ihg_destination_pages_no_amount,CNY,,,,,,,,https://www.ihg.com/holidayinnexpress/hotels/us/en/zhangjiakou/zqzch/hoteldetail
IHG Hotels & Resorts,IHG-ZQZDS,ZQZDS,Holiday Inn Express Zhangjiakou Park View,Holiday Inn Express,MAINLAND_CN,CN,Zhangjiakou,false,ihg_destination_pages_no_amount,CNY,,,,,,,,https://www.ihg.com/holidayinnexpress/hotels/us/en/zhangjiakou/zqzds/hoteldetail
IHG Hotels & Resorts,IHG-ZQZDT,ZQZDT,Holiday Inn Zhangjiakou Downtown,Holiday Inn,MAINLAND_CN,CN,Zhangjiakou,false,ihg_destination_pages_no_amount,CNY,,,,,,,,https://www.ihg.com/holidayinn/hotels/us/en/zhangjiakou/zqzdt/hoteldetail
IHG Hotels & Resorts,IHG-YZYSP,YZYSP,Holiday Inn Express Zhangye,Holiday Inn Express,MAINLAND_CN,CN,Zhangye,false,ihg_destination_pages_no_amount,CNY,,,,,,,,https://www.ihg.com/holidayinnexpress/hotels/us/en/zhangye/yzysp/hoteldetail
IHG Hotels & Resorts,IHG-ZHGCP,ZHGCP,Crowne Plaza Zhangzhou,Crowne Plaza,MAINLAND_CN,CN,Zhangzhou,false,ihg_destination_pages_no_amount,CNY,,,,,,,,https://www.ihg.com/crowneplaza/hotels/us/en/zhangzhou/zhgcp/hoteldetail
IHG Hotels & Resorts,IHG-XMNZZ,XMNZZ,Holiday Inn Express Zhangzhou Zhangpu,Holiday Inn Express,MAINLAND_CN,CN,Zhangzhou,false,ihg_destination_pages_no_amount,CNY,,,,,,,,https://www.ihg.com/holidayinnexpress/hotels/us/en/zhangzhou/xmnzz/hoteldetail
IHG Hotels & Resorts,IHG-ZHAZC,ZHAZC,Holiday Inn Express Zhanjiang Coast,Holiday Inn Express,MAINLAND_CN,CN,Zhanjiang,false,ihg_destination_pages_no_amount,CNY,,,,,,,,https://www.ihg.com/holidayinnexpress/hotels/us/en/zhanjiang/zhazc/hoteldetail
IHG Hotels & Resorts,IHG-CGOCH,CGOCH,Crowne Plaza Zhengzhou,Crowne Plaza,MAINLAND_CN,CN,Zhengzhou,false,ihg_destination_pages_no_amount,CNY,,,,,,,,https://www.ihg.com/crowneplaza/hotels/us/en/zhengzhou/cgoch/hoteldetail
IHG Hotels & Resorts,IHG-CGOZG,CGOZG,Crowne Plaza Zhengzhou High Tech Zone,Crowne Plaza,MAINLAND_CN,CN,Zhengzhou,false,ihg_destination_pages_no_amount,CNY,,,,,,,,https://www.ihg.com/crowneplaza/hotels/us/en/zhengzhou/cgozg/hoteldetail
IHG Hotels & Resorts,IHG-CGOHR,CGOHR,Holiday Inn Express Zhengzhou Airport,Holiday Inn Express,MAINLAND_CN,CN,Zhengzhou,false,ihg_destination_pages_no_amount,CNY,,,,,,,,https://www.ihg.com/holidayinnexpress/hotels/us/en/zhengzhou/cgohr/hoteldetail
IHG Hotels & Resorts,IHG-CGOJS,CGOJS,Holiday Inn Express Zhengzhou Garden Road,Holiday Inn Express,MAINLAND_CN,CN,Zhengzhou,false,ihg_destination_pages_no_amount,CNY,,,,,,,,https://www.ihg.com/holidayinnexpress/hotels/us/en/zhengzhou/cgojs/hoteldetail
IHG Hotels & Resorts,IHG-CGOGC,CGOGC,Holiday Inn Express Zhengzhou Guancheng,Holiday Inn Express,MAINLAND_CN,CN,Zhengzhou,false,ihg_destination_pages_no_amount,CNY,,,,,,,,https://www.ihg.com/holidayinnexpress/hotels/us/en/zhengzhou/cgogc/hoteldetail
IHG Hotels & Resorts,IHG-CGOJR,CGOJR,Holiday Inn Express Zhengzhou Longzi Lake,Holiday Inn Express,MAINLAND_CN,CN,Zhengzhou,false,ihg_destination_pages_no_amount,CNY,,,,,,,,https://www.ihg.com/holidayinnexpress/hotels/us/en/zhengzhou/cgojr/hoteldetail
IHG Hotels & Resorts,IHG-CGOZZ,CGOZZ,Holiday Inn Express Zhengzhou Zhengdong,Holiday Inn Express,MAINLAND_CN,CN,Zhengzhou,false,ihg_destination_pages_no_amount,CNY,,,,,,,,https://www.ihg.com/holidayinnexpress/hotels/us/en/zhengzhou/cgozz/hoteldetail
IHG Hotels & Resorts,IHG-CGOEX,CGOEX,Holiday Inn Express Zhengzhou Zhongzhou,Holiday Inn Express,MAINLAND_CN,CN,Zhengzhou,false,ihg_destination_pages_no_amount,CNY,,,,,,,,https://www.ihg.com/holidayinnexpress/hotels/us/en/zhengzhou/cgoex/hoteldetail
IHG Hotels & Resorts,IHG-CGOHT,CGOHT,Holiday Inn Zhengzhou High-Tech Zone,Holiday Inn,MAINLAND_CN,CN,Zhengzhou,false,ihg_destination_pages_no_amount,CNY,,,,,,,,https://www.ihg.com/holidayinn/hotels/us/en/zhengzhou/cgoht/hoteldetail
IHG Hotels & Resorts,IHG-CGORV,CGORV,Holiday Inn Zhengzhou Riverside,Holiday Inn,MAINLAND_CN,CN,Zhengzhou,false,ihg_destination_pages_no_amount,CNY,,,,,,,,https://www.ihg.com/holidayinn/hotels/us/en/zhengzhou/cgorv/hoteldetail
IHG Hotels & Resorts,IHG-CGCCH,CGCCH,Holiday Inn Zhengzhou Zhongzhou,Holiday Inn,MAINLAND_CN,CN,Zhengzhou,false,ihg_destination_pages_no_amount,CNY,,,,,,,,https://www.ihg.com/holidayinn/hotels/us/en/zhengzhou/cgcch/hoteldetail
IHG Hotels & Resorts,IHG-CGOZW,CGOZW,InterContinental Zhengzhou,InterContinental,MAINLAND_CN,CN,Zhengzhou,false,ihg_destination_pages_no_amount,CNY,,,,,,,,https://www.ihg.com/intercontinental/hotels/us/en/zhengzhou/cgozw/hoteldetail
IHG Hotels & Resorts,IHG-CGOZN,CGOZN,InterContinental Zhengzhou Zhengdong,InterContinental,MAINLAND_CN,CN,Zhengzhou,false,ihg_destination_pages_no_amount,CNY,,,,,,,,https://www.ihg.com/intercontinental/hotels/us/en/zhengzhou/cgozn/hoteldetail
IHG Hotels & Resorts,IHG-CGOGE,CGOGE,voco Zhengzhou Garden Expo,voco,MAINLAND_CN,CN,Zhengzhou,false,ihg_destination_pages_no_amount,CNY,,,,,,,,https://www.ihg.com/voco/hotels/us/en/zhengzhou/cgoge/hoteldetail
IHG Hotels & Resorts,IHG-CGONR,CGONR,Holiday Inn Express Zhengzhou Nongye Road,Holiday Inn Express,MAINLAND_CN,CN,Zhengzhou City,false,ihg_destination_pages_no_amount,CNY,,,,,,,,https://www.ihg.com/holidayinnexpress/hotels/us/en/zhengzhou/cgonr/hoteldetail
IHG Hotels & Resorts,IHG-ZHECH,ZHECH,Crowne Plaza Zhenjiang,Crowne Plaza,MAINLAND_CN,CN,Zhenjiang,false,ihg_destination_pages_no_amount,CNY,,,,,,,,https://www.ihg.com/crowneplaza/hotels/us/en/zhenjiang/zhech/hoteldetail
IHG Hotels & Resorts,IHG-ZUJXG,ZUJXG,Holiday Inn Express Jurong Xianlin,Holiday Inn Express,MAINLAND_CN,CN,Zhenjiang,false,ihg_destination_pages_no_amount,CNY,,,,,,,,https://www.ihg.com/holidayinnexpress/hotels/us/en/zhenjiang/zujxg/hoteldetail
IHG Hotels & Resorts,IHG-ZGNGD,ZGNGD,Crowne Plaza Zhongshan Torch High-tech Zone,Crowne Plaza,MAINLAND_CN,CN,Zhongshan,false,ihg_destination_pages_no_amount,CNY,,,,,,,,https://www.ihg.com/crowneplaza/hotels/us/en/zhongshan/zgngd/hoteldetail
IHG Hotels & Resorts,IHG-ZGNWO,ZGNWO,Crowne Plaza Zhongshan Wing On City,Crowne Plaza,MAINLAND_CN,CN,Zhongshan,false,ihg_destination_pages_no_amount,CNY,,,,,,,,https://www.ihg.com/crowneplaza/hotels/us/en/zhongshan/zgnwo/hoteldetail
IHG Hotels & Resorts,IHG-ZGNCC,ZGNCC,EVEN Hotel Zhongshan City Center,EVEN Hotel,MAINLAND_CN,CN,Zhongshan,false,ihg_destination_pages_no_amount,CNY,,,,,,,,https://www.ihg.com/evenhotels/hotels/us/en/zhongshan/zgncc/hoteldetail
IHG Hotels & Resorts,IHG-ZGNCR,ZGNCR,HUALUXE Zhongshan City Center,HUALUXE,MAINLAND_CN,CN,Zhongshan,false,ihg_destination_pages_no_amount,CNY,,,,,,,,https://www.ihg.com/hotels/us/en/zhongshan/zgncr/hoteldetail
IHG Hotels & Resorts,IHG-CGOZD,CGOZD,Holiday Inn Express Zhoukou Dancheng,Holiday Inn Express,MAINLAND_CN,CN,Zhoukou,false,ihg_destination_pages_no_amount,CNY,,,,,,,,https://www.ihg.com/holidayinnexpress/hotels/us/en/zhengzhou/cgozd/hoteldetail
IHG Hotels & Resorts,IHG-HSNSV,HSNSV,Crowne Plaza Zhoushan Seaview,Crowne Plaza,MAINLAND_CN,CN,Zhoushan,false,ihg_destination_pages_no_amount,CNY,,,,,,,,https://www.ihg.com/crowneplaza/hotels/us/en/zhoushan/hsnsv/hoteldetail
IHG Hotels & Resorts,IHG-HSNDH,HSNDH,Holiday Inn Express Zhoushan Dinghai,Holiday Inn Express,MAINLAND_CN,CN,Zhoushan,false,ihg_destination_pages_no_amount,CNY,,,,,,,,https://www.ihg.com/holidayinnexpress/hotels/us/en/zhoushan/hsndh/hoteldetail
IHG Hotels & Resorts,IHG-HSNPT,HSNPT,voco Zhoushan Putuo,voco,MAINLAND_CN,CN,Zhoushan,false,ihg_destination_pages_no_amount,CNY,,,,,,,,https://www.ihg.com/voco/hotels/us/en/zhoushan/hsnpt/hoteldetail
IHG Hotels & Resorts,IHG-ZUHCH,ZUHCH,Crowne Plaza Zhuhai City Center,Crowne Plaza,MAINLAND_CN,CN,Zhuhai,false,ihg_destination_pages_no_amount,CNY,,,,,,,,https://www.ihg.com/crowneplaza/hotels/us/en/zhuhai/zuhch/hoteldetail
IHG Hotels & Resorts,IHG-ZUHGR,ZUHGR,Holiday Inn Express Zhuhai City Center,Holiday Inn Express,MAINLAND_CN,CN,Zhuhai,false,ihg_destination_pages_no_amount,CNY,,,,,,,,https://www.ihg.com/holidayinnexpress/hotels/us/en/zhuhai/zuhgr/hoteldetail
IHG Hotels & Resorts,IHG-ZUHZG,ZUHZG,Holiday Inn Express Zhuhai Gongbei,Holiday Inn Express,MAINLAND_CN,CN,Zhuhai,false,ihg_destination_pages_no_amount,CNY,,,,,,,,https://www.ihg.com/holidayinnexpress/hotels/us/en/zhuhai/zuhzg/hoteldetail
IHG Hotels & Resorts,IHG-ZUHGT,ZUHGT,Holiday Inn Express Zhuhai Grand Theater,Holiday Inn Express,MAINLAND_CN,CN,Zhuhai,false,ihg_destination_pages_no_amount,CNY,,,,,,,,https://www.ihg.com/holidayinnexpress/hotels/us/en/zhuhai/zuhgt/hoteldetail
IHG Hotels & Resorts,IHG-ZUHGZ,ZUHGZ,Holiday Inn Express Zhuhai Guishan Island,Holiday Inn Express,MAINLAND_CN,CN,Zhuhai,false,ihg_destination_pages_no_amount,CNY,,,,,,,,https://www.ihg.com/holidayinnexpress/hotels/us/en/zhuhai/zuhgz/hoteldetail
IHG Hotels & Resorts,IHG-ZUHCC,ZUHCC,Holiday Inn Zhuhai City Center,Holiday Inn,MAINLAND_CN,CN,Zhuhai,false,ihg_destination_pages_no_amount,CNY,,,,,,,,https://www.ihg.com/holidayinn/hotels/us/en/zhuhai/zuhcc/hoteldetail
IHG Hotels & Resorts,IHG-ZUHHQ,ZUHHQ,Hotel Indigo Hengqin,Hotel Indigo,MAINLAND_CN,CN,Zhuhai,false,ihg_destination_pages_no_amount,CNY,,,,,,,,https://www.ihg.com/hotelindigo/hotels/us/en/zhuhai/zuhhq/hoteldetail
IHG Hotels & Resorts,IHG-ZUHNZ,ZUHNZ,Hotel Indigo Zhuhai Xiangzhou,Hotel Indigo,MAINLAND_CN,CN,Zhuhai,false,ihg_destination_pages_no_amount,CNY,,,,,,,,https://www.ihg.com/hotelindigo/hotels/us/en/zhuhai/zuhnz/hoteldetail
IHG Hotels & Resorts,IHG-ZUHZH,ZUHZH,InterContinental Zhuhai,InterContinental,MAINLAND_CN,CN,Zhuhai,false,ihg_destination_pages_no_amount,CNY,,,,,,,,https://www.ihg.com/intercontinental/hotels/us/en/zhuhai/zuhzh/hoteldetail
IHG Hotels & Resorts,IHG-CTUZY,CTUZY,Holiday Inn Express Ziyang City Center,Holiday Inn Express,MAINLAND_CN,CN,Ziyang,false,ihg_destination_pages_no_amount,CNY,,,,,,,,https://www.ihg.com/holidayinnexpress/hotels/us/en/ziyang/ctuzy/hoteldetail
IHG Hotels & Resorts,IHG-TVSZH,TVSZH,Crowne Plaza Zunhua Hot Spring Town,Crowne Plaza,MAINLAND_CN,CN,Zunhua,false,ihg_destination_pages_no_amount,CNY,,,,,,,,https://www.ihg.com/crowneplaza/hotels/us/en/hebei-zunhua/tvszh/hoteldetail
IHG Hotels & Resorts,IHG-MFMPM,MFMPM,IC Alliance Resorts The Parisian Macao,IC Alliance Resorts,MO,MO,Macao,false,ihg_destination_pages_no_amount,MOP,,,,,,,,https://www.ihg.com/intercontinental/hotels/us/en/macao/mfmpm/hoteldetail
IHG Hotels & Resorts,IHG-MFMVE,MFMVE,IC Alliance Resorts The Venetian Macao,IC Alliance Resorts,MO,MO,Macao,false,ihg_destination_pages_no_amount,MOP,,,,,,,,https://www.ihg.com/intercontinental/hotels/us/en/macao/mfmve/hoteldetail
IHG Hotels & Resorts,IHG-MFMCP,MFMCP,Crowne Plaza Macau,Crowne Plaza,MO,MO,Macau,false,ihg_destination_pages_no_amount,MOP,,,,,,,,https://www.ihg.com/crowneplaza/hotels/us/en/macau/mfmcp/hoteldetail
IHG Hotels & Resorts,IHG-MFMMC,MFMMC,Holiday Inn Express Macau City Centre,Holiday Inn Express,MO,MO,Macau,false,ihg_destination_pages_no_amount,MOP,,,,,,,,https://www.ihg.com/holidayinnexpress/hotels/us/en/macau/mfmmc/hoteldetail
IHG Hotels & Resorts,IHG-QMPCH,QMPCH,Holiday Inn Macau,Holiday Inn,MO,MO,Macau,false,ihg_destination_pages_no_amount,MOP,,,,,,,,https://www.ihg.com/holidayinn/hotels/us/en/macau/qmpch/hoteldetail
IHG Hotels & Resorts,IHG-MFMMA,MFMMA,IC Alliance Resorts The Londoner Hotel,IC Alliance Resorts,MO,MO,Macau,false,ihg_destination_pages_no_amount,MOP,,,,,,,,https://www.ihg.com/intercontinental/hotels/us/en/macau/mfmma/hoteldetail
IHG Hotels & Resorts,IHG-CYICA,CYICA,Holiday Inn Express Chiayi,Holiday Inn Express,TW,TW,Chiayi,false,ihg_destination_pages_no_amount,TWD,,,,,,,,https://www.ihg.com/holidayinnexpress/hotels/us/en/chiayi-county/cyica/hoteldetail
IHG Hotels & Resorts,IHG-CYIGO,CYIGO,Hotel Indigo Alishan,Hotel Indigo,TW,TW,Chiayi,false,ihg_destination_pages_no_amount,TWD,,,,,,,,https://www.ihg.com/hotelindigo/hotels/us/en/chiayi-county/cyigo/hoteldetail
IHG Hotels & Resorts,IHG-CYIYI,CYIYI,voco Chiayi,voco,TW,TW,Chiayi,false,ihg_destination_pages_no_amount,TWD,,,,,,,,https://www.ihg.com/voco/hotels/us/en/chiayi/cyiyi/hoteldetail
IHG Hotels & Resorts,IHG-KHHLR,KHHLR,Holiday Inn Express Kaohsiung Love River,Holiday Inn Express,TW,TW,Kaohsiung,false,ihg_destination_pages_no_amount,TWD,,,,,,,,https://www.ihg.com/holidayinnexpress/hotels/us/en/kaohsiung/khhlr/hoteldetail
IHG Hotels & Resorts,IHG-KHHIN,KHHIN,Hotel Indigo Kaohsiung Central Park,Hotel Indigo,TW,TW,Kaohsiung,false,ihg_destination_pages_no_amount,TWD,,,,,,,,https://www.ihg.com/hotelindigo/hotels/us/en/kaohsiung/khhin/hoteldetail
IHG Hotels & Resorts,IHG-KHHKT,KHHKT,InterContinental Kaohsiung,InterContinental,TW,TW,Kaohsiung,false,ihg_destination_pages_no_amount,TWD,,,,,,,,https://www.ihg.com/intercontinental/hotels/us/en/kaohsiung-city/khhkt/hoteldetail
IHG Hotels & Resorts,IHG-TPEHS,TPEHS,InterContinental New Taipei Hot Spring,InterContinental,TW,TW,New Taipei,false,ihg_destination_pages_no_amount,TWD,,,,,,,,https://www.ihg.com/intercontinental/hotels/us/en/new-taipei-city/tpehs/hoteldetail
IHG Hotels & Resorts,IHG-TXGFC,TXGFC,Holiday Inn Express Taichung Fengchia,Holiday Inn Express,TW,TW,Taichung,false,ihg_destination_pages_no_amount,TWD,,,,,,,,https://www.ihg.com/holidayinnexpress/hotels/us/en/taichung/txgfc/hoteldetail
IHG Hotels & Resorts,IHG-TXGSR,TXGSR,Holiday Inn Express Taichung Park,Holiday Inn Express,TW,TW,Taichung,false,ihg_destination_pages_no_amount,TWD,,,,,,,,https://www.ihg.com/holidayinnexpress/hotels/us/en/taichung/txgsr/hoteldetail
IHG Hotels & Resorts,IHG-RMQTT,RMQTT,InterContinental Taichung,InterContinental,TW,TW,Taichung,false,ihg_destination_pages_no_amount,TWD,,,,,,,,https://www.ihg.com/intercontinental/hotels/us/en/taichung/rmqtt/hoteldetail
IHG Hotels & Resorts,IHG-TNNCP,TNNCP,Crowne Plaza Tainan,Crowne Plaza,TW,TW,Tainan,false,ihg_destination_pages_no_amount,TWD,,,,,,,,https://www.ihg.com/crowneplaza/hotels/us/en/tainan/tnncp/hoteldetail
IHG Hotels & Resorts,IHG-TPETT,TPETT,Holiday Inn Express Taipei Train Station,Holiday Inn Express,TW,TW,Taipei,false,ihg_destination_pages_no_amount,TWD,,,,,,,,https://www.ihg.com/holidayinnexpress/hotels/us/en/taipei/tpett/hoteldetail
IHG Hotels & Resorts,IHG-TPENT,TPENT,Hotel Indigo Taipei North,Hotel Indigo,TW,TW,Taipei,false,ihg_destination_pages_no_amount,TWD,,,,,,,,https://www.ihg.com/hotelindigo/hotels/us/en/taipei/tpent/hoteldetail
IHG Hotels & Resorts,IHG-TPEPI,TPEPI,InterContinental Taipei,InterContinental,TW,TW,Taipei,false,ihg_destination_pages_no_amount,TWD,,,,,,,,https://www.ihg.com/intercontinental/hotels/us/en/taipei/tpepi/hoteldetail
IHG Hotels & Resorts,IHG-TPEKM,TPEKM,Kimpton Da An Hotel,Kimpton,TW,TW,Taipei,false,ihg_destination_pages_no_amount,TWD,,,,,,,,https://www.ihg.com/kimptonhotels/hotels/us/en/da-an-hotel-taipei/tpekm/hoteldetail
IHG Hotels & Resorts,IHG-TPERG,TPERG,Regent Taipei,Regent,TW,TW,Taipei,false,ihg_destination_pages_no_amount,TWD,,,,,,,,https://www.ihg.com/regent/hotels/us/en/taipei/tperg/hoteldetail
IHG Hotels & Resorts,IHG-TYUCR,TYUCR,Holiday Inn Express Taoyuan,Holiday Inn Express,TW,TW,Taoyuan,false,ihg_destination_pages_no_amount,TWD,,,,,,,,https://www.ihg.com/holidayinnexpress/hotels/us/en/taoyuan/tyucr/hoteldetail
IHG Hotels & Resorts,IHG-TPETA,TPETA,Holiday Inn Taoyuan Airport,Holiday Inn,TW,TW,Taoyuan City,false,ihg_destination_pages_no_amount,TWD,,,,,,,,https://www.ihg.com/holidayinn/hotels/us/en/taoyuan-city/tpeta/hoteldetail
Hilton,HILTON-HKGHCCI,HKGHCCI,Conrad Hong Kong,Conrad Hotels & Resorts,HK,HK,Hong Kong,true,hilton_official_hotel_summary_extract_leadRate.lowest,HKD,2309,"HK$2,309",294.79,HPPAP4,Honors Discount Advance Purchase,Pre-payment required and non-refundable. Hilton Honors Membership Required.,77000,https://www.hilton.com/en/hotels/hkghcci-conrad-hong-kong/
Hilton,HILTON-HKGMSGI,HKGMSGI,Hilton Garden Inn Hong Kong Mongkok,Hilton Garden Inn,HK,HK,Hong Kong,true,hilton_official_hotel_summary_extract_leadRate.lowest,HKD,604,HK$604,77.1,HPPAP4,Honors Discount Advance Purchase,Pre-payment required and non-refundable. Hilton Honors Membership Required.,29000,https://www.hilton.com/en/hotels/hkgmsgi-hilton-garden-inn-hong-kong-mongkok/
Hilton,HILTON-HKGLPLX,HKGLPLX,"Lanson Place Causeway Bay, Hong Kong, an SLH Hotel",Small Luxury Hotels of the World,HK,HK,Hong Kong,true,hilton_official_hotel_summary_extract_leadRate.lowest,HKD,1785,"HK$1,785",227.87,HPPAP4,Honors Discount Advance Purchase,No cancellations. Pay now. Hilton Honors Membership Required,85000,https://www.hilton.com/en/hotels/hkglplx-lanson-place-causeway-bay/
Hilton,HILTON-HKGUAUA,HKGUAUA,Motto by Hilton Hong Kong SoHo,Motto by Hilton,HK,HK,Hong Kong,true,hilton_official_hotel_summary_extract_leadRate.lowest,HKD,1065,"HK$1,065",136.06,HPPAP4,Honors Discount Advance Purchase,No cancellations. Pay now. Hilton Honors Membership Required,39000,https://www.hilton.com/en/hotels/hkguaua-motto-hong-kong-soho/
Hilton,HILTON-JZHGIGI,JZHGIGI,Hilton Garden Inn Jiuzhaigou,Hilton Garden Inn,MAINLAND_CN,CN,Aba,true,hilton_official_hotel_summary_extract_leadRate.lowest,CNY,477,¥477,70.31,HPPRP1,Honors Discount,Change or cancel up to 1 day before arrival. Hilton Honors Membership Required.,19000,https://www.hilton.com/en/hotels/jzhgigi-hilton-garden-inn-jiuzhaigou/
Hilton,HILTON-JZHJIHI,JZHJIHI,Hilton Jiuzhaigou Resort,Hilton Hotels & Resorts,MAINLAND_CN,CN,Aba,true,hilton_official_hotel_summary_extract_leadRate.lowest,CNY,860,¥860,126.62,HPPRP1,Honors Discount,Change or cancel up to 1 day before arrival. Hilton Honors Membership Required.,33000,https://www.hilton.com/en/hotels/jzhjihi-hilton-jiuzhaigou-resort/
Hilton,HILTON-AKURAGI,AKURAGI,Hilton Garden Inn Aksu Downtown,Hilton Garden Inn,MAINLAND_CN,CN,Aksu,true,hilton_official_hotel_summary_extract_leadRate.lowest,CNY,237,¥237,35,HPPRP1,Honors Discount,至少在到达日当地时间晚上6点之前变更或取消。 Hilton Honors Membership Required.,10000,https://www.hilton.com/en/hotels/akuragi-hilton-garden-inn-aksu-downtown/
Hilton,HILTON-DBCCNHT,DBCCNHT,Home2 Suites by Hilton Aksu Baicheng,Home2 Suites by Hilton,MAINLAND_CN,CN,Aksu,false,hilton_extract_no_lowest_rate,CNY,,,,,,,,https://www.hilton.com/en/hotels/dbccnht-home2-suites-aksu-baicheng/
Hilton,HILTON-KCAAKHT,KCAAKHT,Home2 Suites by Hilton Kuche,Home2 Suites by Hilton,MAINLAND_CN,CN,Aksu,true,hilton_official_hotel_summary_extract_leadRate.lowest,CNY,320,¥320,47.12,SHTH4A,Honors Discount Advance Purchase,Free breakfast. No cancellations. Pay now. Hilton Honors Membership Required.,13000,https://www.hilton.com/en/hotels/kcaakht-home2-suites-xinjiang-kuche/
Hilton,HILTON-AATCICI,AATCICI,Conrad Altay Hemu,Conrad Hotels & Resorts,MAINLAND_CN,CN,Altay,true,hilton_official_hotel_summary_extract_leadRate.lowest,CNY,2542,"¥2,542",374.24,HPPRP1,Honors Discount,Change or cancel up to 7 days before arrival. Hilton Honors Membership Required.,179000,https://www.hilton.com/en/hotels/aatcici-conrad-altay-hemu/
Hilton,HILTON-AATERDI,AATERDI,DoubleTree by Hilton Altay Fuyun,DoubleTree by Hilton,MAINLAND_CN,CN,Altay,true,hilton_official_hotel_summary_extract_leadRate.lowest,CNY,284,¥284,41.85,HPPRP1,Honors Discount,Change or cancel up to 1 day before arrival. Hilton Honors Membership Required.,11000,https://www.hilton.com/en/hotels/aaterdi-doubletree-altay-fuyun/
Hilton,HILTON-AATHIHI,AATHIHI,Hilton Altay Hemu,Hilton Hotels & Resorts,MAINLAND_CN,CN,Altay,true,hilton_official_hotel_summary_extract_leadRate.lowest,CNY,1121,"¥1,121",165.13,HPPRP1,Honors Discount,Change or cancel up to 7 days before arrival. Hilton Honors Membership Required.,79000,https://www.hilton.com/en/hotels/aathihi-hilton-altay-hemu/
Hilton,HILTON-AXFZQHX,AXFZQHX,Hampton by Hilton Alxa,Hampton by Hilton,MAINLAND_CN,CN,Alxa,true,hilton_official_hotel_summary_extract_leadRate.lowest,CNY,460,¥460,67.75,LHHH1P,Honors Discount,Change or cancel by 6pm local hotel time day of arrival. Free breakfast. Hilton Honors Membership Required.,17000,https://www.hilton.com/en/hotels/axfzqhx-hampton-alxa/
Hilton,HILTON-AKAAAHX,AKAAAHX,Hampton by Hilton Ankang Hi-Tech Zone,Hampton by Hilton,MAINLAND_CN,CN,Ankang,true,hilton_official_hotel_summary_extract_leadRate.lowest,CNY,305,¥305,44.9,LHHH1P,Honors Discount,Change or cancel by 6pm local hotel time day of arrival. Free breakfast. Hilton Honors Membership Required.,12000,https://www.hilton.com/en/hotels/akaaahx-hampton-ankang-hi-tech-zone/
Hilton,HILTON-SJWACHT,SJWACHT,Home2 Suites by Hilton Hengshui Anping,Home2 Suites by Hilton,MAINLAND_CN,CN,Anping,false,hilton_extract_no_lowest_rate,CNY,,,,,,,,https://www.hilton.com/en/hotels/sjwacht-home2-suites-hengshui-anping/
Hilton,HILTON-AQGSSGI,AQGSSGI,Hilton Garden Inn Anqing Susong,Hilton Garden Inn,MAINLAND_CN,CN,Anqing,true,hilton_official_hotel_summary_extract_leadRate.lowest,CNY,219,¥219,32.26,HPPRP1,Honors Discount,Change or cancel up to 1 day before arrival. Hilton Honors Membership Required.,9000,https://www.hilton.com/en/hotels/aqgssgi-hilton-garden-inn-anqing-susong/
Hilton,HILTON-AOGCNDI,AOGCNDI,DoubleTree by Hilton Anshan,DoubleTree by Hilton,MAINLAND_CN,CN,Anshan,true,hilton_official_hotel_summary_extract_leadRate.lowest,CNY,398,¥398,58.71,HPPRP1,Honors Discount,Change or cancel up to 1 day before arrival. Hilton Honors Membership Required.,15000,https://www.hilton.com/en/hotels/aogcndi-doubletree-anshan/
Hilton,HILTON-AOGGIGI,AOGGIGI,Hilton Garden Inn Anshan,Hilton Garden Inn,MAINLAND_CN,CN,Anshan,true,hilton_official_hotel_summary_extract_leadRate.lowest,CNY,303,¥303,44.71,HPPAP4,Honors Discount Advance Purchase,Pre-payment required and non-refundable. Hilton Honors Membership Required.,12000,https://www.hilton.com/en/hotels/aoggigi-hilton-garden-inn-anshan/
Hilton,HILTON-AOGHCGI,AOGHCGI,Hilton Garden Inn Anshan Haicheng,Hilton Garden Inn,MAINLAND_CN,CN,Anshan,true,hilton_official_hotel_summary_extract_leadRate.lowest,CNY,248,¥248,36.61,HPPAP4,Honors Discount Advance Purchase,Pre-payment required and non-refundable. Hilton Honors Membership Required.,11000,https://www.hilton.com/en/hotels/aoghcgi-hilton-garden-inn-anshan-haicheng/
Hilton,HILTON-AVAHSDI,AVAHSDI,DoubleTree by Hilton Hotel Anshun,DoubleTree by Hilton,MAINLAND_CN,CN,Anshun,true,hilton_official_hotel_summary_extract_leadRate.lowest,CNY,462,¥462,68.03,HPPRP1,Honors Discount,Change or cancel by 4pm local hotel time day of arrival. Hilton Honors Membership Required.,18000,https://www.hilton.com/en/hotels/avahsdi-doubletree-anshun/
Hilton,HILTON-XMNESLX,XMNESLX,"Elite Spring Villas, an SLH Hotel",Small Luxury Hotels of the World,MAINLAND_CN,CN,Anxi,true,hilton_official_hotel_summary_extract_leadRate.lowest,CNY,2450,"¥2,450",360.6,HPPRP1,Honors Discount Breakfast Included,Includes breakfast. Hilton Honors Membership Required.,108000,https://www.hilton.com/en/hotels/xmneslx-elite-spring-villas/
Hilton,HILTON-LHWBAHX,LHWBAHX,Hampton by Hilton Baiyin,Hampton by Hilton,MAINLAND_CN,CN,Baiyin,true,hilton_official_hotel_summary_extract_leadRate.lowest,CNY,365,¥365,53.79,LHHH1P,Honors Discount,Change or cancel by 6pm local hotel time day of arrival. Free breakfast. Hilton Honors Membership Required.,14000,https://www.hilton.com/en/hotels/lhwbahx-hampton-baiyin/
Hilton,HILTON-SJWBCHX,SJWBCHX,Hampton by Hilton Baoding High-Tech Zone,Hampton by Hilton,MAINLAND_CN,CN,Baoding,true,hilton_official_hotel_summary_extract_leadRate.lowest,CNY,404,¥404,59.5,LHHH1P,Honors Discount,Change or cancel by 6pm local hotel time day of arrival. Free breakfast. Hilton Honors Membership Required.,15000,https://www.hilton.com/en/hotels/sjwbchx-hampton-baoding-high-tech-zone/
Hilton,HILTON-BVNCYHX,BVNCYHX,Hampton by Hilton Baoding Lekai Avenue,Hampton by Hilton,MAINLAND_CN,CN,Baoding,true,hilton_official_hotel_summary_extract_leadRate.lowest,CNY,387,¥387,56.96,LHHH1P,Honors Discount,Change or cancel by 6pm local hotel time day of arrival. Free breakfast. Hilton Honors Membership Required.,15000,https://www.hilton.com/en/hotels/bvncyhx-hampton-baoding-lekai-avenue/
Hilton,HILTON-PKXJWHX,PKXJWHX,Hampton by Hilton Xiongan New Area Rongcheng CEC,Hampton by Hilton,MAINLAND_CN,CN,Baoding,false,hilton_extract_no_lowest_rate,CNY,,,,,,,,https://www.hilton.com/en/hotels/pkxjwhx-hampton-xiongan-new-area-rongcheng-cec/
Hilton,HILTON-BVNDIDI,BVNDIDI,DoubleTree by Hilton Baoding,DoubleTree by Hilton,MAINLAND_CN,CN,"Baoding, Hebei Province",true,hilton_official_hotel_summary_extract_leadRate.lowest,CNY,453,¥453,66.81,HPPAP4,Honors Discount Advance Purchase,Pre-payment required and non-refundable. Hilton Honors Membership Required.,20000,https://www.hilton.com/en/hotels/bvndidi-doubletree-baoding/
Hilton,HILTON-FOCQSHX,FOCQSHX,Hampton by Hilton Qishan,Hampton by Hilton,MAINLAND_CN,CN,Baoji,false,hilton_extract_no_lowest_rate,CNY,,,,,,,,https://www.hilton.com/en/hotels/focqshx-hampton-qishan/
Hilton,HILTON-RLKJCGI,RLKJCGI,Hilton Garden Inn Bayannur Jinchuan Boulevard,Hilton Garden Inn,MAINLAND_CN,CN,Bayannur,false,hilton_extract_no_lowest_rate,CNY,,,,,,,,https://www.hilton.com/en/hotels/rlkjcgi-hilton-garden-inn-bayannur-jinchuan-boulevard/
Hilton,HILTON-BZXERHX,BZXERHX,Hampton by Hilton Bazhong Bazhou,Hampton by Hilton,MAINLAND_CN,CN,Bazhong,true,hilton_official_hotel_summary_extract_leadRate.lowest,CNY,293,¥293,43.16,LHHH1P,Honors Discount,Change or cancel by 6pm local hotel time day of arrival. Free breakfast. Hilton Honors Membership Required.,11000,https://www.hilton.com/en/hotels/bzxerhx-hampton-bazhong-bazhou/
Hilton,HILTON-BZXBAGI,BZXBAGI,Hilton Garden Inn Bazhong Bazhou,Hilton Garden Inn,MAINLAND_CN,CN,Bazhong,true,hilton_official_hotel_summary_extract_leadRate.lowest,CNY,248,¥248,36.61,HPPRP1,Honors Discount,Change or cancel up to 1 day before arrival. Hilton Honors Membership Required.,10000,https://www.hilton.com/en/hotels/bzxbagi-hilton-garden-inn-bazhong-bazhou/
Hilton,HILTON-ZHABRHX,ZHABRHX,Hampton by Hilton Beihai Station,Hampton by Hilton,MAINLAND_CN,CN,Beihai,true,hilton_official_hotel_summary_extract_leadRate.lowest,CNY,277,¥277,40.78,LHHH1P,Honors Discount,Change or cancel by 6pm local hotel time day of arrival. Free breakfast. Hilton Honors Membership Required.,11000,https://www.hilton.com/en/hotels/zhabrhx-hampton-beihai-high-speed-train-station/
Hilton,HILTON-BHYBEHI,BHYBEHI,Hilton Beihai,Hilton Hotels & Resorts,MAINLAND_CN,CN,Beihai,false,hilton_extract_no_lowest_rate,CNY,,,,,,,,https://www.hilton.com/en/hotels/bhybehi-undefined/
Hilton,HILTON-BHYJFGI,BHYJFGI,Hilton Garden Inn Beihai Railway Station,Hilton Garden Inn,MAINLAND_CN,CN,Beihai,true,hilton_official_hotel_summary_extract_leadRate.lowest,CNY,265,¥265,39.09,HPPAP4,Honors Discount Advance Purchase,Pre-payment required and non-refundable. Hilton Honors Membership Required.,11000,https://www.hilton.com/en/hotels/bhyjfgi-hilton-garden-inn-railway-station/
Hilton,HILTON-BJSCICI,BJSCICI,Conrad Beijing,Conrad Hotels & Resorts,MAINLAND_CN,CN,Beijing,true,hilton_official_hotel_summary_extract_leadRate.lowest,CNY,1231,"¥1,231",181.28,HPPRP1,Honors Discount,Change or cancel up to 1 day before arrival. Hilton Honors Membership Required.,48000,https://www.hilton.com/en/hotels/bjscici-conrad-beijing/
Hilton,HILTON-BJSBDDI,BJSBDDI,DoubleTree by Hilton Beijing Badaling,DoubleTree by Hilton,MAINLAND_CN,CN,Beijing,true,hilton_official_hotel_summary_extract_leadRate.lowest,CNY,380,¥380,55.96,HPPAP4,Honors Discount Advance Purchase,Pre-payment required and non-refundable. Hilton Honors Membership Required.,17000,https://www.hilton.com/en/hotels/bjsbddi-doubletree-beijing-badaling/
Hilton,HILTON-BJSETDI,BJSETDI,DoubleTree by Hilton Beijing East Third Ring Road,DoubleTree by Hilton,MAINLAND_CN,CN,Beijing,true,hilton_official_hotel_summary_extract_leadRate.lowest,CNY,506,¥506,74.52,HPPAP4,Honors Discount Advance Purchase,Pre-payment required and non-refundable. Hilton Honors Membership Required.,25000,https://www.hilton.com/en/hotels/bjsetdi-doubletree-beijing-east-third-ring-road/
Hilton,HILTON-BJSDTDI,BJSDTDI,DoubleTree by Hilton Hotel Beijing,DoubleTree by Hilton,MAINLAND_CN,CN,Beijing,true,hilton_official_hotel_summary_extract_leadRate.lowest,CNY,682,¥682,100.43,HPPRP1,Honors Discount,Change or cancel up to 1 day before arrival. Hilton Honors Membership Required.,27000,https://www.hilton.com/en/hotels/bjsdtdi-doubletree-beijing/
Hilton,HILTON-PEKANHX,PEKANHX,Hampton by Hilton Beijing Bird's Nest,Hampton by Hilton,MAINLAND_CN,CN,Beijing,true,hilton_official_hotel_summary_extract_leadRate.lowest,CNY,804,¥804,118.37,LHHH1P,Honors Discount,Change or cancel by 6pm local hotel time day of arrival. Free breakfast. Hilton Honors Membership Required.,30000,https://www.hilton.com/en/hotels/pekanhx-hampton-beijing-birds-nest/
Hilton,HILTON-BJSPCHX,BJSPCHX,Hampton by Hilton Beijing Capital Airport CIECC,Hampton by Hilton,MAINLAND_CN,CN,Beijing,true,hilton_official_hotel_summary_extract_leadRate.lowest,CNY,443,¥443,65.21,LHHH1P,Honors Discount,Change or cancel up to 1 day before arrival. Free breakfast. Hilton Honors Membership Required.,17000,https://www.hilton.com/en/hotels/bjspchx-hampton-beijing-capital-airport-ciecc/
Hilton,HILTON-PEKINHX,PEKINHX,Hampton by Hilton Beijing Changping,Hampton by Hilton,MAINLAND_CN,CN,Beijing,true,hilton_official_hotel_summary_extract_leadRate.lowest,CNY,541,¥541,79.65,LHHH1P,Honors Discount,Change or cancel by 6pm local hotel time day of arrival. Free breakfast. Hilton Honors Membership Required.,20000,https://www.hilton.com/en/hotels/pekinhx-hampton-beijing-changping/
Hilton,HILTON-NAYNAHX,NAYNAHX,Hampton by Hilton Beijing CIEC New Venue,Hampton by Hilton,MAINLAND_CN,CN,Beijing,false,hilton_extract_no_lowest_rate,CNY,,,,,,,,https://www.hilton.com/en/hotels/naynahx-hampton-beijing-ciec-new-venue/
Hilton,HILTON-BJSUCHX,BJSUCHX,Hampton by Hilton Beijing Communication Univ of China Station,Hampton by Hilton,MAINLAND_CN,CN,Beijing,true,hilton_official_hotel_summary_extract_leadRate.lowest,CNY,568,¥568,83.62,LHHH1P,Honors Discount,Change or cancel by 6pm local hotel time day of arrival. Free breakfast. Hilton Honors Membership Required.,21000,https://www.hilton.com/en/hotels/bjsuchx-hampton-beijing-communication-univ-of-china-station/
Hilton,HILTON-BJSIGHX,BJSIGHX,Hampton by Hilton Beijing Conference Center,Hampton by Hilton,MAINLAND_CN,CN,Beijing,true,hilton_official_hotel_summary_extract_leadRate.lowest,CNY,489,¥489,72.03,LHHH1P,Honors Discount,Change or cancel by 6pm local hotel time day of arrival. Free breakfast. Hilton Honors Membership Required.,18000,https://www.hilton.com/en/hotels/bjsighx-hampton-beijing-conference-center/
Hilton,HILTON-NAYARHX,NAYARHX,Hampton by Hilton Beijing Daxing BioPark,Hampton by Hilton,MAINLAND_CN,CN,Beijing,true,hilton_official_hotel_summary_extract_leadRate.lowest,CNY,587,¥587,86.47,LHHH1P,Honors Discount,Change or cancel by 6pm local hotel time day of arrival. Free breakfast. Hilton Honors Membership Required.,22000,https://www.hilton.com/en/hotels/nayarhx-hampton-beijing-daxing-biopark/
Hilton,HILTON-BJSPAHX,BJSPAHX,Hampton by Hilton Beijing Daxing World Flower Plaza,Hampton by Hilton,MAINLAND_CN,CN,Beijing,true,hilton_official_hotel_summary_extract_leadRate.lowest,CNY,612,¥612,90.12,LHHH1P,Honors Discount,Change or cancel by 6pm local hotel time day of arrival. Free breakfast. Hilton Honors Membership Required.,23000,https://www.hilton.com/en/hotels/bjspahx-hampton-beijing-daxing-world-flower/
Hilton,HILTON-BJSFHHX,BJSFHHX,Hampton by Hilton Beijing Fangshan,Hampton by Hilton,MAINLAND_CN,CN,Beijing,true,hilton_official_hotel_summary_extract_leadRate.lowest,CNY,607,¥607,89.49,LHHH1P,Honors Discount,Change or cancel by 6pm local hotel time day of arrival. Free breakfast. Hilton Honors Membership Required.,23000,https://www.hilton.com/en/hotels/bjsfhhx-hampton-beijing-fangshan/
Hilton,HILTON-NAYJIHX,NAYJIHX,Hampton by Hilton Beijing Guomao CBD,Hampton by Hilton,MAINLAND_CN,CN,Beijing,true,hilton_official_hotel_summary_extract_leadRate.lowest,CNY,684,¥684,100.75,LHHH1P,Honors Discount,Change or cancel by 6pm local hotel time day of arrival. Free breakfast. Hilton Honors Membership Required.,26000,https://www.hilton.com/en/hotels/nayjihx-hampton-beijing-huamaao-cbd/
Hilton,HILTON-BJSSMHX,BJSSMHX,Hampton by Hilton Beijing Shahe Higher Education Park,Hampton by Hilton,MAINLAND_CN,CN,Beijing,true,hilton_official_hotel_summary_extract_leadRate.lowest,CNY,519,¥519,76.48,LHHH1P,Honors Discount,Change or cancel by 6pm local hotel time day of arrival. Free breakfast. Hilton Honors Membership Required.,20000,https://www.hilton.com/en/hotels/bjssmhx-hampton-beijing-shahe-higher-education-park/
Hilton,HILTON-BJSWSHX,BJSWSHX,Hampton by Hilton Beijing Shijingshan Amusement Park,Hampton by Hilton,MAINLAND_CN,CN,Beijing,true,hilton_official_hotel_summary_extract_leadRate.lowest,CNY,542,¥542,79.81,LHHH1P,Honors Discount,Change or cancel by 6pm local hotel time day of arrival. Free breakfast. Hilton Honors Membership Required.,20000,https://www.hilton.com/en/hotels/bjswshx-hampton-beijing-shijingshan-amusement-park/
Hilton,HILTON-BJSSSHX,BJSSSHX,Hampton by Hilton Beijing South Railway Station,Hampton by Hilton,MAINLAND_CN,CN,Beijing,true,hilton_official_hotel_summary_extract_leadRate.lowest,CNY,693,¥693,102.02,LHHH1P,Honors Discount,Change or cancel by 6pm local hotel time day of arrival. Free breakfast. Hilton Honors Membership Required.,26000,https://www.hilton.com/en/hotels/bjssshx-hampton-beijing-south-railway-station/
Hilton,HILTON-PEKWAHX,PEKWAHX,Hampton by Hilton Beijing Wangjing,Hampton by Hilton,MAINLAND_CN,CN,Beijing,true,hilton_official_hotel_summary_extract_leadRate.lowest,CNY,693,¥693,102.02,LHHH1P,Honors Discount,Change or cancel by 6pm local hotel time day of arrival. Free breakfast. Hilton Honors Membership Required.,26000,https://www.hilton.com/en/hotels/pekwahx-hampton-beijing-wangjing/
Hilton,HILTON-PEKLXHX,PEKLXHX,Hampton by Hilton Beijing West Railway Station Lize Business District,Hampton by Hilton,MAINLAND_CN,CN,Beijing,true,hilton_official_hotel_summary_extract_leadRate.lowest,CNY,619,¥619,91.23,LHHH1P,Honors Discount,Change or cancel by 6pm local hotel time day of arrival. Free breakfast. Hilton Honors Membership Required.,23000,https://www.hilton.com/en/hotels/peklxhx-hampton-by-hilton-beijing-west-railway-station-lize-business-district/
Hilton,HILTON-BJSWXHX,BJSWXHX,Hampton by Hilton Beijing Wuzi Xueyuan Road,Hampton by Hilton,MAINLAND_CN,CN,Beijing,true,hilton_official_hotel_summary_extract_leadRate.lowest,CNY,465,¥465,68.54,LHHH1P,Honors Discount,Change or cancel by 6pm local hotel time day of arrival. Free breakfast. Hilton Honors Membership Required.,18000,https://www.hilton.com/en/hotels/bjswxhx-hampton-beijing-wuzi-xueyuan-road/
Hilton,HILTON-BJSONHX,BJSONHX,Hampton by Hilton Beijing Yizhuang Economic Development Area,Hampton by Hilton,MAINLAND_CN,CN,Beijing,true,hilton_official_hotel_summary_extract_leadRate.lowest,CNY,443,¥443,65.21,LHHH1P,Honors Discount,Change or cancel by 6pm local hotel time day of arrival. Free breakfast. Hilton Honors Membership Required.,17000,https://www.hilton.com/en/hotels/bjsonhx-hampton-beijing-yizhuang-economic-development-area/
Hilton,HILTON-PEKAAHX,PEKAAHX,Hampton by Hilton Beijing Yizhuang New Town Industrial Park,Hampton by Hilton,MAINLAND_CN,CN,Beijing,true,hilton_official_hotel_summary_extract_leadRate.lowest,CNY,444,¥444,65.37,LHHH1P,Honors Discount,Change or cancel by 6pm local hotel time day of arrival. Free breakfast. Hilton Honors Membership Required.,17000,https://www.hilton.com/en/hotels/pekaahx-hampton-beijing-yizhuang-new-town-industrial-park/
Hilton,HILTON-PEKBXHX,PEKBXHX,Hampton by Hilton Beijing Yunhe Business District,Hampton by Hilton,MAINLAND_CN,CN,Beijing,true,hilton_official_hotel_summary_extract_leadRate.lowest,CNY,499,¥499,73.46,LHHH1P,Honors Discount,Change or cancel by 6pm local hotel time day of arrival. Free breakfast. Hilton Honors Membership Required.,19000,https://www.hilton.com/en/hotels/pekbxhx-hampton-beijing-yunhe-business-district/
Hilton,HILTON-BJSBEHX,BJSBEHX,Hampton by Hilton Beijing Zhongguancun Software Park,Hampton by Hilton,MAINLAND_CN,CN,Beijing,true,hilton_official_hotel_summary_extract_leadRate.lowest,CNY,620,¥620,91.39,LHHH1P,Honors Discount,Change or cancel by 6pm local hotel time day of arrival. Free breakfast. Hilton Honors Membership Required.,23000,https://www.hilton.com/en/hotels/bjsbehx-hampton-by-hilton-beijing-zhongguancun-software-park/
Hilton,HILTON-BJSHITW,BJSHITW,Hilton Beijing,Hilton Hotels & Resorts,MAINLAND_CN,CN,Beijing,true,hilton_official_hotel_summary_extract_leadRate.lowest,CNY,755,¥755,111.13,HPPAP4,Honors Discount Advance Purchase,Pre-payment required and non-refundable. Hilton Honors Membership Required.,34000,https://www.hilton.com/en/hotels/bjshitw-hilton-beijing/
Hilton,HILTON-BJSCAHI,BJSCAHI,Hilton Beijing Capital Airport,Hilton Hotels & Resorts,MAINLAND_CN,CN,Beijing,true,hilton_official_hotel_summary_extract_leadRate.lowest,CNY,553,¥553,81.4,HPPRP1,Honors Discount,Change or cancel up to 1 day before arrival. Hilton Honors Membership Required.,21000,https://www.hilton.com/en/hotels/bjscahi-hilton-beijing-capital-airport/
Hilton,HILTON-BJSBCHI,BJSBCHI,Hilton Beijing Daxing,Hilton Hotels & Resorts,MAINLAND_CN,CN,Beijing,true,hilton_official_hotel_summary_extract_leadRate.lowest,CNY,662,¥662,97.55,HPPRP1,Honors Discount,Change or cancel up to 1 day before arrival. Hilton Honors Membership Required.,25000,https://www.hilton.com/en/hotels/bjsbchi-hilton-beijing-daxing/
Hilton,HILTON-BJSTOHI,BJSTOHI,Hilton Beijing Tongzhou,Hilton Hotels & Resorts,MAINLAND_CN,CN,Beijing,true,hilton_official_hotel_summary_extract_leadRate.lowest,CNY,600,¥600,88.42,HPPRP1,Honors Discount,Change or cancel up to 1 day before arrival. Hilton Honors Membership Required.,24000,https://www.hilton.com/en/hotels/bjstohi-hilton-beijing-tongzhou/
Hilton,HILTON-BJSWFHI,BJSWFHI,Hilton Beijing Wangfujing,Hilton Hotels & Resorts,MAINLAND_CN,CN,Beijing,true,hilton_official_hotel_summary_extract_leadRate.lowest,CNY,1141,"¥1,141",167.99,HPPAP4,Honors Discount Advance Purchase,Pre-payment required and non-refundable. Hilton Honors Membership Required.,50000,https://www.hilton.com/en/hotels/bjswfhi-hilton-beijing-wangfujing/
Hilton,HILTON-BJSAGGI,BJSAGGI,Hilton Garden Inn Beijing Asian Games Village,Hilton Garden Inn,MAINLAND_CN,CN,Beijing,true,hilton_official_hotel_summary_extract_leadRate.lowest,CNY,565,¥565,83.25,HPPRP1,Honors Discount,Change or cancel up to 1 day before arrival. Hilton Honors Membership Required.,22000,https://www.hilton.com/en/hotels/bjsaggi-hilton-garden-inn-beijing-asian-games-village/
Hilton,HILTON-BJSDXGI,BJSDXGI,Hilton Garden Inn Beijing Daxing International Airport,Hilton Garden Inn,MAINLAND_CN,CN,Beijing,true,hilton_official_hotel_summary_extract_leadRate.lowest,CNY,374,¥374,55.11,HPPAP4,Honors Discount Advance Purchase,Pre-payment required and non-refundable. Hilton Honors Membership Required.,17000,https://www.hilton.com/en/hotels/bjsdxgi-hilton-garden-inn-beijing-daxing-international-airport/
Hilton,HILTON-BJSCCGI,BJSCCGI,Hilton Garden Inn Beijing Daxing Jinyuan Road,Hilton Garden Inn,MAINLAND_CN,CN,Beijing,true,hilton_official_hotel_summary_extract_leadRate.lowest,CNY,379,¥379,55.87,HPPRP1,Honors Discount,Change or cancel up to 1 day before arrival. Hilton Honors Membership Required.,15000,https://www.hilton.com/en/hotels/bjsccgi-hilton-garden-inn-beijing-daxing-jinyuan-road/
Hilton,HILTON-BJSXTGI,BJSXTGI,Hilton Garden Inn Beijing Fengtai Xiaotun Road,Hilton Garden Inn,MAINLAND_CN,CN,Beijing,false,hilton_extract_no_lowest_rate,CNY,,,,,,,,https://www.hilton.com/en/hotels/bjsxtgi-hilton-garden-inn-beijing-fengtai-xiaotun-road/
Hilton,HILTON-BJSFTGI,BJSFTGI,Hilton Garden Inn Beijing Fengtai Xinxiang Building,Hilton Garden Inn,MAINLAND_CN,CN,Beijing,true,hilton_official_hotel_summary_extract_leadRate.lowest,CNY,517,¥517,76.09,LV0,Flexible Rate,Change or cancel by 6pm local hotel time day of arrival. Room only.,19000,https://www.hilton.com/en/hotels/bjsftgi-hilton-garden-inn-beijing-fengtai-xinxiang-building/
Hilton,HILTON-BJSGMGI,BJSGMGI,Hilton Garden Inn Beijing Guomao,Hilton Garden Inn,MAINLAND_CN,CN,Beijing,true,hilton_official_hotel_summary_extract_leadRate.lowest,CNY,625,¥625,92.13,HPPRP1,Honors Discount,Change or cancel up to 1 day before arrival. Hilton Honors Membership Required.,24000,https://www.hilton.com/en/hotels/bjsgmgi-hilton-garden-inn-beijing-guomao/
Hilton,HILTON-BJSHDGI,BJSHDGI,Hilton Garden Inn Beijing Haidian Daoxiang Lake,Hilton Garden Inn,MAINLAND_CN,CN,Beijing,true,hilton_official_hotel_summary_extract_leadRate.lowest,CNY,507,¥507,74.73,HPPRP1,Honors Discount,Change or cancel up to 1 day before arrival. Hilton Honors Membership Required.,19000,https://www.hilton.com/en/hotels/bjshdgi-hilton-garden-inn-beijing-haidian-daoxiang-lake/
Hilton,HILTON-BJSHXGI,BJSHXGI,Hilton Garden Inn Beijing Huaxiang Tiantan Hospital,Hilton Garden Inn,MAINLAND_CN,CN,Beijing,true,hilton_official_hotel_summary_extract_leadRate.lowest,CNY,486,¥486,71.54,HPPRP1,Honors Discount,Change or cancel up to 1 day before arrival. Hilton Honors Membership Required.,19000,https://www.hilton.com/en/hotels/bjshxgi-hilton-garden-inn-beijing-huaxiang-tiantan-hospital/
Hilton,HILTON-BJSTTGI,BJSTTGI,Hilton Garden Inn Beijing Temple of Heaven East Gate Station,Hilton Garden Inn,MAINLAND_CN,CN,Beijing,true,hilton_official_hotel_summary_extract_leadRate.lowest,CNY,517,¥517,76.09,HPPRP1,Honors Discount,Change or cancel by 4pm local hotel time day of arrival. Hilton Honors Membership Required.,22000,https://www.hilton.com/en/hotels/bjsttgi-hilton-garden-inn-beijing-temple-of-heaven-east-gate-station/
Hilton,HILTON-BJSWRGI,BJSWRGI,Hilton Garden Inn Beijing West Railway Station,Hilton Garden Inn,MAINLAND_CN,CN,Beijing,true,hilton_official_hotel_summary_extract_leadRate.lowest,CNY,537,¥537,79.14,HPPRP1,Honors Discount,Change or cancel up to 1 day before arrival. Hilton Honors Membership Required.,20000,https://www.hilton.com/en/hotels/bjswrgi-hilton-garden-inn-beijing-west-railway-station/
Hilton,HILTON-BJSYZGI,BJSYZGI,Hilton Garden Inn Beijing Yizhuang,Hilton Garden Inn,MAINLAND_CN,CN,Beijing,true,hilton_official_hotel_summary_extract_leadRate.lowest,CNY,432,¥432,63.62,HPPRP1,Honors Discount,Change or cancel up to 1 day before arrival. Hilton Honors Membership Required.,17000,https://www.hilton.com/en/hotels/bjsyzgi-hilton-garden-inn-beijing-yizhuang/
Hilton,HILTON-PEKSHHT,PEKSHHT,Home2 Suites by Hilton Beijing Shunyi,Home2 Suites by Hilton,MAINLAND_CN,CN,Beijing,true,hilton_official_hotel_summary_extract_leadRate.lowest,CNY,429,¥429,63.25,SHTH4A,Honors Discount Advance Purchase,Free breakfast. No cancellations. Pay now. Hilton Honors Membership Required.,18000,https://www.hilton.com/en/hotels/pekshht-home2-suites-beijing-shunyi/
Hilton,HILTON-BJSRSHT,BJSRSHT,Home2 Suites by Hilton Beijing West Railway Station,Home2 Suites by Hilton,MAINLAND_CN,CN,Beijing,true,hilton_official_hotel_summary_extract_leadRate.lowest,CNY,682,¥682,100.47,SHTH4A,Honors Discount Advance Purchase,Free breakfast. No cancellations. Pay now. Hilton Honors Membership Required.,29000,https://www.hilton.com/en/hotels/bjsrsht-home2-suites-beijing-west-railway-station/
Hilton,HILTON-PEKEBLX,PEKEBLX,"Hotel Eclat Beijing, an SLH Hotel",Small Luxury Hotels of the World,MAINLAND_CN,CN,Beijing,true,hilton_official_hotel_summary_extract_leadRate.lowest,CNY,1449,"¥1,449",213.37,HPPRP1,Honors Discount Breakfast Included,Includes breakfast. Hilton Honors Membership Required.,60000,https://www.hilton.com/en/hotels/pekeblx-hotel-eclat-beijing/
Hilton,HILTON-BJSWAWA,BJSWAWA,Waldorf Astoria Beijing,Waldorf Astoria,MAINLAND_CN,CN,Beijing,true,hilton_official_hotel_summary_extract_leadRate.lowest,CNY,2176,"¥2,176",320.31,HPPAP4,Honors Discount Advance Purchase,Pre-payment required and non-refundable. Hilton Honors Membership Required.,100000,https://www.hilton.com/en/hotels/bjswawa-waldorf-astoria-beijing/
Hilton,HILTON-PEKYVLX,PEKYVLX,"Yanbai Villa, an SLH Hotel",Small Luxury Hotels of the World,MAINLAND_CN,CN,Beijing,true,hilton_official_hotel_summary_extract_leadRate.lowest,CNY,4997,"¥4,997",735.49,HPPRP1,Honors Discount Breakfast Included,Includes breakfast. Hilton Honors Membership Required.,120000,https://www.hilton.com/en/hotels/pekyvlx-yanbai-villa/
Hilton,HILTON-SHEBCDI,SHEBCDI,DoubleTree Resort by Hilton Benxi,DoubleTree by Hilton,MAINLAND_CN,CN,Benxi,false,hilton_extract_no_lowest_rate,CNY,,,,,,,,https://www.hilton.com/en/hotels/shebcdi-doubletree-resort-benxi/
Hilton,HILTON-DOYBZHX,DOYBZHX,Hampton by Hilton Binzhou,Hampton by Hilton,MAINLAND_CN,CN,Binzhou,true,hilton_official_hotel_summary_extract_leadRate.lowest,CNY,323,¥323,47.6,LHHH1P,Honors Discount,Change or cancel by 6pm local hotel time day of arrival. Free breakfast. Hilton Honors Membership Required.,12000,https://www.hilton.com/en/hotels/doybzhx-hampton-binzhou/
Hilton,HILTON-CBZINHX,CBZINHX,Hampton by Hilton Binzhou Fuyou Street,Hampton by Hilton,MAINLAND_CN,CN,Binzhou,true,hilton_official_hotel_summary_extract_leadRate.lowest,CNY,387,¥387,56.96,LHHH1P,Honors Discount,Change or cancel by 6pm local hotel time day of arrival. Free breakfast. Hilton Honors Membership Required.,,https://www.hilton.com/en/hotels/cbzinhx-hampton-binzhou-fuyou-street/
Hilton,HILTON-TSNBDHT,TSNBDHT,Home2 Suites by Hilton Binzhou Boxing,Home2 Suites by Hilton,MAINLAND_CN,CN,Binzhou,true,hilton_official_hotel_summary_extract_leadRate.lowest,CNY,327,¥327,48.25,SHTH4A,Honors Discount Advance Purchase,Free breakfast. No cancellations. Pay now. Hilton Honors Membership Required.,14000,https://www.hilton.com/en/hotels/tsnbdht-home2-suites-binzhou-boxing/
Hilton,HILTON-BPLBBHT,BPLBBHT,Home2 Suites by Hilton Bole,Home2 Suites by Hilton,MAINLAND_CN,CN,Bole,true,hilton_official_hotel_summary_extract_leadRate.lowest,CNY,303,¥303,44.71,SHTH4A,Honors Discount Advance Purchase,Free breakfast. No cancellations. Pay now. Hilton Honors Membership Required.,13000,https://www.hilton.com/en/hotels/bplbbht-home2-suites-bole/
Hilton,HILTON-BPLJHGI,BPLJHGI,Hilton Garden Inn Jinghe County,Hilton Garden Inn,MAINLAND_CN,CN,Bortala,true,hilton_official_hotel_summary_extract_leadRate.lowest,CNY,272,¥272,40.14,HPPAP4,Honors Discount Advance Purchase,Pre-payment required and non-refundable. Hilton Honors Membership Required.,13000,https://www.hilton.com/en/hotels/bpljhgi-hilton-garden-inn-jinghe-county/
Hilton,HILTON-FUGBOHX,FUGBOHX,Hampton by Hilton Bozhou Culture Park,Hampton by Hilton,MAINLAND_CN,CN,Bozhou,true,hilton_official_hotel_summary_extract_leadRate.lowest,CNY,314,¥314,46.33,LHHH1P,Honors Discount,Change or cancel by 6pm local hotel time day of arrival. Free breakfast. Hilton Honors Membership Required.,12000,https://www.hilton.com/en/hotels/fugbohx-hampton-bozhou-culture-park/
Hilton,HILTON-TSNCAHX,TSNCAHX,Hampton by Hilton Cangzhou Xinhua,Hampton by Hilton,MAINLAND_CN,CN,Cangzhou,true,hilton_official_hotel_summary_extract_leadRate.lowest,CNY,322,¥322,47.44,LHHH1P,Honors Discount,Change or cancel by 6pm local hotel time day of arrival. Free breakfast. Hilton Honors Membership Required.,12000,https://www.hilton.com/en/hotels/tsncahx-hampton-cangzhou-xinhua/
Hilton,HILTON-CGQUNHX,CGQUNHX,Hampton by Hilton Changchun Cultural Square,Hampton by Hilton,MAINLAND_CN,CN,Changchun,true,hilton_official_hotel_summary_extract_leadRate.lowest,CNY,502,¥502,73.94,LHHH1P,Honors Discount,Change or cancel by 6pm local hotel time day of arrival. Free breakfast. Hilton Honors Membership Required.,19000,https://www.hilton.com/en/hotels/cgqunhx-hampton-changchun-cultural-square/
Hilton,HILTON-CGQCNHX,CGQCNHX,Hampton by Hilton Changchun Gaoxin,Hampton by Hilton,MAINLAND_CN,CN,Changchun,true,hilton_official_hotel_summary_extract_leadRate.lowest,CNY,337,¥337,49.66,LHHH1P,Honors Discount,Change or cancel by 6pm local hotel time day of arrival. Free breakfast. Hilton Honors Membership Required.,13000,https://www.hilton.com/en/hotels/cgqcnhx-hampton-changchun-gaoxin/
Hilton,HILTON-CGQTIHX,CGQTIHX,Hampton by Hilton Changchun Jingyue,Hampton by Hilton,MAINLAND_CN,CN,Changchun,true,hilton_official_hotel_summary_extract_leadRate.lowest,CNY,425,¥425,62.67,LHHH1P,Honors Discount,Change or cancel by 6pm local hotel time day of arrival. Free breakfast. Hilton Honors Membership Required.,16000,https://www.hilton.com/en/hotels/cgqtihx-hampton-changchun-jingyue/
Hilton,HILTON-CGQSDHX,CGQSDHX,Hampton by Hilton Changchun Shengtai Square,Hampton by Hilton,MAINLAND_CN,CN,Changchun,true,hilton_official_hotel_summary_extract_leadRate.lowest,CNY,376,¥376,55.37,LHHH1P,Honors Discount,Change or cancel by 6pm local hotel time day of arrival. Free breakfast. Hilton Honors Membership Required.,14000,https://www.hilton.com/en/hotels/cgqsdhx-hampton-changchun-shengtai-square/
Hilton,HILTON-CGQLHHX,CGQLHHX,Hampton by Hilton Changchun Ziyou Road,Hampton by Hilton,MAINLAND_CN,CN,Changchun,true,hilton_official_hotel_summary_extract_leadRate.lowest,CNY,415,¥415,61.09,LHHH1P,Honors Discount,Change or cancel by 6pm local hotel time day of arrival. Free breakfast. Hilton Honors Membership Required.,16000,https://www.hilton.com/en/hotels/cgqlhhx-hampton-changchun-ziyou-road/
Hilton,HILTON-CGQGIGI,CGQGIGI,Hilton Garden Inn Changchun Economic Development Zone,Hilton Garden Inn,MAINLAND_CN,CN,Changchun,true,hilton_official_hotel_summary_extract_leadRate.lowest,CNY,336,¥336,49.46,HPPRP1,Honors Discount,Change or cancel up to 1 day before arrival. Hilton Honors Membership Required.,17000,https://www.hilton.com/en/hotels/cgqgigi-hilton-garden-inn-changchun-economic-development-zone/
Hilton,HILTON-CGDCHHX,CGDCHHX,Hampton by Hilton Changde Economic Development Zone,Hampton by Hilton,MAINLAND_CN,CN,Changde,true,hilton_official_hotel_summary_extract_leadRate.lowest,CNY,429,¥429,63.24,LHHH1P,Honors Discount,Change or cancel by 6pm local hotel time day of arrival. Free breakfast. Hilton Honors Membership Required.,15000,https://www.hilton.com/en/hotels/cgdchhx-hampton-changde-economic-development-zone/
Hilton,HILTON-CGDWLGI,CGDWLGI,Hilton Garden Inn Changde Dingcheng,Hilton Garden Inn,MAINLAND_CN,CN,Changde,true,hilton_official_hotel_summary_extract_leadRate.lowest,CNY,263,¥263,38.8,HPPAP4,Honors Discount Advance Purchase,Pre-payment required and non-refundable. Hilton Honors Membership Required.,11000,https://www.hilton.com/en/hotels/cgdwlgi-hilton-garden-inn-changde-dingcheng/
Hilton,HILTON-URCULHX,URCULHX,Hampton by Hilton Changji,Hampton by Hilton,MAINLAND_CN,CN,Changji,true,hilton_official_hotel_summary_extract_leadRate.lowest,CNY,385,¥385,56.8,LHHH1P,Honors Discount,Change or cancel by 6pm local hotel time day of arrival. Free breakfast. Hilton Honors Membership Required.,15000,https://www.hilton.com/en/hotels/urculhx-hampton-changji/
Hilton,HILTON-CSXTXDI,CSXTXDI,DoubleTree by Hilton Changsha Tianxin,DoubleTree by Hilton,MAINLAND_CN,CN,Changsha,true,hilton_official_hotel_summary_extract_leadRate.lowest,CNY,450,¥450,66.35,HPPRP1,Honors Discount,Change or cancel up to 1 day before arrival. Hilton Honors Membership Required.,18000,https://www.hilton.com/en/hotels/csxtxdi-doubletree-changsha-tianxin/
Hilton,HILTON-CSXSHHX,CSXSHHX,Hampton by Hilton Changsha Binjiang Financial Center,Hampton by Hilton,MAINLAND_CN,CN,Changsha,true,hilton_official_hotel_summary_extract_leadRate.lowest,CNY,446,¥446,65.69,LHHH1P,Honors Discount,Change or cancel by 6pm local hotel time day of arrival. Free breakfast. Hilton Honors Membership Required.,17000,https://www.hilton.com/en/hotels/csxshhx-hampton-changsha-binjiang-financial-center/
Hilton,HILTON-CSXSCHX,CSXSCHX,Hampton by Hilton Changsha Dongying Square,Hampton by Hilton,MAINLAND_CN,CN,Changsha,false,hilton_extract_no_lowest_rate,CNY,,,,,,,,https://www.hilton.com/en/hotels/csxschx-hampton-changsha-dongying-square/
Hilton,HILTON-CSXHXHX,CSXHXHX,Hampton by Hilton Changsha Liuyang,Hampton by Hilton,MAINLAND_CN,CN,Changsha,true,hilton_official_hotel_summary_extract_leadRate.lowest,CNY,349,¥349,51.41,LHHH1P,Honors Discount,Change or cancel by 6pm local hotel time day of arrival. Free breakfast. Hilton Honors Membership Required.,13000,https://www.hilton.com/en/hotels/csxhxhx-hampton-changsha-liuyang/
Hilton,HILTON-CSXANHX,CSXANHX,Hampton by Hilton Changsha Malanshan,Hampton by Hilton,MAINLAND_CN,CN,Changsha,true,hilton_official_hotel_summary_extract_leadRate.lowest,CNY,383,¥383,56.49,LHHH1P,Honors Discount,Change or cancel by 6pm local hotel time day of arrival. Free breakfast. Hilton Honors Membership Required.,15000,https://www.hilton.com/en/hotels/csxanhx-hampton-changsha-malanshan/
Hilton,HILTON-CSXYDHX,CSXYDHX,Hampton by Hilton Changsha Meixi Lake,Hampton by Hilton,MAINLAND_CN,CN,Changsha,true,hilton_official_hotel_summary_extract_leadRate.lowest,CNY,394,¥394,58.07,LHHH1P,Honors Discount,Change or cancel by 6pm local hotel time day of arrival. Free breakfast. Hilton Honors Membership Required.,15000,https://www.hilton.com/en/hotels/csxydhx-hampton-changsha-meixi-lake/
Hilton,HILTON-CSXHAHX,CSXHAHX,Hampton by Hilton Changsha Moon Island,Hampton by Hilton,MAINLAND_CN,CN,Changsha,true,hilton_official_hotel_summary_extract_leadRate.lowest,CNY,355,¥355,52.36,LHHH1P,Honors Discount,Change or cancel by 6pm local hotel time day of arrival. Free breakfast. Hilton Honors Membership Required.,14000,https://www.hilton.com/en/hotels/csxhahx-hampton-changsha-moon-island/
Hilton,HILTON-CSXCGHX,CSXCGHX,Hampton by Hilton Changsha South Station ICEC,Hampton by Hilton,MAINLAND_CN,CN,Changsha,true,hilton_official_hotel_summary_extract_leadRate.lowest,CNY,461,¥461,67.91,LHHH1P,Honors Discount,Change or cancel by 6pm local hotel time day of arrival. Free breakfast. Hilton Honors Membership Required.,17000,https://www.hilton.com/en/hotels/csxcghx-hampton-changsha-south-station-icec/
Hilton,HILTON-CSXBRHX,CSXBRHX,Hampton by Hilton Changsha Wuyi Square,Hampton by Hilton,MAINLAND_CN,CN,Changsha,true,hilton_official_hotel_summary_extract_leadRate.lowest,CNY,464,¥464,68.39,LHHH1P,Honors Discount,Change or cancel by 6pm local hotel time day of arrival. Free breakfast. Hilton Honors Membership Required.,18000,https://www.hilton.com/en/hotels/csxbrhx-hampton-changsha-wuyi-square/
Hilton,HILTON-CSXCAHX,CSXCAHX,Hampton by Hilton Changsha Xingsha,Hampton by Hilton,MAINLAND_CN,CN,Changsha,true,hilton_official_hotel_summary_extract_leadRate.lowest,CNY,405,¥405,59.66,LHHH1P,Honors Discount,Change or cancel by 6pm local hotel time day of arrival. Free breakfast. Hilton Honors Membership Required.,15000,https://www.hilton.com/en/hotels/csxcahx-hampton-changsha-xingsha/
Hilton,HILTON-CSXHIHX,CSXHIHX,Hampton by Hilton Changsha Yuhua High-speed Railway Station,Hampton by Hilton,MAINLAND_CN,CN,Changsha,true,hilton_official_hotel_summary_extract_leadRate.lowest,CNY,405,¥405,59.66,LHHH1P,Honors Discount,Change or cancel by 6pm local hotel time day of arrival. Free breakfast. Hilton Honors Membership Required.,15000,https://www.hilton.com/en/hotels/csxhihx-hampton-changsha-yuhua-high-speed-railway-station/
Hilton,HILTON-CSXCCHI,CSXCCHI,Hilton Changsha Riverside,Hilton Hotels & Resorts,MAINLAND_CN,CN,Changsha,true,hilton_official_hotel_summary_extract_leadRate.lowest,CNY,572,¥572,84.19,HPPAP4,Honors Discount Advance Purchase,Pre-payment required and non-refundable. Hilton Honors Membership Required.,23000,https://www.hilton.com/en/hotels/csxcchi-hilton-changsha-riverside/
Hilton,HILTON-CSXXRGI,CSXXRGI,Hilton Garden Inn Changsha Xiangfu Road,Hilton Garden Inn,MAINLAND_CN,CN,Changsha,false,hilton_extract_no_lowest_rate,CNY,,,,,,,,https://www.hilton.com/en/hotels/csxxrgi-hilton-garden-inn-changsha-xiangfu-road/
Hilton,HILTON-CSXYLGI,CSXYLGI,Hilton Garden Inn Changsha Yuelu,Hilton Garden Inn,MAINLAND_CN,CN,Changsha,true,hilton_official_hotel_summary_extract_leadRate.lowest,CNY,326,¥326,48.09,HPPRP1,Honors Discount,Change or cancel by 6pm local hotel time day of arrival. Hilton Honors Membership Required.,13000,https://www.hilton.com/en/hotels/csxylgi-hilton-garden-inn-changsha-yuelu/
Hilton,HILTON-CSXWRHT,CSXWRHT,Home2 Suites by Hilton Changsha Lugu,Home2 Suites by Hilton,MAINLAND_CN,CN,Changsha,true,hilton_official_hotel_summary_extract_leadRate.lowest,CNY,336,¥336,49.53,SHTH4A,Honors Discount Advance Purchase,Free breakfast. No cancellations. Pay now. Hilton Honors Membership Required.,14000,https://www.hilton.com/en/hotels/csxwrht-home2-suites-changsha-lugu/
Hilton,HILTON-CSXIAHT,CSXIAHT,Home2 Suites by Hilton Changsha Ningxiang,Home2 Suites by Hilton,MAINLAND_CN,CN,Changsha,true,hilton_official_hotel_summary_extract_leadRate.lowest,CNY,303,¥303,44.71,SHTH4A,Honors Discount Advance Purchase,Free breakfast. No cancellations. Pay now. Hilton Honors Membership Required.,13000,https://www.hilton.com/en/hotels/csxiaht-home2-suites-changsha-ningxiang/
Hilton,HILTON-WUXCSHI,WUXCSHI,Hilton Changshu,Hilton Hotels & Resorts,MAINLAND_CN,CN,Changshu,true,hilton_official_hotel_summary_extract_leadRate.lowest,CNY,619,¥619,91.16,HPPRP1,Honors Discount,Change or cancel up to 1 day before arrival. Hilton Honors Membership Required.,25000,https://www.hilton.com/en/hotels/wuxcshi-hilton-changshu/
Hilton,HILTON-CIHCHHX,CIHCHHX,Hampton by Hilton Changzhi Luzhou,Hampton by Hilton,MAINLAND_CN,CN,Changzhi,true,hilton_official_hotel_summary_extract_leadRate.lowest,CNY,481,¥481,70.92,LHHH1P,Honors Discount,Change or cancel by 6pm local hotel time day of arrival. Free breakfast. Hilton Honors Membership Required.,18000,https://www.hilton.com/en/hotels/cihchhx-hampton-changzhi-luzhou/
Hilton,HILTON-CZXKAHX,CZXKAHX,Hampton by Hilton Changzhou Jintan,Hampton by Hilton,MAINLAND_CN,CN,Changzhou,true,hilton_official_hotel_summary_extract_leadRate.lowest,CNY,313,¥313,46.17,LHHH1P,Honors Discount,Change or cancel by 6pm local hotel time day of arrival. Free breakfast. Hilton Honors Membership Required.,12000,https://www.hilton.com/en/hotels/czxkahx-hampton-changzhou-jintan/
Hilton,HILTON-CZXWDHI,CZXWDHI,Hilton Changzhou,Hilton Hotels & Resorts,MAINLAND_CN,CN,Changzhou,true,hilton_official_hotel_summary_extract_leadRate.lowest,CNY,468,¥468,68.97,HPPRP1,Honors Discount,Change or cancel by 6pm local hotel time day of arrival. Hilton Honors Membership Required.,18000,https://www.hilton.com/en/hotels/czxwdhi-hilton-changzhou/
Hilton,HILTON-CZXJTGI,CZXJTGI,Hilton Garden Inn Changzhou Jintan,Hilton Garden Inn,MAINLAND_CN,CN,Changzhou,true,hilton_official_hotel_summary_extract_leadRate.lowest,CNY,244,¥244,35.92,HPPRP1,Honors Discount,Change or cancel by 6pm local hotel time day of arrival. Hilton Honors Membership Required.,10000,https://www.hilton.com/en/hotels/czxjtgi-hilton-garden-inn-changzhou-jintan/
Hilton,HILTON-CZXXBGI,CZXXBGI,Hilton Garden Inn Changzhou Xinbei,Hilton Garden Inn,MAINLAND_CN,CN,Changzhou,true,hilton_official_hotel_summary_extract_leadRate.lowest,CNY,273,¥273,40.27,HPPAP4,Honors Discount Advance Purchase,Pre-payment required and non-refundable. Hilton Honors Membership Required.,13000,https://www.hilton.com/en/hotels/czxxbgi-garden-inn-changzhou-xinbei/
Hilton,HILTON-CZXCNHT,CZXCNHT,Home2 Suites by Hilton Changzhou Tianning,Home2 Suites by Hilton,MAINLAND_CN,CN,Changzhou,true,hilton_official_hotel_summary_extract_leadRate.lowest,CNY,336,¥336,49.53,SHTH4A,Honors Discount Advance Purchase,Free breakfast. No cancellations. Pay now. Hilton Honors Membership Required.,14000,https://www.hilton.com/en/hotels/czxcnht-home2-suites-changzhou-tianning/
Hilton,HILTON-CZXZYLX,CZXZYLX,"Zi Yun Xuan Qing Resort & Spa, an SLH Hotel",Small Luxury Hotels of the World,MAINLAND_CN,CN,Changzhou,true,hilton_official_hotel_summary_extract_leadRate.lowest,CNY,4997,"¥4,997",735.49,HPPRP1,Honors Discount Breakfast Included,Includes breakfast. Hilton Honors Membership Required.,110000,https://www.hilton.com/en/hotels/czxzylx-zi-yun-xuan-qing-resort-spa/
Hilton,HILTON-SWAGGHX,SWAGGHX,Hampton by Hilton Chaozhou Fortune Center,Hampton by Hilton,MAINLAND_CN,CN,Chaozhou,true,hilton_official_hotel_summary_extract_leadRate.lowest,CNY,489,¥489,72.03,LHHH1P,Honors Discount,Change or cancel by 6pm local hotel time day of arrival. Free breakfast. Hilton Honors Membership Required.,18000,https://www.hilton.com/en/hotels/swagghx-hampton-chaozhou-fortune-center/
Hilton,HILTON-SWAXIHT,SWAXIHT,Home2 Suites by Hilton Chaozhou,Home2 Suites by Hilton,MAINLAND_CN,CN,Chaozhou,true,hilton_official_hotel_summary_extract_leadRate.lowest,CNY,408,¥408,60.14,SHTH4A,Honors Discount Advance Purchase,Free breakfast. No cancellations. Pay now. Hilton Honors Membership Required.,17000,https://www.hilton.com/en/hotels/swaxiht-home2-suites-chaozhou/
Hilton,HILTON-CDECGHX,CDECGHX,Hampton by Hilton Chengde Imperial Garden,Hampton by Hilton,MAINLAND_CN,CN,Chengde,true,hilton_official_hotel_summary_extract_leadRate.lowest,CNY,354,¥354,52.2,LHHH1P,Honors Discount,Change or cancel by 6pm local hotel time day of arrival. Free breakfast. Hilton Honors Membership Required.,14000,https://www.hilton.com/en/hotels/cdecghx-hampton-chengde-imperial-garden/
Hilton,HILTON-PEKCMHX,PEKCMHX,Hampton by Hilton Chengde Mountain Resort,Hampton by Hilton,MAINLAND_CN,CN,Chengde,true,hilton_official_hotel_summary_extract_leadRate.lowest,CNY,392,¥392,57.75,LHHH1P,Honors Discount,Change or cancel by 6pm local hotel time day of arrival. Free breakfast. Hilton Honors Membership Required.,15000,https://www.hilton.com/en/hotels/pekcmhx-hampton-chengde-mountain-resort/
Hilton,HILTON-CDEHTGI,CDEHTGI,Hilton Garden Inn Chengde High-Tech Zone,Hilton Garden Inn,MAINLAND_CN,CN,Chengde,true,hilton_official_hotel_summary_extract_leadRate.lowest,CNY,256,¥256,37.74,HPPRP1,Honors Discount,Change or cancel by 4pm local hotel time day of arrival. Hilton Honors Membership Required.,10000,https://www.hilton.com/en/hotels/cdehtgi-hilton-garden-inn-chengde-high-tech-zone/
Hilton,HILTON-CDEGIGI,CDEGIGI,Hilton Garden Inn Chengde Mountain Resort,Hilton Garden Inn,MAINLAND_CN,CN,Chengde,true,hilton_official_hotel_summary_extract_leadRate.lowest,CNY,265,¥265,39.09,HPPAP4,Honors Discount Advance Purchase,Pre-payment required and non-refundable. Hilton Honors Membership Required.,11000,https://www.hilton.com/en/hotels/cdegigi-hilton-garden-inn-chengde-mountain-resort/
Hilton,HILTON-CTULCPY,CTULCPY,Canopy by Hilton Chengdu City Centre,Canopy by Hilton,MAINLAND_CN,CN,Chengdu,true,hilton_official_hotel_summary_extract_leadRate.lowest,CNY,621,¥621,91.52,HPPAP4,Honors Discount Advance Purchase,Pre-payment required and non-refundable. Hilton Honors Membership Required.,27000,https://www.hilton.com/en/hotels/ctulcpy-canopy-chengdu-city-centre/
Hilton,HILTON-CTURIDI,CTURIDI,DoubleTree by Hilton Chengdu Riverside,DoubleTree by Hilton,MAINLAND_CN,CN,Chengdu,true,hilton_official_hotel_summary_extract_leadRate.lowest,CNY,425,¥425,62.56,HPPRP1,Honors Discount,Change or cancel up to 1 day before arrival. Hilton Honors Membership Required.,18000,https://www.hilton.com/en/hotels/cturidi-doubletree-chengdu-riverside/
Hilton,HILTON-CTUXLDI,CTUXLDI,DoubleTree by Hilton Chengdu Xinglong Lake,DoubleTree by Hilton,MAINLAND_CN,CN,Chengdu,true,hilton_official_hotel_summary_extract_leadRate.lowest,CNY,373,¥373,54.91,HPPAP4,Honors Discount Advance Purchase,Pre-payment required and non-refundable. Hilton Honors Membership Required.,17000,https://www.hilton.com/en/hotels/ctuxldi-doubletree-chengdu-xinglong-lake/
Hilton,HILTON-CTUCRHX,CTUCRHX,Hampton Apartments by Hilton Chengdu Chunxi Road,Hampton by Hilton,MAINLAND_CN,CN,Chengdu,true,hilton_official_hotel_summary_extract_leadRate.lowest,CNY,441,¥441,65.05,LHHH1P,Honors Discount,Change or cancel by 6pm local hotel time day of arrival. Free breakfast. Hilton Honors Membership Required.,17000,https://www.hilton.com/en/hotels/ctucrhx-hampton-apartments-chengdu-chunxi-road/
Hilton,HILTON-CTUGDHX,CTUGDHX,Hampton by Hilton Chengdu Chenghua,Hampton by Hilton,MAINLAND_CN,CN,Chengdu,true,hilton_official_hotel_summary_extract_leadRate.lowest,CNY,435,¥435,64.1,LHHH1P,Honors Discount,Change or cancel by 6pm local hotel time day of arrival. Free breakfast. Hilton Honors Membership Required.,16000,https://www.hilton.com/en/hotels/ctugdhx-hampton-chengdu-chenghua/
Hilton,HILTON-CTUHZHX,CTUHZHX,Hampton by Hilton Chengdu Chunxi Road,Hampton by Hilton,MAINLAND_CN,CN,Chengdu,true,hilton_official_hotel_summary_extract_leadRate.lowest,CNY,534,¥534,78.7,LHHH1P,Honors Discount,Change or cancel by 6pm local hotel time day of arrival. Free breakfast. Hilton Honors Membership Required.,20000,https://www.hilton.com/en/hotels/ctuhzhx-hampton-chengdu-chunxi-road/
Hilton,HILTON-CTUDXHX,CTUDXHX,Hampton by Hilton Chengdu Dayi,Hampton by Hilton,MAINLAND_CN,CN,Chengdu,true,hilton_official_hotel_summary_extract_leadRate.lowest,CNY,369,¥369,54.42,LHHH1P,Honors Discount,Change or cancel by 6pm local hotel time day of arrival. Free breakfast. Hilton Honors Membership Required.,14000,https://www.hilton.com/en/hotels/ctudxhx-hampton-chengdu-dayi/
Hilton,HILTON-CTUDGHX,CTUDGHX,Hampton by Hilton Chengdu Dujiangyan,Hampton by Hilton,MAINLAND_CN,CN,Chengdu,true,hilton_official_hotel_summary_extract_leadRate.lowest,CNY,423,¥423,62.36,LHHH1P,Honors Discount,Change or cancel by 6pm local hotel time day of arrival. Free breakfast. Hilton Honors Membership Required.,16000,https://www.hilton.com/en/hotels/ctudghx-hampton-chengdu-dujiangyan/
Hilton,HILTON-CTUTUHX,CTUTUHX,Hampton by Hilton Chengdu Hi-Tech Zone Tianfu 2nd Street,Hampton by Hilton,MAINLAND_CN,CN,Chengdu,false,hilton_extract_no_lowest_rate,CNY,,,,,,,,https://www.hilton.com/en/hotels/ctutuhx-hampton-chengdu-hi-tech-zone-tianfu-2nd-street/
Hilton,HILTON-CTUESHX,CTUESHX,Hampton by Hilton Chengdu Jiuyan Bridge Dongda Road,Hampton by Hilton,MAINLAND_CN,CN,Chengdu,true,hilton_official_hotel_summary_extract_leadRate.lowest,CNY,496,¥496,73.15,LHHH1P,Honors Discount,Change or cancel by 6pm local hotel time day of arrival. Free breakfast. Hilton Honors Membership Required.,19000,https://www.hilton.com/en/hotels/ctueshx-hampton-chengdu-jiuyan-bridge-dongda-road/
Hilton,HILTON-CTUJNHX,CTUJNHX,Hampton by Hilton Chengdu Kuanzhai Alley,Hampton by Hilton,MAINLAND_CN,CN,Chengdu,false,hilton_extract_no_lowest_rate,CNY,,,,,,,,https://www.hilton.com/en/hotels/ctujnhx-hampton-chengdu-kuanzhai-alley/
Hilton,HILTON-CTULQHX,CTULQHX,Hampton by Hilton Chengdu Longquanyi,Hampton by Hilton,MAINLAND_CN,CN,Chengdu,true,hilton_official_hotel_summary_extract_leadRate.lowest,CNY,385,¥385,56.8,LHHH1P,Honors Discount,Change or cancel by 6pm local hotel time day of arrival. Free breakfast. Hilton Honors Membership Required.,15000,https://www.hilton.com/en/hotels/ctulqhx-hampton-chengdu-longquanyi/
Hilton,HILTON-CTUDIHX,CTUDIHX,Hampton by Hilton Chengdu Phoenix Hill Sports Center,Hampton by Hilton,MAINLAND_CN,CN,Chengdu,true,hilton_official_hotel_summary_extract_leadRate.lowest,CNY,351,¥351,51.73,LHHH1P,Honors Discount,Change or cancel by 6pm local hotel time day of arrival. Free breakfast. Hilton Honors Membership Required.,13000,https://www.hilton.com/en/hotels/ctudihx-hampton-chengdu-phoenix-hill-sports-center/
Hilton,HILTON-CTUGGHX,CTUGGHX,Hampton by Hilton Chengdu Pidu Hi-Tech Zone,Hampton by Hilton,MAINLAND_CN,CN,Chengdu,true,hilton_official_hotel_summary_extract_leadRate.lowest,CNY,387,¥387,56.96,LHHH1P,Honors Discount,Change or cancel by 6pm local hotel time day of arrival. Free breakfast. Hilton Honors Membership Required.,15000,https://www.hilton.com/en/hotels/ctugghx-hampton-chengdu-hi-tech-zone/
Hilton,HILTON-CTUINHX,CTUINHX,Hampton by Hilton Chengdu Railway North Station,Hampton by Hilton,MAINLAND_CN,CN,Chengdu,true,hilton_official_hotel_summary_extract_leadRate.lowest,CNY,353,¥353,52.04,LHHH1P,Honors Discount,Change or cancel by 6pm local hotel time day of arrival. Free breakfast. Hilton Honors Membership Required.,13000,https://www.hilton.com/en/hotels/ctuinhx-hampton-chengdu-railway-north-station/
Hilton,HILTON-CTULRHX,CTULRHX,Hampton by Hilton Chengdu Shuangliu Airport,Hampton by Hilton,MAINLAND_CN,CN,Chengdu,true,hilton_official_hotel_summary_extract_leadRate.lowest,CNY,470,¥470,69.18,LHHH1P,Honors Discount,Change or cancel by 6pm local hotel time day of arrival. Free breakfast. Hilton Honors Membership Required.,18000,https://www.hilton.com/en/hotels/ctulrhx-hampton-chengdu-shuangliu-airport/
Hilton,HILTON-CTUWJHX,CTUWJHX,Hampton by Hilton Chengdu Wenjiang,Hampton by Hilton,MAINLAND_CN,CN,Chengdu,true,hilton_official_hotel_summary_extract_leadRate.lowest,CNY,406,¥406,59.82,LHHH1P,Honors Discount,Change or cancel by 6pm local hotel time day of arrival. Free breakfast. Hilton Honors Membership Required.,15000,https://www.hilton.com/en/hotels/ctuwjhx-hampton-chengdu-wenjiang/
Hilton,HILTON-CTUHNHX,CTUHNHX,Hampton by Hilton Chengdu West Railway Station,Hampton by Hilton,MAINLAND_CN,CN,Chengdu,true,hilton_official_hotel_summary_extract_leadRate.lowest,CNY,379,¥379,55.85,LHHH1P,Honors Discount,Change or cancel by 6pm local hotel time day of arrival. Free breakfast. Hilton Honors Membership Required.,14000,https://www.hilton.com/en/hotels/ctuhnhx-hampton-chengdu-west-railway-station/
Hilton,HILTON-CTURNHX,CTURNHX,Hampton by Hilton Chengdu Wuhou Hongpailou,Hampton by Hilton,MAINLAND_CN,CN,Chengdu,true,hilton_official_hotel_summary_extract_leadRate.lowest,CNY,432,¥432,63.63,LHHH1P,Honors Discount,至少在到达日当地时间晚上6点之前变更或取消。 Free breakfast. Hilton Honors Membership Required.,16000,https://www.hilton.com/en/hotels/cturnhx-hampton-chengdu-wuhou-hongpailou/
Hilton,HILTON-CTUHHHX,CTUHHHX,Hampton by Hilton Chengdu Wuhou New City,Hampton by Hilton,MAINLAND_CN,CN,Chengdu,true,hilton_official_hotel_summary_extract_leadRate.lowest,CNY,425,¥425,62.67,LHHH1P,Honors Discount,Change or cancel by 6pm local hotel time day of arrival. Free breakfast. Hilton Honors Membership Required.,16000,https://www.hilton.com/en/hotels/ctuhhhx-hampton-chengdu-wuhou-new-city/
Hilton,HILTON-CTUHXHX,CTUHXHX,Hampton by Hilton Chengdu Wuhou Waishuangnan,Hampton by Hilton,MAINLAND_CN,CN,Chengdu,true,hilton_official_hotel_summary_extract_leadRate.lowest,CNY,426,¥426,62.83,LHHH1P,Honors Discount,Change or cancel by 6pm local hotel time day of arrival. Free breakfast. Hilton Honors Membership Required.,16000,https://www.hilton.com/en/hotels/ctuhxhx-hampton-chengdu-wuhou-waishuangnan/
Hilton,HILTON-CTUXSHX,CTUXSHX,Hampton by Hilton Chengdu Xintong Avenue Station,Hampton by Hilton,MAINLAND_CN,CN,Chengdu,true,hilton_official_hotel_summary_extract_leadRate.lowest,CNY,407,¥407,59.98,LHHH1P,Honors Discount,Change or cancel by 6pm local hotel time day of arrival. Free breakfast. Hilton Honors Membership Required.,15000,https://www.hilton.com/en/hotels/ctuxshx-hampton-chengdu-xintong-avenue-station/
Hilton,HILTON-CTUTYHX,CTUTYHX,Hampton by Hilton Chengdu Xipu,Hampton by Hilton,MAINLAND_CN,CN,Chengdu,true,hilton_official_hotel_summary_extract_leadRate.lowest,CNY,368,¥368,54.26,LHHH1P,Honors Discount,Change or cancel by 6pm local hotel time day of arrival. Free breakfast. Hilton Honors Membership Required.,14000,https://www.hilton.com/en/hotels/ctutyhx-hampton-chengdu-xipu/
Hilton,HILTON-CTUKMHI,CTUKMHI,Hilton Chengdu,Hilton Hotels & Resorts,MAINLAND_CN,CN,Chengdu,true,hilton_official_hotel_summary_extract_leadRate.lowest,CNY,485,¥485,71.51,HPPAP4,Honors Discount Advance Purchase,Pre-payment required and non-refundable. Hilton Honors Membership Required.,20000,https://www.hilton.com/en/hotels/ctukmhi-hilton-chengdu/
Hilton,HILTON-CTUCUHI,CTUCUHI,Hilton Chengdu Chenghua,Hilton Hotels & Resorts,MAINLAND_CN,CN,Chengdu,true,hilton_official_hotel_summary_extract_leadRate.lowest,CNY,441,¥441,65.05,HPPRP1,Honors Discount,Change or cancel up to 1 day before arrival. Hilton Honors Membership Required.,18000,https://www.hilton.com/en/hotels/ctucuhi-hilton-chengdu-chenghua/
Hilton,HILTON-CTULOHI,CTULOHI,Hilton Chengdu Longquanyi,Hilton Hotels & Resorts,MAINLAND_CN,CN,Chengdu,true,hilton_official_hotel_summary_extract_leadRate.lowest,CNY,469,¥469,69.09,HPPRP1,Honors Discount,Change or cancel up to 1 day before arrival. Hilton Honors Membership Required.,18000,https://www.hilton.com/en/hotels/ctulohi-hilton-chengdu-longquanyi/
Hilton,HILTON-CTUEMGI,CTUEMGI,Hilton Garden Inn Chengdu Chenghua,Hilton Garden Inn,MAINLAND_CN,CN,Chengdu,true,hilton_official_hotel_summary_extract_leadRate.lowest,CNY,341,¥341,50.22,HPPRP1,Honors Discount,Change or cancel up to 1 day before arrival. Hilton Honors Membership Required.,15000,https://www.hilton.com/en/hotels/ctuemgi-hilton-garden-inn-chengdu-chenghua/
Hilton,HILTON-CTUJJGI,CTUJJGI,Hilton Garden Inn Chengdu Chunxi Road Center,Hilton Garden Inn,MAINLAND_CN,CN,Chengdu,true,hilton_official_hotel_summary_extract_leadRate.lowest,CNY,460,¥460,67.75,HPPRP1,Honors Discount,Change or cancel up to 1 day before arrival. Hilton Honors Membership Required.,22000,https://www.hilton.com/en/hotels/ctujjgi-hilton-garden-inn-chengdu-chunxi-road-center/
Hilton,HILTON-CTUSRGI,CTUSRGI,Hilton Garden Inn Chengdu East Railway Station,Hilton Garden Inn,MAINLAND_CN,CN,Chengdu,true,hilton_official_hotel_summary_extract_leadRate.lowest,CNY,325,¥325,47.94,HPPRP1,Honors Discount,Change or cancel up to 1 day before arrival. Hilton Honors Membership Required.,13000,https://www.hilton.com/en/hotels/ctusrgi-hilton-garden-inn-chengdu-east-railway-station/
Hilton,HILTON-CTUDZGI,CTUDZGI,Hilton Garden Inn Chengdu Hi-Tech Xinchuan,Hilton Garden Inn,MAINLAND_CN,CN,Chengdu,false,hilton_extract_no_lowest_rate,CNY,,,,,,,,https://www.hilton.com/en/hotels/ctudzgi-hilton-garden-inn-chengdu-hi-tech-xinchuan/
Hilton,HILTON-CTUHWGI,CTUHWGI,Hilton Garden Inn Chengdu Huaxi Wuhou Shrine,Hilton Garden Inn,MAINLAND_CN,CN,Chengdu,true,hilton_official_hotel_summary_extract_leadRate.lowest,CNY,352,¥352,51.9,HPPRP1,Honors Discount,至少在到达日 1 天之前变更或取消。 Hilton Honors Membership Required.,,https://www.hilton.com/en/hotels/ctuhwgi-hilton-garden-inn-chengdu-huaxi-wuhou-shrine/
Hilton,HILTON-CTUCHGI,CTUCHGI,Hilton Garden Inn Chengdu Huayang,Hilton Garden Inn,MAINLAND_CN,CN,Chengdu,true,hilton_official_hotel_summary_extract_leadRate.lowest,CNY,264,¥264,38.96,HPPAP4,Honors Discount Advance Purchase,Pre-payment required and non-refundable. Hilton Honors Membership Required.,12000,https://www.hilton.com/en/hotels/ctuchgi-hilton-garden-inn-chengdu-huayang/
Hilton,HILTON-CTUJYGI,CTUJYGI,Hilton Garden Inn Chengdu Jinnan Tianjie,Hilton Garden Inn,MAINLAND_CN,CN,Chengdu,false,hilton_extract_no_lowest_rate,CNY,,,,,,,,https://www.hilton.com/en/hotels/ctujygi-hilton-garden-inn-chengdu-jinnan-tianjie/
Hilton,HILTON-CTUSGGI,CTUSGGI,Hilton Garden Inn Chengdu Jinniu Yipintianxia,Hilton Garden Inn,MAINLAND_CN,CN,Chengdu,true,hilton_official_hotel_summary_extract_leadRate.lowest,CNY,344,¥344,50.68,HPPRP1,Honors Discount,至少在到达日 1 天之前变更或取消。 Hilton Honors Membership Required.,14000,https://www.hilton.com/en/hotels/ctusggi-hilton-garden-inn-chengdu-jinniu-yipintianxia/
Hilton,HILTON-CTUKZGI,CTUKZGI,Hilton Garden Inn Chengdu Kuanzhai Alley,Hilton Garden Inn,MAINLAND_CN,CN,Chengdu,true,hilton_official_hotel_summary_extract_leadRate.lowest,CNY,315,¥315,46.49,HPPRP1,Honors Discount,至少在到达日 1 天之前变更或取消。 Hilton Honors Membership Required.,15000,https://www.hilton.com/en/hotels/ctukzgi-hilton-garden-inn-chengdu-kuanzhai-alley/
Hilton,HILTON-CTUSLGI,CTUSLGI,Hilton Garden Inn Chengdu Shuangliu International Airport,Hilton Garden Inn,MAINLAND_CN,CN,Chengdu,false,hilton_extract_no_lowest_rate,CNY,,,,,,,,https://www.hilton.com/en/hotels/ctuslgi-hilton-garden-inn-chengdu-shuangliu-international-airport/
Hilton,HILTON-CTUTLGI,CTUTLGI,Hilton Garden Inn Chengdu Tianfu Panda Tower,Hilton Garden Inn,MAINLAND_CN,CN,Chengdu,true,hilton_official_hotel_summary_extract_leadRate.lowest,CNY,353,¥353,52.05,HPPRP1,Honors Discount,Change or cancel up to 1 day before arrival. Hilton Honors Membership Required.,15000,https://www.hilton.com/en/hotels/ctutlgi-hilton-garden-inn-chengdu-tianfu-panda-tower/
Hilton,HILTON-CTUWHGI,CTUWHGI,Hilton Garden Inn Chengdu Wuhou Jinli,Hilton Garden Inn,MAINLAND_CN,CN,Chengdu,false,hilton_extract_no_lowest_rate,CNY,,,,,,,,https://www.hilton.com/en/hotels/ctuwhgi-hilton-garden-inn-chengdu-wuhou-jinli/
Hilton,HILTON-CTUPRHT,CTUPRHT,Home2 Suites by Hilton Chengdu Dujiangyan,Home2 Suites by Hilton,MAINLAND_CN,CN,Chengdu,true,hilton_official_hotel_summary_extract_leadRate.lowest,CNY,352,¥352,51.93,SHTH4A,Honors Discount Advance Purchase,Free breakfast. No cancellations. Pay now. Hilton Honors Membership Required.,15000,https://www.hilton.com/en/hotels/ctuprht-home2-suites-chengdu-dujiangyan/
Hilton,HILTON-CTUSTHT,CTUSTHT,Home2 Suites by Hilton Chengdu High-Tech Zone Exhibition Center,Home2 Suites by Hilton,MAINLAND_CN,CN,Chengdu,true,hilton_official_hotel_summary_extract_leadRate.lowest,CNY,419,¥419,61.7,SHTH4A,Honors Discount Advance Purchase,Free breakfast. No cancellations. Pay now. Hilton Honors Membership Required.,18000,https://www.hilton.com/en/hotels/ctustht-home2-suites-chengdu-high-tech-zone-exhibition-center/
Hilton,HILTON-CTUZAHT,CTUZAHT,Home2 Suites by Hilton Chengdu Huaizhou New Town,Home2 Suites by Hilton,MAINLAND_CN,CN,Chengdu,true,hilton_official_hotel_summary_extract_leadRate.lowest,CNY,320,¥320,47.12,SHTH4A,Honors Discount Advance Purchase,Free breakfast. No cancellations. Pay now. Hilton Honors Membership Required.,14000,https://www.hilton.com/en/hotels/ctuzaht-home2-suites-chengdu-huaizhou-new-town/
Hilton,HILTON-CTUMTHT,CTUMTHT,Home2 Suites by Hilton Chengdu Kuanzhai Alley,Home2 Suites by Hilton,MAINLAND_CN,CN,Chengdu,true,hilton_official_hotel_summary_extract_leadRate.lowest,CNY,369,¥369,54.34,SHTH4A,Honors Discount Advance Purchase,Free breakfast. No cancellations. Pay now. Hilton Honors Membership Required.,15000,https://www.hilton.com/en/hotels/ctumtht-home2-suites-chengdu-kuanzhai-alley/
Hilton,HILTON-CTUNUHT,CTUNUHT,Home2 Suites by Hilton Chengdu Luxelakes Eco-City,Home2 Suites by Hilton,MAINLAND_CN,CN,Chengdu,true,hilton_official_hotel_summary_extract_leadRate.lowest,CNY,388,¥388,57.17,SHTH4A,Honors Discount Advance Purchase,Free breakfast. No cancellations. Pay now. Hilton Honors Membership Required.,16000,https://www.hilton.com/en/hotels/ctunuht-home2-suites-chengdu-luxelakes-eco-city/
Hilton,HILTON-CTUQYHT,CTUQYHT,Home2 Suites by Hilton Chengdu Qingyang,Home2 Suites by Hilton,MAINLAND_CN,CN,Chengdu,true,hilton_official_hotel_summary_extract_leadRate.lowest,CNY,353,¥353,52.07,SHTH4A,Honors Discount Advance Purchase,Free breakfast. No cancellations. Pay now. Hilton Honors Membership Required.,15000,https://www.hilton.com/en/hotels/ctuqyht-home2-suites-chengdu-qingyang/
Hilton,HILTON-CTUWTHT,CTUWTHT,Home2 Suites by Hilton Chengdu Wuhou Temple,Home2 Suites by Hilton,MAINLAND_CN,CN,Chengdu,true,hilton_official_hotel_summary_extract_leadRate.lowest,CNY,426,¥426,62.83,SHTH4A,Honors Discount Advance Purchase,Free breakfast. No cancellations. Pay now. Hilton Honors Membership Required.,17000,https://www.hilton.com/en/hotels/ctuwtht-home2-suites-chengdu-wuhou-temple/
Hilton,HILTON-CTUPDUP,CTUPDUP,"Hotel Plume Chengdu, Tapestry Collection by Hilton",Tapestry by Hilton,MAINLAND_CN,CN,Chengdu,false,hilton_extract_no_lowest_rate,CNY,,,,,,,,https://www.hilton.com/en/hotels/ctupdup-hotel-plume-chengdu/
Hilton,HILTON-CTUWAWA,CTUWAWA,Waldorf Astoria Chengdu,Waldorf Astoria,MAINLAND_CN,CN,Chengdu,true,hilton_official_hotel_summary_extract_leadRate.lowest,CNY,1238,"¥1,238",182.32,HPPRP1,Honors Discount,Change or cancel up to 1 day before arrival. Hilton Honors Membership Required.,47000,https://www.hilton.com/en/hotels/ctuwawa-waldorf-astoria-chengdu/
Hilton,HILTON-CTUYTLX,CTUYTLX,"YiuTeung Mansion, an SLH Hotel",Small Luxury Hotels of the World,MAINLAND_CN,CN,Chengdu,true,hilton_official_hotel_summary_extract_leadRate.lowest,CNY,1242,"¥1,242",182.9,HPPRP1,Honors Discount Breakfast Included,Includes breakfast. Hilton Honors Membership Required.,50000,https://www.hilton.com/en/hotels/ctuytlx-yiuteung-mansion/
Hilton,HILTON-HCZHXHX,HCZHXHX,Hampton by Hilton Chenzhou Beihu,Hampton by Hilton,MAINLAND_CN,CN,Chenzhou,true,hilton_official_hotel_summary_extract_leadRate.lowest,CNY,378,¥378,55.69,LHHH1P,Honors Discount,Change or cancel by 6pm local hotel time day of arrival. Free breakfast. Hilton Honors Membership Required.,14000,https://www.hilton.com/en/hotels/hczhxhx-hampton-chenzhou-beihu/
Hilton,HILTON-CSKLUHT,CSKLUHT,Home2 Suites by Hilton Chenzhou Nuanshui Hot Spring,Home2 Suites by Hilton,MAINLAND_CN,CN,Chenzhou,true,hilton_official_hotel_summary_extract_leadRate.lowest,CNY,500,¥500,73.72,SHTH4A,Honors Discount Advance Purchase,Free breakfast. No cancellations. Pay now. Hilton Honors Membership Required.,21000,https://www.hilton.com/en/hotels/cskluht-home2-suites-chenzhou-nuanshui-hot-spring/
Hilton,HILTON-WUHICLX,WUHICLX,"INTO Hotel Chibi, an SLH Hotel",Small Luxury Hotels of the World,MAINLAND_CN,CN,Chibi City,true,hilton_official_hotel_summary_extract_leadRate.lowest,CNY,1164,"¥1,164",171.36,HPPRP1,Honors Discount Breakfast Included,Includes breakfast. Hilton Honors Membership Required.,52000,https://www.hilton.com/en/hotels/wuhiclx-into-hotel-chibi/
Hilton,HILTON-JUHPPHT,JUHPPHT,Home2 Suites by Hilton Chizhou Shitai Guniujiang,Home2 Suites by Hilton,MAINLAND_CN,CN,Chizhou,true,hilton_official_hotel_summary_extract_leadRate.lowest,CNY,518,¥518,76.27,SHTH4A,Honors Discount Advance Purchase,Free breakfast. No cancellations. Pay now. Hilton Honors Membership Required.,22000,https://www.hilton.com/en/hotels/juhppht-home2-suites-chizhou-guniujiang/
Hilton,HILTON-CKGCICI,CKGCICI,Conrad Chongqing,Conrad Hotels & Resorts,MAINLAND_CN,CN,Chongqing,true,hilton_official_hotel_summary_extract_leadRate.lowest,CNY,1062,"¥1,062",156.45,HPPRP1,Honors Discount,Change or cancel up to 1 day before arrival. Hilton Honors Membership Required.,41000,https://www.hilton.com/en/hotels/ckgcici-conrad-chongqing/
Hilton,HILTON-CKGNADI,CKGNADI,DoubleTree by Hilton Hotel Chongqing - Nan'an,DoubleTree by Hilton,MAINLAND_CN,CN,Chongqing,true,hilton_official_hotel_summary_extract_leadRate.lowest,CNY,361,¥361,53.27,HPPRP1,Honors Discount,Change or cancel up to 1 day before arrival. Hilton Honors Membership Required.,14000,https://www.hilton.com/en/hotels/ckgnadi-doubletree-chongqing-nanan/
Hilton,HILTON-CKGJBDI,CKGJBDI,DoubleTree by Hilton Hotel Chongqing North,DoubleTree by Hilton,MAINLAND_CN,CN,Chongqing,true,hilton_official_hotel_summary_extract_leadRate.lowest,CNY,456,¥456,67.16,HPPRP1,Honors Discount,Change or cancel up to 1 day before arrival. Hilton Honors Membership Required.,18000,https://www.hilton.com/en/hotels/ckgjbdi-doubletree-chongqing-north/
Hilton,HILTON-CKGCWDI,CKGCWDI,DoubleTree by Hilton Hotel Chongqing Wanzhou,DoubleTree by Hilton,MAINLAND_CN,CN,Chongqing,true,hilton_official_hotel_summary_extract_leadRate.lowest,CNY,414,¥414,61.03,HPPRP1,Honors Discount,Change or cancel up to 1 day before arrival. Hilton Honors Membership Required.,16000,https://www.hilton.com/en/hotels/ckgcwdi-doubletree-chongqing-wanzhou/
Hilton,HILTON-CKGIAHX,CKGIAHX,Hampton by Hilton Chongqing Changshou Lake,Hampton by Hilton,MAINLAND_CN,CN,Chongqing,true,hilton_official_hotel_summary_extract_leadRate.lowest,CNY,416,¥416,61.25,LHHH1P,Honors Discount,Change or cancel by 6pm local hotel time day of arrival. Free breakfast. Hilton Honors Membership Required.,16000,https://www.hilton.com/en/hotels/ckgiahx-hampton-chongqing-changshou-lake/
Hilton,HILTON-CKGONHX,CKGONHX,Hampton By Hilton Chongqing East Railway Station Chayuan,Hampton by Hilton,MAINLAND_CN,CN,Chongqing,true,hilton_official_hotel_summary_extract_leadRate.lowest,CNY,415,¥415,61.09,LHHH1P,Honors Discount,Change or cancel by 6pm local hotel time day of arrival. Free breakfast. Hilton Honors Membership Required.,16000,https://www.hilton.com/en/hotels/ckgonhx-hampton-chongqing-east-railway-station-chayuan/
Hilton,HILTON-CKGCHHX,CKGCHHX,Hampton by Hilton Chongqing Fuling North Railway Station,Hampton by Hilton,MAINLAND_CN,CN,Chongqing,true,hilton_official_hotel_summary_extract_leadRate.lowest,CNY,368,¥368,54.26,LHHH1P,Honors Discount,Change or cancel by 6pm local hotel time day of arrival. Free breakfast. Hilton Honors Membership Required.,14000,https://www.hilton.com/en/hotels/ckgchhx-hampton-chongqing-fuling-north-railway-station/
Hilton,HILTON-CKGCGHX,CKGCGHX,Hampton by Hilton Chongqing Jiangbei Guanyinqiao Pedestrian Street,Hampton by Hilton,MAINLAND_CN,CN,Chongqing,true,hilton_official_hotel_summary_extract_leadRate.lowest,CNY,376,¥376,55.37,LHHH1P,Honors Discount,Change or cancel by 6pm local hotel time day of arrival. Free breakfast. Hilton Honors Membership Required.,14000,https://www.hilton.com/en/hotels/ckgcghx-hampton-chongqing-jiangbei-guanyinqiao-pedestrian-street/
Hilton,HILTON-CKGJGHX,CKGJGHX,Hampton by Hilton Chongqing Jiangbeizui,Hampton by Hilton,MAINLAND_CN,CN,Chongqing,true,hilton_official_hotel_summary_extract_leadRate.lowest,CNY,440,¥440,64.89,LHHH1P,Honors Discount,Change or cancel by 6pm local hotel time day of arrival. Free breakfast. Hilton Honors Membership Required.,17000,https://www.hilton.com/en/hotels/ckgjghx-hampton-chongqing-jiangbeizui/
Hilton,HILTON-CKGQJHX,CKGQJHX,Hampton by Hilton Chongqing Qianjiang,Hampton by Hilton,MAINLAND_CN,CN,Chongqing,true,hilton_official_hotel_summary_extract_leadRate.lowest,CNY,361,¥361,53.15,LHHH1P,Honors Discount,Change or cancel by 6pm local hotel time day of arrival. Free breakfast. Hilton Honors Membership Required.,13000,https://www.hilton.com/en/hotels/ckgqjhx-hampton-chongqing-qianjiang/
Hilton,HILTON-CKGSHHX,CKGSHHX,Hampton by Hilton Chongqing Shapingba Station Three Gorges Square,Hampton by Hilton,MAINLAND_CN,CN,Chongqing,true,hilton_official_hotel_summary_extract_leadRate.lowest,CNY,460,¥460,67.75,LHHH1P,Honors Discount,Change or cancel by 6pm local hotel time day of arrival. Free breakfast. Hilton Honors Membership Required.,17000,https://www.hilton.com/en/hotels/ckgshhx-hampton-chongqing-shapingba-station-three-gorges-square/
Hilton,HILTON-CKGGCHX,CKGGCHX,Hampton by Hilton Jiefangbei Hongyadong River View,Hampton by Hilton,MAINLAND_CN,CN,Chongqing,true,hilton_official_hotel_summary_extract_leadRate.lowest,CNY,542,¥542,79.81,LHHH1P,Honors Discount,Change or cancel by 6pm local hotel time day of arrival. Free breakfast. Hilton Honors Membership Required.,20000,https://www.hilton.com/en/hotels/ckggchx-hampton-jiefangbei-hongyadong-river-view/
Hilton,HILTON-CKGHIHI,CKGHIHI,Hilton Chongqing,Hilton Hotels & Resorts,MAINLAND_CN,CN,Chongqing,true,hilton_official_hotel_summary_extract_leadRate.lowest,CNY,382,¥382,56.31,HPPRP1,Honors Discount,Change or cancel up to 1 day before arrival. Hilton Honors Membership Required.,15000,https://www.hilton.com/en/hotels/ckghihi-hilton-chongqing/
Hilton,HILTON-CKGCCHI,CKGCCHI,Hilton Chongqing Liangjiang New Area,Hilton Hotels & Resorts,MAINLAND_CN,CN,Chongqing,true,hilton_official_hotel_summary_extract_leadRate.lowest,CNY,559,¥559,82.36,HPPAP4,Honors Discount Advance Purchase,Pre-payment required and non-refundable. Hilton Honors Membership Required.,23000,https://www.hilton.com/en/hotels/ckgcchi-hilton-chongqing-liangjiang-new-area/
Hilton,HILTON-CKGBSGI,CKGBSGI,Hilton Garden Inn Chongqing Bishan,Hilton Garden Inn,MAINLAND_CN,CN,Chongqing,true,hilton_official_hotel_summary_extract_leadRate.lowest,CNY,293,¥293,43.14,HPPAP4,Honors Discount Advance Purchase,Pre-payment required and non-refundable. Hilton Honors Membership Required.,17000,https://www.hilton.com/en/hotels/ckgbsgi-hilton-garden-inn-chongqing-bishan/
Hilton,HILTON-CKGJZGI,CKGJZGI,Hilton Garden Inn Chongqing CBD Jiangbeizui,Hilton Garden Inn,MAINLAND_CN,CN,Chongqing,false,hilton_extract_no_lowest_rate,CNY,,,,,,,,https://www.hilton.com/en/hotels/ckgjzgi-hilton-garden-inn-chongqing-cbd-jiangbeizui/
Hilton,HILTON-CKGYBGI,CKGYBGI,Hilton Garden Inn Chongqing Yubei Central Park,Hilton Garden Inn,MAINLAND_CN,CN,Chongqing,true,hilton_official_hotel_summary_extract_leadRate.lowest,CNY,364,¥364,53.6,HPPAP4,Honors Discount Advance Purchase,Pre-payment required and non-refundable. Hilton Honors Membership Required.,17000,https://www.hilton.com/en/hotels/ckgybgi-hilton-garden-inn-chongqing-yubei-central-park/
Hilton,HILTON-CKGKGHT,CKGKGHT,Home2 Suites by Hilton Chongqing Jiangbei,Home2 Suites by Hilton,MAINLAND_CN,CN,Chongqing,true,hilton_official_hotel_summary_extract_leadRate.lowest,CNY,328,¥328,48.39,SHTH4A,Honors Discount Advance Purchase,Free breakfast. No cancellations. Pay now. Hilton Honors Membership Required.,14000,https://www.hilton.com/en/hotels/ckgkght-home2-suites-chongqing-jiangbei/
Hilton,HILTON-CKGTOHT,CKGTOHT,Home2 Suites by Hilton Chongqing Liangjiang New Area Central Park,Home2 Suites by Hilton,MAINLAND_CN,CN,Chongqing,true,hilton_official_hotel_summary_extract_leadRate.lowest,CNY,386,¥386,56.88,SHTH4A,Honors Discount Advance Purchase,Free breakfast. No cancellations. Pay now. Hilton Honors Membership Required.,16000,https://www.hilton.com/en/hotels/ckgtoht-home2-suites-chongqing-liangjiang-new-area-central-park/
Hilton,HILTON-CKGLBHT,CKGLBHT,Home2 Suites by Hilton Chongqing Nan'an,Home2 Suites by Hilton,MAINLAND_CN,CN,Chongqing,true,hilton_official_hotel_summary_extract_leadRate.lowest,CNY,377,¥377,55.53,LHTH1P,Honors Discount,Change or cancel up to 1 day before arrival. Free breakfast. Hilton Honors Membership Required.,14000,https://www.hilton.com/en/hotels/ckglbht-home2-suites-chongqing-nanan/
Hilton,HILTON-CKGQGHT,CKGQGHT,Home2 Suites by Hilton Chongqing North Railway Station,Home2 Suites by Hilton,MAINLAND_CN,CN,Chongqing,false,hilton_extract_no_lowest_rate,CNY,,,,,,,,https://www.hilton.com/en/hotels/ckgqght-home2-suites-chongqing-north-railway-station/
Hilton,HILTON-CKGYRHT,CKGYRHT,Home2 Suites by Hilton Chongqing Wanzhou,Home2 Suites by Hilton,MAINLAND_CN,CN,Chongqing,true,hilton_official_hotel_summary_extract_leadRate.lowest,CNY,303,¥303,44.71,SHTH4A,Honors Discount Advance Purchase,Free breakfast. No cancellations. Pay now. Hilton Honors Membership Required.,13000,https://www.hilton.com/en/hotels/ckgyrht-home2-suites-chongqing-wanzhou/
Hilton,HILTON-CKGMTHT,CKGMTHT,Home2 Suites by Hilton Chongqing Wushan,Home2 Suites by Hilton,MAINLAND_CN,CN,Chongqing,true,hilton_official_hotel_summary_extract_leadRate.lowest,CNY,340,¥340,50.14,LHTH1P,Honors Discount,Change or cancel up to 1 day before arrival. Free breakfast. Hilton Honors Membership Required.,13000,https://www.hilton.com/en/hotels/ckgmtht-home2-suites-chongqing-wushan/
Hilton,HILTON-CKGXXHT,CKGXXHT,Home2 Suites by Hilton Chongqing Zhongzhou,Home2 Suites by Hilton,MAINLAND_CN,CN,Chongqing,true,hilton_official_hotel_summary_extract_leadRate.lowest,CNY,295,¥295,43.44,SHTH4A,Honors Discount Advance Purchase,Free breakfast. No cancellations. Pay now. Hilton Honors Membership Required.,13000,https://www.hilton.com/en/hotels/ckgxxht-home2-suites-chongqing-zhongzhou/
Hilton,HILTON-DLUAAHX,DLUAAHX,Hampton by Hilton Dali Erhai Park,Hampton by Hilton,MAINLAND_CN,CN,Dali,true,hilton_official_hotel_summary_extract_leadRate.lowest,CNY,403,¥403,59.34,LHHH1P,Honors Discount,Change or cancel by 6pm local hotel time day of arrival. Free breakfast. Hilton Honors Membership Required.,15000,https://www.hilton.com/en/hotels/dluaahx-hampton-dali-erhai-park/
Hilton,HILTON-DLUGTHI,DLUGTHI,Hilton Dali Resort & Spa,Hilton Hotels & Resorts,MAINLAND_CN,CN,Dali,true,hilton_official_hotel_summary_extract_leadRate.lowest,CNY,563,¥563,82.89,HPPAP4,Honors Discount Advance Purchase,Pre-payment required and non-refundable. Hilton Honors Membership Required.,23000,https://www.hilton.com/en/hotels/dlugthi-hilton-dali-resort-and-spa/
Hilton,HILTON-DLUACGI,DLUACGI,Hilton Garden Inn Dali Ancient City,Hilton Garden Inn,MAINLAND_CN,CN,Dali,true,hilton_official_hotel_summary_extract_leadRate.lowest,CNY,381,¥381,56.22,HPPAP4,Honors Discount Advance Purchase,Pre-payment required and non-refundable. Hilton Honors Membership Required.,18000,https://www.hilton.com/en/hotels/dluacgi-hilton-garden-inn-dali-ancient-city/
Hilton,HILTON-DLUEHGI,DLUEHGI,Hilton Garden Inn Dali Erhai Park,Hilton Garden Inn,MAINLAND_CN,CN,Dali,true,hilton_official_hotel_summary_extract_leadRate.lowest,CNY,372,¥372,54.79,HPPRP1,Honors Discount,Change or cancel up to 1 day before arrival. Hilton Honors Membership Required.,15000,https://www.hilton.com/en/hotels/dluehgi-hilton-garden-inn-dali-erhai-park/
Hilton,HILTON-DLUVPHT,DLUVPHT,Home2 Suites by Hilton Dali Er'hai,Home2 Suites by Hilton,MAINLAND_CN,CN,Dali,true,hilton_official_hotel_summary_extract_leadRate.lowest,CNY,337,¥337,49.67,SHTH4A,Honors Discount Advance Purchase,Free breakfast. No cancellations. Pay now. Hilton Honors Membership Required.,14000,https://www.hilton.com/en/hotels/dluvpht-home2-suites-dali-erhai/
Hilton,HILTON-DLUHDLX,DLUHDLX,"Honor Resort Yun Shu Dali, an SLH Hotel",Small Luxury Hotels of the World,MAINLAND_CN,CN,Dali,true,hilton_official_hotel_summary_extract_leadRate.lowest,CNY,2234,"¥2,234",328.87,HPPRP1,Honors Discount Breakfast Included,Includes breakfast. Hilton Honors Membership Required.,90000,https://www.hilton.com/en/hotels/dluhdlx-honor-resort-yun-shu-dali/
Hilton,HILTON-DLCZDCI,DLCZDCI,Conrad Dalian,Conrad Hotels & Resorts,MAINLAND_CN,CN,Dalian,true,hilton_official_hotel_summary_extract_leadRate.lowest,CNY,827,¥827,121.75,HPPRP1,Honors Discount,Change or cancel up to 1 day before arrival. Hilton Honors Membership Required.,36000,https://www.hilton.com/en/hotels/dlczdci-conrad-dalian/
Hilton,HILTON-DLCHRHX,DLCHRHX,Hampton by Hilton Dalian High-Tech Zone,Hampton by Hilton,MAINLAND_CN,CN,Dalian,true,hilton_official_hotel_summary_extract_leadRate.lowest,CNY,450,¥450,66.32,LHHH1P,Honors Discount,Change or cancel by 6pm local hotel time day of arrival. Free breakfast. Hilton Honors Membership Required.,17000,https://www.hilton.com/en/hotels/dlchrhx-hampton-dalian-high-tech-zone/
Hilton,HILTON-DLCXIHX,DLCXIHX,Hampton by Hilton Dalian Jinpu,Hampton by Hilton,MAINLAND_CN,CN,Dalian,true,hilton_official_hotel_summary_extract_leadRate.lowest,CNY,415,¥415,61.09,LHHH1P,Honors Discount,Change or cancel by 6pm local hotel time day of arrival. Free breakfast. Hilton Honors Membership Required.,16000,https://www.hilton.com/en/hotels/dlcxihx-hampton-dalian-jinpu/
Hilton,HILTON-DLCDAHX,DLCDAHX,Hampton by Hilton Dalian Zhongshan,Hampton by Hilton,MAINLAND_CN,CN,Dalian,true,hilton_official_hotel_summary_extract_leadRate.lowest,CNY,460,¥460,67.75,LHHH1P,Honors Discount,Change or cancel by 6pm local hotel time day of arrival. Free breakfast. Hilton Honors Membership Required.,17000,https://www.hilton.com/en/hotels/dlcdahx-hampton-dalian-zhongshan/
Hilton,HILTON-DLCZSHI,DLCZSHI,Hilton Dalian,Hilton Hotels & Resorts,MAINLAND_CN,CN,Dalian,true,hilton_official_hotel_summary_extract_leadRate.lowest,CNY,577,¥577,84.98,HPPAP4,Honors Discount Advance Purchase,Pre-payment required and non-refundable. Hilton Honors Membership Required.,26000,https://www.hilton.com/en/hotels/dlczshi-hilton-dalian/
Hilton,HILTON-DLCDCHI,DLCDCHI,Hilton Dalian Golden Pebble Beach Resort,Hilton Hotels & Resorts,MAINLAND_CN,CN,Dalian,true,hilton_official_hotel_summary_extract_leadRate.lowest,CNY,532,¥532,78.44,HPPAP4,Honors Discount Advance Purchase,Pre-payment required and non-refundable. Hilton Honors Membership Required.,24000,https://www.hilton.com/en/hotels/dlcdchi-hilton-dalian-golden-pebble-beach-resort/
Hilton,HILTON-DDGZDGI,DDGZDGI,Hilton Garden Inn Dandong,Hilton Garden Inn,MAINLAND_CN,CN,Dandong,true,hilton_official_hotel_summary_extract_leadRate.lowest,CNY,310,¥310,45.76,HPPAP4,Honors Discount Advance Purchase,Pre-payment required and non-refundable. Hilton Honors Membership Required.,13000,https://www.hilton.com/en/hotels/ddgzdgi-hilton-garden-inn-dandong/
Hilton,HILTON-HAKDZGI,HAKDZGI,Hilton Garden Inn Danzhou Yangpu,Hilton Garden Inn,MAINLAND_CN,CN,Danzhou,true,hilton_official_hotel_summary_extract_leadRate.lowest,CNY,320,¥320,47.18,HPPRP1,Honors Discount,Change or cancel up to 1 day before arrival. Hilton Honors Membership Required.,13000,https://www.hilton.com/en/hotels/hakdzgi-hilton-garden-inn-danzhou-yangpu/
Hilton,HILTON-HAKHIHI,HAKHIHI,Hilton Hainan Ocean Flower Island,Hilton Hotels & Resorts,MAINLAND_CN,CN,Danzhou,true,hilton_official_hotel_summary_extract_leadRate.lowest,CNY,450,¥450,66.35,HPPRP1,Honors Discount,Change or cancel up to 1 day before arrival. Hilton Honors Membership Required.,18000,https://www.hilton.com/en/hotels/hakhihi-hilton-hainan-ocean-flower-island/
Hilton,HILTON-DQAHDHX,DQAHDHX,Hampton by Hilton Daqing,Hampton by Hilton,MAINLAND_CN,CN,Daqing,true,hilton_official_hotel_summary_extract_leadRate.lowest,CNY,396,¥396,58.39,LHHH1P,Honors Discount,Change or cancel by 6pm local hotel time day of arrival. Free breakfast. Hilton Honors Membership Required.,15000,https://www.hilton.com/en/hotels/dqahdhx-hampton-daqing/
Hilton,HILTON-DATDCHX,DATDCHX,Hampton by Hilton Datong High-speed Rail Station,Hampton by Hilton,MAINLAND_CN,CN,Datong,true,hilton_official_hotel_summary_extract_leadRate.lowest,CNY,367,¥367,54.11,LHHH1P,Honors Discount,Change or cancel by 6pm local hotel time day of arrival. Free breakfast. Hilton Honors Membership Required.,14000,https://www.hilton.com/en/hotels/datdchx-hampton-datong-high-speed-rail-station/
Hilton,HILTON-DATPCGI,DATPCGI,Hilton Garden Inn Datong Pingcheng,Hilton Garden Inn,MAINLAND_CN,CN,Datong,true,hilton_official_hotel_summary_extract_leadRate.lowest,CNY,303,¥303,44.71,HPPAP4,Honors Discount Advance Purchase,Pre-payment required and non-refundable. Hilton Honors Membership Required.,14000,https://www.hilton.com/en/hotels/datpcgi-hilton-garden-inn-datong-pingcheng/
Hilton,HILTON-DATLYHT,DATLYHT,Home2 Suites by Hilton Datong Pingcheng,Home2 Suites by Hilton,MAINLAND_CN,CN,Datong,true,hilton_official_hotel_summary_extract_leadRate.lowest,CNY,303,¥303,44.71,SHTH4A,Honors Discount Advance Purchase,Free breakfast. No cancellations. Pay now. Hilton Honors Membership Required.,13000,https://www.hilton.com/en/hotels/datlyht-home2-suites-datong-pingcheng/
Hilton,HILTON-CTUEYDI,CTUEYDI,DoubleTree by Hilton Deyang,DoubleTree by Hilton,MAINLAND_CN,CN,Deyang,false,hilton_extract_no_lowest_rate,CNY,,,,,,,,https://www.hilton.com/en/hotels/ctueydi-doubletree-deyang/
Hilton,HILTON-TNARSGI,TNARSGI,Hilton Garden Inn Dezhou East Railway Station,Hilton Garden Inn,MAINLAND_CN,CN,Dezhou,false,hilton_extract_no_lowest_rate,CNY,,,,,,,,https://www.hilton.com/en/hotels/tnarsgi-hilton-garden-inn-dezhou-east-railway-station/
Hilton,HILTON-XHOUCHX,XHOUCHX,Hampton by Hilton Dongguan Central Square,Hampton by Hilton,MAINLAND_CN,CN,Dongguan,true,hilton_official_hotel_summary_extract_leadRate.lowest,CNY,419,¥419,61.72,LHHH1P,Honors Discount,Change or cancel by 6pm local hotel time day of arrival. Free breakfast. Hilton Honors Membership Required.,16000,https://www.hilton.com/en/hotels/xhouchx-hampton-dongguan-central-square/
Hilton,HILTON-XHOCCHX,XHOCCHX,Hampton by Hilton Dongguan Dalang,Hampton by Hilton,MAINLAND_CN,CN,Dongguan,true,hilton_official_hotel_summary_extract_leadRate.lowest,CNY,392,¥392,57.75,LHHH1P,Honors Discount,Change or cancel by 6pm local hotel time day of arrival. Free breakfast. Hilton Honors Membership Required.,15000,https://www.hilton.com/en/hotels/xhocchx-hampton-dongguan-dalang/
Hilton,HILTON-SZXDFHX,SZXDFHX,Hampton by Hilton Dongguan Fenggang,Hampton by Hilton,MAINLAND_CN,CN,Dongguan,true,hilton_official_hotel_summary_extract_leadRate.lowest,CNY,347,¥347,51.09,LHHH1P,Honors Discount,Change or cancel by 6pm local hotel time day of arrival. Free breakfast. Hilton Honors Membership Required.,13000,https://www.hilton.com/en/hotels/szxdfhx-hampton-dongguan-fenggang/
Hilton,HILTON-XHORNHX,XHORNHX,Hampton by Hilton Dongguan Liaobu Songshanhu Avenue,Hampton by Hilton,MAINLAND_CN,CN,Dongguan,true,hilton_official_hotel_summary_extract_leadRate.lowest,CNY,405,¥405,59.66,LHHH1P,Honors Discount,Change or cancel by 6pm local hotel time day of arrival. Free breakfast. Hilton Honors Membership Required.,15000,https://www.hilton.com/en/hotels/xhornhx-hampton-dongguan-liaobu-songshanhu-avenue/
Hilton,HILTON-XHOMAHX,XHOMAHX,Hampton by Hilton Dongguan Machong,Hampton by Hilton,MAINLAND_CN,CN,Dongguan,true,hilton_official_hotel_summary_extract_leadRate.lowest,CNY,413,¥413,60.93,LHHH1P,Honors Discount,Change or cancel by 6pm local hotel time day of arrival. Free breakfast. Hilton Honors Membership Required.,16000,https://www.hilton.com/en/hotels/xhomahx-hampton-dongguan-mayong/
Hilton,HILTON-XHOHAHX,XHOHAHX,Hampton by Hilton Dongguan Nancheng Xiping,Hampton by Hilton,MAINLAND_CN,CN,Dongguan,true,hilton_official_hotel_summary_extract_leadRate.lowest,CNY,461,¥461,67.91,LHHH1P,Honors Discount,Change or cancel by 6pm local hotel time day of arrival. Free breakfast. Hilton Honors Membership Required.,17000,https://www.hilton.com/en/hotels/xhohahx-hampton-dongguan-nancheng-xiping/
Hilton,HILTON-CANBAHX,CANBAHX,Hampton by Hilton Dongguan Songshan Lake,Hampton by Hilton,MAINLAND_CN,CN,Dongguan,true,hilton_official_hotel_summary_extract_leadRate.lowest,CNY,462,¥462,68.07,LHHH1P,Honors Discount,Change or cancel by 6pm local hotel time day of arrival. Free breakfast. Hilton Honors Membership Required.,17000,https://www.hilton.com/en/hotels/canbahx-hampton-dongguan-songshan-lake/
Hilton,HILTON-SZXWJGI,SZXWJGI,Hilton Garden Inn Dongguan Wanjiang Jiangjing Road,Hilton Garden Inn,MAINLAND_CN,CN,Dongguan,true,hilton_official_hotel_summary_extract_leadRate.lowest,CNY,385,¥385,56.77,HPPRP1,Honors Discount,Change or cancel by 6pm local hotel time day of arrival. Hilton Honors Membership Required.,15000,https://www.hilton.com/en/hotels/szxwjgi-hilton-garden-inn-dongguan-wanjiang-jiangjing-road/
Hilton,HILTON-SZXZHHT,SZXZHHT,Home2 Suites by Hilton Dongguan Shijie,Home2 Suites by Hilton,MAINLAND_CN,CN,Dongguan,true,hilton_official_hotel_summary_extract_leadRate.lowest,CNY,385,¥385,56.74,SHTH4A,Honors Discount Advance Purchase,Free breakfast. No cancellations. Pay now. Hilton Honors Membership Required.,16000,https://www.hilton.com/en/hotels/szxzhht-home2-suites-dongguan-shijie/
Hilton,HILTON-XHOHIHT,XHOHIHT,Home2 Suites by Hilton Dongguan Shipai,Home2 Suites by Hilton,MAINLAND_CN,CN,Dongguan,true,hilton_official_hotel_summary_extract_leadRate.lowest,CNY,327,¥327,48.25,SHTH4A,Honors Discount Advance Purchase,Free breakfast. No cancellations. Pay now. Hilton Honors Membership Required.,14000,https://www.hilton.com/en/hotels/xhohiht-home2-suites-dongguan-shipai/
Hilton,HILTON-ZRHDYHX,ZRHDYHX,Hampton by Hilton Hengdian,Hampton by Hilton,MAINLAND_CN,CN,Dongyang,true,hilton_official_hotel_summary_extract_leadRate.lowest,CNY,581,¥581,85.52,LHHH1P,Honors Discount,Change or cancel by 6pm local hotel time day of arrival. Free breakfast. Hilton Honors Membership Required.,22000,https://www.hilton.com/en/hotels/zrhdyhx-hampton-hengdian/
Hilton,HILTON-DOYDOHX,DOYDOHX,Hampton by Hilton Dongying,Hampton by Hilton,MAINLAND_CN,CN,Dongying,true,hilton_official_hotel_summary_extract_leadRate.lowest,CNY,341,¥341,50.3,LHHH1P,Honors Discount,Change or cancel by 6pm local hotel time day of arrival. Free breakfast. Hilton Honors Membership Required.,13000,https://www.hilton.com/en/hotels/doydohx-hampton-dongying/
Hilton,HILTON-DNHJDLX,DNHJDLX,"Jangala Dunhuang, an SLH Hotel",Small Luxury Hotels of the World,MAINLAND_CN,CN,Dunhuang,true,hilton_official_hotel_summary_extract_leadRate.lowest,CNY,4684,"¥4,684",689.48,HPPRP1,Honors Discount Breakfast Included,Includes breakfast. Hilton Honors Membership Required.,387000,https://www.hilton.com/en/hotels/dnhjdlx-jangala-dunhuang/
Hilton,HILTON-CTULSHX,CTULSHX,Hampton by Hilton Emeishan Scenic Area,Hampton by Hilton,MAINLAND_CN,CN,Emeishan,true,hilton_official_hotel_summary_extract_leadRate.lowest,CNY,430,¥430,63.31,LHHH1P,Honors Discount,Change or cancel by 6pm local hotel time day of arrival. Free breakfast. Hilton Honors Membership Required.,16000,https://www.hilton.com/en/hotels/ctulshx-hampton-emeishan-scenic-area/
Hilton,HILTON-NBSBCDI,NBSBCDI,DoubleTree by Hilton Changbaishan Hot Spring,DoubleTree by Hilton,MAINLAND_CN,CN,Erdaobaihe Town,true,hilton_official_hotel_summary_extract_leadRate.lowest,CNY,540,¥540,79.59,HPPRP1,Honors Discount Breakfast Included,Change or cancel up to 3 days before arrival. Includes breakfast. Hilton Honors Membership Required.,21000,https://www.hilton.com/en/hotels/nbsbcdi-doubletree-changbaishan-hot-spring/
Hilton,HILTON-WUHUNHX,WUHUNHX,Hampton by Hilton Ezhou Gedian,Hampton by Hilton,MAINLAND_CN,CN,Ezhou,true,hilton_official_hotel_summary_extract_leadRate.lowest,CNY,365,¥365,53.79,LHHH1P,Honors Discount,Change or cancel by 6pm local hotel time day of arrival. Free breakfast. Hilton Honors Membership Required.,14000,https://www.hilton.com/en/hotels/wuhunhx-hampton-ezhou-gedian/
Hilton,HILTON-KHNFEHX,KHNFEHX,Hampton by Hilton Fengcheng,Hampton by Hilton,MAINLAND_CN,CN,Fengcheng,true,hilton_official_hotel_summary_extract_leadRate.lowest,CNY,322,¥322,47.44,LHHH1P,Honors Discount,Change or cancel by 6pm local hotel time day of arrival. Free breakfast. Hilton Honors Membership Required.,12000,https://www.hilton.com/en/hotels/khnfehx-hampton-fengcheng/
Hilton,HILTON-FUOFNDI,FUOFNDI,DoubleTree by Hilton Foshan Nanhai,DoubleTree by Hilton,MAINLAND_CN,CN,Foshan,true,hilton_official_hotel_summary_extract_leadRate.lowest,CNY,387,¥387,57.07,HPPRP1,Honors Discount,Change or cancel up to 1 day before arrival. Hilton Honors Membership Required.,15000,https://www.hilton.com/en/hotels/fuofndi-doubletree-foshan-nanhai/
Hilton,HILTON-FUONEHX,FUONEHX,Hampton by Hilton Foshan Dali,Hampton by Hilton,MAINLAND_CN,CN,Foshan,true,hilton_official_hotel_summary_extract_leadRate.lowest,CNY,407,¥407,59.98,LHHH1P,Honors Discount,Change or cancel by 6pm local hotel time day of arrival. Free breakfast. Hilton Honors Membership Required.,15000,https://www.hilton.com/en/hotels/fuonehx-hampton-foshan-dali/
Hilton,HILTON-FUODIHX,FUODIHX,Hampton by Hilton Foshan Nanhai Movie and TV Town,Hampton by Hilton,MAINLAND_CN,CN,Foshan,true,hilton_official_hotel_summary_extract_leadRate.lowest,CNY,362,¥362,53.31,LHHH1P,Honors Discount,Change or cancel by 6pm local hotel time day of arrival. Free breakfast. Hilton Honors Membership Required.,14000,https://www.hilton.com/en/hotels/fuodihx-hampton-foshan-nanhai-movie-and-tv-town/
Hilton,HILTON-FUOSRHX,FUOSRHX,Hampton by Hilton Foshan Sanlong Bay,Hampton by Hilton,MAINLAND_CN,CN,Foshan,true,hilton_official_hotel_summary_extract_leadRate.lowest,CNY,385,¥385,56.8,LHHH1P,Honors Discount,Change or cancel by 6pm local hotel time day of arrival. Free breakfast. Hilton Honors Membership Required.,15000,https://www.hilton.com/en/hotels/fuosrhx-hampton-foshan-sanlong-bay/
Hilton,HILTON-CANFSHX,CANFSHX,Hampton by Hilton Foshan Sanshui,Hampton by Hilton,MAINLAND_CN,CN,Foshan,true,hilton_official_hotel_summary_extract_leadRate.lowest,CNY,395,¥395,58.23,LHHH1P,Honors Discount,Change or cancel by 6pm local hotel time day of arrival. Free breakfast. Hilton Honors Membership Required.,15000,https://www.hilton.com/en/hotels/canfshx-hampton-foshan-sanshui/
Hilton,HILTON-FUOFOHX,FUOFOHX,Hampton by Hilton Foshan Shunde Beijiao,Hampton by Hilton,MAINLAND_CN,CN,Foshan,true,hilton_official_hotel_summary_extract_leadRate.lowest,CNY,461,¥461,67.91,LHHH1P,Honors Discount,Change or cancel by 6pm local hotel time day of arrival. Free breakfast. Hilton Honors Membership Required.,17000,https://www.hilton.com/en/hotels/fuofohx-hampton-foshan-shunde-beijiao/
Hilton,HILTON-FUOXFHX,FUOXFHX,Hampton by Hilton Foshan Shunde Chencun,Hampton by Hilton,MAINLAND_CN,CN,Foshan,true,hilton_official_hotel_summary_extract_leadRate.lowest,CNY,395,¥395,58.23,LHHH1P,Honors Discount,Change or cancel by 6pm local hotel time day of arrival. Free breakfast. Hilton Honors Membership Required.,15000,https://www.hilton.com/en/hotels/fuoxfhx-hampton-foshan-shunde-chencun/
Hilton,HILTON-FUOSDHX,FUOSDHX,Hampton by Hilton Foshan Shunde Jun'an,Hampton by Hilton,MAINLAND_CN,CN,Foshan,true,hilton_official_hotel_summary_extract_leadRate.lowest,CNY,389,¥389,57.28,LHHH1P,Honors Discount,Change or cancel by 6pm local hotel time day of arrival. Free breakfast. Hilton Honors Membership Required.,15000,https://www.hilton.com/en/hotels/fuosdhx-hampton-foshan-shunde-junan/
Hilton,HILTON-FUOSHHX,FUOSHHX,Hampton by Hilton Foshan West Station,Hampton by Hilton,MAINLAND_CN,CN,Foshan,true,hilton_official_hotel_summary_extract_leadRate.lowest,CNY,349,¥349,51.41,LHHH1P,Honors Discount,Change or cancel by 6pm local hotel time day of arrival. Free breakfast. Hilton Honors Membership Required.,13000,https://www.hilton.com/en/hotels/fuoshhx-hampton-foshan-west-station/
Hilton,HILTON-FUOHXHX,FUOHXHX,Hampton by Hilton Foshan Xiqiao Mountain,Hampton by Hilton,MAINLAND_CN,CN,Foshan,true,hilton_official_hotel_summary_extract_leadRate.lowest,CNY,494,¥494,72.83,LHHH1P,Honors Discount,Change or cancel by 6pm local hotel time day of arrival. Free breakfast. Hilton Honors Membership Required.,19000,https://www.hilton.com/en/hotels/fuohxhx-hampton-foshan-xiqiao-mountain/
Hilton,HILTON-FUOMGHX,FUOMGHX,Hampton by Hilton Shunde Longjiang,Hampton by Hilton,MAINLAND_CN,CN,Foshan,true,hilton_official_hotel_summary_extract_leadRate.lowest,CNY,496,¥496,73.15,LHHH1P,Honors Discount,Change or cancel by 6pm local hotel time day of arrival. Free breakfast. Hilton Honors Membership Required.,19000,https://www.hilton.com/en/hotels/fuomghx-hampton-shunde-longjiang/
Hilton,HILTON-FUOCDHI,FUOCDHI,Hilton Foshan,Hilton Hotels & Resorts,MAINLAND_CN,CN,Foshan,true,hilton_official_hotel_summary_extract_leadRate.lowest,CNY,406,¥406,59.81,HPPRP1,Honors Discount,Change or cancel by 6pm local hotel time day of arrival. Hilton Honors Membership Required.,16000,https://www.hilton.com/en/hotels/fuocdhi-hilton-foshan/
Hilton,HILTON-FUOHIHI,FUOHIHI,Hilton Foshan Shunde,Hilton Hotels & Resorts,MAINLAND_CN,CN,Foshan,true,hilton_official_hotel_summary_extract_leadRate.lowest,CNY,476,¥476,70.16,HPPRP1,Honors Discount,Change or cancel by 4pm local hotel time day of arrival. Hilton Honors Membership Required.,19000,https://www.hilton.com/en/hotels/fuohihi-hilton-foshan-shunde/
Hilton,HILTON-FUOGIGI,FUOGIGI,Hilton Garden Inn Foshan,Hilton Garden Inn,MAINLAND_CN,CN,Foshan,true,hilton_official_hotel_summary_extract_leadRate.lowest,CNY,338,¥338,49.77,HPPRP1,Honors Discount,Change or cancel by 6pm local hotel time day of arrival. Hilton Honors Membership Required.,13000,https://www.hilton.com/en/hotels/fuogigi-hilton-garden-inn-foshan/
Hilton,HILTON-FUOECGI,FUOECGI,Hilton Garden Inn Foshan Tanzhou ICEC,Hilton Garden Inn,MAINLAND_CN,CN,Foshan,false,hilton_extract_no_lowest_rate,CNY,,,,,,,,https://www.hilton.com/en/hotels/fuoecgi-hilton-garden-inn-foshan-tanzhou-icec/
Hilton,HILTON-FUOJIHT,FUOJIHT,Home2 Suites by Hilton Foshan Jiujiang,Home2 Suites by Hilton,MAINLAND_CN,CN,Foshan,true,hilton_official_hotel_summary_extract_leadRate.lowest,CNY,377,¥377,55.61,SHTH4A,Honors Discount Advance Purchase,Free breakfast. No cancellations. Pay now. Hilton Honors Membership Required.,16000,https://www.hilton.com/en/hotels/fuojiht-home2-suites-by-hilton-foshan-jiujiang/
Hilton,HILTON-FUOYHHT,FUOYHHT,Home2 Suites by Hilton Foshan Lishui,Home2 Suites by Hilton,MAINLAND_CN,CN,Foshan,true,hilton_official_hotel_summary_extract_leadRate.lowest,CNY,352,¥352,51.93,SHTH4A,Honors Discount Advance Purchase,Free breakfast. No cancellations. Pay now. Hilton Honors Membership Required.,15000,https://www.hilton.com/en/hotels/fuoyhht-home2-suites-by-hilton-foshan-lishui/
Hilton,HILTON-JNZFUHX,JNZFUHX,Hampton by Hilton Fuxin,Hampton by Hilton,MAINLAND_CN,CN,Fuxin,true,hilton_official_hotel_summary_extract_leadRate.lowest,CNY,402,¥402,59.2,LHHH1P,Honors Discount,Change or cancel by 6pm local hotel time day of arrival. Free breakfast. Hilton Honors Membership Required.,14000,https://www.hilton.com/en/hotels/jnzfuhx-hampton-fuxin/
Hilton,HILTON-HFEFGHX,HFEFGHX,Hampton by Hilton Fuyang Guomao,Hampton by Hilton,MAINLAND_CN,CN,Fuyang,true,hilton_official_hotel_summary_extract_leadRate.lowest,CNY,305,¥305,44.9,LHHH1P,Honors Discount,Change or cancel by 6pm local hotel time day of arrival. Free breakfast. Hilton Honors Membership Required.,12000,https://www.hilton.com/en/hotels/hfefghx-hampton-fuyang-guomao/
Hilton,HILTON-FUGTHHT,FUGTHHT,Home2 Suites by Hilton Fuyang Taihe,Home2 Suites by Hilton,MAINLAND_CN,CN,Fuyang,true,hilton_official_hotel_summary_extract_leadRate.lowest,CNY,295,¥295,43.44,SHTH4A,Honors Discount Advance Purchase,Free breakfast. No cancellations. Pay now. Hilton Honors Membership Required.,13000,https://www.hilton.com/en/hotels/fugthht-home2-suites-fuyang-taihe/
Hilton,HILTON-KHNFZDI,KHNFZDI,DoubleTree by Hilton Jiangxi Fuzhou,DoubleTree by Hilton,MAINLAND_CN,CN,Fuzhou,true,hilton_official_hotel_summary_extract_leadRate.lowest,CNY,310,¥310,45.66,HPPRP1,Honors Discount,Change or cancel by 6pm local hotel time day of arrival. Hilton Honors Membership Required.,12000,https://www.hilton.com/en/hotels/khnfzdi-doubletree-jiangxi-fuzhou/
Hilton,HILTON-FOCZBHX,FOCZBHX,Hampton by Hilton Fuzhou Jin'an Wuliting,Hampton by Hilton,MAINLAND_CN,CN,Fuzhou,false,hilton_extract_no_lowest_rate,CNY,,,,,,,,https://www.hilton.com/en/hotels/foczbhx-hampton-fuzhou-jinan-wuliting/
Hilton,HILTON-FOCHXHX,FOCHXHX,Hampton by Hilton Fuzhou Software Park,Hampton by Hilton,MAINLAND_CN,CN,Fuzhou,true,hilton_official_hotel_summary_extract_leadRate.lowest,CNY,403,¥403,59.34,LHHH1P,Honors Discount,Change or cancel up to 1 day before arrival. Free breakfast. Hilton Honors Membership Required.,15000,https://www.hilton.com/en/hotels/fochxhx-hampton-fuzhou-software-park/
Hilton,HILTON-FOCUZHX,FOCUZHX,Hampton by Hilton Fuzhou Wusi Road,Hampton by Hilton,MAINLAND_CN,CN,Fuzhou,true,hilton_official_hotel_summary_extract_leadRate.lowest,CNY,491,¥491,72.35,LHHH1P,Honors Discount,Change or cancel by 6pm local hotel time day of arrival. Free breakfast. Hilton Honors Membership Required.,19000,https://www.hilton.com/en/hotels/focuzhx-hampton-fuzhou-wusi-road/
Hilton,HILTON-FOCHIHI,FOCHIHI,Hilton Fuzhou,Hilton Hotels & Resorts,MAINLAND_CN,CN,Fuzhou,true,hilton_official_hotel_summary_extract_leadRate.lowest,CNY,568,¥568,83.7,HPPRP1,Honors Discount,Change or cancel up to 1 day before arrival. Hilton Honors Membership Required.,22000,https://www.hilton.com/en/hotels/fochihi-hilton-fuzhou/
Hilton,HILTON-FOUNDHT,FOUNDHT,Home2 Suites by Hilton Fuzhou Cangshan,Home2 Suites by Hilton,MAINLAND_CN,CN,Fuzhou,true,hilton_official_hotel_summary_extract_leadRate.lowest,CNY,402,¥402,59.29,SHTH4A,Honors Discount Advance Purchase,Free breakfast. No cancellations. Pay now. Hilton Honors Membership Required.,17000,https://www.hilton.com/en/hotels/foundht-home2-suites-fuzhou-cangshan/
Hilton,HILTON-KOWOWHX,KOWOWHX,Hampton by Hilton Ganzhou Zhangjiang New Area,Hampton by Hilton,MAINLAND_CN,CN,Ganzhou,true,hilton_official_hotel_summary_extract_leadRate.lowest,CNY,368,¥368,54.26,LHHH1P,Honors Discount,Change or cancel by 6pm local hotel time day of arrival. Free breakfast. Hilton Honors Membership Required.,14000,https://www.hilton.com/en/hotels/kowowhx-hampton-ganzhou-zhangjiang-new-area/
Hilton,HILTON-KOWLNGI,KOWLNGI,Hilton Garden Inn Ganzhou Longnan,Hilton Garden Inn,MAINLAND_CN,CN,Ganzhou,true,hilton_official_hotel_summary_extract_leadRate.lowest,CNY,227,¥227,33.47,HPPAP4,Honors Discount Advance Purchase,Pre-payment required and non-refundable. Hilton Honors Membership Required.,10000,https://www.hilton.com/en/hotels/kowlngi-hilton-garden-inn-ganzhou-longnan/
Hilton,HILTON-GZGGIHT,GZGGIHT,Home2 Suites by Hilton Ganzi Danba,Home2 Suites by Hilton,MAINLAND_CN,CN,Ganzi,false,hilton_extract_no_lowest_rate,CNY,,,,,,,,https://www.hilton.com/en/hotels/gzggiht-home2-suites-ganzi-danba/
Hilton,HILTON-GOQQGDI,GOQQGDI,DoubleTree by Hilton Hotel Qinghai - Golmud,DoubleTree by Hilton,MAINLAND_CN,CN,Golmud,true,hilton_official_hotel_summary_extract_leadRate.lowest,CNY,481,¥481,70.82,HPPRP1,Honors Discount,Change or cancel up to 1 day before arrival. Hilton Honors Membership Required.,18000,https://www.hilton.com/en/hotels/goqqgdi-doubletree-qinghai-golmud/
Hilton,HILTON-CKGGADI,CKGGADI,DoubleTree by Hilton Guang'an,DoubleTree by Hilton,MAINLAND_CN,CN,Guangan,true,hilton_official_hotel_summary_extract_leadRate.lowest,CNY,280,¥280,41.31,HPPAP4,Honors Discount Advance Purchase,Pre-payment required and non-refundable. Hilton Honors Membership Required.,13000,https://www.hilton.com/en/hotels/ckggadi-doubletree-guangan/
Hilton,HILTON-FUOLSGI,FUOLSGI,Hilton Garden Inn Foshan Lishui,Hilton Garden Inn,MAINLAND_CN,CN,Guangdong,true,hilton_official_hotel_summary_extract_leadRate.lowest,CNY,258,¥258,38.05,HPPRP1,Honors Discount,Change or cancel by 6pm local hotel time day of arrival. Hilton Honors Membership Required.,10000,https://www.hilton.com/en/hotels/fuolsgi-hilton-garden-inn-foshan-lishui/
Hilton,HILTON-GYSGCHX,GYSGCHX,Hampton by Hilton Guangyuan Lizhou Square,Hampton by Hilton,MAINLAND_CN,CN,Guangyuan,true,hilton_official_hotel_summary_extract_leadRate.lowest,CNY,320,¥320,47.12,LHHH1P,Honors Discount,Change or cancel by 6pm local hotel time day of arrival. Free breakfast. Hilton Honors Membership Required.,12000,https://www.hilton.com/en/hotels/gysgchx-hampton-guangyuan-lizhou-square/
Hilton,HILTON-CANUPUP,CANUPUP,"Canton Hotel Guangzhou, Tapestry Collection by Hilton",Tapestry by Hilton,MAINLAND_CN,CN,Guangzhou,true,hilton_official_hotel_summary_extract_leadRate.lowest,CNY,538,¥538,79.29,HPPRP1,Honors Discount,Change or cancel up to 1 day before arrival. Hilton Honors Membership Required.,21000,https://www.hilton.com/en/hotels/canupup-canton-hotel-guangzhou/
Hilton,HILTON-CANXWCI,CANXWCI,Conrad Guangzhou,Conrad Hotels & Resorts,MAINLAND_CN,CN,Guangzhou,true,hilton_official_hotel_summary_extract_leadRate.lowest,CNY,1196,"¥1,196",176.08,HPPRP1,Honors Discount,Change or cancel up to 1 day before arrival. Hilton Honors Membership Required.,46000,https://www.hilton.com/en/hotels/canxwci-conrad-guangzhou/
Hilton,HILTON-CANGODI,CANGODI,DoubleTree by Hilton Guangzhou Zengcheng,DoubleTree by Hilton,MAINLAND_CN,CN,Guangzhou,true,hilton_official_hotel_summary_extract_leadRate.lowest,CNY,380,¥380,56.01,HPPRP1,Honors Discount,Change or cancel up to 1 day before arrival. Hilton Honors Membership Required.,15000,https://www.hilton.com/en/hotels/cangodi-doubletree-guangzhou-zengcheng/
Hilton,HILTON-CANSCDI,CANSCDI,DoubleTree by Hilton Hotel Guangzhou,DoubleTree by Hilton,MAINLAND_CN,CN,Guangzhou,true,hilton_official_hotel_summary_extract_leadRate.lowest,CNY,642,¥642,94.61,HPPRP1,Honors Discount,Change or cancel by 6pm local hotel time day of arrival. Hilton Honors Membership Required.,24000,https://www.hilton.com/en/hotels/canscdi-doubletree-guangzhou/
Hilton,HILTON-CANSRDI,CANSRDI,DoubleTree by Hilton Hotel Guangzhou - Science City,DoubleTree by Hilton,MAINLAND_CN,CN,Guangzhou,true,hilton_official_hotel_summary_extract_leadRate.lowest,CNY,442,¥442,65.14,HPPRP1,Honors Discount,Change or cancel by 6pm local hotel time day of arrival. Hilton Honors Membership Required.,17000,https://www.hilton.com/en/hotels/cansrdi-doubletree-guangzhou-science-city/
Hilton,HILTON-CANZHHX,CANZHHX,Hampton Apartments by Hilton Guangzhou Beijing Road Tianzi Wharf,Hampton by Hilton,MAINLAND_CN,CN,Guangzhou,true,hilton_official_hotel_summary_extract_leadRate.lowest,CNY,537,¥537,79.17,LHHH1P,Honors Discount,Change or cancel by 6pm local hotel time day of arrival. Free breakfast. Hilton Honors Membership Required.,20000,https://www.hilton.com/en/hotels/canzhhx-hampton-apartments-guangzhou-beijing-road-tianzi-wharf/
Hilton,HILTON-CANNYHX,CANNYHX,Hampton by Hilton Guangzhou Baiyun Airport Cultural Tourism City,Hampton by Hilton,MAINLAND_CN,CN,Guangzhou,true,hilton_official_hotel_summary_extract_leadRate.lowest,CNY,405,¥405,59.66,LHHH1P,Honors Discount,Change or cancel by 6pm local hotel time day of arrival. Free breakfast. Hilton Honors Membership Required.,15000,https://www.hilton.com/en/hotels/cannyhx-hampton-guangzhou-baiyun-airport-cultural-tourism-city/
Hilton,HILTON-SZXGBHX,SZXGBHX,Hampton by Hilton Guangzhou Baiyun Airport North,Hampton by Hilton,MAINLAND_CN,CN,Guangzhou,true,hilton_official_hotel_summary_extract_leadRate.lowest,CNY,385,¥385,56.8,LHHH1P,Honors Discount,Change or cancel by 6pm local hotel time day of arrival. Free breakfast. Hilton Honors Membership Required.,15000,https://www.hilton.com/en/hotels/szxgbhx-hampton-guangzhou-baiyun-airport-north/
Hilton,HILTON-CANYTHX,CANYTHX,Hampton by Hilton Guangzhou Baiyun Avenue North,Hampton by Hilton,MAINLAND_CN,CN,Guangzhou,true,hilton_official_hotel_summary_extract_leadRate.lowest,CNY,553,¥553,81.4,LHHH1P,Honors Discount,Change or cancel by 6pm local hotel time day of arrival. Free breakfast. Hilton Honors Membership Required.,20000,https://www.hilton.com/en/hotels/canythx-hampton-guangzhou-baiyun-avenue-north/
Hilton,HILTON-CANHNHX,CANHNHX,Hampton by Hilton Guangzhou Changlong Wanbo Center,Hampton by Hilton,MAINLAND_CN,CN,Guangzhou,true,hilton_official_hotel_summary_extract_leadRate.lowest,CNY,576,¥576,84.89,LHHH1P,Honors Discount,Change or cancel by 6pm local hotel time day of arrival. Free breakfast. Hilton Honors Membership Required.,22000,https://www.hilton.com/en/hotels/canhnhx-hampton-guangzhou-changlong-wanbo-center/
Hilton,HILTON-CANDNHX,CANDNHX,Hampton by Hilton Guangzhou Dongxiaonan,Hampton by Hilton,MAINLAND_CN,CN,Guangzhou,true,hilton_official_hotel_summary_extract_leadRate.lowest,CNY,496,¥496,73.15,LHHH1P,Honors Discount,Change or cancel by 6pm local hotel time day of arrival. Free breakfast. Hilton Honors Membership Required.,19000,https://www.hilton.com/en/hotels/candnhx-hampton-guangzhou-dongxiaonan/
Hilton,HILTON-CANWCHX,CANWCHX,Hampton by Hilton Guangzhou Huadu,Hampton by Hilton,MAINLAND_CN,CN,Guangzhou,true,hilton_official_hotel_summary_extract_leadRate.lowest,CNY,440,¥440,64.89,LHHH1P,Honors Discount,Change or cancel by 6pm local hotel time day of arrival. Free breakfast. Hilton Honors Membership Required.,17000,https://www.hilton.com/en/hotels/canwchx-hampton-guangzhou-huadu/
Hilton,HILTON-CANKLHX,CANKLHX,Hampton by Hilton Guangzhou Huangpu Science City,Hampton by Hilton,MAINLAND_CN,CN,Guangzhou,false,hilton_extract_no_lowest_rate,CNY,,,,,,,,https://www.hilton.com/en/hotels/canklhx-hampton-guangzhou-huangpu-science-city/
Hilton,HILTON-CANFNHX,CANFNHX,Hampton by Hilton Guangzhou Huangpu Sports Center,Hampton by Hilton,MAINLAND_CN,CN,Guangzhou,true,hilton_official_hotel_summary_extract_leadRate.lowest,CNY,429,¥429,63.15,LHHH1P,Honors Discount,Change or cancel by 6pm local hotel time day of arrival. Free breakfast. Hilton Honors Membership Required.,16000,https://www.hilton.com/en/hotels/canfnhx-hampton-guangzhou-huangpu-sports-center/
Hilton,HILTON-FUOGGHX,FUOGGHX,Hampton by Hilton Guangzhou Jinshazhou,Hampton by Hilton,MAINLAND_CN,CN,Guangzhou,true,hilton_official_hotel_summary_extract_leadRate.lowest,CNY,506,¥506,74.57,LHHH1P,Honors Discount,Change or cancel by 6pm local hotel time day of arrival. Free breakfast. Hilton Honors Membership Required.,19000,https://www.hilton.com/en/hotels/fuogghx-hampton-guangzhou-jinshazhou/
Hilton,HILTON-CANWHHX,CANWHHX,Hampton by Hilton Guangzhou Luoxi,Hampton by Hilton,MAINLAND_CN,CN,Guangzhou,true,hilton_official_hotel_summary_extract_leadRate.lowest,CNY,543,¥543,79.97,LHHH1P,Honors Discount,Change or cancel by 6pm local hotel time day of arrival. Free breakfast. Hilton Honors Membership Required.,20000,https://www.hilton.com/en/hotels/canwhhx-hampton-guangzhou-luoxi/
Hilton,HILTON-CANDOHX,CANDOHX,Hampton by Hilton Guangzhou Panyu Asian Games City,Hampton by Hilton,MAINLAND_CN,CN,Guangzhou,true,hilton_official_hotel_summary_extract_leadRate.lowest,CNY,460,¥460,67.75,LHHH1P,Honors Discount,Change or cancel by 6pm local hotel time day of arrival. Free breakfast. Hilton Honors Membership Required.,17000,https://www.hilton.com/en/hotels/candohx-hampton-guangzhou-panyu-asian-games-city/
Hilton,HILTON-CANGGHX,CANGGHX,Hampton by Hilton Guangzhou Panyu Avenue,Hampton by Hilton,MAINLAND_CN,CN,Guangzhou,true,hilton_official_hotel_summary_extract_leadRate.lowest,CNY,449,¥449,66.16,LHHH1P,Honors Discount,Change or cancel by 6pm local hotel time day of arrival. Free breakfast. Hilton Honors Membership Required.,17000,https://www.hilton.com/en/hotels/cangghx-hampton-guangzhou-panyu-avenue/
Hilton,HILTON-CANDYHX,CANDYHX,Hampton by Hilton Guangzhou Railway Station,Hampton by Hilton,MAINLAND_CN,CN,Guangzhou,true,hilton_official_hotel_summary_extract_leadRate.lowest,CNY,650,¥650,95.67,LHHH1P,Honors Discount,Change or cancel by 6pm local hotel time day of arrival. Free breakfast. Hilton Honors Membership Required.,24000,https://www.hilton.com/en/hotels/candyhx-hampton-guangzhou-railway-station/
Hilton,HILTON-CANFBHX,CANFBHX,Hampton by Hilton Guangzhou Renhe Baiyun Airport,Hampton by Hilton,MAINLAND_CN,CN,Guangzhou,true,hilton_official_hotel_summary_extract_leadRate.lowest,CNY,398,¥398,58.71,LHHH1P,Honors Discount,Change or cancel by 6pm local hotel time day of arrival. Free breakfast. Hilton Honors Membership Required.,15000,https://www.hilton.com/en/hotels/canfbhx-hampton-renhe-baiyun-airport/
Hilton,HILTON-CANHRHX,CANHRHX,Hampton by Hilton Guangzhou Tianhe Smart City,Hampton by Hilton,MAINLAND_CN,CN,Guangzhou,true,hilton_official_hotel_summary_extract_leadRate.lowest,CNY,495,¥495,72.99,LHHH1P,Honors Discount,Change or cancel by 6pm local hotel time day of arrival. Free breakfast. Hilton Honors Membership Required.,19000,https://www.hilton.com/en/hotels/canhrhx-hampton-guangzhou-tianhe-smart-city/
Hilton,HILTON-CANTNHX,CANTNHX,Hampton by Hilton Guangzhou Tianhe Sports Center,Hampton by Hilton,MAINLAND_CN,CN,Guangzhou,true,hilton_official_hotel_summary_extract_leadRate.lowest,CNY,534,¥534,78.7,LHHH1P,Honors Discount,Change or cancel by 6pm local hotel time day of arrival. Free breakfast. Hilton Honors Membership Required.,20000,https://www.hilton.com/en/hotels/cantnhx-hampton-guangzhou-tianhe-sports-center/
Hilton,HILTON-FUOGZHX,FUOGZHX,Hampton by Hilton Guangzhou Wenchong,Hampton by Hilton,MAINLAND_CN,CN,Guangzhou,true,hilton_official_hotel_summary_extract_leadRate.lowest,CNY,472,¥472,69.5,LHHH1P,Honors Discount,Change or cancel by 6pm local hotel time day of arrival. Free breakfast. Hilton Honors Membership Required.,18000,https://www.hilton.com/en/hotels/fuogzhx-hampton-guangzhou-wenchong/
Hilton,HILTON-CANGAHX,CANGAHX,Hampton by Hilton Guangzhou Xintang,Hampton by Hilton,MAINLAND_CN,CN,Guangzhou,true,hilton_official_hotel_summary_extract_leadRate.lowest,CNY,423,¥423,62.36,LHHH1P,Honors Discount,Change or cancel by 6pm local hotel time day of arrival. Free breakfast. Hilton Honors Membership Required.,16000,https://www.hilton.com/en/hotels/cangahx-hampton-guangzhou-xintang/
Hilton,HILTON-CANGNHX,CANGNHX,Hampton by Hilton Guangzhou Xintang Railway Station,Hampton by Hilton,MAINLAND_CN,CN,Guangzhou,true,hilton_official_hotel_summary_extract_leadRate.lowest,CNY,553,¥553,81.4,LHHH1P,Honors Discount,Change or cancel by 6pm local hotel time day of arrival. Free breakfast. Hilton Honors Membership Required.,20000,https://www.hilton.com/en/hotels/cangnhx-hampton-guangzhou-xintang-railway-station/
Hilton,HILTON-CANNTHX,CANNTHX,Hampton by Hilton Guangzhou Zhujiang New Town,Hampton by Hilton,MAINLAND_CN,CN,Guangzhou,true,hilton_official_hotel_summary_extract_leadRate.lowest,CNY,577,¥577,85.05,LHHH1P,Honors Discount,Change or cancel by 6pm local hotel time day of arrival. Free breakfast. Hilton Honors Membership Required.,,https://www.hilton.com/en/hotels/cannthx-hampton-guangzhou-zhujiang-new-town/
Hilton,HILTON-CANAPGI,CANAPGI,Hilton Garden Inn Guangzhou Airport Aerotropolis,Hilton Garden Inn,MAINLAND_CN,CN,Guangzhou,true,hilton_official_hotel_summary_extract_leadRate.lowest,CNY,284,¥284,41.84,HPPAP4,Honors Discount Advance Purchase,Pre-payment required and non-refundable. Hilton Honors Membership Required.,12000,https://www.hilton.com/en/hotels/canapgi-hilton-garden-inn-guangzhou-airport-aerotropolis/
Hilton,HILTON-CANYAGI,CANYAGI,Hilton Garden Inn Guangzhou Baiyun Airport,Hilton Garden Inn,MAINLAND_CN,CN,Guangzhou,true,hilton_official_hotel_summary_extract_leadRate.lowest,CNY,538,¥538,79.23,HPPAP4,Honors Discount Advance Purchase,Pre-payment required and non-refundable. Hilton Honors Membership Required.,23000,https://www.hilton.com/en/hotels/canyagi-hilton-garden-inn-guangzhou-baiyun-airport/
Hilton,HILTON-CANCHGI,CANCHGI,Hilton Garden Inn Guangzhou Conghua,Hilton Garden Inn,MAINLAND_CN,CN,Guangzhou,false,hilton_extract_no_lowest_rate,CNY,,,,,,,,https://www.hilton.com/en/hotels/canchgi-hilton-garden-inn-guangzhou-conghua/
Hilton,HILTON-CANGZGI,CANGZGI,Hilton Garden Inn Guangzhou Tianhe,Hilton Garden Inn,MAINLAND_CN,CN,Guangzhou,true,hilton_official_hotel_summary_extract_leadRate.lowest,CNY,399,¥399,58.75,HPPRP1,Honors Discount,Change or cancel by 4pm local hotel time day of arrival. Hilton Honors Membership Required.,16000,https://www.hilton.com/en/hotels/cangzgi-hilton-garden-inn-guangzhou-tianhe/
Hilton,HILTON-CANESGI,CANESGI,Hilton Garden Inn Guangzhou Tianhe Fenghuang,Hilton Garden Inn,MAINLAND_CN,CN,Guangzhou,true,hilton_official_hotel_summary_extract_leadRate.lowest,CNY,419,¥419,61.79,HPPRP1,Honors Discount,Change or cancel by 6pm local hotel time day of arrival. Hilton Honors Membership Required.,17000,https://www.hilton.com/en/hotels/canesgi-hilton-garden-inn-guangzhou-tianhe-fenghuang/
Hilton,HILTON-CANGUHI,CANGUHI,Hilton Guangzhou Baiyun,Hilton Hotels & Resorts,MAINLAND_CN,CN,Guangzhou,true,hilton_official_hotel_summary_extract_leadRate.lowest,CNY,561,¥561,82.67,HPPRP1,Honors Discount,Change or cancel by 6pm local hotel time day of arrival. Hilton Honors Membership Required.,21000,https://www.hilton.com/en/hotels/canguhi-hilton-guangzhou-baiyun/
Hilton,HILTON-CANYPHI,CANYPHI,Hilton Guangzhou Baiyun Airport,Hilton Hotels & Resorts,MAINLAND_CN,CN,Guangzhou,true,hilton_official_hotel_summary_extract_leadRate.lowest,CNY,751,¥751,110.6,HPPAP4,Honors Discount Advance Purchase,Pre-payment required and non-refundable. Hilton Honors Membership Required.,30000,https://www.hilton.com/en/hotels/canyphi-hilton-guangzhou-baiyun-airport/
Hilton,HILTON-CANNIHI,CANNIHI,Hilton Guangzhou Science City,Hilton Hotels & Resorts,MAINLAND_CN,CN,Guangzhou,true,hilton_official_hotel_summary_extract_leadRate.lowest,CNY,522,¥522,76.86,HPPRP1,Honors Discount,Change or cancel by 6pm local hotel time day of arrival. Hilton Honors Membership Required.,20000,https://www.hilton.com/en/hotels/cannihi-hilton-guangzhou-science-city/
Hilton,HILTON-CANGTHI,CANGTHI,Hilton Guangzhou Tianhe,Hilton Hotels & Resorts,MAINLAND_CN,CN,Guangzhou,true,hilton_official_hotel_summary_extract_leadRate.lowest,CNY,619,¥619,91.16,HPPRP1,Honors Discount,至少在到达日当地时间下午4点之前变更或取消。 Hilton Honors Membership Required.,24000,https://www.hilton.com/en/hotels/cangthi-hilton-guangzhou-tianhe/
Hilton,HILTON-CANITHT,CANITHT,Home2 Suites by Hilton Guangzhou Baiyun Airport West,Home2 Suites by Hilton,MAINLAND_CN,CN,Guangzhou,true,hilton_official_hotel_summary_extract_leadRate.lowest,CNY,424,¥424,62.54,SHTH4A,Honors Discount Advance Purchase,Free breakfast. No cancellations. Pay now. Hilton Honors Membership Required.,18000,https://www.hilton.com/en/hotels/canitht-home2-suites-guangzhou-baiyun-airport-west/
Hilton,HILTON-CANGHHT,CANGHHT,Home2 Suites by Hilton Guangzhou Conghua,Home2 Suites by Hilton,MAINLAND_CN,CN,Guangzhou,true,hilton_official_hotel_summary_extract_leadRate.lowest,CNY,385,¥385,56.74,SHTH4A,Honors Discount Advance Purchase,Free breakfast. No cancellations. Pay now. Hilton Honors Membership Required.,16000,https://www.hilton.com/en/hotels/canghht-home2-suites-guangzhou-conghua/
Hilton,HILTON-CANHUHT,CANHUHT,Home2 Suites by Hilton Guangzhou Huadu,Home2 Suites by Hilton,MAINLAND_CN,CN,Guangzhou,true,hilton_official_hotel_summary_extract_leadRate.lowest,CNY,443,¥443,65.23,SHTH4A,Honors Discount Advance Purchase,Free breakfast. No cancellations. Pay now. Hilton Honors Membership Required.,19000,https://www.hilton.com/en/hotels/canhuht-home2-suites-guangzhou-huadu/
Hilton,HILTON-CANKAHT,CANKAHT,Home2 Suites by Hilton Guangzhou Huangpu Science City,Home2 Suites by Hilton,MAINLAND_CN,CN,Guangzhou,true,hilton_official_hotel_summary_extract_leadRate.lowest,CNY,468,¥468,68.91,SHTH4A,Honors Discount Advance Purchase,Free breakfast. No cancellations. Pay now. Hilton Honors Membership Required.,20000,https://www.hilton.com/en/hotels/cankaht-home2-suites-guangzhou-huangpu-science-city/
Hilton,HILTON-CANLNLX,CANLNLX,"LN Hotel Five, an SLH Hotel",Small Luxury Hotels of the World,MAINLAND_CN,CN,Guangzhou,true,hilton_official_hotel_summary_extract_leadRate.lowest,CNY,599,¥599,88.28,HPPAP4,Honors Advance Purchase Breakfast Included,Free breakfast. No cancellations. Pay now. Hilton Honors Membership Required.,30000,https://www.hilton.com/en/hotels/canlnlx-ln-hotel-five/
Hilton,HILTON-CANQQQQ,CANQQQQ,"Yuexiu Hotel Guangzhou, Curio Collection by Hilton",Curio Collection by Hilton,MAINLAND_CN,CN,Guangzhou,true,hilton_official_hotel_summary_extract_leadRate.lowest,CNY,619,¥619,91.16,HPPRP1,Honors Discount,Change or cancel up to 1 day before arrival. Hilton Honors Membership Required.,24000,https://www.hilton.com/en/hotels/canqqqq-yuexiu-hotel-guangzhou/
Hilton,HILTON-NNGGGHX,NNGGGHX,Hampton by Hilton Guigang,Hampton by Hilton,MAINLAND_CN,CN,Guigang,true,hilton_official_hotel_summary_extract_leadRate.lowest,CNY,341,¥341,50.3,LHHH1P,Honors Discount,Change or cancel by 6pm local hotel time day of arrival. Free breakfast. Hilton Honors Membership Required.,13000,https://www.hilton.com/en/hotels/nnggghx-hampton-guigang/
Hilton,HILTON-KWLHXHX,KWLHXHX,Hampton by Hilton Guilin Lingui,Hampton by Hilton,MAINLAND_CN,CN,Guilin,true,hilton_official_hotel_summary_extract_leadRate.lowest,CNY,324,¥324,47.76,LHHH1P,Honors Discount,Change or cancel by 6pm local hotel time day of arrival. Free breakfast. Hilton Honors Membership Required.,12000,https://www.hilton.com/en/hotels/kwlhxhx-hampton-guilin-lingui/
Hilton,HILTON-KWLGXHX,KWLGXHX,Hampton by Hilton Guilin Xiufeng,Hampton by Hilton,MAINLAND_CN,CN,Guilin,true,hilton_official_hotel_summary_extract_leadRate.lowest,CNY,284,¥284,41.89,LHHH1P,Honors Discount,Change or cancel by 6pm local hotel time day of arrival. Free breakfast. Hilton Honors Membership Required.,11000,https://www.hilton.com/en/hotels/kwlgxhx-hampton-guilin-xiufeng/
Hilton,HILTON-KWLGIGI,KWLGIGI,Hilton Garden Inn Guilin Diecai Li River,Hilton Garden Inn,MAINLAND_CN,CN,Guilin,true,hilton_official_hotel_summary_extract_leadRate.lowest,CNY,441,¥441,64.99,HPPRP1,Honors Discount,Change or cancel by 6pm local hotel time day of arrival. Hilton Honors Membership Required.,17000,https://www.hilton.com/en/hotels/kwlgigi-hilton-garden-inn-guilin-diecai-li-river/
Hilton,HILTON-KWLYSGI,KWLYSGI,Hilton Garden Inn Guilin Yangshuo,Hilton Garden Inn,MAINLAND_CN,CN,Guilin,true,hilton_official_hotel_summary_extract_leadRate.lowest,CNY,723,¥723,106.53,HPPRP1,Honors Discount,Change or cancel up to 1 day before arrival. Hilton Honors Membership Required.,35000,https://www.hilton.com/en/hotels/kwlysgi-hilton-garden-inn-guilin-yangshuo/
Hilton,HILTON-KWLYJLX,KWLYJLX,"Yangshuo Jora Hotel, an SLH Hotel",Small Luxury Hotels of the World,MAINLAND_CN,CN,Guilin,false,hilton_extract_no_lowest_rate,CNY,,,,,,,,https://www.hilton.com/en/hotels/kwlyjlx-yangshuo-jora-hotel/
Hilton,HILTON-KWEANHX,KWEANHX,Hampton by Hilton Guiyang Century City,Hampton by Hilton,MAINLAND_CN,CN,Guiyang,true,hilton_official_hotel_summary_extract_leadRate.lowest,CNY,369,¥369,54.42,LHHH1P,Honors Discount,Change or cancel by 6pm local hotel time day of arrival. Free breakfast. Hilton Honors Membership Required.,14000,https://www.hilton.com/en/hotels/kweanhx-hampton-guiyang-century-city/
Hilton,HILTON-KWENGHX,KWENGHX,Hampton by Hilton Guiyang Guanshan Lake,Hampton by Hilton,MAINLAND_CN,CN,Guiyang,true,hilton_official_hotel_summary_extract_leadRate.lowest,CNY,323,¥323,47.6,LHHH1P,Honors Discount,Change or cancel by 6pm local hotel time day of arrival. Free breakfast. Hilton Honors Membership Required.,12000,https://www.hilton.com/en/hotels/kwenghx-hampton-guiyang-guanshan-lake/
Hilton,HILTON-KWECHHX,KWECHHX,Hampton by Hilton Guiyang ICEC,Hampton by Hilton,MAINLAND_CN,CN,Guiyang,true,hilton_official_hotel_summary_extract_leadRate.lowest,CNY,471,¥471,69.34,LHHH1P,Honors Discount,Change or cancel by 6pm local hotel time day of arrival. Free breakfast. Hilton Honors Membership Required.,18000,https://www.hilton.com/en/hotels/kwechhx-hampton-guiyang-convention-center/
Hilton,HILTON-KWEJIHX,KWEJIHX,Hampton by Hilton Guiyang Nanming Railway Station,Hampton by Hilton,MAINLAND_CN,CN,Guiyang,true,hilton_official_hotel_summary_extract_leadRate.lowest,CNY,405,¥405,59.66,LHHH1P,Honors Discount,Change or cancel by 6pm local hotel time day of arrival. Free breakfast. Hilton Honors Membership Required.,15000,https://www.hilton.com/en/hotels/kwejihx-hampton-guiyang-nanming-railway-station/
Hilton,HILTON-KWERKHX,KWERKHX,Hampton by Hilton Guiyang Nanming Xingye,Hampton by Hilton,MAINLAND_CN,CN,Guiyang,true,hilton_official_hotel_summary_extract_leadRate.lowest,CNY,398,¥398,58.71,LHHH1P,Honors Discount,Change or cancel by 6pm local hotel time day of arrival. Free breakfast. Hilton Honors Membership Required.,15000,https://www.hilton.com/en/hotels/kwerkhx-hampton-guiyang-nanming-xingye/
Hilton,HILTON-KWEGLHX,KWEGLHX,Hampton by Hilton Guiyang North Railway Station,Hampton by Hilton,MAINLAND_CN,CN,Guiyang,false,hilton_extract_no_lowest_rate,CNY,,,,,,,,https://www.hilton.com/en/hotels/kweglhx-hampton-guiyang-north-railway-station/
Hilton,HILTON-KWEYDHX,KWEYDHX,Hampton by Hilton Guiyang Yunyan Fountain,Hampton by Hilton,MAINLAND_CN,CN,Guiyang,true,hilton_official_hotel_summary_extract_leadRate.lowest,CNY,435,¥435,64.1,LHHH1P,Honors Discount,Change or cancel by 6pm local hotel time day of arrival. Free breakfast. Hilton Honors Membership Required.,16000,https://www.hilton.com/en/hotels/kweydhx-hampton-guiyang-yunyan-fountain/
Hilton,HILTON-KWEGAGI,KWEGAGI,Hilton Garden Inn Guiyang Gui'an New Area,Hilton Garden Inn,MAINLAND_CN,CN,Guiyang,true,hilton_official_hotel_summary_extract_leadRate.lowest,CNY,264,¥264,38.96,HPPRP1,Honors Discount,Change or cancel by 6pm local hotel time day of arrival. Hilton Honors Membership Required.,11000,https://www.hilton.com/en/hotels/kwegagi-hilton-garden-inn-guiyang-guian-new-area/
Hilton,HILTON-KWEJRHI,KWEJRHI,Hilton Guiyang,Hilton Hotels & Resorts,MAINLAND_CN,CN,Guiyang,true,hilton_official_hotel_summary_extract_leadRate.lowest,CNY,672,¥672,98.92,HPPRP1,Honors Discount,Change or cancel up to 1 day before arrival. Hilton Honors Membership Required.,26000,https://www.hilton.com/en/hotels/kwejrhi-hilton-guiyang/
Hilton,HILTON-KWEGNHT,KWEGNHT,Home2 Suites by Hilton Guiyang Guanshanhu,Home2 Suites by Hilton,MAINLAND_CN,CN,Guiyang,true,hilton_official_hotel_summary_extract_leadRate.lowest,CNY,361,¥361,53.2,SHTH4A,Honors Discount Advance Purchase,Free breakfast. No cancellations. Pay now. Hilton Honors Membership Required.,15000,https://www.hilton.com/en/hotels/kwegnht-home2-suites-guiyang-guanshanhu/
Hilton,HILTON-KWEGHHT,KWEGHHT,Home2 Suites by Hilton Guiyang Nanming Jiaxiu,Home2 Suites by Hilton,MAINLAND_CN,CN,Guiyang,true,hilton_official_hotel_summary_extract_leadRate.lowest,CNY,369,¥369,54.34,SHTH4A,Honors Discount Advance Purchase,Free breakfast. No cancellations. Pay now. Hilton Honors Membership Required.,16000,https://www.hilton.com/en/hotels/kweghht-home2-suites-guiyang-nanming-jiaxiu/
Hilton,HILTON-KWEENHT,KWEENHT,Home2 Suites by Hilton Guiyang Nanming Jiyuan,Home2 Suites by Hilton,MAINLAND_CN,CN,Guiyang,true,hilton_official_hotel_summary_extract_leadRate.lowest,CNY,354,¥354,52.22,SHTH4A,Honors Discount Advance Purchase,Free breakfast. No cancellations. Pay now. Hilton Honors Membership Required.,15000,https://www.hilton.com/en/hotels/kweenht-home2-suites-guiyang-nanming-jiyuan/
Hilton,HILTON-KWEYYHT,KWEYYHT,Home2 Suites by Hilton Guiyang Yunyan Penshuichi,Home2 Suites by Hilton,MAINLAND_CN,CN,Guiyang,true,hilton_official_hotel_summary_extract_leadRate.lowest,CNY,361,¥361,53.2,SHTH4A,Honors Discount Advance Purchase,Free breakfast. No cancellations. Pay now. Hilton Honors Membership Required.,15000,https://www.hilton.com/en/hotels/kweyyht-home2-suites-guiyang-yunyan-penshuichi/
Hilton,HILTON-HAKMLHX,HAKMLHX,Hampton by Hilton Haikou East Railway Station,Hampton by Hilton,MAINLAND_CN,CN,Haikou,true,hilton_official_hotel_summary_extract_leadRate.lowest,CNY,370,¥370,54.58,LHHH1P,Honors Discount,Change or cancel by 6pm local hotel time day of arrival. Free breakfast. Hilton Honors Membership Required.,14000,https://www.hilton.com/en/hotels/hakmlhx-hampton-haikou-east-railway-station/
Hilton,HILTON-HAKLOHX,HAKLOHX,Hampton by Hilton Haikou Guomao,Hampton by Hilton,MAINLAND_CN,CN,Haikou,true,hilton_official_hotel_summary_extract_leadRate.lowest,CNY,398,¥398,58.71,LHHH1P,Honors Discount,Change or cancel by 6pm local hotel time day of arrival. Free breakfast. Hilton Honors Membership Required.,15000,https://www.hilton.com/en/hotels/haklohx-hampton-haikou-guomao/
Hilton,HILTON-HAKHOHX,HAKHOHX,Hampton by Hilton Haikou Haidian Island,Hampton by Hilton,MAINLAND_CN,CN,Haikou,true,hilton_official_hotel_summary_extract_leadRate.lowest,CNY,366,¥366,53.95,LHHH1P,Honors Discount,Change or cancel by 6pm local hotel time day of arrival. Free breakfast. Hilton Honors Membership Required.,14000,https://www.hilton.com/en/hotels/hakhohx-hampton-haikou-haidian-island/
Hilton,HILTON-HAKHKHX,HAKHKHX,Hampton by Hilton Haikou Nanhai,Hampton by Hilton,MAINLAND_CN,CN,Haikou,true,hilton_official_hotel_summary_extract_leadRate.lowest,CNY,325,¥325,47.92,LHHH1P,Honors Discount,Change or cancel by 6pm local hotel time day of arrival. Free breakfast. Hilton Honors Membership Required.,12000,https://www.hilton.com/en/hotels/hakhkhx-hampton-haikou-nanhai/
Hilton,HILTON-HAKCDHX,HAKCDHX,Hampton by Hilton Haikou Qilou Old Street,Hampton by Hilton,MAINLAND_CN,CN,Haikou,true,hilton_official_hotel_summary_extract_leadRate.lowest,CNY,407,¥407,59.98,LHHH1P,Honors Discount,Change or cancel by 6pm local hotel time day of arrival. Free breakfast. Hilton Honors Membership Required.,15000,https://www.hilton.com/en/hotels/hakcdhx-hampton-haikou-qilou-old-street/
Hilton,HILTON-HAKHAHI,HAKHAHI,Hilton Haikou,Hilton Hotels & Resorts,MAINLAND_CN,CN,Haikou,true,hilton_official_hotel_summary_extract_leadRate.lowest,CNY,522,¥522,76.86,HPPRP1,Honors Discount,Change or cancel by 6pm local hotel time day of arrival. Hilton Honors Membership Required.,20000,https://www.hilton.com/en/hotels/hakhahi-hilton-haikou/
Hilton,HILTON-HAKMEHI,HAKMEHI,Hilton Haikou Meilan,Hilton Hotels & Resorts,MAINLAND_CN,CN,Haikou,true,hilton_official_hotel_summary_extract_leadRate.lowest,CNY,459,¥459,67.57,HPPRP1,Honors Discount,Change or cancel by 6pm local hotel time day of arrival. Hilton Honors Membership Required.,18000,https://www.hilton.com/en/hotels/hakmehi-hilton-haikou-meilan/
Hilton,HILTON-HMICNHX,HMICNHX,Hampton by Hilton Hami,Hampton by Hilton,MAINLAND_CN,CN,Hami,true,hilton_official_hotel_summary_extract_leadRate.lowest,CNY,387,¥387,57.02,LHHH1P,Honors Discount,Change or cancel by 6pm local hotel time day of arrival. Free breakfast. Hilton Honors Membership Required.,14000,https://www.hilton.com/en/hotels/hmicnhx-hampton-hami/
Hilton,HILTON-HMIRRHX,HMIRRHX,Hampton by Hilton Hami High-speed Railway Station,Hampton by Hilton,MAINLAND_CN,CN,Hami,true,hilton_official_hotel_summary_extract_leadRate.lowest,CNY,340,¥340,50.12,LHHH1P,Honors Discount,Change or cancel by 6pm local hotel time day of arrival. Free breakfast. Hilton Honors Membership Required.,12000,https://www.hilton.com/en/hotels/hmirrhx-hampton-hami-high-speed-railway-station/
Hilton,HILTON-HDGHNHX,HDGHNHX,Hampton by Hilton Handan Railway Station,Hampton by Hilton,MAINLAND_CN,CN,Handan,true,hilton_official_hotel_summary_extract_leadRate.lowest,CNY,308,¥308,45.38,LHHH1P,Honors Discount,Change or cancel by 6pm local hotel time day of arrival. Free breakfast. Hilton Honors Membership Required.,12000,https://www.hilton.com/en/hotels/hdghnhx-hampton-handan-railway-station/
Hilton,HILTON-HDGANHX,HDGANHX,Hampton by Hilton Handan Yongnian,Hampton by Hilton,MAINLAND_CN,CN,Handan,true,hilton_official_hotel_summary_extract_leadRate.lowest,CNY,341,¥341,50.3,LHHH1P,Honors Discount,Change or cancel by 6pm local hotel time day of arrival. Free breakfast. Hilton Honors Membership Required.,13000,https://www.hilton.com/en/hotels/hdganhx-hampton-handan-yongnian/
Hilton,HILTON-HDGINGI,HDGINGI,Hilton Garden Inn Handan She County,Hilton Garden Inn,MAINLAND_CN,CN,Handan,true,hilton_official_hotel_summary_extract_leadRate.lowest,CNY,248,¥248,36.53,HPPRP1,Honors Discount,Change or cancel by 6pm local hotel time day of arrival. Hilton Honors Membership Required.,10000,https://www.hilton.com/en/hotels/hdgingi-hilton-garden-inn-handan-she-county/
Hilton,HILTON-HDGMTHT,HDGMTHT,Home2 Suites by Hilton Handan East Railway Station,Home2 Suites by Hilton,MAINLAND_CN,CN,Handan,true,hilton_official_hotel_summary_extract_leadRate.lowest,CNY,292,¥292,43.02,SHTH4A,Honors Discount Advance Purchase,Free breakfast. No cancellations. Pay now. Hilton Honors Membership Required.,13000,https://www.hilton.com/en/hotels/hdgmtht-home2-suites-handan-east-railway-station/
Hilton,HILTON-HGHPYPY,HGHPYPY,Canopy by Hilton Hangzhou Jinsha Lake,Canopy by Hilton,MAINLAND_CN,CN,Hangzhou,true,hilton_official_hotel_summary_extract_leadRate.lowest,CNY,620,¥620,91.31,HPPRP1,Honors Discount,Change or cancel by 4pm local hotel time day of arrival. Hilton Honors Membership Required.,24000,https://www.hilton.com/en/hotels/hghpypy-canopy-hangzhou-jinsha-lake/
Hilton,HILTON-HGHWLPY,HGHWLPY,Canopy by Hilton Hangzhou West Lake,Canopy by Hilton,MAINLAND_CN,CN,Hangzhou,true,hilton_official_hotel_summary_extract_leadRate.lowest,CNY,723,¥723,106.53,HPPRP1,Honors Discount,Change or cancel by 6pm local hotel time day of arrival. Hilton Honors Membership Required.,28000,https://www.hilton.com/en/hotels/hghwlpy-canopy-hangzhou-west-lake/
Hilton,HILTON-HGHFRCI,HGHFRCI,Conrad Hangzhou,Conrad Hotels & Resorts,MAINLAND_CN,CN,Hangzhou,true,hilton_official_hotel_summary_extract_leadRate.lowest,CNY,1209,"¥1,209",178.06,HPPAP4,Honors Discount Advance Purchase,Pre-payment required and non-refundable. Hilton Honors Membership Required.,60000,https://www.hilton.com/en/hotels/hghfrci-conrad-hangzhou/
Hilton,HILTON-HGHYFCI,HGHYFCI,Conrad Hangzhou Tonglu,Conrad Hotels & Resorts,MAINLAND_CN,CN,Hangzhou,true,hilton_official_hotel_summary_extract_leadRate.lowest,CNY,1971,"¥1,971",290.11,HPPAP4,Honors Discount Advance Purchase,Pre-payment required and non-refundable. Hilton Honors Membership Required.,85000,https://www.hilton.com/en/hotels/hghyfci-conrad-hangzhou-tonglu/
Hilton,HILTON-HGHHEDI,HGHHEDI,DoubleTree by Hilton Hotel Hangzhou East,DoubleTree by Hilton,MAINLAND_CN,CN,Hangzhou,true,hilton_official_hotel_summary_extract_leadRate.lowest,CNY,521,¥521,76.7,HPPRP1,Honors Discount,Change or cancel by 4pm local hotel time day of arrival. Hilton Honors Membership Required.,20000,https://www.hilton.com/en/hotels/hghhedi-doubletree-hangzhou-east/
Hilton,HILTON-HGHOCHX,HGHOCHX,Hampton Apartments by Hilton Hangzhou Olympic Center,Hampton by Hilton,MAINLAND_CN,CN,Hangzhou,true,hilton_official_hotel_summary_extract_leadRate.lowest,CNY,369,¥369,54.42,LHHH1P,Honors Discount,Change or cancel by 6pm local hotel time day of arrival. Free breakfast. Hilton Honors Membership Required.,14000,https://www.hilton.com/en/hotels/hghochx-hampton-apartments-hangzhou-olympic-center/
Hilton,HILTON-HGHBJHX,HGHBJHX,Hampton by Hilton Hangzhou Binjiang,Hampton by Hilton,MAINLAND_CN,CN,Hangzhou,true,hilton_official_hotel_summary_extract_leadRate.lowest,CNY,461,¥461,67.91,LHHH1P,Honors Discount,Change or cancel by 6pm local hotel time day of arrival. Free breakfast. Hilton Honors Membership Required.,17000,https://www.hilton.com/en/hotels/hghbjhx-hampton-hangzhou-binjiang/
Hilton,HILTON-HGHAMHX,HGHAMHX,Hampton by Hilton Hangzhou East Station,Hampton by Hilton,MAINLAND_CN,CN,Hangzhou,true,hilton_official_hotel_summary_extract_leadRate.lowest,CNY,462,¥462,68.07,LHHH1P,Honors Discount,Change or cancel by 6pm local hotel time day of arrival. Free breakfast. Hilton Honors Membership Required.,17000,https://www.hilton.com/en/hotels/hghamhx-hampton-hangzhou-east-station/
Hilton,HILTON-HGHOUHX,HGHOUHX,Hampton by Hilton Hangzhou Future Technology City,Hampton by Hilton,MAINLAND_CN,CN,Hangzhou,true,hilton_official_hotel_summary_extract_leadRate.lowest,CNY,460,¥460,67.75,LHHH1P,Honors Discount,Change or cancel by 6pm local hotel time day of arrival. Free breakfast. Hilton Honors Membership Required.,17000,https://www.hilton.com/en/hotels/hghouhx-hampton-hangzhou-future-technology-city/
Hilton,HILTON-HGHAPHX,HGHAPHX,Hampton by Hilton Hangzhou GongShu TongXie Road Subway Station,Hampton by Hilton,MAINLAND_CN,CN,Hangzhou,true,hilton_official_hotel_summary_extract_leadRate.lowest,CNY,435,¥435,64.1,LHHH1P,Honors Discount,Change or cancel by 6pm local hotel time day of arrival. Free breakfast. Hilton Honors Membership Required.,16000,https://www.hilton.com/en/hotels/hghaphx-hampton-hangzhou-gongshu-tongxie-road-subway-station/
Hilton,HILTON-HGHECHX,HGHECHX,Hampton by Hilton Hangzhou Lakeside Wulin Square,Hampton by Hilton,MAINLAND_CN,CN,Hangzhou,true,hilton_official_hotel_summary_extract_leadRate.lowest,CNY,609,¥609,89.65,LHHH1P,Honors Discount,Change or cancel by 6pm local hotel time day of arrival. Free breakfast. Hilton Honors Membership Required.,23000,https://www.hilton.com/en/hotels/hghechx-hampton-hangzhou-lakeside-wulin-square/
Hilton,HILTON-HGHHGHX,HGHHGHX,Hampton by Hilton Hangzhou Liangzhu,Hampton by Hilton,MAINLAND_CN,CN,Hangzhou,true,hilton_official_hotel_summary_extract_leadRate.lowest,CNY,490,¥490,72.19,LHHH1P,Honors Discount,Change or cancel by 6pm local hotel time day of arrival. Free breakfast. Hilton Honors Membership Required.,19000,https://www.hilton.com/en/hotels/hghhghx-hampton-hangzhou-liangzhu/
Hilton,HILTON-HGHLPHX,HGHLPHX,Hampton by Hilton Hangzhou Linping Hi-Railway Station,Hampton by Hilton,MAINLAND_CN,CN,Hangzhou,true,hilton_official_hotel_summary_extract_leadRate.lowest,CNY,425,¥425,62.67,LHHH1P,Honors Discount,Change or cancel by 6pm local hotel time day of arrival. Free breakfast. Hilton Honors Membership Required.,16000,https://www.hilton.com/en/hotels/hghlphx-hampton-hangzhou-yuhang-hi-railway-station/
Hilton,HILTON-HGHGHHX,HGHGHHX,Hampton by Hilton Hangzhou Linping Qiaosi South,Hampton by Hilton,MAINLAND_CN,CN,Hangzhou,false,hilton_extract_no_lowest_rate,CNY,,,,,,,,https://www.hilton.com/en/hotels/hghghhx-hampton-hangzhou-linping-qiaosi-south/
Hilton,HILTON-HGHAGHX,HGHAGHX,Hampton by Hilton Hangzhou Northern Gongshu,Hampton by Hilton,MAINLAND_CN,CN,Hangzhou,true,hilton_official_hotel_summary_extract_leadRate.lowest,CNY,482,¥482,71.08,LHHH1P,Honors Discount,Change or cancel by 6pm local hotel time day of arrival. Free breakfast. Hilton Honors Membership Required.,18000,https://www.hilton.com/en/hotels/hghaghx-hampton-by-hilton-hangzhou-northern-gongshu/
Hilton,HILTON-HGHHZHX,HGHHZHX,Hampton by Hilton Hangzhou Olympic Center,Hampton by Hilton,MAINLAND_CN,CN,Hangzhou,true,hilton_official_hotel_summary_extract_leadRate.lowest,CNY,416,¥416,61.25,LHHH1P,Honors Discount,Change or cancel by 6pm local hotel time day of arrival. Free breakfast. Hilton Honors Membership Required.,16000,https://www.hilton.com/en/hotels/hghhzhx-hampton-hangzhou-olympic-center/
Hilton,HILTON-HGHCCHX,HGHCCHX,Hampton by Hilton Hangzhou Qianjiang Century City International Expo Center,Hampton by Hilton,MAINLAND_CN,CN,Hangzhou,true,hilton_official_hotel_summary_extract_leadRate.lowest,CNY,387,¥387,56.96,LHHH1P,Honors Discount,Change or cancel by 6pm local hotel time day of arrival. Free breakfast. Hilton Honors Membership Required.,15000,https://www.hilton.com/en/hotels/hghcchx-hampton-hangzhou-qianjiang-century-city-international-expo-center/
Hilton,HILTON-HGHHUHX,HGHHUHX,Hampton by Hilton Hangzhou Shangcheng Jiubao,Hampton by Hilton,MAINLAND_CN,CN,Hangzhou,true,hilton_official_hotel_summary_extract_leadRate.lowest,CNY,499,¥499,73.46,LHHH1P,Honors Discount,Change or cancel by 6pm local hotel time day of arrival. Free breakfast. Hilton Honors Membership Required.,19000,https://www.hilton.com/en/hotels/hghhuhx-hampton-suites-shangcheng-jiubao/
Hilton,HILTON-HGHQTHX,HGHQTHX,Hampton by Hilton Hangzhou Sijiqing Qianjiang New Town,Hampton by Hilton,MAINLAND_CN,CN,Hangzhou,true,hilton_official_hotel_summary_extract_leadRate.lowest,CNY,491,¥491,72.35,LHHH1P,Honors Discount,Change or cancel by 6pm local hotel time day of arrival. Free breakfast. Hilton Honors Membership Required.,19000,https://www.hilton.com/en/hotels/hghqthx-hampton-hangzhou-sijiqing-qianjiang-new-town/
Hilton,HILTON-HGHTBHX,HGHTBHX,Hampton by Hilton Hangzhou Tonglu Fuchun River,Hampton by Hilton,MAINLAND_CN,CN,Hangzhou,true,hilton_official_hotel_summary_extract_leadRate.lowest,CNY,369,¥369,54.42,LHHH1P,Honors Discount,Change or cancel by 6pm local hotel time day of arrival. Free breakfast. Hilton Honors Membership Required.,14000,https://www.hilton.com/en/hotels/hghtbhx-hampton-hangzhou-tonglu-fuchun-river/
Hilton,HILTON-HGHHHHX,HGHHHHX,Hampton by Hilton Hangzhou West Lake,Hampton by Hilton,MAINLAND_CN,CN,Hangzhou,true,hilton_official_hotel_summary_extract_leadRate.lowest,CNY,542,¥542,79.81,LHHH1P,Honors Discount,Change or cancel by 6pm local hotel time day of arrival. Free breakfast. Hilton Honors Membership Required.,20000,https://www.hilton.com/en/hotels/hghhhhx-hampton-hangzhou-west-lake/
Hilton,HILTON-HGHMTHX,HGHMTHX,Hampton by Hilton Hangzhou Xiaoshan Jiangnan Technology City,Hampton by Hilton,MAINLAND_CN,CN,Hangzhou,true,hilton_official_hotel_summary_extract_leadRate.lowest,CNY,503,¥503,74.1,LHHH1P,Honors Discount,Change or cancel by 6pm local hotel time day of arrival. Free breakfast. Hilton Honors Membership Required.,19000,https://www.hilton.com/en/hotels/hghmthx-hampton-hangzhou-xiaoshan-jiangnan-technology-city/
Hilton,HILTON-HGHXSHX,HGHXSHX,Hampton by Hilton Hangzhou Xiaoshan People's Square,Hampton by Hilton,MAINLAND_CN,CN,Hangzhou,true,hilton_official_hotel_summary_extract_leadRate.lowest,CNY,418,¥418,61.56,LHHH1P,Honors Discount,Change or cancel by 6pm local hotel time day of arrival. Free breakfast. Hilton Honors Membership Required.,16000,https://www.hilton.com/en/hotels/hghxshx-hampton-hangzhou-xiaoshan-peoples-square/
Hilton,HILTON-HGHANHX,HGHANHX,Hampton by Hilton Hangzhou Xixi Zijingang,Hampton by Hilton,MAINLAND_CN,CN,Hangzhou,true,hilton_official_hotel_summary_extract_leadRate.lowest,CNY,600,¥600,88.38,LHHH1P,Honors Discount,Change or cancel by 6pm local hotel time day of arrival. Free breakfast. Hilton Honors Membership Required.,23000,https://www.hilton.com/en/hotels/hghanhx-hampton-hangzhou-xixi-zijingang/
Hilton,HILTON-HGHHTHX,HGHHTHX,Hampton by Hilton Hangzhou Yunhe,Hampton by Hilton,MAINLAND_CN,CN,Hangzhou,true,hilton_official_hotel_summary_extract_leadRate.lowest,CNY,479,¥479,70.61,LHHH1P,Honors Discount,Change or cancel by 6pm local hotel time day of arrival. Free breakfast. Hilton Honors Membership Required.,18000,https://www.hilton.com/en/hotels/hghhthx-hampton-hangzhou-yunhe/
Hilton,HILTON-HGHHNHX,HGHHNHX,Hampton by Hilton Hangzhou Zhuantang Meiyuan,Hampton by Hilton,MAINLAND_CN,CN,Hangzhou,true,hilton_official_hotel_summary_extract_leadRate.lowest,CNY,433,¥433,63.78,LHHH1P,Honors Discount,Change or cancel by 6pm local hotel time day of arrival. Free breakfast. Hilton Honors Membership Required.,16000,https://www.hilton.com/en/hotels/hghhnhx-hampton-hangzhou-zhuantang-meiyuan/
Hilton,HILTON-HGHMSLX,HGHMSLX,"Hangzhou Muh Shoou Xixi Hotel, an SLH Hotel",Small Luxury Hotels of the World,MAINLAND_CN,CN,Hangzhou,true,hilton_official_hotel_summary_extract_leadRate.lowest,CNY,2230,"¥2,230",328.28,HPPRP1,Honors Discount Breakfast Included,Includes breakfast. Hilton Honors Membership Required.,100000,https://www.hilton.com/en/hotels/hghmslx-hangzhou-muh-shoou-xixi-hotel/
Hilton,HILTON-HGHFCGI,HGHFCGI,Hilton Garden Inn Hangzhou Fuyang Fuchun,Hilton Garden Inn,MAINLAND_CN,CN,Hangzhou,true,hilton_official_hotel_summary_extract_leadRate.lowest,CNY,344,¥344,50.68,HPPRP1,Honors Discount,Change or cancel by 6pm local hotel time day of arrival. Hilton Honors Membership Required.,14000,https://www.hilton.com/en/hotels/hghfcgi-hilton-garden-inn-hangzhou-fuyang-fuchun/
Hilton,HILTON-HGHONGI,HGHONGI,Hilton Garden Inn Hangzhou Grand Canal,Hilton Garden Inn,MAINLAND_CN,CN,Hangzhou,true,hilton_official_hotel_summary_extract_leadRate.lowest,CNY,330,¥330,48.7,HPPRP1,Honors Discount,Change or cancel by 6pm local hotel time day of arrival. Hilton Honors Membership Required.,13000,https://www.hilton.com/en/hotels/hghongi-hilton-garden-inn-hangzhou-grand-canal/
Hilton,HILTON-HGHLUGI,HGHLUGI,Hilton Garden Inn Hangzhou Lu'niao,Hilton Garden Inn,MAINLAND_CN,CN,Hangzhou,true,hilton_official_hotel_summary_extract_leadRate.lowest,CNY,303,¥303,44.71,HPPAP4,Honors Discount Advance Purchase,Pre-payment required and non-refundable. Hilton Honors Membership Required.,14000,https://www.hilton.com/en/hotels/hghlugi-hilton-garden-inn-hangzhou-luniao/
Hilton,HILTON-HGHXHGI,HGHXHGI,Hilton Garden Inn Hangzhou West Lake,Hilton Garden Inn,MAINLAND_CN,CN,Hangzhou,true,hilton_official_hotel_summary_extract_leadRate.lowest,CNY,435,¥435,64.08,HPPRP1,Honors Discount,Change or cancel up to 1 day before arrival. Hilton Honors Membership Required.,17000,https://www.hilton.com/en/hotels/hghxhgi-hilton-garden-inn-hangzhou-west-lake/
Hilton,HILTON-HGHUKGI,HGHUKGI,Hilton Garden Inn Hangzhou Xiaoshan,Hilton Garden Inn,MAINLAND_CN,CN,Hangzhou,true,hilton_official_hotel_summary_extract_leadRate.lowest,CNY,392,¥392,57.83,HPPRP1,Honors Discount,Change or cancel by 6pm local hotel time day of arrival. Hilton Honors Membership Required.,16000,https://www.hilton.com/en/hotels/hghukgi-hilton-garden-inn-hangzhou-xiaoshan/
Hilton,HILTON-HGHXXGI,HGHXXGI,Hilton Garden Inn Hangzhou Xixi Zijingang,Hilton Garden Inn,MAINLAND_CN,CN,Hangzhou,true,hilton_official_hotel_summary_extract_leadRate.lowest,CNY,337,¥337,49.68,HPPRP1,Honors Discount,Change or cancel up to 1 day before arrival. Hilton Honors Membership Required.,13000,https://www.hilton.com/en/hotels/hghxxgi-hilton-garden-inn-hangzhou-xixi-zijingang/
Hilton,HILTON-HGHXIHT,HGHXIHT,Home2 Suites by Hilton Hangzhou East Railway Station,Home2 Suites by Hilton,MAINLAND_CN,CN,Hangzhou,true,hilton_official_hotel_summary_extract_leadRate.lowest,CNY,493,¥493,72.59,SHTH4A,Honors Discount Advance Purchase,Free breakfast. No cancellations. Pay now. Hilton Honors Membership Required.,21000,https://www.hilton.com/en/hotels/hghxiht-home2-suites-hangzhou-east-railway-station/
Hilton,HILTON-HGHCAHT,HGHCAHT,Home2 Suites by Hilton Hangzhou Qianjiang New Town,Home2 Suites by Hilton,MAINLAND_CN,CN,Hangzhou,true,hilton_official_hotel_summary_extract_leadRate.lowest,CNY,500,¥500,73.72,SHTH4A,Honors Discount Advance Purchase,Free breakfast. No cancellations. Pay now. Hilton Honors Membership Required.,20000,https://www.hilton.com/en/hotels/hghcaht-home2-suites-hangzhou-qianjiang-new-town/
Hilton,HILTON-HGHHAHT,HGHHAHT,Home2 Suites by Hilton Hangzhou Yuhang,Home2 Suites by Hilton,MAINLAND_CN,CN,Hangzhou,false,hilton_extract_no_lowest_rate,CNY,,,,,,,,https://www.hilton.com/en/hotels/hghhaht-home2-suites-hangzhou-yuhang/
Hilton,HILTON-HGHQVLX,HGHQVLX,"Qiushui Villa, an SLH Hotel",Small Luxury Hotels of the World,MAINLAND_CN,CN,Hangzhou,true,hilton_official_hotel_summary_extract_leadRate.lowest,CNY,9818,"¥9,818",1445.14,HPPAP4,Honors Advance Purchase Breakfast Included,Free breakfast. No cancellations. Pay now. Hilton Honors Membership Required.,901000,https://www.hilton.com/en/hotels/hghqvlx-qiushui-villa/
Hilton,HILTON-HGHTMQQ,HGHTMQQ,"Shu Hua Hotel Tianmu Mountain, Curio Collection by Hilton",Curio Collection by Hilton,MAINLAND_CN,CN,Hangzhou,true,hilton_official_hotel_summary_extract_leadRate.lowest,CNY,671,¥671,98.84,HPPAP4,Honors Discount Advance Purchase,Pre-payment required and non-refundable. Hilton Honors Membership Required.,29000,https://www.hilton.com/en/hotels/hghtmqq-shu-hua-hotel-tianmu-mountain/
Hilton,HILTON-HGHVHLX,HGHVHLX,"Vallie Hotel, an SLH Hotel",Small Luxury Hotels of the World,MAINLAND_CN,CN,Hangzhou,true,hilton_official_hotel_summary_extract_leadRate.lowest,CNY,5684,"¥5,684",836.6,HPPRP1,Honors Discount Breakfast Included,Includes breakfast. Hilton Honors Membership Required.,130000,https://www.hilton.com/en/hotels/hghvhlx-vallie-hotel/
Hilton,HILTON-HRBHXHX,HRBHXHX,Hampton by Hilton Harbin Daoli,Hampton by Hilton,MAINLAND_CN,CN,Harbin,true,hilton_official_hotel_summary_extract_leadRate.lowest,CNY,323,¥323,47.6,LHHH1P,Honors Discount,Change or cancel by 6pm local hotel time day of arrival. Free breakfast. Hilton Honors Membership Required.,12000,https://www.hilton.com/en/hotels/hrbhxhx-hampton-harbin-daoli/
Hilton,HILTON-HRBHWHX,HRBHWHX,Hampton by Hilton Harbin Haxi,Hampton by Hilton,MAINLAND_CN,CN,Harbin,true,hilton_official_hotel_summary_extract_leadRate.lowest,CNY,392,¥392,57.75,LHHH1P,Honors Discount,Change or cancel by 6pm local hotel time day of arrival. Free breakfast. Hilton Honors Membership Required.,15000,https://www.hilton.com/en/hotels/hrbhwhx-hampton-harbin-haxi/
Hilton,HILTON-HRBINHX,HRBINHX,Hampton by Hilton Harbin Int'l Convention and Exhibition Center,Hampton by Hilton,MAINLAND_CN,CN,Harbin,true,hilton_official_hotel_summary_extract_leadRate.lowest,CNY,492,¥492,72.51,LHHH1P,Honors Discount,Change or cancel by 6pm local hotel time day of arrival. Free breakfast. Hilton Honors Membership Required.,19000,https://www.hilton.com/en/hotels/hrbinhx-hampton-harbin-intl-convention-and-exhibition-center/
Hilton,HILTON-HRBLAHX,HRBLAHX,Hampton by Hilton Harbin Qunli,Hampton by Hilton,MAINLAND_CN,CN,Harbin,true,hilton_official_hotel_summary_extract_leadRate.lowest,CNY,395,¥395,58.23,LHHH1P,Honors Discount,Change or cancel by 6pm local hotel time day of arrival. Free breakfast. Hilton Honors Membership Required.,15000,https://www.hilton.com/en/hotels/hrblahx-hampton-harbin-qunli/
Hilton,HILTON-HRBJWHX,HRBJWHX,Hampton by Hilton Harbin Sophia,Hampton by Hilton,MAINLAND_CN,CN,Harbin,true,hilton_official_hotel_summary_extract_leadRate.lowest,CNY,404,¥404,59.5,LHHH1P,Honors Discount,Change or cancel by 6pm local hotel time day of arrival. Free breakfast. Hilton Honors Membership Required.,15000,https://www.hilton.com/en/hotels/hrbjwhx-hampton-harbin-sophia/
Hilton,HILTON-HRBCTHX,HRBCTHX,Hampton by Hilton Harbin Zhongyang Street,Hampton by Hilton,MAINLAND_CN,CN,Harbin,true,hilton_official_hotel_summary_extract_leadRate.lowest,CNY,424,¥424,62.51,LHHH1P,Honors Discount,Change or cancel by 6pm local hotel time day of arrival. Free breakfast. Hilton Honors Membership Required.,16000,https://www.hilton.com/en/hotels/hrbcthx-hampton-harbin-zhongyang-street/
Hilton,HILTON-HRBYYHX,HRBYYHX,Hampton by Hilton Wuchang,Hampton by Hilton,MAINLAND_CN,CN,Harbin,false,hilton_extract_no_lowest_rate,CNY,,,,,,,,https://www.hilton.com/en/hotels/hrbyyhx-hampton-wuchang/
Hilton,HILTON-HRBXIGI,HRBXIGI,Hilton Garden Inn Harbin Haxi,Hilton Garden Inn,MAINLAND_CN,CN,Harbin,true,hilton_official_hotel_summary_extract_leadRate.lowest,CNY,317,¥317,46.72,HPPRP1,Honors Discount,Change or cancel up to 1 day before arrival. Hilton Honors Membership Required.,,https://www.hilton.com/en/hotels/hrbxigi-hilton-garden-inn-harbin-haxi/
Hilton,HILTON-HRBRBHI,HRBRBHI,Hilton Harbin Exhibition Center,Hilton Hotels & Resorts,MAINLAND_CN,CN,Harbin,true,hilton_official_hotel_summary_extract_leadRate.lowest,CNY,366,¥366,53.93,HPPAP4,Honors Discount Advance Purchase,Pre-payment required and non-refundable. Hilton Honors Membership Required.,15000,https://www.hilton.com/en/hotels/hrbrbhi-hilton-harbin/
Hilton,HILTON-HRBHCHT,HRBHCHT,Home2 Suites by Hilton Harbin Central Street,Home2 Suites by Hilton,MAINLAND_CN,CN,Harbin,true,hilton_official_hotel_summary_extract_leadRate.lowest,CNY,344,¥344,50.66,SHTH4A,Honors Discount Advance Purchase,Free breakfast. No cancellations. Pay now. Hilton Honors Membership Required.,15000,https://www.hilton.com/en/hotels/hrbhcht-home2-suites-harbin-central-street/
Hilton,HILTON-HRBHNHT,HRBHNHT,Home2 Suites by Hilton Harbin Qunli,Home2 Suites by Hilton,MAINLAND_CN,CN,Harbin,true,hilton_official_hotel_summary_extract_leadRate.lowest,CNY,321,¥321,47.26,SHTH4A,Honors Discount Advance Purchase,Free breakfast. No cancellations. Pay now. Hilton Honors Membership Required.,14000,https://www.hilton.com/en/hotels/hrbhnht-home2-suites-harbin-qunli/
Hilton,HILTON-CGOXIHX,CGOXIHX,Hampton by Hilton Hebi Railway Station,Hampton by Hilton,MAINLAND_CN,CN,Hebi,true,hilton_official_hotel_summary_extract_leadRate.lowest,CNY,329,¥329,48.55,LHHH1P,Honors Discount,Change or cancel by 6pm local hotel time day of arrival. Free breakfast. Hilton Honors Membership Required.,13000,https://www.hilton.com/en/hotels/cgoxihx-hampton-hebi-railway-station/
Hilton,HILTON-HFEZSHX,HFEZSHX,Hampton by Hilton Hefei Binhu,Hampton by Hilton,MAINLAND_CN,CN,Hefei,true,hilton_official_hotel_summary_extract_leadRate.lowest,CNY,404,¥404,59.5,LHHH1P,Honors Discount,Change or cancel by 6pm local hotel time day of arrival. Free breakfast. Hilton Honors Membership Required.,15000,https://www.hilton.com/en/hotels/hfezshx-hampton-hefei-binhu/
Hilton,HILTON-HFEFAHX,HFEFAHX,Hampton by Hilton Hefei Economic Development Zone,Hampton by Hilton,MAINLAND_CN,CN,Hefei,true,hilton_official_hotel_summary_extract_leadRate.lowest,CNY,349,¥349,51.41,LHHH1P,Honors Discount,Change or cancel by 6pm local hotel time day of arrival. Free breakfast. Hilton Honors Membership Required.,13000,https://www.hilton.com/en/hotels/hfefahx-hampton-hefei-economic-development-zone/
Hilton,HILTON-HFEHEHX,HFEHEHX,Hampton by Hilton Hefei Feidong,Hampton by Hilton,MAINLAND_CN,CN,Hefei,true,hilton_official_hotel_summary_extract_leadRate.lowest,CNY,390,¥390,57.44,LHHH1P,Honors Discount,Change or cancel by 6pm local hotel time day of arrival. Free breakfast. Hilton Honors Membership Required.,15000,https://www.hilton.com/en/hotels/hfehehx-hampton-hefei-feidong/
Hilton,HILTON-HFEGXHX,HFEGXHX,Hampton by Hilton Hefei High-Tech Zone,Hampton by Hilton,MAINLAND_CN,CN,Hefei,true,hilton_official_hotel_summary_extract_leadRate.lowest,CNY,333,¥333,49.03,LHHH1P,Honors Discount,Change or cancel by 6pm local hotel time day of arrival. Free breakfast. Hilton Honors Membership Required.,13000,https://www.hilton.com/en/hotels/hfegxhx-hampton-hefei-high-tech-zone/
Hilton,HILTON-HFEXIHX,HFEXIHX,Hampton by Hilton Hefei Luyang,Hampton by Hilton,MAINLAND_CN,CN,Hefei,true,hilton_official_hotel_summary_extract_leadRate.lowest,CNY,347,¥347,51.09,LHHH1P,Honors Discount,Change or cancel by 6pm local hotel time day of arrival. Free breakfast. Hilton Honors Membership Required.,13000,https://www.hilton.com/en/hotels/hfexihx-hampton-hefei-luyang/
Hilton,HILTON-HFESXHX,HFESXHX,Hampton by Hilton Hefei Sanxiaokou,Hampton by Hilton,MAINLAND_CN,CN,Hefei,true,hilton_official_hotel_summary_extract_leadRate.lowest,CNY,358,¥358,52.84,LHHH1P,Honors Discount,Change or cancel by 6pm local hotel time day of arrival. Free breakfast. Hilton Honors Membership Required.,14000,https://www.hilton.com/en/hotels/hfesxhx-hampton-hefei-sanxiaokou/
Hilton,HILTON-HFEHSHX,HFEHSHX,Hampton by Hilton Hefei West Railway Station Sili River,Hampton by Hilton,MAINLAND_CN,CN,Hefei,true,hilton_official_hotel_summary_extract_leadRate.lowest,CNY,377,¥377,55.53,LHHH1P,Honors Discount,Change or cancel by 6pm local hotel time day of arrival. Free breakfast. Hilton Honors Membership Required.,14000,https://www.hilton.com/en/hotels/hfehshx-hampton-hefei-west-railway-station-sili-river/
Hilton,HILTON-HFEFFHX,HFEFFHX,Hampton by Hilton Hefei Xinqiao International Airport,Hampton by Hilton,MAINLAND_CN,CN,Hefei,true,hilton_official_hotel_summary_extract_leadRate.lowest,CNY,405,¥405,59.66,LHHH1P,Honors Discount,Change or cancel by 6pm local hotel time day of arrival. Free breakfast. Hilton Honors Membership Required.,15000,https://www.hilton.com/en/hotels/hfeffhx-hampton-hefei-xinqiao-international-airport/
Hilton,HILTON-HFEBHGI,HFEBHGI,Hilton Garden Inn Hefei Binhu New District,Hilton Garden Inn,MAINLAND_CN,CN,Hefei,true,hilton_official_hotel_summary_extract_leadRate.lowest,CNY,293,¥293,43.14,HPPAP4,Honors Discount Advance Purchase,Pre-payment required and non-refundable. Hilton Honors Membership Required.,13000,https://www.hilton.com/en/hotels/hfebhgi-hilton-garden-inn-hefei-binhu-new-district/
Hilton,HILTON-HFEJSGI,HFEJSGI,Hilton Garden Inn Hefei Feixi,Hilton Garden Inn,MAINLAND_CN,CN,Hefei,true,hilton_official_hotel_summary_extract_leadRate.lowest,CNY,290,¥290,42.76,HPPRP1,Honors Discount,Change or cancel up to 1 day before arrival. Hilton Honors Membership Required.,12000,https://www.hilton.com/en/hotels/hfejsgi-hilton-garden-inn-hefei-feixi/
Hilton,HILTON-HFEHTGI,HFEHTGI,Hilton Garden Inn Hefei High-Tech Zone,Hilton Garden Inn,MAINLAND_CN,CN,Hefei,true,hilton_official_hotel_summary_extract_leadRate.lowest,CNY,320,¥320,47.2,HPPAP4,Honors Discount Advance Purchase,Pre-payment required and non-refundable. Hilton Honors Membership Required.,14000,https://www.hilton.com/en/hotels/hfehtgi-hilton-garden-inn-hefei-high-tech-zone/
Hilton,HILTON-HFEHIHI,HFEHIHI,Hilton Hefei,Hilton Hotels & Resorts,MAINLAND_CN,CN,Hefei,true,hilton_official_hotel_summary_extract_leadRate.lowest,CNY,439,¥439,64.68,HPPRP1,Honors Discount,Change or cancel by 6pm local hotel time day of arrival. Hilton Honors Membership Required.,17000,https://www.hilton.com/en/hotels/hfehihi-hilton-hefei/
Hilton,HILTON-HFEEIHT,HFEEIHT,Home2 Suites by Hilton Hefei South Railway Station,Home2 Suites by Hilton,MAINLAND_CN,CN,Hefei,true,hilton_official_hotel_summary_extract_leadRate.lowest,CNY,320,¥320,47.12,SHTH4A,Honors Discount Advance Purchase,Free breakfast. No cancellations. Pay now. Hilton Honors Membership Required.,14000,https://www.hilton.com/en/hotels/hfeeiht-home2-suites-hefei-south-railway-station/
Hilton,HILTON-HEKHEHX,HEKHEHX,Hampton by Hilton Heihe,Hampton by Hilton,MAINLAND_CN,CN,Heihe,true,hilton_official_hotel_summary_extract_leadRate.lowest,CNY,379,¥379,55.85,LHHH1P,Honors Discount,Change or cancel by 6pm local hotel time day of arrival. Free breakfast. Hilton Honors Membership Required.,14000,https://www.hilton.com/en/hotels/hekhehx-hampton-heihe/
Hilton,HILTON-SJWHGHT,SJWHGHT,Home2 Suites by Hilton Hengshui Taocheng,Home2 Suites by Hilton,MAINLAND_CN,CN,Hengshui,true,hilton_official_hotel_summary_extract_leadRate.lowest,CNY,386,¥386,56.88,SHTH4A,Honors Discount Advance Purchase,Free breakfast. No cancellations. Pay now. Hilton Honors Membership Required.,16000,https://www.hilton.com/en/hotels/sjwhght-home2-suites-hengshui-taocheng/
Hilton,HILTON-HNYXOHX,HNYXOHX,Hampton by Hilton Hengyang Huaxin,Hampton by Hilton,MAINLAND_CN,CN,Hengyang,true,hilton_official_hotel_summary_extract_leadRate.lowest,CNY,451,¥451,66.48,LHHH1P,Honors Discount,Change or cancel by 6pm local hotel time day of arrival. Free breakfast. Hilton Honors Membership Required.,17000,https://www.hilton.com/en/hotels/hnyxohx-hampton-hengyang-huaxin/
Hilton,HILTON-HNYSGGI,HNYSGGI,Hilton Garden Inn Hengyang Shigu,Hilton Garden Inn,MAINLAND_CN,CN,Hengyang,false,hilton_extract_no_lowest_rate,CNY,,,,,,,,https://www.hilton.com/en/hotels/hnysggi-hilton-garden-inn-hengyang-shigu/
Hilton,HILTON-HNYMTHT,HNYMTHT,Home2 Suites by Hilton Hengyang Xidu,Home2 Suites by Hilton,MAINLAND_CN,CN,Hengyang,true,hilton_official_hotel_summary_extract_leadRate.lowest,CNY,373,¥373,55.05,SHTH4A,Honors Discount Advance Purchase,Free breakfast. No cancellations. Pay now. Hilton Honors Membership Required.,16000,https://www.hilton.com/en/hotels/hnymtht-home2-suites-hengyang-xidu/
Hilton,HILTON-HNYCAHT,HNYCAHT,Home2 Suites by Hilton Hengyang Zhengxiang,Home2 Suites by Hilton,MAINLAND_CN,CN,Hengyang,true,hilton_official_hotel_summary_extract_leadRate.lowest,CNY,320,¥320,47.12,SHTH4A,Honors Discount Advance Purchase,Free breakfast. No cancellations. Pay now. Hilton Honors Membership Required.,14000,https://www.hilton.com/en/hotels/hnycaht-home2-suites-hengyang-zhengxiang/
Hilton,HILTON-HUZHADI,HUZHADI,DoubleTree by Hilton Hotel Heyuan,DoubleTree by Hilton,MAINLAND_CN,CN,Heyuan,true,hilton_official_hotel_summary_extract_leadRate.lowest,CNY,339,¥339,49.98,HPPRP1,Honors Discount,Change or cancel by 6pm local hotel time day of arrival. Hilton Honors Membership Required.,13000,https://www.hilton.com/en/hotels/huzhadi-doubletree-heyuan/
Hilton,HILTON-HUZWGHX,HUZWGHX,Hampton by Hilton Heyuan Hakka Cultural Park,Hampton by Hilton,MAINLAND_CN,CN,Heyuan,true,hilton_official_hotel_summary_extract_leadRate.lowest,CNY,347,¥347,51.09,LHHH1P,Honors Discount,Change or cancel by 6pm local hotel time day of arrival. Free breakfast. Hilton Honors Membership Required.,13000,https://www.hilton.com/en/hotels/huzwghx-hampton-heyuan-hakka-cultural-park/
Hilton,HILTON-JNGHEGI,JNGHEGI,Hilton Garden Inn Heze,Hilton Garden Inn,MAINLAND_CN,CN,Heze,true,hilton_official_hotel_summary_extract_leadRate.lowest,CNY,302,¥302,44.45,HPPAP4,Honors Discount Advance Purchase,Pre-payment required and non-refundable. Hilton Honors Membership Required.,13000,https://www.hilton.com/en/hotels/jnghegi-hilton-garden-inn-heze/
Hilton,HILTON-HZADMHT,HZADMHT,Home2 Suites by Hilton Heze Dongming,Home2 Suites by Hilton,MAINLAND_CN,CN,Heze,false,hilton_extract_no_lowest_rate,CNY,,,,,,,,https://www.hilton.com/en/hotels/hzadmht-home2-suites-heze-dongming/
Hilton,HILTON-HLHHXHX,HLHHXHX,Hampton by Hilton Ulanhot,Hampton by Hilton,MAINLAND_CN,CN,Hinggan,true,hilton_official_hotel_summary_extract_leadRate.lowest,CNY,377,¥377,55.53,LHHH1P,Honors Discount,Change or cancel by 6pm local hotel time day of arrival. Free breakfast. Hilton Honors Membership Required.,14000,https://www.hilton.com/en/hotels/hlhhxhx-hampton-ulanhot/
Hilton,HILTON-HETSIHX,HETSIHX,Hampton by Hilton Hohhot East Railway Station,Hampton by Hilton,MAINLAND_CN,CN,Hohhot,true,hilton_official_hotel_summary_extract_leadRate.lowest,CNY,397,¥397,58.55,LHHH1P,Honors Discount,Change or cancel up to 1 day before arrival. Free breakfast. Hilton Honors Membership Required.,15000,https://www.hilton.com/en/hotels/hetsihx-hampton-hohhot-east-railway-station/
Hilton,HILTON-HETHTHX,HETHTHX,Hampton by Hilton Hohhot Gulou,Hampton by Hilton,MAINLAND_CN,CN,Hohhot,true,hilton_official_hotel_summary_extract_leadRate.lowest,CNY,313,¥313,46.17,LHHH1P,Honors Discount,Change or cancel by 6pm local hotel time day of arrival. Free breakfast. Hilton Honors Membership Required.,12000,https://www.hilton.com/en/hotels/heththx-hampton-hohhot-gulou/
Hilton,HILTON-HETHCHX,HETHCHX,Hampton by Hilton Hohhot Yuquan Hengsheng Plaza,Hampton by Hilton,MAINLAND_CN,CN,Hohhot,true,hilton_official_hotel_summary_extract_leadRate.lowest,CNY,423,¥423,62.36,LHHH1P,Honors Discount,Change or cancel by 6pm local hotel time day of arrival. Free breakfast. Hilton Honors Membership Required.,16000,https://www.hilton.com/en/hotels/hethchx-hampton-hohhot-yuquan-hengsheng-plaza/
Hilton,HILTON-HETOHHT,HETOHHT,Home2 Suites by Hilton Hohhot Jokhang Temple Hailiang Square,Home2 Suites by Hilton,MAINLAND_CN,CN,Hohhot,true,hilton_official_hotel_summary_extract_leadRate.lowest,CNY,324,¥324,47.83,SHTH4A,Honors Discount Advance Purchase,Free breakfast. No cancellations. Pay now. Hilton Honors Membership Required.,14000,https://www.hilton.com/en/hotels/hetohht-home2-suites-hohhot-jokhang-temple-hailiang-square/
Hilton,HILTON-HTNHAHX,HTNHAHX,Hampton by Hilton Hotan,Hampton by Hilton,MAINLAND_CN,CN,Hotan,true,hilton_official_hotel_summary_extract_leadRate.lowest,CNY,424,¥424,62.51,LHHH1P,Honors Discount,Change or cancel by 6pm local hotel time day of arrival. Free breakfast. Hilton Honors Membership Required.,16000,https://www.hilton.com/en/hotels/htnhahx-hampton-hotan/
Hilton,HILTON-HIAXAHX,HIAXAHX,Hampton by Hilton Huai'an Bochi Mountain Park,Hampton by Hilton,MAINLAND_CN,CN,Huai'an,true,hilton_official_hotel_summary_extract_leadRate.lowest,CNY,340,¥340,50.14,LHHH1P,Honors Discount,Change or cancel by 6pm local hotel time day of arrival. Free breakfast. Hilton Honors Membership Required.,13000,https://www.hilton.com/en/hotels/hiaxahx-hampton-huaian-bochi-mountain-park/
Hilton,HILTON-HIAEDHX,HIAEDHX,Hampton by Hilton Huai'an Jingkai,Hampton by Hilton,MAINLAND_CN,CN,Huai'an,true,hilton_official_hotel_summary_extract_leadRate.lowest,CNY,347,¥347,51.09,LHHH1P,Honors Discount,Change or cancel by 6pm local hotel time day of arrival. Free breakfast. Hilton Honors Membership Required.,13000,https://www.hilton.com/en/hotels/hiaedhx-hampton-huaian-jingkai/
Hilton,HILTON-HIAADHX,HIAADHX,Hampton by Hilton Huai'an Xuyi,Hampton by Hilton,MAINLAND_CN,CN,Huai'an,true,hilton_official_hotel_summary_extract_leadRate.lowest,CNY,358,¥358,52.84,LHHH1P,Honors Discount,Change or cancel by 6pm local hotel time day of arrival. Free breakfast. Hilton Honors Membership Required.,14000,https://www.hilton.com/en/hotels/hiaadhx-hampton-huaian-xuyi/
Hilton,HILTON-HIAHYGI,HIAHYGI,Hilton Garden Inn Huai'an Huaiyin,Hilton Garden Inn,MAINLAND_CN,CN,Huai'an,true,hilton_official_hotel_summary_extract_leadRate.lowest,CNY,264,¥264,38.96,HPPRP1,Honors Discount,Change or cancel up to 1 day before arrival. Hilton Honors Membership Required.,11000,https://www.hilton.com/en/hotels/hiahygi-hilton-garden-inn-huaian-huaiyin/
Hilton,HILTON-HIAHCGI,HIAHCGI,Hilton Garden Inn Huai'an Jinhu,Hilton Garden Inn,MAINLAND_CN,CN,Huai'an,true,hilton_official_hotel_summary_extract_leadRate.lowest,CNY,300,¥300,44.29,HPPRP1,Honors Discount,Change or cancel up to 1 day before arrival. Hilton Honors Membership Required.,12000,https://www.hilton.com/en/hotels/hiahcgi-hilton-garden-inn-huaian-jinhu/
Hilton,HILTON-SZVHBHX,SZVHBHX,Hampton by Hilton Huaibei Donghu,Hampton by Hilton,MAINLAND_CN,CN,Huaibei,true,hilton_official_hotel_summary_extract_leadRate.lowest,CNY,302,¥302,44.59,LHHH1P,Honors Discount,Change or cancel by 6pm local hotel time day of arrival. Free breakfast. Hilton Honors Membership Required.,12000,https://www.hilton.com/en/hotels/szvhbhx-hampton-huaibei-donghu/
Hilton,HILTON-HJJAJGI,HJJAJGI,Hilton Garden Inn Huaihua Anjiang,Hilton Garden Inn,MAINLAND_CN,CN,Huaihua,true,hilton_official_hotel_summary_extract_leadRate.lowest,CNY,258,¥258,38.05,HPPRP1,Honors Discount,Change or cancel up to 1 day before arrival. Hilton Honors Membership Required.,10000,https://www.hilton.com/en/hotels/hjjajgi-hilton-garden-inn-huaihua-anijang/
Hilton,HILTON-HJJHHHT,HJJHHHT,Home2 Suites by Hilton Huaihua Hecheng,Home2 Suites by Hilton,MAINLAND_CN,CN,Huaihua,true,hilton_official_hotel_summary_extract_leadRate.lowest,CNY,286,¥286,42.17,SHTH4A,Honors Discount Advance Purchase,Free breakfast. No cancellations. Pay now. Hilton Honors Membership Required.,12000,https://www.hilton.com/en/hotels/hjjhhht-home2-suites-huaihua-hecheng/
Hilton,HILTON-TXNCNHX,TXNCNHX,Hampton by Hilton Huangshan Scenic Area South Gate,Hampton by Hilton,MAINLAND_CN,CN,Huangshan,true,hilton_official_hotel_summary_extract_leadRate.lowest,CNY,543,¥543,79.97,LHHH1P,Honors Discount,Change or cancel by 6pm local hotel time day of arrival. Free breakfast. Hilton Honors Membership Required.,20000,https://www.hilton.com/en/hotels/txncnhx-hampton-huangshan-scenic-area-south-gate/
Hilton,HILTON-TXNHZGI,TXNHZGI,Hilton Garden Inn Huangshan Huizhou,Hilton Garden Inn,MAINLAND_CN,CN,Huangshan,true,hilton_official_hotel_summary_extract_leadRate.lowest,CNY,309,¥309,45.51,HPPRP1,Honors Discount,Change or cancel by 6pm local hotel time day of arrival. Hilton Honors Membership Required.,12000,https://www.hilton.com/en/hotels/txnhzgi-hilton-garden-inn-huangshan-huizhou/
Hilton,HILTON-TXNHSGI,TXNHSGI,Hilton Garden Inn Huangshan Scenic Area South Gate,Hilton Garden Inn,MAINLAND_CN,CN,Huangshan,true,hilton_official_hotel_summary_extract_leadRate.lowest,CNY,423,¥423,62.4,HPPRP1,Honors Discount,Change or cancel up to 1 day before arrival. Hilton Honors Membership Required.,17000,https://www.hilton.com/en/hotels/txnhsgi-hilton-garden-inn-huangshan-scenic-area-south-gate/
Hilton,HILTON-EHUHSGI,EHUHSGI,Hilton Garden Inn Huangshi Dinosaur Wonderland,Hilton Garden Inn,MAINLAND_CN,CN,Huangshi,true,hilton_official_hotel_summary_extract_leadRate.lowest,CNY,331,¥331,48.85,HPPRP1,Honors Discount,Change or cancel by 6pm local hotel time day of arrival. Hilton Honors Membership Required.,13000,https://www.hilton.com/en/hotels/ehuhsgi-hilton-garden-inn-huangshi-dinosaur-wonderland/
Hilton,HILTON-EHUHCHT,EHUHCHT,Home2 Suites by Hilton Huangshi Cihu,Home2 Suites by Hilton,MAINLAND_CN,CN,Huangshi,false,hilton_extract_no_lowest_rate,CNY,,,,,,,,https://www.hilton.com/en/hotels/ehuhcht-home2-suites-huangshi-cihu/
Hilton,HILTON-WUHGIGI,WUHGIGI,Hilton Garden Inn Wuhan Optics Valley,Hilton Garden Inn,MAINLAND_CN,CN,Hubei Province,true,hilton_official_hotel_summary_extract_leadRate.lowest,CNY,393,¥393,57.98,HPPRP1,Honors Discount,Change or cancel by 6pm local hotel time day of arrival. Hilton Honors Membership Required.,16000,https://www.hilton.com/en/hotels/wuhgigi-hilton-garden-inn-wuhan-optics-valley/
Hilton,HILTON-HUZLRHX,HUZLRHX,Hampton by Hilton Huizhou Huiyang Daya Bay,Hampton by Hilton,MAINLAND_CN,CN,Huizhou,false,hilton_extract_no_lowest_rate,CNY,,,,,,,,https://www.hilton.com/en/hotels/huzlrhx-hampton-huizhou-huiyang-daya-bay/
Hilton,HILTON-HUZHUHX,HUZHUHX,Hampton by Hilton Huizhou Zhongkai Hi-Tech Zone,Hampton by Hilton,MAINLAND_CN,CN,Huizhou,true,hilton_official_hotel_summary_extract_leadRate.lowest,CNY,405,¥405,59.66,LHHH1P,Honors Discount,Change or cancel by 6pm local hotel time day of arrival. Free breakfast. Hilton Honors Membership Required.,15000,https://www.hilton.com/en/hotels/huzhuhx-hampton-huizhou-zhongkai-hi-tech-zone/
Hilton,HILTON-HUZUHGI,HUZUHGI,Hilton Garden Inn Huizhou North Railway Station,Hilton Garden Inn,MAINLAND_CN,CN,Huizhou,true,hilton_official_hotel_summary_extract_leadRate.lowest,CNY,392,¥392,57.83,HPPRP1,Honors Discount,Change or cancel up to 1 day before arrival. Hilton Honors Membership Required.,16000,https://www.hilton.com/en/hotels/huzuhgi-hilton-garden-inn-huizhou-north-railway-station/
Hilton,HILTON-HUZHIHI,HUZHIHI,Hilton Huizhou,Hilton Hotels & Resorts,MAINLAND_CN,CN,Huizhou,true,hilton_official_hotel_summary_extract_leadRate.lowest,CNY,565,¥565,83.25,HPPRP1,Honors Discount,Change or cancel by 6pm local hotel time day of arrival. Hilton Honors Membership Required.,22000,https://www.hilton.com/en/hotels/huzhihi-hilton-huizhou/
Hilton,HILTON-HUZLHHI,HUZLHHI,Hilton Huizhou Longmen Resort,Hilton Hotels & Resorts,MAINLAND_CN,CN,Huizhou,true,hilton_official_hotel_summary_extract_leadRate.lowest,CNY,432,¥432,63.67,HPPAP4,Honors Discount Advance Purchase,Pre-payment required and non-refundable. Hilton Honors Membership Required.,20000,https://www.hilton.com/en/hotels/huzlhhi-hilton-huizhou-longmen-resort/
Hilton,HILTON-JNZHLGI,JNZHLGI,Hilton Garden Inn Huludao Longxing Road,Hilton Garden Inn,MAINLAND_CN,CN,Huludao,true,hilton_official_hotel_summary_extract_leadRate.lowest,CNY,291,¥291,42.92,HPPRP1,Honors Discount,Change or cancel by 6pm local hotel time day of arrival. Hilton Honors Membership Required.,12000,https://www.hilton.com/en/hotels/jnzhlgi-hilton-garden-inn-huludao-longxing-road/
Hilton,HILTON-JNZHDHT,JNZHDHT,Home2 Suites by Hilton Xingcheng Seaside,Home2 Suites by Hilton,MAINLAND_CN,CN,Huludao,true,hilton_official_hotel_summary_extract_leadRate.lowest,CNY,369,¥369,54.34,SHTH4A,Honors Discount Advance Purchase,Free breakfast. No cancellations. Pay now. Hilton Honors Membership Required.,16000,https://www.hilton.com/en/hotels/jnzhdht-home2-suites-xingcheng-seaside/
Hilton,HILTON-HLDDOHX,HLDDOHX,Hampton by Hilton Hulunbuir Hailar Street,Hampton by Hilton,MAINLAND_CN,CN,Hulunbuir,true,hilton_official_hotel_summary_extract_leadRate.lowest,CNY,398,¥398,58.71,LHHH1P,Honors Discount,Change or cancel by 6pm local hotel time day of arrival. Free breakfast. Hilton Honors Membership Required.,15000,https://www.hilton.com/en/hotels/hlddohx-hampton-hulunbuir-hailar-street/
Hilton,HILTON-XRQANGI,XRQANGI,Hilton Garden Inn Hulunbuir Hailar,Hilton Garden Inn,MAINLAND_CN,CN,Hulunbuir,true,hilton_official_hotel_summary_extract_leadRate.lowest,CNY,310,¥310,45.66,HPPRP1,Honors Discount,Change or cancel up to 1 day before arrival. Hilton Honors Membership Required.,12000,https://www.hilton.com/en/hotels/xrqangi-hilton-garden-inn-hulunbuir-hailar/
Hilton,HILTON-HGHGEHX,HGHGEHX,Hampton by Hilton Huzhou Deqing Moganshan,Hampton by Hilton,MAINLAND_CN,CN,Huzhou,true,hilton_official_hotel_summary_extract_leadRate.lowest,CNY,460,¥460,67.75,LHHH1P,Honors Discount,Change or cancel by 6pm local hotel time day of arrival. Free breakfast. Hilton Honors Membership Required.,17000,https://www.hilton.com/en/hotels/hghgehx-hampton-huzhou-deqing-moganshan/
Hilton,HILTON-HGHRSGI,HGHRSGI,Hilton Garden Inn Huzhou High-Speed Railway Station,Hilton Garden Inn,MAINLAND_CN,CN,Huzhou,true,hilton_official_hotel_summary_extract_leadRate.lowest,CNY,307,¥307,45.24,HPPAP4,Honors Discount Advance Purchase,Pre-payment required and non-refundable. Hilton Honors Membership Required.,14000,https://www.hilton.com/en/hotels/hghrsgi-hilton-garden-inn-huzhou-high-speed-railway-station/
Hilton,HILTON-HGHWTGI,HGHWTGI,Hilton Garden Inn Huzhou Nanxun Water Town,Hilton Garden Inn,MAINLAND_CN,CN,Huzhou,true,hilton_official_hotel_summary_extract_leadRate.lowest,CNY,328,¥328,48.4,HPPRP1,Honors Discount,Change or cancel up to 1 day before arrival. Hilton Honors Membership Required.,13000,https://www.hilton.com/en/hotels/hghwtgi-hilton-garden-inn-huzhou-nanxun-water-town/
Hilton,HILTON-HGHNAHI,HGHNAHI,Hilton Huzhou Nanxun,Hilton Hotels & Resorts,MAINLAND_CN,CN,Huzhou,true,hilton_official_hotel_summary_extract_leadRate.lowest,CNY,888,¥888,130.74,HPPAP4,Honors Discount Advance Purchase,Pre-payment required and non-refundable. Hilton Honors Membership Required.,38000,https://www.hilton.com/en/hotels/hghnahi-hilton-huzhou-nanxun/
Hilton,HILTON-HGHPMGI,HGHPMGI,Hilton Garden Inn Huzhou Anji Phoenix Mountain,Hilton Garden Inn,MAINLAND_CN,CN,"Huzhou, Zhejiang Province",true,hilton_official_hotel_summary_extract_leadRate.lowest,CNY,353,¥353,52.05,HPPRP1,Honors Discount,Change or cancel up to 1 day before arrival. Hilton Honors Membership Required.,14000,https://www.hilton.com/en/hotels/hghpmgi-hilton-garden-inn-huzhou-anji-phoenix-mountain/
Hilton,HILTON-YINLLHX,YINLLHX,Hampton by Hilton Kuitun,Hampton by Hilton,MAINLAND_CN,CN,Ili,true,hilton_official_hotel_summary_extract_leadRate.lowest,CNY,358,¥358,52.84,LHHH1P,Honors Discount,Change or cancel by 6pm local hotel time day of arrival. Free breakfast. Hilton Honors Membership Required.,14000,https://www.hilton.com/en/hotels/yinllhx-hampton-kuitun/
Hilton,HILTON-HTNILGI,HTNILGI,Hilton Garden Inn Ili Yining,Hilton Garden Inn,MAINLAND_CN,CN,Ili,false,hilton_extract_no_lowest_rate,CNY,,,,,,,,https://www.hilton.com/en/hotels/htnilgi-hilton-garden-inn-ili-yining/
Hilton,HILTON-JGSAVHX,JGSAVHX,Hampton by Hilton Ji'an,Hampton by Hilton,MAINLAND_CN,CN,Ji'an,true,hilton_official_hotel_summary_extract_leadRate.lowest,CNY,376,¥376,55.37,LHHH1P,Honors Discount,Change or cancel by 6pm local hotel time day of arrival. Free breakfast. Hilton Honors Membership Required.,14000,https://www.hilton.com/en/hotels/jgsavhx-hampton-jian/
Hilton,HILTON-TNAHTGI,TNAHTGI,Hilton Garden Inn Ji'nan High-Tech Zone,Hilton Garden Inn,MAINLAND_CN,CN,Ji'nan,true,hilton_official_hotel_summary_extract_leadRate.lowest,CNY,333,¥333,49.16,HPPRP1,Honors Discount,Change or cancel by 6pm local hotel time day of arrival. Hilton Honors Membership Required.,13000,https://www.hilton.com/en/hotels/tnahtgi-hilton-garden-inn-jinan-high-tech-zone/
Hilton,HILTON-FUOJCGI,FUOJCGI,Hilton Garden Inn Jiangmen Xinhui,Hilton Garden Inn,MAINLAND_CN,CN,Jiangmen,true,hilton_official_hotel_summary_extract_leadRate.lowest,CNY,288,¥288,42.49,HPPAP4,Honors Discount Advance Purchase,Pre-payment required and non-refundable. Hilton Honors Membership Required.,13000,https://www.hilton.com/en/hotels/fuojcgi-hilton-garden-inn-jiangmen-xinhui/
Hilton,HILTON-HGHWXHX,HGHWXHX,Hampton by Hilton Yingtan,Hampton by Hilton,MAINLAND_CN,CN,Jiangxi,true,hilton_official_hotel_summary_extract_leadRate.lowest,CNY,380,¥380,56.01,LHHH1P,Honors Discount,Change or cancel by 6pm local hotel time day of arrival. Free breakfast. Hilton Honors Membership Required.,14000,https://www.hilton.com/en/hotels/hghwxhx-hampton-yingtan/
Hilton,HILTON-HGHJIDI,HGHJIDI,DoubleTree by Hilton Hotel Jiaxing,DoubleTree by Hilton,MAINLAND_CN,CN,Jiaxing,true,hilton_official_hotel_summary_extract_leadRate.lowest,CNY,431,¥431,63.54,HPPAP4,Honors Discount Advance Purchase,Pre-payment required and non-refundable. Hilton Honors Membership Required.,18000,https://www.hilton.com/en/hotels/hghjidi-doubletree-jiaxing/
Hilton,HILTON-HGHXZGI,HGHXZGI,Hilton Garden Inn Jiaxing Xiuzhou,Hilton Garden Inn,MAINLAND_CN,CN,Jiaxing,true,hilton_official_hotel_summary_extract_leadRate.lowest,CNY,353,¥353,52.08,HPPRP1,Honors Discount,Change or cancel up to 1 day before arrival. Hilton Honors Membership Required.,14000,https://www.hilton.com/en/hotels/hghxzgi-hilton-garden-inn-jiaxing-xiuzhou/
Hilton,HILTON-DEQWZGI,DEQWZGI,Hilton Garden Inn Tongxiang Wuzhen,Hilton Garden Inn,MAINLAND_CN,CN,Jiaxing,true,hilton_official_hotel_summary_extract_leadRate.lowest,CNY,302,¥302,44.45,HPPAP4,Honors Discount Advance Purchase,Pre-payment required and non-refundable. Hilton Honors Membership Required.,14000,https://www.hilton.com/en/hotels/deqwzgi-hilton-garden-inn-tongxiang-wuzhen/
Hilton,HILTON-HGHGYHI,HGHGYHI,Hilton Jiashan,Hilton Hotels & Resorts,MAINLAND_CN,CN,Jiaxing,true,hilton_official_hotel_summary_extract_leadRate.lowest,CNY,488,¥488,71.83,HPPRP1,Honors Discount,Change or cancel by 6pm local hotel time day of arrival. Hilton Honors Membership Required.,19000,https://www.hilton.com/en/hotels/hghgyhi-hilton-jiashan/
Hilton,HILTON-HGHJCHI,HGHJCHI,Hilton Jiaxing,Hilton Hotels & Resorts,MAINLAND_CN,CN,Jiaxing,true,hilton_official_hotel_summary_extract_leadRate.lowest,CNY,530,¥530,78.07,HPPRP1,Honors Discount,Change or cancel by 6pm local hotel time day of arrival. Hilton Honors Membership Required.,21000,https://www.hilton.com/en/hotels/hghjchi-hilton-jiaxing/
Hilton,HILTON-HGHTPHX,HGHTPHX,Hampton by Hilton Jiaxing Canal,Hampton by Hilton,MAINLAND_CN,CN,"Jiaxing, Zhejiang Province",true,hilton_official_hotel_summary_extract_leadRate.lowest,CNY,366,¥366,53.95,LHHH1P,Honors Discount,Change or cancel by 6pm local hotel time day of arrival. Free breakfast. Hilton Honors Membership Required.,14000,https://www.hilton.com/en/hotels/hghtphx-hampton-jiaxing-canal/
Hilton,HILTON-SWANKHX,SWANKHX,Hampton by Hilton Jieyang Railway Station,Hampton by Hilton,MAINLAND_CN,CN,Jieyang,true,hilton_official_hotel_summary_extract_leadRate.lowest,CNY,358,¥358,52.84,LHHH1P,Honors Discount,Change or cancel by 6pm local hotel time day of arrival. Free breakfast. Hilton Honors Membership Required.,14000,https://www.hilton.com/en/hotels/swankhx-hampton-jieyang-railway-station/
Hilton,HILTON-OPQHIHT,OPQHIHT,Home2 Suites by Hilton Puning,Home2 Suites by Hilton,MAINLAND_CN,CN,Jieyang,true,hilton_official_hotel_summary_extract_leadRate.lowest,CNY,336,¥336,49.53,SHTH4A,Honors Discount Advance Purchase,Free breakfast. No cancellations. Pay now. Hilton Honors Membership Required.,14000,https://www.hilton.com/en/hotels/opqhiht-home2-suites-puning/
Hilton,HILTON-JILJLHX,JILJLHX,Hampton by Hilton Jilin Jilin Street,Hampton by Hilton,MAINLAND_CN,CN,Jilin,true,hilton_official_hotel_summary_extract_leadRate.lowest,CNY,324,¥324,47.76,LHHH1P,Honors Discount,Change or cancel by 6pm local hotel time day of arrival. Free breakfast. Hilton Honors Membership Required.,12000,https://www.hilton.com/en/hotels/jiljlhx-hampton-jilin-city/
Hilton,HILTON-TNAANHX,TNAANHX,Hampton by Hilton Jinan High-tech Zone,Hampton by Hilton,MAINLAND_CN,CN,Jinan,true,hilton_official_hotel_summary_extract_leadRate.lowest,CNY,404,¥404,59.5,LHHH1P,Honors Discount,Change or cancel by 6pm local hotel time day of arrival. Free breakfast. Hilton Honors Membership Required.,15000,https://www.hilton.com/en/hotels/tnaanhx-hampton-jinan-high-tech-zone/
Hilton,HILTON-TNAWOHX,TNAWOHX,Hampton by Hilton Jinan Huashan Scenic Area,Hampton by Hilton,MAINLAND_CN,CN,Jinan,true,hilton_official_hotel_summary_extract_leadRate.lowest,CNY,360,¥360,52.99,LHHH1P,Honors Discount,Change or cancel by 6pm local hotel time day of arrival. Free breakfast. Hilton Honors Membership Required.,14000,https://www.hilton.com/en/hotels/tnawohx-hampton-jinan-huashan-scenic-area/
Hilton,HILTON-TNAJXHX,TNAJXHX,Hampton by Hilton Jinan Jiyang,Hampton by Hilton,MAINLAND_CN,CN,Jinan,true,hilton_official_hotel_summary_extract_leadRate.lowest,CNY,340,¥340,50.14,LHHH1P,Honors Discount,Change or cancel by 6pm local hotel time day of arrival. Free breakfast. Hilton Honors Membership Required.,13000,https://www.hilton.com/en/hotels/tnajxhx-hampton-jinan-yaoqiang/
Hilton,HILTON-TNAJIHX,TNAJIHX,Hampton by Hilton Jinan Olympic Sports Center,Hampton by Hilton,MAINLAND_CN,CN,Jinan,true,hilton_official_hotel_summary_extract_leadRate.lowest,CNY,457,¥457,67.27,LHHH1P,Honors Discount,Change or cancel by 6pm local hotel time day of arrival. Free breakfast. Hilton Honors Membership Required.,17000,https://www.hilton.com/en/hotels/tnajihx-hampton-jinan-olympic-sports-center/
Hilton,HILTON-TNAPSHX,TNAPSHX,Hampton by Hilton Jinan Railway Station,Hampton by Hilton,MAINLAND_CN,CN,Jinan,true,hilton_official_hotel_summary_extract_leadRate.lowest,CNY,433,¥433,63.78,LHHH1P,Honors Discount,Change or cancel by 6pm local hotel time day of arrival. Free breakfast. Hilton Honors Membership Required.,16000,https://www.hilton.com/en/hotels/tnapshx-hampton-jinan-railway-station/
Hilton,HILTON-TNANGHX,TNANGHX,Hampton by Hilton Jinan Yaoqiang International Airport,Hampton by Hilton,MAINLAND_CN,CN,Jinan,true,hilton_official_hotel_summary_extract_leadRate.lowest,CNY,424,¥424,62.51,LHHH1P,Honors Discount,Change or cancel by 6pm local hotel time day of arrival. Free breakfast. Hilton Honors Membership Required.,16000,https://www.hilton.com/en/hotels/tnanghx-hampton-jinan-yaoqiang-international-airport/
Hilton,HILTON-TNAOSGI,TNAOSGI,Hilton Garden Inn Jinan Olympic Sports Center,Hilton Garden Inn,MAINLAND_CN,CN,Jinan,true,hilton_official_hotel_summary_extract_leadRate.lowest,CNY,353,¥353,52.05,HPPRP1,Honors Discount,Change or cancel up to 1 day before arrival. Hilton Honors Membership Required.,14000,https://www.hilton.com/en/hotels/tnaosgi-hilton-garden-inn-jinan-olympic-sports-center/
Hilton,HILTON-TNAJCHI,TNAJCHI,Hilton Jinan South Hotel & Residences,Hilton Hotels & Resorts,MAINLAND_CN,CN,Jinan,true,hilton_official_hotel_summary_extract_leadRate.lowest,CNY,416,¥416,61.25,HPPRP1,Honors Discount,Change or cancel up to 1 day before arrival. Hilton Honors Membership Required.,16000,https://www.hilton.com/en/hotels/tnajchi-hilton-jinan-south-hotel-and-residences/
Hilton,HILTON-TNAWRHT,TNAWRHT,Home2 Suites by Hilton Jinan Shanghe,Home2 Suites by Hilton,MAINLAND_CN,CN,Jinan,true,hilton_official_hotel_summary_extract_leadRate.lowest,CNY,270,¥270,39.76,SHTH4A,Honors Discount Advance Purchase,Free breakfast. No cancellations. Pay now. Hilton Honors Membership Required.,12000,https://www.hilton.com/en/hotels/tnawrht-home2-suites-jinan-shanghe/
Hilton,HILTON-TNAMTHT,TNAMTHT,Home2 Suites by Hilton Jinan Tangye Sunac Land,Home2 Suites by Hilton,MAINLAND_CN,CN,Jinan,true,hilton_official_hotel_summary_extract_leadRate.lowest,CNY,303,¥303,44.71,SHTH4A,Honors Discount Advance Purchase,Free breakfast. No cancellations. Pay now. Hilton Honors Membership Required.,13000,https://www.hilton.com/en/hotels/tnamtht-home2-suites-jinan-tangye/
Hilton,HILTON-TNAIJHT,TNAIJHT,Home2 Suites by Hilton Jinan West Railway Station East Square,Home2 Suites by Hilton,MAINLAND_CN,CN,Jinan,true,hilton_official_hotel_summary_extract_leadRate.lowest,CNY,361,¥361,53.2,SHTH4A,Honors Discount Advance Purchase,Free breakfast. No cancellations. Pay now. Hilton Honors Membership Required.,15000,https://www.hilton.com/en/hotels/tnaijht-home2-suites-jinan-west-railway-station-east-square/
Hilton,HILTON-CGOJCGI,CGOJCGI,Hilton Garden Inn Jincheng Gushuyuan,Hilton Garden Inn,MAINLAND_CN,CN,Jincheng,true,hilton_official_hotel_summary_extract_leadRate.lowest,CNY,248,¥248,36.53,HPPRP1,Honors Discount,Change or cancel up to 1 day before arrival. Hilton Honors Membership Required.,10000,https://www.hilton.com/en/hotels/cgojcgi-hilton-garden-inn-jincheng-gushuyuan/
Hilton,HILTON-JHGAPGI,JHGAPGI,Hilton Garden Inn Xishuangbanna Gasa International Airport,Hilton Garden Inn,MAINLAND_CN,CN,Jing Hong,true,hilton_official_hotel_summary_extract_leadRate.lowest,CNY,388,¥388,57.22,HPPRP1,Honors Discount,Change or cancel up to 1 day before arrival. Hilton Honors Membership Required.,15000,https://www.hilton.com/en/hotels/jhgapgi-hilton-garden-inn-xishuangbanna-railway-station/
Hilton,HILTON-JDZENHX,JDZENHX,Hampton by Hilton Jingdezhen Fuliang,Hampton by Hilton,MAINLAND_CN,CN,Jingdezhen,true,hilton_official_hotel_summary_extract_leadRate.lowest,CNY,404,¥404,59.5,LHHH1P,Honors Discount,Change or cancel by 6pm local hotel time day of arrival. Free breakfast. Hilton Honors Membership Required.,15000,https://www.hilton.com/en/hotels/jdzenhx-hampton-jingdezhen-fuliang/
Hilton,HILTON-JDZGIGI,JDZGIGI,Hilton Garden Inn Jingdezhen Taoyuan Valley,Hilton Garden Inn,MAINLAND_CN,CN,Jingdezhen,true,hilton_official_hotel_summary_extract_leadRate.lowest,CNY,344,¥344,50.73,HPPAP4,Honors Discount Advance Purchase,Pre-payment required and non-refundable. Hilton Honors Membership Required.,15000,https://www.hilton.com/en/hotels/jdzgigi-hilton-garden-inn-jingdezhen-taoyuan-valley/
Hilton,HILTON-JDZZZHT,JDZZZHT,Home2 Suites by Hilton Jingdezhen Ceramics Museum,Home2 Suites by Hilton,MAINLAND_CN,CN,Jingdezhen,true,hilton_official_hotel_summary_extract_leadRate.lowest,CNY,337,¥337,49.67,SHTH4A,Honors Discount Advance Purchase,Free breakfast. No cancellations. Pay now. Hilton Honors Membership Required.,14000,https://www.hilton.com/en/hotels/jdzzzht-home2-suites-jingdezhen-ceramics-museum/
Hilton,HILTON-JDZJNHX,JDZJNHX,Hampton by Hilton Jingdezhen Porcelain Center,Hampton by Hilton,MAINLAND_CN,CN,JIngdezhen,true,hilton_official_hotel_summary_extract_leadRate.lowest,CNY,492,¥492,72.51,LHHH1P,Honors Discount,Change or cancel by 6pm local hotel time day of arrival. Free breakfast. Hilton Honors Membership Required.,19000,https://www.hilton.com/en/hotels/jdzjnhx-hampton-jingdezhen-porcelain-center/
Hilton,HILTON-JHGJCHT,JHGJCHT,Home2 Suites by Hilton Xishuangbanna Jinghong,Home2 Suites by Hilton,MAINLAND_CN,CN,Jinghong,true,hilton_official_hotel_summary_extract_leadRate.lowest,CNY,286,¥286,42.17,SHTH4A,Honors Discount Advance Purchase,Free breakfast. No cancellations. Pay now. Hilton Honors Membership Required.,12000,https://www.hilton.com/en/hotels/jhgjcht-home2-suites-xishuangbanna-jinghong/
Hilton,HILTON-SHSSSGI,SHSSSGI,Hilton Garden Inn Jingzhou Shashi,Hilton Garden Inn,MAINLAND_CN,CN,Jingzhou,true,hilton_official_hotel_summary_extract_leadRate.lowest,CNY,289,¥289,42.61,HPPRP1,Honors Discount,Change or cancel by 6pm local hotel time day of arrival. Hilton Honors Membership Required.,12000,https://www.hilton.com/en/hotels/shsssgi-hilton-garden-inn-jingzhou-shashi/
Hilton,HILTON-SHSSZGI,SHSSZGI,Hilton Garden Inn Jingzhou Songzi,Hilton Garden Inn,MAINLAND_CN,CN,Jingzhou,false,hilton_extract_no_lowest_rate,CNY,,,,,,,,https://www.hilton.com/en/hotels/shsszgi-hilton-garden-inn-jingzhou-songzi/
Hilton,HILTON-SHSIPHT,SHSIPHT,Home2 Suites by Hilton Jingzhou Wanda Plaza,Home2 Suites by Hilton,MAINLAND_CN,CN,Jingzhou,true,hilton_official_hotel_summary_extract_leadRate.lowest,CNY,312,¥312,45.99,SHTH4A,Honors Discount Advance Purchase,Free breakfast. No cancellations. Pay now. Hilton Honors Membership Required.,13000,https://www.hilton.com/en/hotels/shsipht-home2-suites-jingzhou-wanda-plaza/
Hilton,HILTON-YIWWSHX,YIWWSHX,Hampton by Hilton Jinhua Sanjiangli,Hampton by Hilton,MAINLAND_CN,CN,Jinhua,true,hilton_official_hotel_summary_extract_leadRate.lowest,CNY,504,¥504,74.26,LHHH1P,Honors Discount,Change or cancel by 6pm local hotel time day of arrival. Free breakfast. Hilton Honors Membership Required.,19000,https://www.hilton.com/en/hotels/yiwwshx-hampton-jinhua-sanjiangli/
Hilton,HILTON-JUZHTHT,JUZHTHT,Home2 Suites by Hilton Yiwu World Trade Center,Home2 Suites by Hilton,MAINLAND_CN,CN,Jinhua,true,hilton_official_hotel_summary_extract_leadRate.lowest,CNY,667,¥667,98.21,SHTH4A,Honors Discount Advance Purchase,Free breakfast. No cancellations. Pay now. Hilton Honors Membership Required.,25000,https://www.hilton.com/en/hotels/juzhtht-home2-suites-yiwu-world-trade-center/
Hilton,HILTON-JNGJJHX,JNGJJHX,Hampton by Hilton Jining Gaoxin,Hampton by Hilton,MAINLAND_CN,CN,Jining,true,hilton_official_hotel_summary_extract_leadRate.lowest,CNY,348,¥348,51.25,LHHH1P,Honors Discount,Change or cancel by 6pm local hotel time day of arrival. Free breakfast. Hilton Honors Membership Required.,13000,https://www.hilton.com/en/hotels/jngjjhx-hampton-jining-gaoxin/
Hilton,HILTON-JNGCNHX,JNGCNHX,Hampton by Hilton Jining Grand Canal,Hampton by Hilton,MAINLAND_CN,CN,Jining,true,hilton_official_hotel_summary_extract_leadRate.lowest,CNY,315,¥315,46.49,LHHH1P,Honors Discount,Change or cancel by 6pm local hotel time day of arrival. Free breakfast. Hilton Honors Membership Required.,12000,https://www.hilton.com/en/hotels/jngcnhx-hampton-jining-grand-canal/
Hilton,HILTON-JNGZMHX,JNGZMHX,Hampton by Hilton Jining High-tech Innovation Valley,Hampton by Hilton,MAINLAND_CN,CN,Jining,true,hilton_official_hotel_summary_extract_leadRate.lowest,CNY,351,¥351,51.73,LHHH1P,Honors Discount,Change or cancel by 6pm local hotel time day of arrival. Free breakfast. Hilton Honors Membership Required.,13000,https://www.hilton.com/en/hotels/jngzmhx-hampton-jining-high-tech-innovation-valley/
Hilton,HILTON-JJNJIHX,JJNJIHX,Hampton by Hilton Quanzhou Jinjiang International Airport,Hampton by Hilton,MAINLAND_CN,CN,Jinjiang,true,hilton_official_hotel_summary_extract_leadRate.lowest,CNY,419,¥419,61.72,LHHH1P,Honors Discount,Change or cancel by 6pm local hotel time day of arrival. Free breakfast. Hilton Honors Membership Required.,16000,https://www.hilton.com/en/hotels/jjnjihx-hampton-quanzhou-jinjiang-international-airport/
Hilton,HILTON-HGHYDHX,HGHYDHX,Hampton by Hilton Jinzhong Yuci Anning Street,Hampton by Hilton,MAINLAND_CN,CN,jinzhong,true,hilton_official_hotel_summary_extract_leadRate.lowest,CNY,340,¥340,50.14,LHHH1P,Honors Discount,Change or cancel by 6pm local hotel time day of arrival. Free breakfast. Hilton Honors Membership Required.,13000,https://www.hilton.com/en/hotels/hghydhx-hampton-jinzhong-yuci-anning-street/
Hilton,HILTON-TYNJJHX,TYNJJHX,Hampton by Hilton Jinzhong Taigu,Hampton by Hilton,MAINLAND_CN,CN,Jinzhong,true,hilton_official_hotel_summary_extract_leadRate.lowest,CNY,302,¥302,44.59,LHHH1P,Honors Discount,Change or cancel by 6pm local hotel time day of arrival. Free breakfast. Hilton Honors Membership Required.,12000,https://www.hilton.com/en/hotels/tynjjhx-hampton-jinzhong-taigu/
Hilton,HILTON-TYNPXHX,TYNPXHX,Hampton by Hilton Pingyao Ancient City,Hampton by Hilton,MAINLAND_CN,CN,Jinzhong,true,hilton_official_hotel_summary_extract_leadRate.lowest,CNY,405,¥405,59.66,LHHH1P,Honors Discount,Change or cancel by 6pm local hotel time day of arrival. Free breakfast. Hilton Honors Membership Required.,15000,https://www.hilton.com/en/hotels/tynpxhx-hampton-pingyao-ancient-city/
Hilton,HILTON-TYNYIGI,TYNYIGI,Hilton Garden Inn Jinzhong Yuci,Hilton Garden Inn,MAINLAND_CN,CN,Jinzhong,true,hilton_official_hotel_summary_extract_leadRate.lowest,CNY,266,¥266,39.22,HPPAP4,Honors Discount Advance Purchase,Pre-payment required and non-refundable. Hilton Honors Membership Required.,11000,https://www.hilton.com/en/hotels/tynyigi-hilton-garden-inn-jinzhong-yuci/
Hilton,HILTON-JNZGIGI,JNZGIGI,Hilton Garden Inn Jinzhou Central Street,Hilton Garden Inn,MAINLAND_CN,CN,Jinzhou,true,hilton_official_hotel_summary_extract_leadRate.lowest,CNY,292,¥292,43.07,HPPRP1,Honors Discount,Change or cancel up to 1 day before arrival. Hilton Honors Membership Required.,12000,https://www.hilton.com/en/hotels/jnzgigi-hilton-garden-inn-jinzhou-central-street/
Hilton,HILTON-JIULDHX,JIULDHX,Hampton by Hilton Jiujiang Changhong Avenue,Hampton by Hilton,MAINLAND_CN,CN,Jiujiang,true,hilton_official_hotel_summary_extract_leadRate.lowest,CNY,358,¥358,52.84,LHHH1P,Honors Discount,Change or cancel by 6pm local hotel time day of arrival. Free breakfast. Hilton Honors Membership Required.,14000,https://www.hilton.com/en/hotels/jiuldhx-hampton-jiujiang-changhong-avenue/
Hilton,HILTON-JIUJIHX,JIUJIHX,Hampton by Hilton Jiujiang Eight Mile Lake,Hampton by Hilton,MAINLAND_CN,CN,Jiujiang,true,hilton_official_hotel_summary_extract_leadRate.lowest,CNY,352,¥352,51.88,LHHH1P,Honors Discount,Change or cancel by 6pm local hotel time day of arrival. Free breakfast. Hilton Honors Membership Required.,13000,https://www.hilton.com/en/hotels/jiujihx-hampton-jiujiang-eight-mile-lake/
Hilton,HILTON-JIUJCHX,JIUJCHX,Hampton by Hilton Jiujiang Xunyang,Hampton by Hilton,MAINLAND_CN,CN,Jiujiang,true,hilton_official_hotel_summary_extract_leadRate.lowest,CNY,348,¥348,51.25,LHHH1P,Honors Discount,Change or cancel by 6pm local hotel time day of arrival. Free breakfast. Hilton Honors Membership Required.,13000,https://www.hilton.com/en/hotels/jiujchx-hampton-jiujiang-xunyang/
Hilton,HILTON-JZHCICI,JZHCICI,Conrad Jiuzhaigou,Conrad Hotels & Resorts,MAINLAND_CN,CN,Jiuzhaigou,true,hilton_official_hotel_summary_extract_leadRate.lowest,CNY,1539,"¥1,539",226.57,HPPAP4,Honors Discount Advance Purchase,Pre-payment required and non-refundable. Hilton Honors Membership Required.,60000,https://www.hilton.com/en/hotels/jzhcici-conrad-jiuzhaigou/
Hilton,HILTON-CGOKADI,CGOKADI,DoubleTree by Hilton Kaifeng,DoubleTree by Hilton,MAINLAND_CN,CN,Kaifeng,true,hilton_official_hotel_summary_extract_leadRate.lowest,CNY,382,¥382,56.35,HPPAP4,Honors Discount Advance Purchase,Pre-payment required and non-refundable. Hilton Honors Membership Required.,16000,https://www.hilton.com/en/hotels/cgokadi-doubletree-kaifeng/
Hilton,HILTON-CGOGKHX,CGOGKHX,Hampton by Hilton Kaifeng Millennium City Park,Hampton by Hilton,MAINLAND_CN,CN,Kaifeng,true,hilton_official_hotel_summary_extract_leadRate.lowest,CNY,367,¥367,54.11,LHHH1P,Honors Discount,Change or cancel by 6pm local hotel time day of arrival. Free breakfast. Hilton Honors Membership Required.,14000,https://www.hilton.com/en/hotels/cgogkhx-hampton-kaifeng-millennium-city-park/
Hilton,HILTON-CGONEHT,CGONEHT,Home2 Suites by Hilton Kaifeng Millennium City Park,Home2 Suites by Hilton,MAINLAND_CN,CN,Kaifeng,true,hilton_official_hotel_summary_extract_leadRate.lowest,CNY,352,¥352,51.93,SHTH4A,Honors Discount Advance Purchase,Free breakfast. No cancellations. Pay now. Hilton Honors Membership Required.,15000,https://www.hilton.com/en/hotels/cgoneht-home2-suites-kaifeng-millenium-city-park/
Hilton,HILTON-LLBKKHX,LLBKKHX,Hampton by Hilton Kaili,Hampton by Hilton,MAINLAND_CN,CN,Kaili,true,hilton_official_hotel_summary_extract_leadRate.lowest,CNY,305,¥305,44.9,LHHH1P,Honors Discount,Change or cancel by 6pm local hotel time day of arrival. Free breakfast. Hilton Honors Membership Required.,12000,https://www.hilton.com/en/hotels/llbkkhx-hampton-kaili/
Hilton,HILTON-URCKYGI,URCKYGI,Hilton Garden Inn Karamay Petroleum Building,Hilton Garden Inn,MAINLAND_CN,CN,Karamay,false,hilton_extract_no_lowest_rate,CNY,,,,,,,,https://www.hilton.com/en/hotels/urckygi-hilton-garden-inn-karamay-petroleum-building/
Hilton,HILTON-KHGCHGI,KHGCHGI,Hilton Garden Inn Kashgar Ancient City Nanhu,Hilton Garden Inn,MAINLAND_CN,CN,Kashgar,false,hilton_extract_no_lowest_rate,CNY,,,,,,,,https://www.hilton.com/en/hotels/khgchgi-hilton-garden-inn-kashgar-ancient-city-nanhu/
Hilton,HILTON-KHGACHT,KHGACHT,Home2 Suites by Hilton Kashi Ancient City,Home2 Suites by Hilton,MAINLAND_CN,CN,Kashgar,true,hilton_official_hotel_summary_extract_leadRate.lowest,CNY,362,¥362,53.35,SHTH4A,Honors Discount Advance Purchase,Free breakfast. No cancellations. Pay now. Hilton Honors Membership Required.,15000,https://www.hilton.com/en/hotels/khgacht-home2-suites-kashi-ancient-city/
Hilton,HILTON-KHGKIHX,KHGKIHX,Hampton by Hilton Kashgar,Hampton by Hilton,MAINLAND_CN,CN,Kashgar Region,true,hilton_official_hotel_summary_extract_leadRate.lowest,CNY,561,¥561,82.67,LHHH1P,Honors Discount,Change or cancel by 6pm local hotel time day of arrival. Free breakfast. Hilton Honors Membership Required.,21000,https://www.hilton.com/en/hotels/khgkihx-hampton-kashgar/
Hilton,HILTON-KHGUTHT,KHGUTHT,Home2 Suites by Hilton Kashi University Town,Home2 Suites by Hilton,MAINLAND_CN,CN,Kashi,false,hilton_extract_no_lowest_rate,CNY,,,,,,,,https://www.hilton.com/en/hotels/khgutht-home2-suites-kashi-university-town/
Hilton,HILTON-KRLUAHX,KRLUAHX,Hampton by Hilton Korla,Hampton by Hilton,MAINLAND_CN,CN,Korla,true,hilton_official_hotel_summary_extract_leadRate.lowest,CNY,433,¥433,63.78,LHHH1P,Honors Discount,Change or cancel by 6pm local hotel time day of arrival. Free breakfast. Hilton Honors Membership Required.,16000,https://www.hilton.com/en/hotels/krluahx-hampton-korla/
Hilton,HILTON-KRLYQGI,KRLYQGI,Hilton Garden Inn Yanqi Downtown,Hilton Garden Inn,MAINLAND_CN,CN,Korla,true,hilton_official_hotel_summary_extract_leadRate.lowest,CNY,219,¥219,32.29,HPPAP4,Honors Discount Advance Purchase,Pre-payment required and non-refundable. Hilton Honors Membership Required.,10000,https://www.hilton.com/en/hotels/krlyqgi-hilton-garden-inn-yanqi-downtown/
Hilton,HILTON-KMGAPDI,KMGAPDI,DoubleTree by Hilton Kunming Airport,DoubleTree by Hilton,MAINLAND_CN,CN,Kunming,true,hilton_official_hotel_summary_extract_leadRate.lowest,CNY,432,¥432,63.62,HPPRP1,Honors Discount,Change or cancel up to 1 day before arrival. Hilton Honors Membership Required.,17000,https://www.hilton.com/en/hotels/kmgapdi-doubletree-kunming-airport/
Hilton,HILTON-KMGCHHX,KMGCHHX,Hampton by Hilton Kunming Economic Development Zone,Hampton by Hilton,MAINLAND_CN,CN,Kunming,true,hilton_official_hotel_summary_extract_leadRate.lowest,CNY,385,¥385,56.74,SHHH4A,Honors Discount Advance Purchase,Free breakfast. No cancellations. Pay now. Hilton Honors Membership Required.,16000,https://www.hilton.com/en/hotels/kmgchhx-hampton-kunming-economic-development-zone/
Hilton,HILTON-KMGYAHX,KMGYAHX,Hampton by Hilton Kunming Guandu,Hampton by Hilton,MAINLAND_CN,CN,Kunming,true,hilton_official_hotel_summary_extract_leadRate.lowest,CNY,460,¥460,67.75,LHHH1P,Honors Discount,Change or cancel by 6pm local hotel time day of arrival. Free breakfast. Hilton Honors Membership Required.,17000,https://www.hilton.com/en/hotels/kmgyahx-hampton-kunming-guandu/
Hilton,HILTON-KMGGRHX,KMGGRHX,Hampton by Hilton Kunming Guandu Hello World,Hampton by Hilton,MAINLAND_CN,CN,Kunming,true,hilton_official_hotel_summary_extract_leadRate.lowest,CNY,419,¥419,61.72,LHHH1P,Honors Discount,Change or cancel by 6pm local hotel time day of arrival. Free breakfast. Hilton Honors Membership Required.,16000,https://www.hilton.com/en/hotels/kmggrhx-hampton-kunming-guandu-hello-world/
Hilton,HILTON-KMGWDHX,KMGWDHX,Hampton by Hilton Kunming Nanping Street,Hampton by Hilton,MAINLAND_CN,CN,Kunming,true,hilton_official_hotel_summary_extract_leadRate.lowest,CNY,513,¥513,75.53,LHHH1P,Honors Discount,Change or cancel by 6pm local hotel time day of arrival. Free breakfast. Hilton Honors Membership Required.,19000,https://www.hilton.com/en/hotels/kmgwdhx-hampton-kunming-nanping-street/
Hilton,HILTON-KMGOPHX,KMGOPHX,Hampton by Hilton Kunming Railway Station,Hampton by Hilton,MAINLAND_CN,CN,Kunming,true,hilton_official_hotel_summary_extract_leadRate.lowest,CNY,388,¥388,57.12,LHHH1P,Honors Discount,Change or cancel up to 1 day before arrival. Free breakfast. Hilton Honors Membership Required.,15000,https://www.hilton.com/en/hotels/kmgophx-hampton-kunming-railway-station/
Hilton,HILTON-KMGSSHX,KMGSSHX,Hampton by Hilton Kunming South Station,Hampton by Hilton,MAINLAND_CN,CN,Kunming,true,hilton_official_hotel_summary_extract_leadRate.lowest,CNY,398,¥398,58.71,LHHH1P,Honors Discount,Change or cancel by 6pm local hotel time day of arrival. Free breakfast. Hilton Honors Membership Required.,15000,https://www.hilton.com/en/hotels/kmgsshx-hampton-kunming-south-station/
Hilton,HILTON-KMGDCGI,KMGDCGI,Hilton Garden Inn Kunming Dianchi,Hilton Garden Inn,MAINLAND_CN,CN,Kunming,true,hilton_official_hotel_summary_extract_leadRate.lowest,CNY,310,¥310,45.66,HPPRP1,Honors Discount,Change or cancel up to 1 day before arrival. Hilton Honors Membership Required.,12000,https://www.hilton.com/en/hotels/kmgdcgi-hilton-garden-inn-kunming-dianchi/
Hilton,HILTON-KMGWUGI,KMGWUGI,Hilton Garden Inn Kunming Railway Station South,Hilton Garden Inn,MAINLAND_CN,CN,Kunming,true,hilton_official_hotel_summary_extract_leadRate.lowest,CNY,326,¥326,48.09,HPPRP1,Honors Discount,Change or cancel by 6pm local hotel time day of arrival. Hilton Honors Membership Required.,13000,https://www.hilton.com/en/hotels/kmgwugi-hilton-garden-inn-kunming-railway-station-south/
Hilton,HILTON-KMGKMHT,KMGKMHT,Home2 Suites by Hilton Kunming Chenggong,Home2 Suites by Hilton,MAINLAND_CN,CN,Kunming,true,hilton_official_hotel_summary_extract_leadRate.lowest,CNY,361,¥361,53.2,SHTH4A,Honors Discount Advance Purchase,Free breakfast. No cancellations. Pay now. Hilton Honors Membership Required.,15000,https://www.hilton.com/en/hotels/kmgkmht-home2-suites-kunming-chenggong/
Hilton,HILTON-KMGIIHT,KMGIIHT,Home2 Suites by Hilton Kunming Panlong,Home2 Suites by Hilton,MAINLAND_CN,CN,Kunming,true,hilton_official_hotel_summary_extract_leadRate.lowest,CNY,356,¥356,52.5,SHTH4A,Honors Discount Advance Purchase,Free breakfast. No cancellations. Pay now. Hilton Honors Membership Required.,15000,https://www.hilton.com/en/hotels/kmgiiht-home2-suites-kunming-panlong/
Hilton,HILTON-KMGMTHT,KMGMTHT,Home2 Suites by Hilton Kunming Xishan,Home2 Suites by Hilton,MAINLAND_CN,CN,Kunming,true,hilton_official_hotel_summary_extract_leadRate.lowest,CNY,320,¥320,47.12,SHTH4A,Honors Discount Advance Purchase,Free breakfast. No cancellations. Pay now. Hilton Honors Membership Required.,14000,https://www.hilton.com/en/hotels/kmgmtht-home2-suites-kunming-xishan/
Hilton,HILTON-KMGYLLX,KMGYLLX,"Lakeview Hotel Yulongwan Kunming, an SLH Hotel",Small Luxury Hotels of the World,MAINLAND_CN,CN,Kunming,true,hilton_official_hotel_summary_extract_leadRate.lowest,CNY,870,¥870,128.09,HPPRP1,Honors Discount Breakfast Included,Includes breakfast. Hilton Honors Membership Required.,39000,https://www.hilton.com/en/hotels/kmgyllx-lakeview-hotel-yulongwan-kunming/
Hilton,HILTON-SHAKUHX,SHAKUHX,Hampton By Hilton Kunshan North,Hampton by Hilton,MAINLAND_CN,CN,Kunshan,true,hilton_official_hotel_summary_extract_leadRate.lowest,CNY,405,¥405,59.66,LHHH1P,Honors Discount,Change or cancel by 6pm local hotel time day of arrival. Free breakfast. Hilton Honors Membership Required.,15000,https://www.hilton.com/en/hotels/shakuhx-hampton-kunshan-north/
Hilton,HILTON-TNALAHX,TNALAHX,Hampton by Hilton Jinan Laiwu,Hampton by Hilton,MAINLAND_CN,CN,Laiwu,true,hilton_official_hotel_summary_extract_leadRate.lowest,CNY,293,¥293,43.16,LHHH1P,Honors Discount,Change or cancel by 6pm local hotel time day of arrival. Free breakfast. Hilton Honors Membership Required.,11000,https://www.hilton.com/en/hotels/tnalahx-hampton-jinan-laiwu/
Hilton,HILTON-LFANGHX,LFANGHX,Hampton by Hilton Gu'an New Airport,Hampton by Hilton,MAINLAND_CN,CN,Langfang,true,hilton_official_hotel_summary_extract_leadRate.lowest,CNY,393,¥393,57.91,LHHH1P,Honors Discount,Change or cancel by 6pm local hotel time day of arrival. Free breakfast. Hilton Honors Membership Required.,15000,https://www.hilton.com/en/hotels/lfanghx-hampton-guan-new-airport/
Hilton,HILTON-PKXLLHX,PKXLLHX,Hampton by Hilton Langfang City Center,Hampton by Hilton,MAINLAND_CN,CN,Langfang,true,hilton_official_hotel_summary_extract_leadRate.lowest,CNY,408,¥408,60.13,LHHH1P,Honors Discount,Change or cancel by 6pm local hotel time day of arrival. Free breakfast. Hilton Honors Membership Required.,16000,https://www.hilton.com/en/hotels/pkxllhx-hampton-langfang-city-center/
Hilton,HILTON-NAYLFHI,NAYLFHI,Hilton Wenan,Hilton Hotels & Resorts,MAINLAND_CN,CN,Langfang,true,hilton_official_hotel_summary_extract_leadRate.lowest,CNY,732,¥732,107.75,HPPRP1,Honors Discount,Change or cancel up to 1 day before arrival. Hilton Honors Membership Required.,29000,https://www.hilton.com/en/hotels/naylfhi-hilton-wenan/
Hilton,HILTON-PKXWAUP,PKXWAUP,"Hollick Hotel Wen'an, Tapestry Collection by Hilton",Tapestry by Hilton,MAINLAND_CN,CN,Langfang,true,hilton_official_hotel_summary_extract_leadRate.lowest,CNY,437,¥437,64.38,HPPRP1,Honors Discount,Change or cancel up to 1 day before arrival. Hilton Honors Membership Required.,17000,https://www.hilton.com/en/hotels/pkxwaup-hollick-hotel-wenan/
Hilton,HILTON-HFELZHX,HFELZHX,Hampton by Hilton Lanzhou Mogao Avenue,Hampton by Hilton,MAINLAND_CN,CN,Lanzhou,true,hilton_official_hotel_summary_extract_leadRate.lowest,CNY,405,¥405,59.66,LHHH1P,Honors Discount,Change or cancel by 6pm local hotel time day of arrival. Free breakfast. Hilton Honors Membership Required.,15000,https://www.hilton.com/en/hotels/hfelzhx-hampton-lanzhou-mogao-avenue/
Hilton,HILTON-LHWLMHX,LHWLMHX,Hampton by Hilton Lanzhou Shopping Street,Hampton by Hilton,MAINLAND_CN,CN,Lanzhou,true,hilton_official_hotel_summary_extract_leadRate.lowest,CNY,378,¥378,55.69,LHHH1P,Honors Discount,Change or cancel by 6pm local hotel time day of arrival. Free breakfast. Hilton Honors Membership Required.,14000,https://www.hilton.com/en/hotels/lhwlmhx-hampton-lanzhou-shopping-street/
Hilton,HILTON-LHWSDGI,LHWSDGI,Hilton Garden Inn Lanzhou Anning,Hilton Garden Inn,MAINLAND_CN,CN,Lanzhou,true,hilton_official_hotel_summary_extract_leadRate.lowest,CNY,358,¥358,52.78,HPPAP4,Honors Discount Advance Purchase,Pre-payment required and non-refundable. Hilton Honors Membership Required.,16000,https://www.hilton.com/en/hotels/lhwsdgi-hilton-garden-inn-lanzhou-anning/
Hilton,HILTON-LHWTRHI,LHWTRHI,Hilton Lanzhou City Center,Hilton Hotels & Resorts,MAINLAND_CN,CN,Lanzhou,true,hilton_official_hotel_summary_extract_leadRate.lowest,CNY,454,¥454,66.96,HPPRP1,Honors Discount,Change or cancel up to 1 day before arrival. Hilton Honors Membership Required.,18000,https://www.hilton.com/en/hotels/lhwtrhi-hilton-lanzhou-city-center/
Hilton,HILTON-LHWONHT,LHWONHT,Home2 Suites by Hilton Lanzhou Chengguan,Home2 Suites by Hilton,MAINLAND_CN,CN,Lanzhou,true,hilton_official_hotel_summary_extract_leadRate.lowest,CNY,327,¥327,48.25,SHTH4A,Honors Discount Advance Purchase,Free breakfast. No cancellations. Pay now. Hilton Honors Membership Required.,13000,https://www.hilton.com/en/hotels/lhwonht-home2-suites-lanzhou-chengguan/
Hilton,HILTON-YBPBPHX,YBPBPHX,Hampton by Hilton Leshan Railway Station,Hampton by Hilton,MAINLAND_CN,CN,Leshan,true,hilton_official_hotel_summary_extract_leadRate.lowest,CNY,333,¥333,49.03,LHHH1P,Honors Discount,Change or cancel by 6pm local hotel time day of arrival. Free breakfast. Hilton Honors Membership Required.,13000,https://www.hilton.com/en/hotels/ybpbphx-hampton-leshan-railway-station/
Hilton,HILTON-CTULWHX,CTULWHX,Hampton by Hilton Leshan Shizhong District,Hampton by Hilton,MAINLAND_CN,CN,Leshan,true,hilton_official_hotel_summary_extract_leadRate.lowest,CNY,337,¥337,49.66,LHHH1P,Honors Discount,Change or cancel by 6pm local hotel time day of arrival. Free breakfast. Hilton Honors Membership Required.,13000,https://www.hilton.com/en/hotels/ctulwhx-hampton-leshan-shizhong-district/
Hilton,HILTON-CTUSZGI,CTUSZGI,Hilton Garden Inn Leshan Shizhong,Hilton Garden Inn,MAINLAND_CN,CN,Leshan,true,hilton_official_hotel_summary_extract_leadRate.lowest,CNY,283,¥283,41.7,HPPRP1,Honors Discount,Change or cancel by 6pm local hotel time day of arrival. Hilton Honors Membership Required.,11000,https://www.hilton.com/en/hotels/ctuszgi-hilton-garden-inn-leshan-shizhong/
Hilton,HILTON-LXALHHX,LXALHHX,Hampton by Hilton Lhasa Economic Development Zone,Hampton by Hilton,MAINLAND_CN,CN,Lhasa,true,hilton_official_hotel_summary_extract_leadRate.lowest,CNY,377,¥377,55.53,LHHH1P,Honors Discount,Change or cancel by 6pm local hotel time day of arrival. Free breakfast. Hilton Honors Membership Required.,14000,https://www.hilton.com/en/hotels/lxalhhx-hampton-lhasa-economic-development-zone/
Hilton,HILTON-LXATTHX,LXATTHX,Hampton by Hilton Lhasa Najin Road,Hampton by Hilton,MAINLAND_CN,CN,Lhasa,false,hilton_extract_no_lowest_rate,CNY,,,,,,,,https://www.hilton.com/en/hotels/lxatthx-hampton-lhasa-najin-road/
Hilton,HILTON-LXACEHX,LXACEHX,Hampton by Hilton Lhasa Potala Palace Square,Hampton by Hilton,MAINLAND_CN,CN,Lhasa,true,hilton_official_hotel_summary_extract_leadRate.lowest,CNY,543,¥543,79.97,LHHH1P,Honors Discount,Change or cancel by 6pm local hotel time day of arrival. Free breakfast. Hilton Honors Membership Required.,20000,https://www.hilton.com/en/hotels/lxacehx-hampton-lhasa-potala-palace-square/
Hilton,HILTON-LXAGIGI,LXAGIGI,Hilton Garden Inn Lhasa,Hilton Garden Inn,MAINLAND_CN,CN,Lhasa,true,hilton_official_hotel_summary_extract_leadRate.lowest,CNY,443,¥443,65.21,HPPRP1,Honors Discount,Change or cancel by 6pm local hotel time day of arrival. Hilton Honors Membership Required.,22000,https://www.hilton.com/en/hotels/lxagigi-hilton-garden-inn-lhasa/
Hilton,HILTON-LXAXUHT,LXAXUHT,Home2 Suites by Hilton Lhasa Municipal Government,Home2 Suites by Hilton,MAINLAND_CN,CN,Lhasa,false,hilton_extract_no_lowest_rate,CNY,,,,,,,,https://www.hilton.com/en/hotels/lxaxuht-home2-suites-lhasa-municipal-government/
Hilton,HILTON-LXANAHT,LXANAHT,Home2 Suites by Hilton Lhasa Tibet Museum,Home2 Suites by Hilton,MAINLAND_CN,CN,Lhasa,true,hilton_official_hotel_summary_extract_leadRate.lowest,CNY,402,¥402,59.29,SHTH4A,Honors Discount Advance Purchase,Free breakfast. No cancellations. Pay now. Hilton Honors Membership Required.,17000,https://www.hilton.com/en/hotels/lxanaht-home2-suites-lhasa-tibet-museum/
Hilton,HILTON-LJGGIGI,LJGGIGI,Hilton Garden Inn Lijiang,Hilton Garden Inn,MAINLAND_CN,CN,Li Jiang,true,hilton_official_hotel_summary_extract_leadRate.lowest,CNY,274,¥274,40.33,HPPRP1,Honors Discount,Change or cancel by 6pm local hotel time day of arrival. Hilton Honors Membership Required.,11000,https://www.hilton.com/en/hotels/ljggigi-hilton-garden-inn-lijiang/
Hilton,HILTON-LYGHOHX,LYGHOHX,Hampton by Hilton Lianyungang Donghai Shuijingcheng,Hampton by Hilton,MAINLAND_CN,CN,Lianyungang,true,hilton_official_hotel_summary_extract_leadRate.lowest,CNY,393,¥393,57.91,LHHH1P,Honors Discount,Change or cancel by 6pm local hotel time day of arrival. Free breakfast. Hilton Honors Membership Required.,15000,https://www.hilton.com/en/hotels/lyghohx-hampton-lianyungang-donghai-shuijingcheng/
Hilton,HILTON-LYGUDHX,LYGUDHX,Hampton by Hilton Lianyungang Gangli,Hampton by Hilton,MAINLAND_CN,CN,Lianyungang,true,hilton_official_hotel_summary_extract_leadRate.lowest,CNY,367,¥367,54.11,LHHH1P,Honors Discount,Change or cancel by 6pm local hotel time day of arrival. Free breakfast. Hilton Honors Membership Required.,14000,https://www.hilton.com/en/hotels/lygudhx-hampton-lianyungang-gangli/
Hilton,HILTON-LYGCNHX,LYGCNHX,Hampton by Hilton Lianyungang Guannan,Hampton by Hilton,MAINLAND_CN,CN,Lianyungang,true,hilton_official_hotel_summary_extract_leadRate.lowest,CNY,350,¥350,51.57,LHHH1P,Honors Discount,Change or cancel by 6pm local hotel time day of arrival. Free breakfast. Hilton Honors Membership Required.,13000,https://www.hilton.com/en/hotels/lygcnhx-hampton-lianyungang-guannan/
Hilton,HILTON-LYGZRHX,LYGZRHX,Hampton by Hilton Lianyungang Haibin,Hampton by Hilton,MAINLAND_CN,CN,Lianyungang,true,hilton_official_hotel_summary_extract_leadRate.lowest,CNY,404,¥404,59.5,LHHH1P,Honors Discount,Change or cancel by 6pm local hotel time day of arrival. Free breakfast. Hilton Honors Membership Required.,15000,https://www.hilton.com/en/hotels/lygzrhx-hampton-lianyungang-haibin/
Hilton,HILTON-LYGTZGI,LYGTZGI,Hilton Garden Inn Lianyungang Free Trade Zone LIPP,Hilton Garden Inn,MAINLAND_CN,CN,Lianyungang,false,hilton_extract_no_lowest_rate,CNY,,,,,,,,https://www.hilton.com/en/hotels/lygtzgi-hilton-garden-inn-lianyungang-free-trade-zone-lipp/
Hilton,HILTON-TNALCHX,TNALCHX,Hampton by Hilton Liaocheng,Hampton by Hilton,MAINLAND_CN,CN,Liaocheng,true,hilton_official_hotel_summary_extract_leadRate.lowest,CNY,307,¥307,45.22,LHHH1P,Honors Discount,Change or cancel by 6pm local hotel time day of arrival. Free breakfast. Hilton Honors Membership Required.,12000,https://www.hilton.com/en/hotels/tnalchx-hampton-liaocheng/
Hilton,HILTON-TNAGIGI,TNAGIGI,Hilton Garden Inn Liaocheng Jiangbei Shuicheng,Hilton Garden Inn,MAINLAND_CN,CN,Liaocheng,true,hilton_official_hotel_summary_extract_leadRate.lowest,CNY,237,¥237,35,HPPRP1,Honors Discount,Change or cancel up to 1 day before arrival. Hilton Honors Membership Required.,10000,https://www.hilton.com/en/hotels/tnagigi-hilton-garden-inn-liaocheng-jiangbei-shuicheng/
Hilton,HILTON-TNALIHT,TNALIHT,Home2 Suites by Hilton Liaocheng Dongchang,Home2 Suites by Hilton,MAINLAND_CN,CN,Liaocheng,true,hilton_official_hotel_summary_extract_leadRate.lowest,CNY,272,¥272,40.04,SHTH4A,Honors Discount Advance Purchase,Free breakfast. No cancellations. Pay now. Hilton Honors Membership Required.,12000,https://www.hilton.com/en/hotels/tnaliht-home2-suites-liaocheng-dongchang/
Hilton,HILTON-SJWLLHT,SJWLLHT,Home2 Suites by Hilton Liaocheng Linqing,Home2 Suites by Hilton,MAINLAND_CN,CN,Liaocheng,true,hilton_official_hotel_summary_extract_leadRate.lowest,CNY,270,¥270,39.76,SHTH4A,Honors Discount Advance Purchase,Free breakfast. No cancellations. Pay now. Hilton Honors Membership Required.,12000,https://www.hilton.com/en/hotels/sjwllht-home2-suites-liaocheng-linqing/
Hilton,HILTON-LJGLCHX,LJGLCHX,Hampton by Hilton Lijiang Old Town,Hampton by Hilton,MAINLAND_CN,CN,Lijiang,true,hilton_official_hotel_summary_extract_leadRate.lowest,CNY,387,¥387,56.96,LHHH1P,Honors Discount,Change or cancel by 6pm local hotel time day of arrival. Free breakfast. Hilton Honors Membership Required.,15000,https://www.hilton.com/en/hotels/ljglchx-hampton-lijiang-old-town/
Hilton,HILTON-LJGUFHX,LJGUFHX,Hampton by Hilton Lijiang Shuhe,Hampton by Hilton,MAINLAND_CN,CN,Lijiang,true,hilton_official_hotel_summary_extract_leadRate.lowest,CNY,368,¥368,54.26,LHHH1P,Honors Discount,Change or cancel by 6pm local hotel time day of arrival. Free breakfast. Hilton Honors Membership Required.,14000,https://www.hilton.com/en/hotels/ljgufhx-hampton-lijiang-shuhe/
Hilton,HILTON-LJGCNHI,LJGCNHI,Hilton Lijiang,Hilton Hotels & Resorts,MAINLAND_CN,CN,Lijiang,true,hilton_official_hotel_summary_extract_leadRate.lowest,CNY,501,¥501,73.81,HPPRP1,Honors Discount,Change or cancel up to 1 day before arrival. Hilton Honors Membership Required.,20000,https://www.hilton.com/en/hotels/ljgcnhi-hilton-lijiang/
Hilton,HILTON-LJGXXHT,LJGXXHT,Home2 Suites by Hilton Lijiang Ancient City,Home2 Suites by Hilton,MAINLAND_CN,CN,Lijiang,true,hilton_official_hotel_summary_extract_leadRate.lowest,CNY,362,¥362,53.35,SHTH4A,Honors Discount Advance Purchase,Free breakfast. No cancellations. Pay now. Hilton Honors Membership Required.,15000,https://www.hilton.com/en/hotels/ljgxxht-home2-suites-lijiang-ancient-city/
Hilton,HILTON-SYXUPUP,SYXUPUP,"The Mermoon Resort Hainan Tufu Bay, Tapestry Collection by Hilton",Tapestry by Hilton,MAINLAND_CN,CN,Lingshui,true,hilton_official_hotel_summary_extract_leadRate.lowest,CNY,341,¥341,50.22,HPPRP1,Honors Discount,Change or cancel up to 1 day before arrival. Hilton Honors Membership Required.,16000,https://www.hilton.com/en/hotels/syxupup-the-mermoon-resort-hainan-tufu-bay/
Hilton,HILTON-GXHERHT,GXHERHT,Home2 Suites by Hilton Linxia Bafangshisanxiang,Home2 Suites by Hilton,MAINLAND_CN,CN,Linxia,true,hilton_official_hotel_summary_extract_leadRate.lowest,CNY,336,¥336,49.53,SHTH4A,Honors Discount Advance Purchase,Free breakfast. No cancellations. Pay now. Hilton Honors Membership Required.,14000,https://www.hilton.com/en/hotels/gxherht-home2-suites-linxia-bafangshisanxiang/
Hilton,HILTON-LYILIHX,LYILIHX,Hampton by Hilton Linyi Beicheng Center,Hampton by Hilton,MAINLAND_CN,CN,Linyi,true,hilton_official_hotel_summary_extract_leadRate.lowest,CNY,349,¥349,51.41,LHHH1P,Honors Discount,Change or cancel by 6pm local hotel time day of arrival. Free breakfast. Hilton Honors Membership Required.,13000,https://www.hilton.com/en/hotels/lyilihx-hampton-linyi-municipal-government-building/
Hilton,HILTON-LYICNHX,LYICNHX,Hampton by Hilton Linyi Linshu,Hampton by Hilton,MAINLAND_CN,CN,Linyi,true,hilton_official_hotel_summary_extract_leadRate.lowest,CNY,333,¥333,49.03,LHHH1P,Honors Discount,Change or cancel by 6pm local hotel time day of arrival. Free breakfast. Hilton Honors Membership Required.,13000,https://www.hilton.com/en/hotels/lyicnhx-hampton-linyi-linshu/
Hilton,HILTON-LYIHQHX,LYIHQHX,Hampton by Hilton Linyi Yihe River,Hampton by Hilton,MAINLAND_CN,CN,Linyi,true,hilton_official_hotel_summary_extract_leadRate.lowest,CNY,341,¥341,50.3,LHHH1P,Honors Discount,Change or cancel by 6pm local hotel time day of arrival. Free breakfast. Hilton Honors Membership Required.,13000,https://www.hilton.com/en/hotels/lyihqhx-hampton-linyi-yihe-river/
Hilton,HILTON-LYISCGI,LYISCGI,Hilton Garden Inn Linyi Shangcheng,Hilton Garden Inn,MAINLAND_CN,CN,Linyi,true,hilton_official_hotel_summary_extract_leadRate.lowest,CNY,290,¥290,42.76,HPPRP1,Honors Discount,Change or cancel by 6pm local hotel time day of arrival. Hilton Honors Membership Required.,12000,https://www.hilton.com/en/hotels/lyiscgi-hilton-garden-inn-linyi-shangcheng/
Hilton,HILTON-LZYNYGI,LZYNYGI,Hilton Garden Inn Linzhi Niyang Avenue,Hilton Garden Inn,MAINLAND_CN,CN,Linzhi,false,hilton_extract_no_lowest_rate,CNY,,,,,,,,https://www.hilton.com/en/hotels/lzynygi-hilton-garden-inn-linzhi-niyang-avenue/
Hilton,HILTON-LZYTLHT,LZYTLHT,Home2 Suites by Hilton Linzhi Yutuo Road,Home2 Suites by Hilton,MAINLAND_CN,CN,Linzhi,true,hilton_official_hotel_summary_extract_leadRate.lowest,CNY,691,¥691,101.74,SHTH4A,Honors Discount Advance Purchase,Free breakfast. No cancellations. Pay now. Hilton Honors Membership Required.,29000,https://www.hilton.com/en/hotels/lzytlht-home2-suites-linzhi-yutuo-road/
Hilton,HILTON-LPFANHT,LPFANHT,Home2 Suites by Hilton Liupanshui Panzhou,Home2 Suites by Hilton,MAINLAND_CN,CN,Liupanshui,true,hilton_official_hotel_summary_extract_leadRate.lowest,CNY,278,¥278,41.04,SHTH4A,Honors Discount Advance Purchase,Free breakfast. No cancellations. Pay now. Hilton Honors Membership Required.,11000,https://www.hilton.com/en/hotels/lpfanht-home2-suites-liupanshui-panzhou/
Hilton,HILTON-LNLHXHX,LNLHXHX,Hampton by Hilton Longnan High-Speed Railway Station,Hampton by Hilton,MAINLAND_CN,CN,Longnan,true,hilton_official_hotel_summary_extract_leadRate.lowest,CNY,338,¥338,49.82,LHHH1P,Honors Discount,Change or cancel by 6pm local hotel time day of arrival. Free breakfast. Hilton Honors Membership Required.,13000,https://www.hilton.com/en/hotels/lnlhxhx-hampton-longnan-high-speed-railway-station/
Hilton,HILTON-LNLINHT,LNLINHT,Home2 Suites by Hilton Longnan Railway Station,Home2 Suites by Hilton,MAINLAND_CN,CN,Longnan,true,hilton_official_hotel_summary_extract_leadRate.lowest,CNY,303,¥303,44.71,SHTH4A,Honors Discount Advance Purchase,Free breakfast. No cancellations. Pay now. Hilton Honors Membership Required.,13000,https://www.hilton.com/en/hotels/lnlinht-home2-suites-longnan-railway-station/
Hilton,HILTON-LLQFOHX,LLQFOHX,Hampton by Hilton Lu’an Shanghe Street,Hampton by Hilton,MAINLAND_CN,CN,Lu'an,true,hilton_official_hotel_summary_extract_leadRate.lowest,CNY,328,¥328,48.39,LHHH1P,Honors Discount,Change or cancel by 6pm local hotel time day of arrival. Free breakfast. Hilton Honors Membership Required.,13000,https://www.hilton.com/en/hotels/llqfohx-hampton-luan-shanghe-street/
Hilton,HILTON-SWACHHT,SWACHHT,Home2 Suites by Hilton Shanwei Lufeng,Home2 Suites by Hilton,MAINLAND_CN,CN,Lufeng,true,hilton_official_hotel_summary_extract_leadRate.lowest,CNY,323,¥323,47.69,SHTH4A,Honors Discount Advance Purchase,Free breakfast. No cancellations. Pay now. Hilton Honors Membership Required.,14000,https://www.hilton.com/en/hotels/swachht-home2-suites-lufeng-donghai/
Hilton,HILTON-LYATTHX,LYATTHX,Hampton by Hilton Luoyang Xinyi Street,Hampton by Hilton,MAINLAND_CN,CN,luoyang,true,hilton_official_hotel_summary_extract_leadRate.lowest,CNY,351,¥351,51.73,LHHH1P,Honors Discount,Change or cancel by 6pm local hotel time day of arrival. Free breakfast. Hilton Honors Membership Required.,14000,https://www.hilton.com/en/hotels/lyatthx-hampton-luoyang-xinyi-street/
Hilton,HILTON-LYALAHX,LYALAHX,Hampton by Hilton Luanchuan Laojun Mountain,Hampton by Hilton,MAINLAND_CN,CN,Luoyang,true,hilton_official_hotel_summary_extract_leadRate.lowest,CNY,407,¥407,59.98,LHHH1P,Honors Discount,Change or cancel by 6pm local hotel time day of arrival. Free breakfast. Hilton Honors Membership Required.,15000,https://www.hilton.com/en/hotels/lyalahx-hampton-luanchuan-laojun-mountain/
Hilton,HILTON-LYAKYGI,LYAKYGI,Hilton Garden Inn Luoyang Kaiyuan Avenue,Hilton Garden Inn,MAINLAND_CN,CN,Luoyang,true,hilton_official_hotel_summary_extract_leadRate.lowest,CNY,391,¥391,57.66,HPPAP4,Honors Discount Advance Purchase,Pre-payment required and non-refundable. Hilton Honors Membership Required.,17000,https://www.hilton.com/en/hotels/lyakygi-hilton-garden-inn-luoyang-kaiyuan-avenue/
Hilton,HILTON-LYAQQQQ,LYAQQQQ,"The Reserve Hotel Luoyang, Curio Collection by Hilton",Curio Collection by Hilton,MAINLAND_CN,CN,Luoyang,true,hilton_official_hotel_summary_extract_leadRate.lowest,CNY,503,¥503,74.12,HPPRP1,Honors Discount,Change or cancel by 6pm local hotel time day of arrival. Hilton Honors Membership Required.,20000,https://www.hilton.com/en/hotels/lyaqqqq-the-reserve-hotel-luoyang/
Hilton,HILTON-TYNFYGI,TYNFYGI,Hilton Garden Inn Fenyang Yulongwan,Hilton Garden Inn,MAINLAND_CN,CN,Lvliang,true,hilton_official_hotel_summary_extract_leadRate.lowest,CNY,256,¥256,37.74,HPPRP1,Honors Discount,Change or cancel up to 1 day before arrival. Hilton Honors Membership Required.,10000,https://www.hilton.com/en/hotels/tynfygi-hilton-garden-inn-fenyang-yulongwan/
Hilton,HILTON-NKGPOHX,NKGPOHX,Hampton by Hilton Ma'anshan East Station,Hampton by Hilton,MAINLAND_CN,CN,Ma'anshan,true,hilton_official_hotel_summary_extract_leadRate.lowest,CNY,332,¥332,48.87,LHHH1P,Honors Discount,Change or cancel by 6pm local hotel time day of arrival. Free breakfast. Hilton Honors Membership Required.,13000,https://www.hilton.com/en/hotels/nkgpohx-hampton-maanshan-east-station/
Hilton,HILTON-ZHAXYGI,ZHAXYGI,Hilton Garden Inn Maoming Xinyi,Hilton Garden Inn,MAINLAND_CN,CN,Maoming,true,hilton_official_hotel_summary_extract_leadRate.lowest,CNY,248,¥248,36.53,HPPRP1,Honors Discount,Change or cancel by 6pm local hotel time day of arrival. Hilton Honors Membership Required.,10000,https://www.hilton.com/en/hotels/zhaxygi-hilton-garden-inn-maoming-xinyi/
Hilton,HILTON-ZHADBHT,ZHADBHT,Home2 Suites by Hilton Maoming Dianbai,Home2 Suites by Hilton,MAINLAND_CN,CN,Maoming,true,hilton_official_hotel_summary_extract_leadRate.lowest,CNY,303,¥303,44.71,SHTH4A,Honors Discount Advance Purchase,Free breakfast. No cancellations. Pay now. Hilton Honors Membership Required.,13000,https://www.hilton.com/en/hotels/zhadbht-home2-suites-maoming-dianbai/
Hilton,HILTON-CTUMDHT,CTUMDHT,Home2 Suites by Hilton Meishan Dongpo,Home2 Suites by Hilton,MAINLAND_CN,CN,Meishan,true,hilton_official_hotel_summary_extract_leadRate.lowest,CNY,348,¥348,51.22,SHTH4A,Honors Discount Advance Purchase,Free breakfast. No cancellations. Pay now. Hilton Honors Membership Required.,14000,https://www.hilton.com/en/hotels/ctumdht-home2-suites-meishan-dongpo/
Hilton,HILTON-MXZCNHX,MXZCNHX,Hampton by Hilton Meizhou Meijiang Caisheng Center,Hampton by Hilton,MAINLAND_CN,CN,Meizhou,true,hilton_official_hotel_summary_extract_leadRate.lowest,CNY,462,¥462,68.07,LHHH1P,Honors Discount,Change or cancel by 6pm local hotel time day of arrival. Free breakfast. Hilton Honors Membership Required.,17000,https://www.hilton.com/en/hotels/mxzcnhx-hampton-meizhou-meijiang-caisheng-center/
Hilton,HILTON-WNHMZHX,WNHMZHX,Hampton by Hilton Mengzi Nanhu,Hampton by Hilton,MAINLAND_CN,CN,Mengzi,true,hilton_official_hotel_summary_extract_leadRate.lowest,CNY,368,¥368,54.22,SHHSO1,Advance Purchase,Free breakfast. No cancellations. Pay now.,15000,https://www.hilton.com/en/hotels/wnhmzhx-hampton-mengzi-nanhu/
Hilton,HILTON-MIGANHX,MIGANHX,Hampton by Hilton Mianyang Fucheng,Hampton by Hilton,MAINLAND_CN,CN,Mianyang,true,hilton_official_hotel_summary_extract_leadRate.lowest,CNY,405,¥405,59.66,LHHH1P,Honors Discount,Change or cancel by 6pm local hotel time day of arrival. Free breakfast. Hilton Honors Membership Required.,15000,https://www.hilton.com/en/hotels/miganhx-hampton-mianyang-fucheng/
Hilton,HILTON-MIGHXHX,MIGHXHX,Hampton by Hilton Mianyang Youxian,Hampton by Hilton,MAINLAND_CN,CN,Mianyang,true,hilton_official_hotel_summary_extract_leadRate.lowest,CNY,330,¥330,48.71,LHHH1P,Honors Discount,Change or cancel by 6pm local hotel time day of arrival. Free breakfast. Hilton Honors Membership Required.,13000,https://www.hilton.com/en/hotels/mighxhx-hampton-mianyang-youxian/
Hilton,HILTON-MIGSAGI,MIGSAGI,Hilton Garden Inn Mianyang Santai,Hilton Garden Inn,MAINLAND_CN,CN,Mianyang,true,hilton_official_hotel_summary_extract_leadRate.lowest,CNY,246,¥246,36.22,HPPRP1,Honors Discount,Change or cancel up to 1 day before arrival. Hilton Honors Membership Required.,10000,https://www.hilton.com/en/hotels/migsagi-hilton-garden-inn-mianyang-santai/
Hilton,HILTON-KHNLZHX,KHNLZHX,Hampton by Hilton Nanchang Chaoyang Center,Hampton by Hilton,MAINLAND_CN,CN,Nanchang,true,hilton_official_hotel_summary_extract_leadRate.lowest,CNY,389,¥389,57.28,LHHH1P,Honors Discount,Change or cancel by 6pm local hotel time day of arrival. Free breakfast. Hilton Honors Membership Required.,15000,https://www.hilton.com/en/hotels/khnlzhx-hampton-nanchang-chaoyang-center/
Hilton,HILTON-KHNGNHX,KHNGNHX,Hampton by Hilton Nanchang Honggutan,Hampton by Hilton,MAINLAND_CN,CN,Nanchang,true,hilton_official_hotel_summary_extract_leadRate.lowest,CNY,481,¥481,70.92,LHHH1P,Honors Discount,Change or cancel by 6pm local hotel time day of arrival. Free breakfast. Hilton Honors Membership Required.,18000,https://www.hilton.com/en/hotels/khngnhx-hampton-nangchang-honggutan/
Hilton,HILTON-KHNHCHX,KHNHCHX,Hampton by Hilton Nanchang Honggutan Qiushui Square,Hampton by Hilton,MAINLAND_CN,CN,Nanchang,true,hilton_official_hotel_summary_extract_leadRate.lowest,CNY,451,¥451,66.48,LHHH1P,Honors Discount,Change or cancel by 6pm local hotel time day of arrival. Free breakfast. Hilton Honors Membership Required.,17000,https://www.hilton.com/en/hotels/khnhchx-hampton-nanchang-honggutan-qiushui-square/
Hilton,HILTON-KHNANHX,KHNANHX,Hampton by Hilton Nanchang Qingshanhu,Hampton by Hilton,MAINLAND_CN,CN,Nanchang,false,hilton_extract_no_lowest_rate,CNY,,,,,,,,https://www.hilton.com/en/hotels/khnanhx-hampton-nanchang-qingshanhu/
Hilton,HILTON-KHNDDHX,KHNDDHX,Hampton by Hilton Nanchang Tengwang Tower,Hampton by Hilton,MAINLAND_CN,CN,Nanchang,true,hilton_official_hotel_summary_extract_leadRate.lowest,CNY,418,¥418,61.56,LHHH1P,Honors Discount,Change or cancel by 6pm local hotel time day of arrival. Free breakfast. Hilton Honors Membership Required.,16000,https://www.hilton.com/en/hotels/khnddhx-hampton-nanchang-tengwang-tower/
Hilton,HILTON-KHNGIGI,KHNGIGI,Hilton Garden Inn Nanchang Honggutan,Hilton Garden Inn,MAINLAND_CN,CN,Nanchang,true,hilton_official_hotel_summary_extract_leadRate.lowest,CNY,353,¥353,52.1,HPPRP1,Honors Discount,Change or cancel up to 1 day before arrival. Hilton Honors Membership Required.,14000,https://www.hilton.com/en/hotels/khngigi-hilton-garden-inn-nanchang-honggutan/
Hilton,HILTON-KHNPAGI,KHNPAGI,Hilton Garden Inn Nanchang Tengwang Pavilion,Hilton Garden Inn,MAINLAND_CN,CN,Nanchang,false,hilton_extract_no_lowest_rate,CNY,,,,,,,,https://www.hilton.com/en/hotels/khnpagi-hilton-garden-inn-nanchang-tengwang-pavilion/
Hilton,HILTON-NKGBDHX,NKGBDHX,Hampton by Hilton Nanjing Confucius Temple,Hampton by Hilton,MAINLAND_CN,CN,Nanjing,true,hilton_official_hotel_summary_extract_leadRate.lowest,CNY,449,¥449,66.16,LHHH1P,Honors Discount,Change or cancel by 6pm local hotel time day of arrival. Free breakfast. Hilton Honors Membership Required.,17000,https://www.hilton.com/en/hotels/nkgbdhx-hampton-nanjing-confucius-temple/
Hilton,HILTON-NKGSKHX,NKGSKHX,Hampton by Hilton Nanjing Jiangning,Hampton by Hilton,MAINLAND_CN,CN,Nanjing,true,hilton_official_hotel_summary_extract_leadRate.lowest,CNY,338,¥338,49.82,LHHH1P,Honors Discount,Change or cancel by 6pm local hotel time day of arrival. Free breakfast. Hilton Honors Membership Required.,13000,https://www.hilton.com/en/hotels/nkgskhx-hampton-nanjing-jiangning/
Hilton,HILTON-NKGRUHX,NKGRUHX,Hampton by Hilton Nanjing Luhe Xiongzhou,Hampton by Hilton,MAINLAND_CN,CN,Nanjing,true,hilton_official_hotel_summary_extract_leadRate.lowest,CNY,358,¥358,52.84,LHHH1P,Honors Discount,Change or cancel by 6pm local hotel time day of arrival. Free breakfast. Hilton Honors Membership Required.,14000,https://www.hilton.com/en/hotels/nkgruhx-hampton-nanjing-luhe-xiongzhou/
Hilton,HILTON-NKGCHHX,NKGCHHX,Hampton by Hilton Nanjing North Railway Station,Hampton by Hilton,MAINLAND_CN,CN,Nanjing,true,hilton_official_hotel_summary_extract_leadRate.lowest,CNY,374,¥374,55.06,LHHH1P,Honors Discount,Change or cancel by 6pm local hotel time day of arrival. Free breakfast. Hilton Honors Membership Required.,14000,https://www.hilton.com/en/hotels/nkgchhx-hampton-nanjing-north-railway-station/
Hilton,HILTON-NKGNAHX,NKGNAHX,Hampton by Hilton Nanjing Olympic Sports Center & EXPO,Hampton by Hilton,MAINLAND_CN,CN,Nanjing,true,hilton_official_hotel_summary_extract_leadRate.lowest,CNY,403,¥403,59.34,LHHH1P,Honors Discount,Change or cancel by 6pm local hotel time day of arrival. Free breakfast. Hilton Honors Membership Required.,15000,https://www.hilton.com/en/hotels/nkgnahx-hampton-nanjing-olympic-sports-center-expo/
Hilton,HILTON-NKGOTHX,NKGOTHX,Hampton by Hilton Nanjing Qilin Zhongshanling,Hampton by Hilton,MAINLAND_CN,CN,Nanjing,true,hilton_official_hotel_summary_extract_leadRate.lowest,CNY,378,¥378,55.69,LHHH1P,Honors Discount,Change or cancel by 6pm local hotel time day of arrival. Free breakfast. Hilton Honors Membership Required.,14000,https://www.hilton.com/en/hotels/nkgothx-hampton-nanjing-qilin-zhongshanling/
Hilton,HILTON-NKGOSHX,NKGOSHX,Hampton by Hilton Nanjing South Railway Station Shuzi Road,Hampton by Hilton,MAINLAND_CN,CN,Nanjing,false,hilton_extract_no_lowest_rate,CNY,,,,,,,,https://www.hilton.com/en/hotels/nkgoshx-hampton-nanjing-south-railway-station-shuzi-road/
Hilton,HILTON-NKGCNHX,NKGCNHX,Hampton by Hilton Nanjing South Station,Hampton by Hilton,MAINLAND_CN,CN,Nanjing,true,hilton_official_hotel_summary_extract_leadRate.lowest,CNY,356,¥356,52.52,LHHH1P,Honors Discount,Change or cancel by 6pm local hotel time day of arrival. Free breakfast. Hilton Honors Membership Required.,14000,https://www.hilton.com/en/hotels/nkgcnhx-hampton-nanjing-south-station/
Hilton,HILTON-NKGHNHX,NKGHNHX,Hampton by Hilton Nanjing Xianlin University Town,Hampton by Hilton,MAINLAND_CN,CN,Nanjing,true,hilton_official_hotel_summary_extract_leadRate.lowest,CNY,387,¥387,56.96,LHHH1P,Honors Discount,Change or cancel by 6pm local hotel time day of arrival. Free breakfast. Hilton Honors Membership Required.,15000,https://www.hilton.com/en/hotels/nkghnhx-hampton-nanjing-xianlin-university-town/
Hilton,HILTON-NKGNNHX,NKGNNHX,Hampton by Hilton Nanjing Zhushan Road,Hampton by Hilton,MAINLAND_CN,CN,Nanjing,true,hilton_official_hotel_summary_extract_leadRate.lowest,CNY,384,¥384,56.64,LHHH1P,Honors Discount,Change or cancel by 6pm local hotel time day of arrival. Free breakfast. Hilton Honors Membership Required.,15000,https://www.hilton.com/en/hotels/nkgnnhx-hampton-nanjing-zhushan-road/
Hilton,HILTON-NKGEEGI,NKGEEGI,Hilton Garden Inn Nanjing Hexi Olympic Sports Center,Hilton Garden Inn,MAINLAND_CN,CN,Nanjing,true,hilton_official_hotel_summary_extract_leadRate.lowest,CNY,487,¥487,71.7,HPPRP1,Honors Discount,Change or cancel up to 1 day before arrival. Hilton Honors Membership Required.,19000,https://www.hilton.com/en/hotels/nkgeegi-hilton-garden-inn-nanjing-hexi-olympic-sports-center/
Hilton,HILTON-NKGJFHI,NKGJFHI,Hilton Nanjing,Hilton Hotels & Resorts,MAINLAND_CN,CN,Nanjing,true,hilton_official_hotel_summary_extract_leadRate.lowest,CNY,470,¥470,69.29,HPPAP4,Honors Discount Advance Purchase,Pre-payment required and non-refundable. Hilton Honors Membership Required.,21000,https://www.hilton.com/en/hotels/nkgjfhi-hilton-nanjing/
Hilton,HILTON-NKGNSHI,NKGNSHI,Hilton Nanjing Niushoushan,Hilton Hotels & Resorts,MAINLAND_CN,CN,Nanjing,true,hilton_official_hotel_summary_extract_leadRate.lowest,CNY,723,¥723,106.55,HPPAP4,Honors Discount Advance Purchase,Pre-payment required and non-refundable. Hilton Honors Membership Required.,33000,https://www.hilton.com/en/hotels/nkgnshi-hilton-nanjing-niushoushan/
Hilton,HILTON-NKGNRHI,NKGNRHI,Hilton Nanjing Riverside,Hilton Hotels & Resorts,MAINLAND_CN,CN,Nanjing,true,hilton_official_hotel_summary_extract_leadRate.lowest,CNY,373,¥373,54.91,HPPAP4,Honors Discount Advance Purchase,Pre-payment required and non-refundable. Hilton Honors Membership Required.,17000,https://www.hilton.com/en/hotels/nkgnrhi-hilton-nanjing-riverside/
Hilton,HILTON-NKGNJLX,NKGNJLX,"The New Jingli Hotel, an SLH Hotel",Small Luxury Hotels of the World,MAINLAND_CN,CN,Nanjing,true,hilton_official_hotel_summary_extract_leadRate.lowest,CNY,752,¥752,110.78,HPPRP1,Honors Discount Breakfast Included,Includes breakfast. Hilton Honors Membership Required.,30000,https://www.hilton.com/en/hotels/nkgnjlx-the-new-jingli-hotel/
Hilton,HILTON-NNGJCDI,NNGJCDI,DoubleTree by Hilton Nanning Wuxiang,DoubleTree by Hilton,MAINLAND_CN,CN,Nanning,true,hilton_official_hotel_summary_extract_leadRate.lowest,CNY,394,¥394,58.05,HPPAP4,Honors Discount Advance Purchase,Pre-payment required and non-refundable. Hilton Honors Membership Required.,18000,https://www.hilton.com/en/hotels/nngjcdi-doubletree-nanning-wuxiang/
Hilton,HILTON-AEBXIHX,AEBXIHX,Hampton by Hilton Nanning Anji,Hampton by Hilton,MAINLAND_CN,CN,Nanning,true,hilton_official_hotel_summary_extract_leadRate.lowest,CNY,387,¥387,56.96,LHHH1P,Honors Discount,Change or cancel by 6pm local hotel time day of arrival. Free breakfast. Hilton Honors Membership Required.,15000,https://www.hilton.com/en/hotels/aebxihx-hampton-nanning-anji/
Hilton,HILTON-NNGNNHX,NNGNNHX,Hampton by Hilton Nanning East Station,Hampton by Hilton,MAINLAND_CN,CN,Nanning,true,hilton_official_hotel_summary_extract_leadRate.lowest,CNY,378,¥378,55.69,LHHH1P,Honors Discount,Change or cancel by 6pm local hotel time day of arrival. Free breakfast. Hilton Honors Membership Required.,14000,https://www.hilton.com/en/hotels/nngnnhx-hampton-nanning-east-station/
Hilton,HILTON-NNGJIHX,NNGJIHX,Hampton by Hilton Nanning Jiangnan,Hampton by Hilton,MAINLAND_CN,CN,Nanning,true,hilton_official_hotel_summary_extract_leadRate.lowest,CNY,346,¥346,50.93,LHHH1P,Honors Discount,Change or cancel by 6pm local hotel time day of arrival. Free breakfast. Hilton Honors Membership Required.,13000,https://www.hilton.com/en/hotels/nngjihx-hampton-nanning-jiangnan/
Hilton,HILTON-NNGMTHX,NNGMTHX,Hampton by Hilton Nanning Qingshan Road,Hampton by Hilton,MAINLAND_CN,CN,Nanning,true,hilton_official_hotel_summary_extract_leadRate.lowest,CNY,372,¥372,54.9,LHHH1P,Honors Discount,Change or cancel up to 1 day before arrival. Free breakfast. Hilton Honors Membership Required.,14000,https://www.hilton.com/en/hotels/nngmthx-hampton-nanning-qingshan-road/
Hilton,HILTON-NNGHXHX,NNGHXHX,Hampton by Hilton Nanning Wuxiang,Hampton by Hilton,MAINLAND_CN,CN,Nanning,true,hilton_official_hotel_summary_extract_leadRate.lowest,CNY,369,¥369,54.42,LHHH1P,Honors Discount,Change or cancel by 6pm local hotel time day of arrival. Free breakfast. Hilton Honors Membership Required.,14000,https://www.hilton.com/en/hotels/nnghxhx-hampton-nanning-wuxiang/
Hilton,HILTON-AEBNSHX,AEBNSHX,Hampton by Hilton Nanning Xingning,Hampton by Hilton,MAINLAND_CN,CN,Nanning,true,hilton_official_hotel_summary_extract_leadRate.lowest,CNY,358,¥358,52.84,LHHH1P,Honors Discount,Change or cancel by 6pm local hotel time day of arrival. Free breakfast. Hilton Honors Membership Required.,14000,https://www.hilton.com/en/hotels/aebnshx-hampton-nanning-xingning/
Hilton,HILTON-AEBNAHT,AEBNAHT,Home2 Suites by Hilton Nanning Jiangnan,Home2 Suites by Hilton,MAINLAND_CN,CN,Nanning,true,hilton_official_hotel_summary_extract_leadRate.lowest,CNY,309,¥309,45.56,SHTH4A,Honors Discount Advance Purchase,Free breakfast. No cancellations. Pay now. Hilton Honors Membership Required.,13000,https://www.hilton.com/en/hotels/aebnaht-home2-suites-nanning-jiangnan/
Hilton,HILTON-NTGHMDI,NTGHMDI,DoubleTree by Hilton Nantong Haimen,DoubleTree by Hilton,MAINLAND_CN,CN,Nantong,false,hilton_extract_no_lowest_rate,CNY,,,,,,,,https://www.hilton.com/en/hotels/ntghmdi-doubletree-nantong-haimen/
Hilton,HILTON-NTGGAHX,NTGGAHX,Hampton by Hilton Nantong Jianghai Avenue,Hampton by Hilton,MAINLAND_CN,CN,Nantong,true,hilton_official_hotel_summary_extract_leadRate.lowest,CNY,336,¥336,49.5,LHHH1P,Honors Discount,Change or cancel by 6pm local hotel time day of arrival. Free breakfast. Hilton Honors Membership Required.,13000,https://www.hilton.com/en/hotels/ntggahx-hampton-nantong-jianghai-avenue/
Hilton,HILTON-NTGGGHX,NTGGGHX,Hampton by Hilton Nantong Railway Station,Hampton by Hilton,MAINLAND_CN,CN,Nantong,true,hilton_official_hotel_summary_extract_leadRate.lowest,CNY,321,¥321,47.28,LHHH1P,Honors Discount,Change or cancel by 6pm local hotel time day of arrival. Free breakfast. Hilton Honors Membership Required.,12000,https://www.hilton.com/en/hotels/ntggghx-hampton-nantong-railway-station/
Hilton,HILTON-NTGHHGI,NTGHHGI,Hilton Garden Inn Nantong Haohe Scenic Area,Hilton Garden Inn,MAINLAND_CN,CN,Nantong,true,hilton_official_hotel_summary_extract_leadRate.lowest,CNY,259,¥259,38.16,HPPAP4,Honors Discount Advance Purchase,Pre-payment required and non-refundable. Hilton Honors Membership Required.,11000,https://www.hilton.com/en/hotels/ntghhgi-hilton-garden-inn-nantong-haohe-scenic-area/
Hilton,HILTON-NTGRDGI,NTGRDGI,Hilton Garden Inn Nantong Rudong,Hilton Garden Inn,MAINLAND_CN,CN,Nantong,true,hilton_official_hotel_summary_extract_leadRate.lowest,CNY,272,¥272,40.18,HPPRP1,Honors Discount,Change or cancel up to 1 day before arrival. Hilton Honors Membership Required.,11000,https://www.hilton.com/en/hotels/ntgrdgi-hilton-garden-inn-nantong-rudong/
Hilton,HILTON-NTGECHT,NTGECHT,Home2 Suites by Hilton Nantong Mixc Mall,Home2 Suites by Hilton,MAINLAND_CN,CN,Nantong,true,hilton_official_hotel_summary_extract_leadRate.lowest,CNY,303,¥303,44.71,SHTH4A,Honors Discount Advance Purchase,Free breakfast. No cancellations. Pay now. Hilton Honors Membership Required.,12000,https://www.hilton.com/en/hotels/ntgecht-home2-suites-nantong-mixc-mall/
Hilton,HILTON-RUGDTDI,RUGDTDI,DoubleTree by Hilton Rugao,DoubleTree by Hilton,MAINLAND_CN,CN,Nantong Rugao,true,hilton_official_hotel_summary_extract_leadRate.lowest,CNY,434,¥434,63.93,HPPAP4,Honors Discount Advance Purchase,Pre-payment required and non-refundable. Hilton Honors Membership Required.,17000,https://www.hilton.com/en/hotels/rugdtdi-doubletree-rugao/
Hilton,HILTON-NNYANHX,NNYANHX,Hampton by Hilton Nanyang Jiangying Airport,Hampton by Hilton,MAINLAND_CN,CN,Nanyang,true,hilton_official_hotel_summary_extract_leadRate.lowest,CNY,349,¥349,51.41,LHHH1P,Honors Discount,Change or cancel by 6pm local hotel time day of arrival. Free breakfast. Hilton Honors Membership Required.,13000,https://www.hilton.com/en/hotels/nnyanhx-hampton-nanyang-jiangying-airport/
Hilton,HILTON-NGBNCDI,NGBNCDI,DoubleTree by Hilton Hotel Ningbo - Chunxiao,DoubleTree by Hilton,MAINLAND_CN,CN,Ningbo,true,hilton_official_hotel_summary_extract_leadRate.lowest,CNY,422,¥422,62.2,HPPRP1,Honors Discount,Change or cancel up to 1 day before arrival. Hilton Honors Membership Required.,16000,https://www.hilton.com/en/hotels/ngbncdi-doubletree-ningbo-chunxiao/
Hilton,HILTON-NGBNBDI,NGBNBDI,DoubleTree by Hilton Ningbo Beilun,DoubleTree by Hilton,MAINLAND_CN,CN,Ningbo,true,hilton_official_hotel_summary_extract_leadRate.lowest,CNY,419,¥419,61.69,HPPRP1,Honors Discount,Change or cancel up to 1 day before arrival. Hilton Honors Membership Required.,16000,https://www.hilton.com/en/hotels/ngbnbdi-doubletree-ningbo-beilun/
Hilton,HILTON-NGBCSHX,NGBCSHX,Hampton by Hilton Cixi Guanhaiwei,Hampton by Hilton,MAINLAND_CN,CN,Ningbo,true,hilton_official_hotel_summary_extract_leadRate.lowest,CNY,377,¥377,55.53,LHHH1P,Honors Discount,Change or cancel by 6pm local hotel time day of arrival. Free breakfast. Hilton Honors Membership Required.,14000,https://www.hilton.com/en/hotels/ngbcshx-hampton-cixi-guanhaiwei/
Hilton,HILTON-NGBHXHX,NGBHXHX,Hampton by Hilton Ningbo Eastern New Town,Hampton by Hilton,MAINLAND_CN,CN,Ningbo,true,hilton_official_hotel_summary_extract_leadRate.lowest,CNY,543,¥543,79.97,LHHH1P,Honors Discount,Change or cancel by 6pm local hotel time day of arrival. Free breakfast. Hilton Honors Membership Required.,20000,https://www.hilton.com/en/hotels/ngbhxhx-hampton-ningbo-eastern-new-town/
Hilton,HILTON-NGBNIHX,NGBNIHX,Hampton by Hilton Ningbo Ninghai Keji Avenue,Hampton by Hilton,MAINLAND_CN,CN,Ningbo,true,hilton_official_hotel_summary_extract_leadRate.lowest,CNY,404,¥404,59.5,LHHH1P,Honors Discount,Change or cancel by 6pm local hotel time day of arrival. Free breakfast. Hilton Honors Membership Required.,15000,https://www.hilton.com/en/hotels/ngbnihx-hampton-ningbo-ninghai-keji-avenue/
Hilton,HILTON-ZHYHRHX,ZHYHRHX,Hampton by Hilton Ningbo Xiangshan People's Square,Hampton by Hilton,MAINLAND_CN,CN,Ningbo,true,hilton_official_hotel_summary_extract_leadRate.lowest,CNY,432,¥432,63.63,LHHH1P,Honors Discount,Change or cancel by 6pm local hotel time day of arrival. Free breakfast. Hilton Honors Membership Required.,16000,https://www.hilton.com/en/hotels/zhyhrhx-hampton-ningbo-xiangshan-peoples-square/
Hilton,HILTON-NGBCHHX,NGBCHHX,Hampton by Hilton Ningbo Yinzhou City Center,Hampton by Hilton,MAINLAND_CN,CN,Ningbo,true,hilton_official_hotel_summary_extract_leadRate.lowest,CNY,445,¥445,65.53,LHHH1P,Honors Discount,Change or cancel by 6pm local hotel time day of arrival. Free breakfast. Hilton Honors Membership Required.,17000,https://www.hilton.com/en/hotels/ngbchhx-hampton-ningbo-yinzhou-city-center/
Hilton,HILTON-NGBZDHX,NGBZDHX,Hampton by Hilton Ningbo Zhenhai Zhaobao Mountain,Hampton by Hilton,MAINLAND_CN,CN,Ningbo,true,hilton_official_hotel_summary_extract_leadRate.lowest,CNY,379,¥379,55.85,LHHH1P,Honors Discount,Change or cancel by 6pm local hotel time day of arrival. Free breakfast. Hilton Honors Membership Required.,14000,https://www.hilton.com/en/hotels/ngbzdhx-hampton-ningbo-zhenhai-zhaobao-mountain/
Hilton,HILTON-NGBYAGI,NGBYAGI,Hilton Garden Inn Ningbo,Hilton Garden Inn,MAINLAND_CN,CN,Ningbo,true,hilton_official_hotel_summary_extract_leadRate.lowest,CNY,320,¥320,47.18,HPPRP1,Honors Discount,Change or cancel by 4pm local hotel time day of arrival. Hilton Honors Membership Required.,13000,https://www.hilton.com/en/hotels/ngbyagi-hilton-garden-inn-ningbo/
Hilton,HILTON-NGBQAHI,NGBQAHI,Hilton Ningbo Dongqian Lake,Hilton Hotels & Resorts,MAINLAND_CN,CN,Ningbo,true,hilton_official_hotel_summary_extract_leadRate.lowest,CNY,723,¥723,106.53,HPPRP1,Honors Discount,Change or cancel up to 1 day before arrival. Hilton Honors Membership Required.,28000,https://www.hilton.com/en/hotels/ngbqahi-hilton-ningbo-dongqian-lake/
Hilton,HILTON-NGBBNHT,NGBBNHT,Home2 Suites by Hilton Ningbo Hangzhou Bay New Area,Home2 Suites by Hilton,MAINLAND_CN,CN,Ningbo,true,hilton_official_hotel_summary_extract_leadRate.lowest,CNY,312,¥312,45.99,SHTH4A,Honors Discount Advance Purchase,Free breakfast. No cancellations. Pay now. Hilton Honors Membership Required.,13000,https://www.hilton.com/en/hotels/ngbbnht-home2-suites-ningbo-hangzhou-bay-new-area/
Hilton,HILTON-NGBYZHT,NGBYZHT,Home2 Suites by Hilton Ningbo Yinzhou,Home2 Suites by Hilton,MAINLAND_CN,CN,Ningbo,true,hilton_official_hotel_summary_extract_leadRate.lowest,CNY,370,¥370,54.48,SHTH4A,Honors Discount Advance Purchase,Free breakfast. No cancellations. Pay now. Hilton Honors Membership Required.,16000,https://www.hilton.com/en/hotels/ngbyzht-home2-suites-ningboy-yinzhou/
Hilton,HILTON-FOCLIHX,FOCLIHX,Hampton by Hilton Ningde Lithium Electricity Town,Hampton by Hilton,MAINLAND_CN,CN,Ningde,true,hilton_official_hotel_summary_extract_leadRate.lowest,CNY,445,¥445,65.53,LHHH1P,Honors Discount,Change or cancel by 6pm local hotel time day of arrival. Free breakfast. Hilton Honors Membership Required.,17000,https://www.hilton.com/en/hotels/foclihx-hampton-ningde-lithium-electricity-town/
Hilton,HILTON-WHANGGI,WHANGGI,Hilton Garden Inn Ningguo Chengxi Lake,Hilton Garden Inn,MAINLAND_CN,CN,Ningguo,true,hilton_official_hotel_summary_extract_leadRate.lowest,CNY,325,¥325,47.94,HPPRP1,Honors Discount,Change or cancel by 6pm local hotel time day of arrival. Hilton Honors Membership Required.,13000,https://www.hilton.com/en/hotels/whanggi-hilton-garden-inn-ningguo-chengxi-lake/
Hilton,HILTON-BPXLCGI,BPXLCGI,Hilton Garden Inn Nujiang,Hilton Garden Inn,MAINLAND_CN,CN,Nujiang,true,hilton_official_hotel_summary_extract_leadRate.lowest,CNY,263,¥263,38.81,HPPRP1,Honors Discount,Change or cancel by 4pm local hotel time day of arrival. Hilton Honors Membership Required.,11000,https://www.hilton.com/en/hotels/bpxlcgi-hilton-garden-inn-nujiang/
Hilton,HILTON-HGHLIHI,HGHLIHI,Hilton Linzhi Resort,Hilton Hotels & Resorts,MAINLAND_CN,CN,Nyingchi City,true,hilton_official_hotel_summary_extract_leadRate.lowest,CNY,620,¥620,91.38,HPPAP4,Honors Discount Advance Purchase,Pre-payment required and non-refundable. Hilton Honors Membership Required.,28000,https://www.hilton.com/en/hotels/hghlihi-hilton-linzhi-resort/
Hilton,HILTON-DSNKBGI,DSNKBGI,Hilton Garden Inn Ordos Kangbashi,Hilton Garden Inn,MAINLAND_CN,CN,Ordos,true,hilton_official_hotel_summary_extract_leadRate.lowest,CNY,321,¥321,47.33,HPPRP1,Honors Discount,Change or cancel by 6pm local hotel time day of arrival. Hilton Honors Membership Required.,13000,https://www.hilton.com/en/hotels/dsnkbgi-hilton-garden-inn-ordos-kangbashi/
Hilton,HILTON-PZIPZHX,PZIPZHX,Hampton by Hilton Panzhihua Central Plaza,Hampton by Hilton,MAINLAND_CN,CN,Panzhihua,true,hilton_official_hotel_summary_extract_leadRate.lowest,CNY,416,¥416,61.25,LHHH1P,Honors Discount,Change or cancel by 6pm local hotel time day of arrival. Free breakfast. Hilton Honors Membership Required.,16000,https://www.hilton.com/en/hotels/pzipzhx-hampton-panzhihua-central-plaza/
Hilton,HILTON-PZIZAHT,PZIZAHT,Home2 Suites by Hilton Panzhihua Huacheng New District,Home2 Suites by Hilton,MAINLAND_CN,CN,Panzhihua,false,hilton_extract_no_lowest_rate,CNY,,,,,,,,https://www.hilton.com/en/hotels/pzizaht-home2-suites-panzhihua-huacheng-new-district/
Hilton,HILTON-YNTLVLX,YNTLVLX,"Longting Vineyard Hotel, an SLH Hotel",Small Luxury Hotels of the World,MAINLAND_CN,CN,Penglai City,true,hilton_official_hotel_summary_extract_leadRate.lowest,CNY,1850,"¥1,850",272.33,HPPRP1,Honors Discount Breakfast Included,Includes breakfast. Hilton Honors Membership Required.,60000,https://www.hilton.com/en/hotels/yntlvlx-longting-vineyard-hotel/
Hilton,HILTON-CTUPZHT,CTUPZHT,Home2 Suites by Hilton Chengdu Pengzhou,Home2 Suites by Hilton,MAINLAND_CN,CN,Pengzhou,true,hilton_official_hotel_summary_extract_leadRate.lowest,CNY,320,¥320,47.12,SHTH4A,Honors Discount Advance Purchase,Free breakfast. No cancellations. Pay now. Hilton Honors Membership Required.,14000,https://www.hilton.com/en/hotels/ctupzht-home2-suites-chengdu-pengzhou/
Hilton,HILTON-NNYPDHT,NNYPDHT,Home2 Suites by Hilton Ruzhou,Home2 Suites by Hilton,MAINLAND_CN,CN,Pingdingshan,false,hilton_extract_no_lowest_rate,CNY,,,,,,,,https://www.hilton.com/en/hotels/nnypdht-home2-suites-ruzhou/
Hilton,HILTON-PXGPGHX,PXGPGHX,Hampton by Hilton Pingxiang,Hampton by Hilton,MAINLAND_CN,CN,Pingxiang,true,hilton_official_hotel_summary_extract_leadRate.lowest,CNY,395,¥395,58.23,LHHH1P,Honors Discount,Change or cancel by 6pm local hotel time day of arrival. Free breakfast. Hilton Honors Membership Required.,15000,https://www.hilton.com/en/hotels/pxgpghx-hampton-pingxiang/
Hilton,HILTON-OPQPUHX,OPQPUHX,Hampton by Hilton Puning Square,Hampton by Hilton,MAINLAND_CN,CN,Puning,false,hilton_extract_no_lowest_rate,CNY,,,,,,,,https://www.hilton.com/en/hotels/opqpuhx-hampton-puning-square/
Hilton,HILTON-FOCLDDI,FOCLDDI,DoubleTree by Hilton Hotel Putian,DoubleTree by Hilton,MAINLAND_CN,CN,Putian,true,hilton_official_hotel_summary_extract_leadRate.lowest,CNY,352,¥352,51.9,HPPRP1,Honors Discount,Change or cancel by 6pm local hotel time day of arrival. Hilton Honors Membership Required.,14000,https://www.hilton.com/en/hotels/foclddi-doubletree-putian/
Hilton,HILTON-HGHLRHI,HGHLRHI,Hilton Hangzhou Qiandao Lake Resort,Hilton Hotels & Resorts,MAINLAND_CN,CN,"Qiandao Lake, Chun'an County",true,hilton_official_hotel_summary_extract_leadRate.lowest,CNY,494,¥494,72.83,HPPRP1,Honors Discount,Change or cancel up to 1 day before arrival. Hilton Honors Membership Required.,19000,https://www.hilton.com/en/hotels/hghlrhi-hilton-hangzhou-qiandao-lake-resort/
Hilton,HILTON-JIQQIHX,JIQQIHX,Hampton by Hilton Qianjiang,Hampton by Hilton,MAINLAND_CN,CN,Qianjiang,true,hilton_official_hotel_summary_extract_leadRate.lowest,CNY,477,¥477,70.29,LHHH1P,Honors Discount,Change or cancel by 6pm local hotel time day of arrival. Free breakfast. Hilton Honors Membership Required.,18000,https://www.hilton.com/en/hotels/jiqqihx-hampton-qianjiang/
Hilton,HILTON-PVGQDDI,PVGQDDI,DoubleTree by Hilton Qidong,DoubleTree by Hilton,MAINLAND_CN,CN,Qidong,true,hilton_official_hotel_summary_extract_leadRate.lowest,CNY,423,¥423,62.41,HPPAP4,Honors Discount Advance Purchase,Pre-payment required and non-refundable. Hilton Honors Membership Required.,19000,https://www.hilton.com/en/hotels/pvgqddi-doubletree-qidong/
Hilton,HILTON-LLFGIGI,LLFGIGI,Hilton Garden Inn Qidong,Hilton Garden Inn,MAINLAND_CN,CN,Qidong,true,hilton_official_hotel_summary_extract_leadRate.lowest,CNY,266,¥266,39.22,HPPAP4,Honors Discount Advance Purchase,Pre-payment required and non-refundable. Hilton Honors Membership Required.,11000,https://www.hilton.com/en/hotels/llfgigi-hilton-garden-inn-qidong/
Hilton,HILTON-TAOLXDI,TAOLXDI,DoubleTree by Hilton Hotel Qingdao-Jimo,DoubleTree by Hilton,MAINLAND_CN,CN,Qingdao,true,hilton_official_hotel_summary_extract_leadRate.lowest,CNY,343,¥343,50.53,HPPRP1,Honors Discount,Change or cancel by 6pm local hotel time day of arrival. Hilton Honors Membership Required.,14000,https://www.hilton.com/en/hotels/taolxdi-doubletree-qingdao-jimo/
Hilton,HILTON-TAOMMDI,TAOMMDI,DoubleTree by Hilton Qingdao Oriental Movie Metropolis,DoubleTree by Hilton,MAINLAND_CN,CN,Qingdao,true,hilton_official_hotel_summary_extract_leadRate.lowest,CNY,335,¥335,49.31,HPPRP1,Honors Discount,Change or cancel up to 1 day before arrival. Hilton Honors Membership Required.,13000,https://www.hilton.com/en/hotels/taommdi-doubletree-qingdao-oriental-movie-metropolis/
Hilton,HILTON-TAOJZHX,TAOJZHX,Hampton by Hilton Qingdao Airport,Hampton by Hilton,MAINLAND_CN,CN,Qingdao,true,hilton_official_hotel_summary_extract_leadRate.lowest,CNY,341,¥341,50.3,LHHH1P,Honors Discount,Change or cancel by 6pm local hotel time day of arrival. Free breakfast. Hilton Honors Membership Required.,13000,https://www.hilton.com/en/hotels/taojzhx-hampton-qingdao-airport/
Hilton,HILTON-TAOCHHX,TAOCHHX,Hampton by Hilton Qingdao CBD,Hampton by Hilton,MAINLAND_CN,CN,Qingdao,true,hilton_official_hotel_summary_extract_leadRate.lowest,CNY,494,¥494,72.83,LHHH1P,Honors Discount,Change or cancel by 6pm local hotel time day of arrival. Free breakfast. Hilton Honors Membership Required.,19000,https://www.hilton.com/en/hotels/taochhx-hampton-qingdao-cbd/
Hilton,HILTON-TAOPHHX,TAOPHHX,Hampton by Hilton Qingdao Chengyang,Hampton by Hilton,MAINLAND_CN,CN,Qingdao,true,hilton_official_hotel_summary_extract_leadRate.lowest,CNY,362,¥362,53.31,LHHH1P,Honors Discount,Change or cancel by 6pm local hotel time day of arrival. Free breakfast. Hilton Honors Membership Required.,14000,https://www.hilton.com/en/hotels/taophhx-hampton-qingdao-chengyang/
Hilton,HILTON-TAOQIHX,TAOQIHX,Hampton by Hilton Qingdao Jiaodong International Airport South,Hampton by Hilton,MAINLAND_CN,CN,Qingdao,true,hilton_official_hotel_summary_extract_leadRate.lowest,CNY,385,¥385,56.8,LHHH1P,Honors Discount,Change or cancel by 6pm local hotel time day of arrival. Free breakfast. Hilton Honors Membership Required.,15000,https://www.hilton.com/en/hotels/taoqihx-hampton-qingdao-jiaodong-international-airport-south/
Hilton,HILTON-TAOAOHX,TAOAOHX,Hampton by Hilton Qingdao Jiaozhou Park,Hampton by Hilton,MAINLAND_CN,CN,Qingdao,true,hilton_official_hotel_summary_extract_leadRate.lowest,CNY,363,¥363,53.47,LHHH1P,Honors Discount,Change or cancel by 6pm local hotel time day of arrival. Free breakfast. Hilton Honors Membership Required.,14000,https://www.hilton.com/en/hotels/taoaohx-hampton-qingdao-jiaozhou-park/
Hilton,HILTON-TAOPSHX,TAOPSHX,Hampton by Hilton Qingdao Jinshatan,Hampton by Hilton,MAINLAND_CN,CN,Qingdao,true,hilton_official_hotel_summary_extract_leadRate.lowest,CNY,419,¥419,61.72,LHHH1P,Honors Discount,Change or cancel by 6pm local hotel time day of arrival. Free breakfast. Hilton Honors Membership Required.,16000,https://www.hilton.com/en/hotels/taopshx-hampton-qingdao-jinshatan/
Hilton,HILTON-TAOLIHX,TAOLIHX,Hampton by Hilton Qingdao Laoshan Shilaoren,Hampton by Hilton,MAINLAND_CN,CN,Qingdao,true,hilton_official_hotel_summary_extract_leadRate.lowest,CNY,516,¥516,76,LHHH1P,Honors Discount,Change or cancel by 6pm local hotel time day of arrival. Free breakfast. Hilton Honors Membership Required.,19000,https://www.hilton.com/en/hotels/taolihx-hampton-qingdao-laoshan-shilaoren/
Hilton,HILTON-TAOBTHX,TAOBTHX,Hampton by Hilton Qingdao May Fourth Square Olympic Sailing Center,Hampton by Hilton,MAINLAND_CN,CN,Qingdao,true,hilton_official_hotel_summary_extract_leadRate.lowest,CNY,510,¥510,75.21,LHHH1P,Honors Discount,Change or cancel by 6pm local hotel time day of arrival. Free breakfast. Hilton Honors Membership Required.,19000,https://www.hilton.com/en/hotels/taobthx-hampton-qingdao-may-fourth-square-olympic-sailing-center/
Hilton,HILTON-TAONSHX,TAONSHX,Hampton by Hilton Qingdao Shibei Xinduxin,Hampton by Hilton,MAINLAND_CN,CN,Qingdao,true,hilton_official_hotel_summary_extract_leadRate.lowest,CNY,405,¥405,59.66,LHHH1P,Honors Discount,Change or cancel by 6pm local hotel time day of arrival. Free breakfast. Hilton Honors Membership Required.,15000,https://www.hilton.com/en/hotels/taonshx-hampton-qingdao-shibei-xinduxin/
Hilton,HILTON-TAODOHX,TAODOHX,Hampton by Hilton Qingdao West Coast,Hampton by Hilton,MAINLAND_CN,CN,Qingdao,true,hilton_official_hotel_summary_extract_leadRate.lowest,CNY,323,¥323,47.6,LHHH1P,Honors Discount,Change or cancel by 6pm local hotel time day of arrival. Free breakfast. Hilton Honors Membership Required.,12000,https://www.hilton.com/en/hotels/taodohx-hampton-qingdao-west-coast/
Hilton,HILTON-TAOGBHI,TAOGBHI,Hilton Qingdao Golden Beach,Hilton Hotels & Resorts,MAINLAND_CN,CN,Qingdao,true,hilton_official_hotel_summary_extract_leadRate.lowest,CNY,521,¥521,76.7,HPPRP1,Honors Discount,Change or cancel up to 1 day before arrival. Hilton Honors Membership Required.,20000,https://www.hilton.com/en/hotels/taogbhi-hilton-qingdao-golden-beach/
Hilton,HILTON-TAOCOHT,TAOCOHT,Home2 Suites by Hilton Qingdao West Coast,Home2 Suites by Hilton,MAINLAND_CN,CN,Qingdao,true,hilton_official_hotel_summary_extract_leadRate.lowest,CNY,268,¥268,39.48,SHTH4A,Honors Discount Advance Purchase,Free breakfast. No cancellations. Pay now. Hilton Honors Membership Required.,12000,https://www.hilton.com/en/hotels/taocoht-home2-suites-qingdao-west-coast/
Hilton,HILTON-TAOQQQQ,TAOQQQQ,"Secan Hotel Qingdao, Curio Collection by Hilton",Curio Collection by Hilton,MAINLAND_CN,CN,Qingdao,true,hilton_official_hotel_summary_extract_leadRate.lowest,CNY,460,¥460,67.72,HPPRP1,Honors Discount,Change or cancel up to 1 day before arrival. Hilton Honors Membership Required.,18000,https://www.hilton.com/en/hotels/taoqqqq-secan-hotel-qingdao/
Hilton,HILTON-IQNGDHX,IQNGDHX,Hampton by Hilton Qingyang Rainbow Bridge,Hampton by Hilton,MAINLAND_CN,CN,Qingyang,true,hilton_official_hotel_summary_extract_leadRate.lowest,CNY,324,¥324,47.76,LHHH1P,Honors Discount,Change or cancel by 6pm local hotel time day of arrival. Free breakfast. Hilton Honors Membership Required.,12000,https://www.hilton.com/en/hotels/iqngdhx-hampton-qingyang-rainbow-bridge/
Hilton,HILTON-IQNQNHX,IQNQNHX,Hampton by Hilton Qingyuan Fengcheng,Hampton by Hilton,MAINLAND_CN,CN,Qingyuan,false,hilton_extract_no_lowest_rate,CNY,,,,,,,,https://www.hilton.com/en/hotels/iqnqnhx-hampton-qingyuan-fengcheng/
Hilton,HILTON-CANQYHX,CANQYHX,Hampton by Hilton Qingyuan Qingxin,Hampton by Hilton,MAINLAND_CN,CN,Qingyuan,true,hilton_official_hotel_summary_extract_leadRate.lowest,CNY,432,¥432,63.63,LHHH1P,Honors Discount,Change or cancel by 6pm local hotel time day of arrival. Free breakfast. Hilton Honors Membership Required.,16000,https://www.hilton.com/en/hotels/canqyhx-hampton-qingyuan-qingxin/
Hilton,HILTON-CANQIHX,CANQIHX,Hampton by Hilton Qingyuan Renmin Road,Hampton by Hilton,MAINLAND_CN,CN,Qingyuan,true,hilton_official_hotel_summary_extract_leadRate.lowest,CNY,363,¥363,53.47,LHHH1P,Honors Discount,Change or cancel by 6pm local hotel time day of arrival. Free breakfast. Hilton Honors Membership Required.,14000,https://www.hilton.com/en/hotels/canqihx-hampton-qingyuan-renmin-road/
Hilton,HILTON-BPEQNHX,BPEQNHX,Hampton by Hilton Qinhuangdao Jinmeng Bay,Hampton by Hilton,MAINLAND_CN,CN,Qinhuangdao,true,hilton_official_hotel_summary_extract_leadRate.lowest,CNY,404,¥404,59.5,LHHH1P,Honors Discount,Change or cancel by 6pm local hotel time day of arrival. Free breakfast. Hilton Honors Membership Required.,15000,https://www.hilton.com/en/hotels/bpeqnhx-hampton-qinhuangdao-jinmeng-bay/
Hilton,HILTON-QHXQNHX,QHXQNHX,Hampton by Hilton Qionghai Railway Station,Hampton by Hilton,MAINLAND_CN,CN,Qionghai,true,hilton_official_hotel_summary_extract_leadRate.lowest,CNY,443,¥443,65.21,LHHH1P,Honors Discount,Change or cancel by 6pm local hotel time day of arrival. Free breakfast. Hilton Honors Membership Required.,17000,https://www.hilton.com/en/hotels/qhxqnhx-hampton-qionghai-railway-station/
Hilton,HILTON-NDGQIHX,NDGQIHX,Hampton by Hilton Qiqihar Jianhua District,Hampton by Hilton,MAINLAND_CN,CN,Qiqihar,true,hilton_official_hotel_summary_extract_leadRate.lowest,CNY,390,¥390,57.44,LHHH1P,Honors Discount,Change or cancel by 6pm local hotel time day of arrival. Free breakfast. Hilton Honors Membership Required.,15000,https://www.hilton.com/en/hotels/ndgqihx-hampton-qiqihar-jianhua-district/
Hilton,HILTON-JJNCSHX,JJNCSHX,Hampton by Hilton Dehua,Hampton by Hilton,MAINLAND_CN,CN,Quanzhou,true,hilton_official_hotel_summary_extract_leadRate.lowest,CNY,471,¥471,69.34,LHHH1P,Honors Discount,Change or cancel by 6pm local hotel time day of arrival. Free breakfast. Hilton Honors Membership Required.,18000,https://www.hilton.com/en/hotels/jjncshx-hampton-dehua/
Hilton,HILTON-JJNFFHX,JJNFFHX,Hampton by Hilton Quanzhou Fengze Jiaofa,Hampton by Hilton,MAINLAND_CN,CN,Quanzhou,false,hilton_extract_no_lowest_rate,CNY,,,,,,,,https://www.hilton.com/en/hotels/jjnffhx-hampton-quanzhou-fengze-jiaofa/
Hilton,HILTON-JINNAHX,JINNAHX,Hampton by Hilton Quanzhou Nan'an Shuitou,Hampton by Hilton,MAINLAND_CN,CN,Quanzhou,false,hilton_extract_no_lowest_rate,CNY,,,,,,,,https://www.hilton.com/en/hotels/jinnahx-hampton-quanzhou-nanan-shuitou/
Hilton,HILTON-JJNCNHT,JJNCNHT,Home2 Suites by Hilton Quanzhou Anxi,Home2 Suites by Hilton,MAINLAND_CN,CN,Quanzhou,true,hilton_official_hotel_summary_extract_leadRate.lowest,CNY,295,¥295,43.44,SHTH4A,Honors Discount Advance Purchase,Free breakfast. No cancellations. Pay now. Hilton Honors Membership Required.,13000,https://www.hilton.com/en/hotels/jjncnht-home2-suites-quanzhou-anxi/
Hilton,HILTON-JJNQZHT,JJNQZHT,Home2 Suites by Hilton Quanzhou Hui'an,Home2 Suites by Hilton,MAINLAND_CN,CN,Quanzhou,false,hilton_extract_no_lowest_rate,CNY,,,,,,,,https://www.hilton.com/en/hotels/jjnqzht-home2-suites-quanzhou-huian/
Hilton,HILTON-JJNKBLX,JJNKBLX,"Kaipuu Belfry, an SLH Hotel",Small Luxury Hotels of the World,MAINLAND_CN,CN,Quanzhou,true,hilton_official_hotel_summary_extract_leadRate.lowest,CNY,1238,"¥1,238",182.35,HPPAP4,Honors Advance Purchase Breakfast Included,Free breakfast. No cancellations. Pay now. Hilton Honors Membership Required.,55000,https://www.hilton.com/en/hotels/jjnkblx-kaipuu-belfry/
Hilton,HILTON-JJNKRLX,JJNKRLX,"Kaipuu on the Reef, an SLH Hotel",Small Luxury Hotels of the World,MAINLAND_CN,CN,Quanzhou,true,hilton_official_hotel_summary_extract_leadRate.lowest,CNY,2112,"¥2,112",310.87,HPPAP4,Honors Advance Purchase Breakfast Included,Free breakfast. No cancellations. Pay now. Hilton Honors Membership Required.,80000,https://www.hilton.com/en/hotels/jjnkrlx-kaipuu-on-the-reef/
Hilton,HILTON-JJNQCHI,JJNQCHI,Hilton Quanzhou Riverside,Hilton Hotels & Resorts,MAINLAND_CN,CN,"Quanzhou, Fujian Province",true,hilton_official_hotel_summary_extract_leadRate.lowest,CNY,548,¥548,80.66,HPPRP1,Honors Discount,Change or cancel by 6pm local hotel time day of arrival. Hilton Honors Membership Required.,21000,https://www.hilton.com/en/hotels/jjnqchi-hilton-quanzhou-riverside/
Hilton,HILTON-KMGQUHX,KMGQUHX,Hampton by Hilton Qujing,Hampton by Hilton,MAINLAND_CN,CN,Qujing,true,hilton_official_hotel_summary_extract_leadRate.lowest,CNY,367,¥367,54.11,LHHH1P,Honors Discount,Change or cancel by 6pm local hotel time day of arrival. Free breakfast. Hilton Honors Membership Required.,14000,https://www.hilton.com/en/hotels/kmgquhx-hampton-qujing/
Hilton,HILTON-KMGEDHT,KMGEDHT,Home2 Suites by Hilton Qujing Luliang,Home2 Suites by Hilton,MAINLAND_CN,CN,Qujing,true,hilton_official_hotel_summary_extract_leadRate.lowest,CNY,286,¥286,42.17,SHTH4A,Honors Discount Advance Purchase,Free breakfast. No cancellations. Pay now. Hilton Honors Membership Required.,12000,https://www.hilton.com/en/hotels/kmgedht-home2-suites-qujing-luliang/
Hilton,HILTON-JUZQZDI,JUZQZDI,DoubleTree by Hilton Quzhou,DoubleTree by Hilton,MAINLAND_CN,CN,Quzhou,true,hilton_official_hotel_summary_extract_leadRate.lowest,CNY,426,¥426,62.75,HPPAP4,Honors Discount Advance Purchase,Pre-payment required and non-refundable. Hilton Honors Membership Required.,20000,https://www.hilton.com/en/hotels/juzqzdi-doubletree-quzhou/
Hilton,HILTON-JUZGIGI,JUZGIGI,Hilton Garden Inn Quzhou,Hilton Garden Inn,MAINLAND_CN,CN,Quzhou,true,hilton_official_hotel_summary_extract_leadRate.lowest,CNY,357,¥357,52.56,HPPAP4,Honors Discount Advance Purchase,Pre-payment required and non-refundable. Hilton Honors Membership Required.,14000,https://www.hilton.com/en/hotels/juzgigi-hilton-garden-inn-quzhou/
Hilton,HILTON-JUZHIHI,JUZHIHI,Hilton Quzhou,Hilton Hotels & Resorts,MAINLAND_CN,CN,Quzhou,true,hilton_official_hotel_summary_extract_leadRate.lowest,CNY,554,¥554,81.57,HPPRP1,Honors Discount,Change or cancel up to 1 day before arrival. Hilton Honors Membership Required.,22000,https://www.hilton.com/en/hotels/juzhihi-hilton-quzhou/
Hilton,HILTON-WMTREHX,WMTREHX,Hampton by Hilton Renhuai Zuimei Avenue,Hampton by Hilton,MAINLAND_CN,CN,Renhuai,true,hilton_official_hotel_summary_extract_leadRate.lowest,CNY,425,¥425,62.67,LHHH1P,Honors Discount,Change or cancel by 6pm local hotel time day of arrival. Free breakfast. Hilton Honors Membership Required.,16000,https://www.hilton.com/en/hotels/wmtrehx-hampton-renhuai-zuimei-avenue/
Hilton,HILTON-TAORZHX,TAORZHX,Hampton by Hilton Rizhao Wanpingkou Dongyi Town,Hampton by Hilton,MAINLAND_CN,CN,Rizhao,true,hilton_official_hotel_summary_extract_leadRate.lowest,CNY,346,¥346,50.93,LHHH1P,Honors Discount,Change or cancel by 6pm local hotel time day of arrival. Free breakfast. Hilton Honors Membership Required.,13000,https://www.hilton.com/en/hotels/taorzhx-hampton-rizhao-wanpingkou-dongyi-town/
Hilton,HILTON-RIZHTGI,RIZHTGI,Hilton Garden Inn Rizhao High-Tech Zone,Hilton Garden Inn,MAINLAND_CN,CN,Rizhao,true,hilton_official_hotel_summary_extract_leadRate.lowest,CNY,310,¥310,45.66,HPPRP1,Honors Discount,Change or cancel up to 1 day before arrival. Hilton Honors Membership Required.,12000,https://www.hilton.com/en/hotels/rizhtgi-hilton-garden-inn-rizhao-high-tech-zone/
Hilton,HILTON-RIZRDHT,RIZRDHT,Home2 Suites by Hilton Rizhao Wanpingkou,Home2 Suites by Hilton,MAINLAND_CN,CN,Rizhao,true,hilton_official_hotel_summary_extract_leadRate.lowest,CNY,270,¥270,39.76,SHTH4A,Honors Discount Advance Purchase,Free breakfast. No cancellations. Pay now. Hilton Honors Membership Required.,12000,https://www.hilton.com/en/hotels/rizrdht-home2-suites-rizhao-wanpingkou/
Hilton,HILTON-WEHRSGI,WEHRSGI,Hilton Garden Inn Weihai Rushan,Hilton Garden Inn,MAINLAND_CN,CN,Rushan,false,hilton_extract_no_lowest_rate,CNY,,,,,,,,https://www.hilton.com/en/hotels/wehrsgi-hilton-garden-inn-weihai-rushan/
Hilton,HILTON-SQJCNHT,SQJCNHT,Home2 Suites by Hilton Sanmenxia Mianchi,Home2 Suites by Hilton,MAINLAND_CN,CN,Sanmenxia,true,hilton_official_hotel_summary_extract_leadRate.lowest,CNY,282,¥282,41.6,SHTH4A,Honors Discount Advance Purchase,Free breakfast. No cancellations. Pay now. Hilton Honors Membership Required.,11000,https://www.hilton.com/en/hotels/sqjcnht-home2-suites-sanmenxia-mianchi/
Hilton,HILTON-LCXSAHX,LCXSAHX,Hampton by Hilton Sanming Sanyuan District,Hampton by Hilton,MAINLAND_CN,CN,Sanming,true,hilton_official_hotel_summary_extract_leadRate.lowest,CNY,447,¥447,65.85,LHHH1P,Honors Discount,Change or cancel by 6pm local hotel time day of arrival. Free breakfast. Hilton Honors Membership Required.,17000,https://www.hilton.com/en/hotels/lcxsahx-hampton-sanming-sanyuan-district/
Hilton,HILTON-SYXDIDI,SYXDIDI,DoubleTree by Hilton Sanya Bay,DoubleTree by Hilton,MAINLAND_CN,CN,Sanya,true,hilton_official_hotel_summary_extract_leadRate.lowest,CNY,479,¥479,70.62,HPPRP1,Honors Discount,Change or cancel by 6pm local hotel time day of arrival. Hilton Honors Membership Required.,19000,https://www.hilton.com/en/hotels/syxdidi-doubletree-sanya-bay/
Hilton,HILTON-SYXYBHX,SYXYBHX,Hampton by Hilton Sanya Weiming Lake Park,Hampton by Hilton,MAINLAND_CN,CN,Sanya,true,hilton_official_hotel_summary_extract_leadRate.lowest,CNY,450,¥450,66.32,LHHH1P,Honors Discount,Change or cancel by 6pm local hotel time day of arrival. Free breakfast. Hilton Honors Membership Required.,17000,https://www.hilton.com/en/hotels/syxybhx-hampton-sanya-weiming-lake-park/
Hilton,HILTON-SYXJRGI,SYXJRGI,Hilton Garden Inn Sanya,Hilton Garden Inn,MAINLAND_CN,CN,Sanya,true,hilton_official_hotel_summary_extract_leadRate.lowest,CNY,274,¥274,40.33,HPPRP1,Honors Discount,Change or cancel up to 1 day before arrival. Hilton Honors Membership Required.,11000,https://www.hilton.com/en/hotels/syxjrgi-hilton-garden-inn-sanya/
Hilton,HILTON-SYXGIGI,SYXGIGI,Hilton Garden Inn Sanya Haitang Bay,Hilton Garden Inn,MAINLAND_CN,CN,Sanya,true,hilton_official_hotel_summary_extract_leadRate.lowest,CNY,372,¥372,54.79,HPPRP1,Honors Discount,Change or cancel up to 2 days before arrival. Hilton Honors Membership Required.,15000,https://www.hilton.com/en/hotels/syxgigi-hilton-garden-inn-sanya-haitang-bay/
Hilton,HILTON-SYXHIHI,SYXHIHI,Hilton Sanya Yalong Bay Resort & Spa,Hilton Hotels & Resorts,MAINLAND_CN,CN,Sanya,true,hilton_official_hotel_summary_extract_leadRate.lowest,CNY,841,¥841,123.89,HPPRP1,Honors Discount,Change or cancel up to 3 days before arrival. Hilton Honors Membership Required.,41000,https://www.hilton.com/en/hotels/syxhihi-hilton-sanya-yalong-bay-resort-and-spa/
Hilton,HILTON-SYXCUQQ,SYXCUQQ,"Thousand Cranes Sanya Yazhou Bay Int'l Exchange Centre, Curio by Hilton",Curio Collection by Hilton,MAINLAND_CN,CN,Sanya,true,hilton_official_hotel_summary_extract_leadRate.lowest,CNY,399,¥399,58.74,HPPRP1,Honors Discount,Change or cancel up to 1 day before arrival. Hilton Honors Membership Required.,16000,https://www.hilton.com/en/hotels/syxcuqq-thousand-cranes-sanya-yazhou-bay-int-l-exchange-centre/
Hilton,HILTON-UYNSXGI,UYNSXGI,Hilton Garden Inn Yulin Jingbian,Hilton Garden Inn,MAINLAND_CN,CN,Shaanxi,false,hilton_extract_no_lowest_rate,CNY,,,,,,,,https://www.hilton.com/en/hotels/uynsxgi-hilton-garden-inn-yulin-jingbian/
Hilton,HILTON-SHABPPY,SHABPPY,Canopy by Hilton Shanghai Belfry Plaza,Canopy by Hilton,MAINLAND_CN,CN,Shanghai,true,hilton_official_hotel_summary_extract_leadRate.lowest,CNY,884,¥884,130.12,HPPRP1,Honors Discount Breakfast Included,Change or cancel up to 1 day before arrival. Includes breakfast. Hilton Honors Membership Required.,34000,https://www.hilton.com/en/hotels/shabppy-canopy-shanghai-belfry-plaza/
Hilton,HILTON-SHAWSCI,SHAWSCI,Conrad Shanghai,Conrad Hotels & Resorts,MAINLAND_CN,CN,Shanghai,true,hilton_official_hotel_summary_extract_leadRate.lowest,CNY,1214,"¥1,214",178.8,HPPAP4,Honors Discount Advance Purchase,Pre-payment required and non-refundable. Hilton Honors Membership Required.,60000,https://www.hilton.com/en/hotels/shawsci-conrad-shanghai/
Hilton,HILTON-SHASPDI,SHASPDI,DoubleTree by Hilton Hotel Shanghai - Pudong,DoubleTree by Hilton,MAINLAND_CN,CN,Shanghai,true,hilton_official_hotel_summary_extract_leadRate.lowest,CNY,532,¥532,78.44,HPPAP4,Honors Discount Advance Purchase,Pre-payment required and non-refundable. Hilton Honors Membership Required.,27000,https://www.hilton.com/en/hotels/shaspdi-doubletree-shanghai-pudong/
Hilton,HILTON-SHADTDI,SHADTDI,DoubleTree by Hilton Shanghai Hongqiao,DoubleTree by Hilton,MAINLAND_CN,CN,Shanghai,true,hilton_official_hotel_summary_extract_leadRate.lowest,CNY,441,¥441,64.99,HPPRP1,Honors Discount,Change or cancel up to 1 day before arrival. Hilton Honors Membership Required.,20000,https://www.hilton.com/en/hotels/shadtdi-doubletree-shanghai-hongqiao/
Hilton,HILTON-SHAGGHX,SHAGGHX,Hampton by Hilton Shanghai Hongqiao Jiuting S&T Innovation Valley,Hampton by Hilton,MAINLAND_CN,CN,Shanghai,true,hilton_official_hotel_summary_extract_leadRate.lowest,CNY,488,¥488,71.88,LHHH1P,Honors Discount,Change or cancel by 6pm local hotel time day of arrival. Free breakfast. Hilton Honors Membership Required.,18000,https://www.hilton.com/en/hotels/shagghx-hampton-shanghai-hongqiao-jiuting-s-and-t-innovation-valley/
Hilton,HILTON-SHACCHX,SHACCHX,Hampton by Hilton Shanghai Hongqiao NECC,Hampton by Hilton,MAINLAND_CN,CN,Shanghai,true,hilton_official_hotel_summary_extract_leadRate.lowest,CNY,476,¥476,70.13,LHHH1P,Honors Discount,Change or cancel by 6pm local hotel time day of arrival. Free breakfast. Hilton Honors Membership Required.,18000,https://www.hilton.com/en/hotels/shacchx-hampton-shanghai-hongqiao-necc/
Hilton,HILTON-SHATZHX,SHATZHX,Hampton by Hilton Shanghai Jiuting Hongqiao NECC,Hampton by Hilton,MAINLAND_CN,CN,Shanghai,true,hilton_official_hotel_summary_extract_leadRate.lowest,CNY,433,¥433,63.78,LHHH1P,Honors Discount,Change or cancel by 6pm local hotel time day of arrival. Free breakfast. Hilton Honors Membership Required.,16000,https://www.hilton.com/en/hotels/shatzhx-hampton-shanghai-jiuting-hongqiao-necc/
Hilton,HILTON-SHARIHX,SHARIHX,Hampton by Hilton Shanghai Lujiazui Yinding,Hampton by Hilton,MAINLAND_CN,CN,Shanghai,true,hilton_official_hotel_summary_extract_leadRate.lowest,CNY,629,¥629,92.66,LHHH1P,Honors Discount,Change or cancel by 6pm local hotel time day of arrival. Free breakfast. Hilton Honors Membership Required.,24000,https://www.hilton.com/en/hotels/sharihx-hampton-shanghai-lujiazui-yinding/
Hilton,HILTON-SHAPRHX,SHAPRHX,Hampton by Hilton Shanghai NECC Hongqiao Airport,Hampton by Hilton,MAINLAND_CN,CN,Shanghai,true,hilton_official_hotel_summary_extract_leadRate.lowest,CNY,534,¥534,78.7,LHHH1P,Honors Discount,Change or cancel by 6pm local hotel time day of arrival. Free breakfast. Hilton Honors Membership Required.,20000,https://www.hilton.com/en/hotels/shaprhx-hampton-shanghai-necc-hongqiao-airport/
Hilton,HILTON-SHAVEHX,SHAVEHX,Hampton by Hilton Shanghai North Bund Siping Road,Hampton by Hilton,MAINLAND_CN,CN,Shanghai,true,hilton_official_hotel_summary_extract_leadRate.lowest,CNY,665,¥665,97.9,LHHH1P,Honors Discount,Change or cancel by 6pm local hotel time day of arrival. Free breakfast. Hilton Honors Membership Required.,25000,https://www.hilton.com/en/hotels/shavehx-hampton-shanghai-north-bund-siping-road/
Hilton,HILTON-SHAZRHX,SHAZRHX,Hampton by Hilton Shanghai Songjiang Railway Station,Hampton by Hilton,MAINLAND_CN,CN,Shanghai,true,hilton_official_hotel_summary_extract_leadRate.lowest,CNY,451,¥451,66.48,LHHH1P,Honors Discount,Change or cancel by 6pm local hotel time day of arrival. Free breakfast. Hilton Honors Membership Required.,17000,https://www.hilton.com/en/hotels/shazrhx-hampton-shanghai-songjiang-railway-station/
Hilton,HILTON-SHAHTGI,SHAHTGI,Hilton Garden Inn Shanghai Caohejing Hi-Tech Park,Hilton Garden Inn,MAINLAND_CN,CN,Shanghai,true,hilton_official_hotel_summary_extract_leadRate.lowest,CNY,451,¥451,66.51,HPPRP1,Honors Discount,Change or cancel up to 1 day before arrival. Hilton Honors Membership Required.,22000,https://www.hilton.com/en/hotels/shahtgi-hilton-garden-inn-shanghai-caohejing-hi-tech-park/
Hilton,HILTON-SHACYGI,SHACYGI,Hilton Garden Inn Shanghai Caoyang,Hilton Garden Inn,MAINLAND_CN,CN,Shanghai,true,hilton_official_hotel_summary_extract_leadRate.lowest,CNY,445,¥445,65.51,HPPAP4,Honors Discount Advance Purchase,Pre-payment required and non-refundable. Hilton Honors Membership Required.,20000,https://www.hilton.com/en/hotels/shacygi-hilton-garden-inn-shanghai-caoyang/
Hilton,HILTON-SHACXGI,SHACXGI,Hilton Garden Inn Shanghai Changxing Island,Hilton Garden Inn,MAINLAND_CN,CN,Shanghai,true,hilton_official_hotel_summary_extract_leadRate.lowest,CNY,465,¥465,68.49,HPPRP1,Honors Discount,Change or cancel up to 1 day before arrival. Hilton Honors Membership Required.,18000,https://www.hilton.com/en/hotels/shacxgi-hilton-garden-inn-shanghai-changxing-island/
Hilton,HILTON-SHAERGI,SHAERGI,Hilton Garden Inn Shanghai High-Speed East Railway Station,Hilton Garden Inn,MAINLAND_CN,CN,Shanghai,true,hilton_official_hotel_summary_extract_leadRate.lowest,CNY,355,¥355,52.29,HPPAP4,Honors Discount Advance Purchase,Pre-payment required and non-refundable. Hilton Honors Membership Required.,16000,https://www.hilton.com/en/hotels/shaergi-hilton-garden-inn-shanghai-high-speed-east-railway-station/
Hilton,HILTON-SHAHCGI,SHAHCGI,Hilton Garden Inn Shanghai Hongqiao NECC,Hilton Garden Inn,MAINLAND_CN,CN,Shanghai,true,hilton_official_hotel_summary_extract_leadRate.lowest,CNY,275,¥275,40.53,HPPAP4,Honors Discount Advance Purchase,Pre-payment required and non-refundable. Hilton Honors Membership Required.,12000,https://www.hilton.com/en/hotels/shahcgi-hilton-garden-inn-shanghai-hongqiao-necc/
Hilton,HILTON-SHAJDGI,SHAJDGI,Hilton Garden Inn Shanghai Jiading,Hilton Garden Inn,MAINLAND_CN,CN,Shanghai,true,hilton_official_hotel_summary_extract_leadRate.lowest,CNY,369,¥369,54.42,HPPRP1,Honors Discount,Change or cancel up to 1 day before arrival. Hilton Honors Membership Required.,14000,https://www.hilton.com/en/hotels/shajdgi-hilton-garden-inn-shanghai-jiading/
Hilton,HILTON-SHAPDGI,SHAPDGI,Hilton Garden Inn Shanghai Lujiazui,Hilton Garden Inn,MAINLAND_CN,CN,Shanghai,true,hilton_official_hotel_summary_extract_leadRate.lowest,CNY,676,¥676,99.62,HPPAP4,Honors Discount Advance Purchase,Pre-payment required and non-refundable. Hilton Honors Membership Required.,38000,https://www.hilton.com/en/hotels/shapdgi-hilton-garden-inn-shanghai-lujiazui/
Hilton,HILTON-SHAWJGI,SHAWJGI,Hilton Garden Inn Shanghai Wujiaochang,Hilton Garden Inn,MAINLAND_CN,CN,Shanghai,true,hilton_official_hotel_summary_extract_leadRate.lowest,CNY,444,¥444,65.37,HPPAP4,Honors Discount Advance Purchase,Pre-payment required and non-refundable. Hilton Honors Membership Required.,24000,https://www.hilton.com/en/hotels/shawjgi-hilton-garden-inn-shanghai-wujiaochang/
Hilton,HILTON-SHAMSHI,SHAMSHI,Hilton Shanghai City Center,Hilton Hotels & Resorts,MAINLAND_CN,CN,Shanghai,true,hilton_official_hotel_summary_extract_leadRate.lowest,CNY,977,¥977,143.81,HPPAP4,Honors Discount Advance Purchase,Pre-payment required and non-refundable. Hilton Honors Membership Required.,44000,https://www.hilton.com/en/hotels/shamshi-hilton-shanghai-city-center/
Hilton,HILTON-SHASCHI,SHASCHI,Hilton Shanghai Fengxian,Hilton Hotels & Resorts,MAINLAND_CN,CN,Shanghai,true,hilton_official_hotel_summary_extract_leadRate.lowest,CNY,566,¥566,83.38,HPPAP4,Honors Discount Advance Purchase,Pre-payment required and non-refundable. Hilton Honors Membership Required.,26000,https://www.hilton.com/en/hotels/shaschi-hilton-shanghai-fengxian/
Hilton,HILTON-SHAHQHI,SHAHQHI,Hilton Shanghai Greater Hongqiao,Hilton Hotels & Resorts,MAINLAND_CN,CN,Shanghai,true,hilton_official_hotel_summary_extract_leadRate.lowest,CNY,571,¥571,84.06,HPPAP4,Honors Discount Advance Purchase,Pre-payment required and non-refundable. Hilton Honors Membership Required.,26000,https://www.hilton.com/en/hotels/shahqhi-hilton-shanghai-greater-hongqiao/
Hilton,HILTON-SHASHHI,SHASHHI,Hilton Shanghai Hongqiao,Hilton Hotels & Resorts,MAINLAND_CN,CN,Shanghai,true,hilton_official_hotel_summary_extract_leadRate.lowest,CNY,604,¥604,88.9,HPPAP4,Honors Discount Advance Purchase,Pre-payment required and non-refundable. Hilton Honors Membership Required.,28000,https://www.hilton.com/en/hotels/shashhi-hilton-shanghai-hongqiao/
Hilton,HILTON-SHAAPHI,SHAAPHI,Hilton Shanghai Hongqiao International Airport,Hilton Hotels & Resorts,MAINLAND_CN,CN,Shanghai,true,hilton_official_hotel_summary_extract_leadRate.lowest,CNY,538,¥538,79.24,HPPRP1,Honors Discount,Change or cancel up to 1 day before arrival. Hilton Honors Membership Required.,21000,https://www.hilton.com/en/hotels/shaaphi-hilton-shanghai-hongqiao-international-airport/
Hilton,HILTON-SHASGHI,SHASGHI,Hilton Shanghai Songjiang Guangfulin,Hilton Hotels & Resorts,MAINLAND_CN,CN,Shanghai,true,hilton_official_hotel_summary_extract_leadRate.lowest,CNY,797,¥797,117.34,HPPRP1,Honors Discount,Change or cancel up to 1 day before arrival. Hilton Honors Membership Required.,31000,https://www.hilton.com/en/hotels/shasghi-hilton-shanghai-songjiang-guangfulin/
Hilton,HILTON-SHAZJHI,SHAZJHI,Hilton Shanghai Zhangjiang Science City,Hilton Hotels & Resorts,MAINLAND_CN,CN,Shanghai,true,hilton_official_hotel_summary_extract_leadRate.lowest,CNY,875,¥875,128.91,HPPAP4,Honors Discount Advance Purchase,Pre-payment required and non-refundable. Hilton Honors Membership Required.,40000,https://www.hilton.com/en/hotels/shazjhi-hilton-shanghai-zhangjiang-science-city/
Hilton,HILTON-SHAHGHT,SHAHGHT,Home2 Suites by Hilton Shanghai Hongqiao Caohejing,Home2 Suites by Hilton,MAINLAND_CN,CN,Shanghai,true,hilton_official_hotel_summary_extract_leadRate.lowest,CNY,512,¥512,75.42,SHTH4A,Honors Discount Advance Purchase,Free breakfast. No cancellations. Pay now. Hilton Honors Membership Required.,21000,https://www.hilton.com/en/hotels/shahght-home2-suites-shanghai-hongqiao-caohejing/
Hilton,HILTON-SHAQQQQ,SHAQQQQ,"Shanghai Parkview Hotel, Curio Collection by Hilton",Curio Collection by Hilton,MAINLAND_CN,CN,Shanghai,false,hilton_extract_no_lowest_rate,CNY,,,,,,,,https://www.hilton.com/en/hotels/shaqqqq-shanghai-parkview-hotel/
Hilton,HILTON-SHASSLX,SHASSLX,"The Sukhothai Shanghai, an SLH Hotel",Small Luxury Hotels of the World,MAINLAND_CN,CN,Shanghai,true,hilton_official_hotel_summary_extract_leadRate.lowest,CNY,1783,"¥1,783",262.51,HPPAP4,Honors Discount Advance Purchase,No cancellations. Pay now. Hilton Honors Membership Required,65000,https://www.hilton.com/en/hotels/shasslx-the-sukhothai-shanghai/
Hilton,HILTON-SHAWAWA,SHAWAWA,Waldorf Astoria Shanghai on the Bund,Waldorf Astoria,MAINLAND_CN,CN,Shanghai,true,hilton_official_hotel_summary_extract_leadRate.lowest,CNY,2034,"¥2,034",299.41,HPPAP4,Honors Discount Advance Purchase,Pre-payment required and non-refundable. Hilton Honors Membership Required.,90000,https://www.hilton.com/en/hotels/shawawa-waldorf-astoria-shanghai-on-the-bund/
Hilton,HILTON-SHAQTWA,SHAQTWA,Waldorf Astoria Shanghai Qiantan,Waldorf Astoria,MAINLAND_CN,CN,Shanghai,true,hilton_official_hotel_summary_extract_leadRate.lowest,CNY,2220,"¥2,220",326.84,HPPAP4,Honors Discount Advance Purchase,Pre-payment required and non-refundable. Hilton Honors Membership Required.,80000,https://www.hilton.com/en/hotels/shaqtwa-waldorf-astoria-shanghai-qiantan/
Hilton,HILTON-FUGABHX,FUGABHX,Hampton by Hilton Yongcheng,Hampton by Hilton,MAINLAND_CN,CN,Shangqiu,true,hilton_official_hotel_summary_extract_leadRate.lowest,CNY,360,¥360,52.99,LHHH1P,Honors Discount,Change or cancel by 6pm local hotel time day of arrival. Free breakfast. Hilton Honors Membership Required.,14000,https://www.hilton.com/en/hotels/fugabhx-hampton-yongcheng/
Hilton,HILTON-SQDGGHX,SQDGGHX,Hampton by Hilton Shangrao Fenghuang Avenue,Hampton by Hilton,MAINLAND_CN,CN,Shangrao,true,hilton_official_hotel_summary_extract_leadRate.lowest,CNY,377,¥377,55.53,LHHH1P,Honors Discount,Change or cancel by 6pm local hotel time day of arrival. Free breakfast. Hilton Honors Membership Required.,14000,https://www.hilton.com/en/hotels/sqdgghx-hampton-shangrao-fenghuang-avenue/
Hilton,HILTON-SQDGAHX,SQDGAHX,Hampton by Hilton Shangrao Yushan,Hampton by Hilton,MAINLAND_CN,CN,Shangrao,true,hilton_official_hotel_summary_extract_leadRate.lowest,CNY,395,¥395,58.23,LHHH1P,Honors Discount,Change or cancel by 6pm local hotel time day of arrival. Free breakfast. Hilton Honors Membership Required.,15000,https://www.hilton.com/en/hotels/sqdgahx-hampton-shangrao-yushan/
Hilton,HILTON-SQDHIHI,SQDHIHI,Hilton Sanqingshan Resort,Hilton Hotels & Resorts,MAINLAND_CN,CN,Shangrao,true,hilton_official_hotel_summary_extract_leadRate.lowest,CNY,441,¥441,64.99,HPPRP1,Honors Discount,Change or cancel up to 1 day before arrival. Hilton Honors Membership Required.,17000,https://www.hilton.com/en/hotels/sqdhihi-hilton-sanqingshan-resort/
Hilton,HILTON-DIGSLGI,DIGSLGI,Hilton Garden Inn Shangri-La,Hilton Garden Inn,MAINLAND_CN,CN,Shangri-La,true,hilton_official_hotel_summary_extract_leadRate.lowest,CNY,310,¥310,45.76,HPPAP4,Honors Discount Advance Purchase,Pre-payment required and non-refundable. Hilton Honors Membership Required.,,https://www.hilton.com/en/hotels/digslgi-hilton-garden-inn-shangri-la/
Hilton,HILTON-LXAMTHX,LXAMTHX,Hampton by Hilton Shannan,Hampton by Hilton,MAINLAND_CN,CN,Shannan,true,hilton_official_hotel_summary_extract_leadRate.lowest,CNY,508,¥508,74.89,LHHH1P,Honors Discount,Change or cancel by 6pm local hotel time day of arrival. Free breakfast. Hilton Honors Membership Required.,20000,https://www.hilton.com/en/hotels/lxamthx-hampton-shannan/
Hilton,HILTON-LXASNGI,LXASNGI,Hilton Garden Inn Shannan Gesang Road,Hilton Garden Inn,MAINLAND_CN,CN,Shannan,true,hilton_official_hotel_summary_extract_leadRate.lowest,CNY,379,¥379,55.85,HPPRP1,Honors Discount,Change or cancel by 6pm local hotel time day of arrival. Hilton Honors Membership Required.,15000,https://www.hilton.com/en/hotels/lxasngi-hilton-garden-inn-shannan-gesang-road/
Hilton,HILTON-SWAJIHX,SWAJIHX,Hampton by Hilton Shantou Chaonan,Hampton by Hilton,MAINLAND_CN,CN,Shantou,true,hilton_official_hotel_summary_extract_leadRate.lowest,CNY,395,¥395,58.23,LHHH1P,Honors Discount,Change or cancel by 6pm local hotel time day of arrival. Free breakfast. Hilton Honors Membership Required.,15000,https://www.hilton.com/en/hotels/swajihx-hampton-shantou-chaonan/
Hilton,HILTON-SWATSHX,SWATSHX,Hampton by Hilton Shantou Chaoyang,Hampton by Hilton,MAINLAND_CN,CN,Shantou,true,hilton_official_hotel_summary_extract_leadRate.lowest,CNY,385,¥385,56.8,LHHH1P,Honors Discount,Change or cancel by 6pm local hotel time day of arrival. Free breakfast. Hilton Honors Membership Required.,15000,https://www.hilton.com/en/hotels/swatshx-hampton-suites-shantou-chaoyang/
Hilton,HILTON-SWAGSHX,SWAGSHX,Hampton by Hilton Shantou Railway Station,Hampton by Hilton,MAINLAND_CN,CN,Shantou,true,hilton_official_hotel_summary_extract_leadRate.lowest,CNY,460,¥460,67.75,LHHH1P,Honors Discount,Change or cancel by 6pm local hotel time day of arrival. Free breakfast. Hilton Honors Membership Required.,17000,https://www.hilton.com/en/hotels/swagshx-hampton-shantou-railway-station/
Hilton,HILTON-SWADIDI,SWADIDI,DoubleTree by Hilton Shanwei,DoubleTree by Hilton,MAINLAND_CN,CN,Shanwei,true,hilton_official_hotel_summary_extract_leadRate.lowest,CNY,532,¥532,78.44,HPPAP4,Honors Discount Advance Purchase,Pre-payment required and non-refundable. Hilton Honors Membership Required.,24000,https://www.hilton.com/en/hotels/swadidi-doubletree-shanwei/
Hilton,HILTON-SWAHBGI,SWAHBGI,Hilton Garden Inn Shanwei Haibin Boulevard,Hilton Garden Inn,MAINLAND_CN,CN,Shanwei,true,hilton_official_hotel_summary_extract_leadRate.lowest,CNY,368,¥368,54.26,HPPAP4,Honors Discount Advance Purchase,Pre-payment required and non-refundable. Hilton Honors Membership Required.,15000,https://www.hilton.com/en/hotels/swahbgi-hilton-garden-inn-shanwei-haibin-boulevard/
Hilton,HILTON-HUZSLGI,HUZSLGI,Hilton Garden Inn Shanwei Luhe,Hilton Garden Inn,MAINLAND_CN,CN,"Shanwei, Guangdong Province",true,hilton_official_hotel_summary_extract_leadRate.lowest,CNY,322,¥322,47.54,HPPAP4,Honors Discount Advance Purchase,Pre-payment required and non-refundable. Hilton Honors Membership Required.,14000,https://www.hilton.com/en/hotels/huzslgi-hilton-garden-inn-shanwei-luhe/
Hilton,HILTON-CANSHHX,CANSHHX,Hampton by Hilton Shaoguan,Hampton by Hilton,MAINLAND_CN,CN,Shaoguan,true,hilton_official_hotel_summary_extract_leadRate.lowest,CNY,357,¥357,52.68,LHHH1P,Honors Discount,Change or cancel by 6pm local hotel time day of arrival. Free breakfast. Hilton Honors Membership Required.,14000,https://www.hilton.com/en/hotels/canshhx-hampton-shaoguan/
Hilton,HILTON-CANSGGI,CANSGGI,Hilton Garden Inn Shaoguan Furong New Town,Hilton Garden Inn,MAINLAND_CN,CN,Shaoguan,true,hilton_official_hotel_summary_extract_leadRate.lowest,CNY,299,¥299,44.14,HPPRP1,Honors Discount,Change or cancel by 6pm local hotel time day of arrival. Hilton Honors Membership Required.,12000,https://www.hilton.com/en/hotels/cansggi-hilton-garden-inn-shaoguan-furong-new-town/
Hilton,HILTON-CANSWHT,CANSWHT,Home2 Suites by Hilton Shaoguan Wengyuan,Home2 Suites by Hilton,MAINLAND_CN,CN,Shaoguan,true,hilton_official_hotel_summary_extract_leadRate.lowest,CNY,303,¥303,44.71,SHTH4A,Honors Discount Advance Purchase,Free breakfast. No cancellations. Pay now. Hilton Honors Membership Required.,13000,https://www.hilton.com/en/hotels/canswht-home2-suites-shaoguan-wengyuan/
Hilton,HILTON-RNXWSHX,RNXWSHX,Hampton by Hilton Shaoxing Ying'enmen,Hampton by Hilton,MAINLAND_CN,CN,Shaoxing,true,hilton_official_hotel_summary_extract_leadRate.lowest,CNY,348,¥348,51.25,LHHH1P,Honors Discount,Change or cancel by 6pm local hotel time day of arrival. Free breakfast. Hilton Honors Membership Required.,13000,https://www.hilton.com/en/hotels/rnxwshx-hampton-shaoxing-yingenmen/
Hilton,HILTON-JXSTYHX,JXSTYHX,Hampton by Hilton Shengzhou,Hampton by Hilton,MAINLAND_CN,CN,Shaoxing,true,hilton_official_hotel_summary_extract_leadRate.lowest,CNY,426,¥426,62.83,LHHH1P,Honors Discount,Change or cancel by 6pm local hotel time day of arrival. Free breakfast. Hilton Honors Membership Required.,16000,https://www.hilton.com/en/hotels/jxstyhx-hampton-shengzhou/
Hilton,HILTON-HGHKQGI,HGHKQGI,Hilton Garden Inn Shaoxing Keqiao China Textile City Station,Hilton Garden Inn,MAINLAND_CN,CN,Shaoxing,false,hilton_extract_no_lowest_rate,CNY,,,,,,,,https://www.hilton.com/en/hotels/hghkqgi-hilton-garden-inn-shaoxing-keqiao-china-textile-city-station/
Hilton,HILTON-HGHYCGI,HGHYCGI,Hilton Garden Inn Shaoxing Lu Xun Native Place,Hilton Garden Inn,MAINLAND_CN,CN,Shaoxing,true,hilton_official_hotel_summary_extract_leadRate.lowest,CNY,356,¥356,52.43,HPPAP4,Honors Discount Advance Purchase,Pre-payment required and non-refundable. Hilton Honors Membership Required.,,https://www.hilton.com/en/hotels/hghycgi-hilton-garden-inn-shaoxing-lu-xun-native-place/
Hilton,HILTON-HGHYSGI,HGHYSGI,Hilton Garden Inn Shaoxing Yuecheng South,Hilton Garden Inn,MAINLAND_CN,CN,Shaoxing,true,hilton_official_hotel_summary_extract_leadRate.lowest,CNY,274,¥274,40.33,HPPRP1,Honors Discount,Change or cancel up to 1 day before arrival. Hilton Honors Membership Required.,11000,https://www.hilton.com/en/hotels/hghysgi-hilton-garden-inn-shaoxing-yuecheng-south/
Hilton,HILTON-HGHSXHI,HGHSXHI,Hilton Shaoxing Hotel and Residences,Hilton Hotels & Resorts,MAINLAND_CN,CN,Shaoxing,true,hilton_official_hotel_summary_extract_leadRate.lowest,CNY,462,¥462,68.11,HPPAP4,Honors Discount Advance Purchase,Pre-payment required and non-refundable. Hilton Honors Membership Required.,21000,https://www.hilton.com/en/hotels/hghsxhi-hilton-shaoxing-hotel-and-residences/
Hilton,HILTON-HGHPHLX,HGHPHLX,"POKKEI Hotel Shaoxing, an SLH Hotel",Small Luxury Hotels of the World,MAINLAND_CN,CN,Shaoxing City,true,hilton_official_hotel_summary_extract_leadRate.lowest,CNY,1717,"¥1,717",252.86,HPPRP1,Honors Discount Breakfast Included,Includes breakfast. Hilton Honors Membership Required.,50000,https://www.hilton.com/en/hotels/hghphlx-pokkei-hotel-shaoxing/
Hilton,HILTON-HGHZHHI,HGHZHHI,Hilton Zhuji,Hilton Hotels & Resorts,MAINLAND_CN,CN,"Shaoxing, Zhejiang Province",true,hilton_official_hotel_summary_extract_leadRate.lowest,CNY,530,¥530,78.07,HPPRP1,Honors Discount,Change or cancel up to 1 day before arrival. Hilton Honors Membership Required.,21000,https://www.hilton.com/en/hotels/hghzhhi-hilton-zhuji/
Hilton,HILTON-SYGYAHX,SYGYAHX,Hampton by Hilton Shaoyang Railway Station,Hampton by Hilton,MAINLAND_CN,CN,Shaoyang,false,hilton_extract_no_lowest_rate,CNY,,,,,,,,https://www.hilton.com/en/hotels/sygyahx-hampton-shaoyang-railway-station/
Hilton,HILTON-SHEYACI,SHEYACI,Conrad Shenyang,Conrad Hotels & Resorts,MAINLAND_CN,CN,Shenyang,true,hilton_official_hotel_summary_extract_leadRate.lowest,CNY,932,¥932,137.28,HPPAP4,Honors Discount Advance Purchase,Pre-payment required and non-refundable. Hilton Honors Membership Required.,42000,https://www.hilton.com/en/hotels/sheyaci-conrad-shenyang/
Hilton,HILTON-SHEDTDI,SHEDTDI,DoubleTree by Hilton Hotel Shenyang,DoubleTree by Hilton,MAINLAND_CN,CN,Shenyang,true,hilton_official_hotel_summary_extract_leadRate.lowest,CNY,414,¥414,61.03,HPPRP1,Honors Discount,Change or cancel by 6pm local hotel time day of arrival. Hilton Honors Membership Required.,16000,https://www.hilton.com/en/hotels/shedtdi-doubletree-shenyang/
Hilton,HILTON-SHEERHX,SHEERHX,Hampton by Hilton Shenyang North Railway Station,Hampton by Hilton,MAINLAND_CN,CN,Shenyang,true,hilton_official_hotel_summary_extract_leadRate.lowest,CNY,458,¥458,67.43,LHHH1P,Honors Discount,Change or cancel by 6pm local hotel time day of arrival. Free breakfast. Hilton Honors Membership Required.,17000,https://www.hilton.com/en/hotels/sheerhx-hampton-shenyang-north-railway-station/
Hilton,HILTON-SHELFHX,SHELFHX,Hampton by Hilton Shenyang Olympic Sports Center,Hampton by Hilton,MAINLAND_CN,CN,Shenyang,true,hilton_official_hotel_summary_extract_leadRate.lowest,CNY,415,¥415,61.09,LHHH1P,Honors Discount,Change or cancel by 6pm local hotel time day of arrival. Free breakfast. Hilton Honors Membership Required.,16000,https://www.hilton.com/en/hotels/shelfhx-hampton-shenyang-olympic-sports-center/
Hilton,HILTON-SHELIHX,SHELIHX,Hampton By Hilton Shenyang Railway Station,Hampton by Hilton,MAINLAND_CN,CN,Shenyang,true,hilton_official_hotel_summary_extract_leadRate.lowest,CNY,444,¥444,65.37,LHHH1P,Honors Discount,Change or cancel by 6pm local hotel time day of arrival. Free breakfast. Hilton Honors Membership Required.,17000,https://www.hilton.com/en/hotels/shelihx-hampton-shenyang-railway-station/
Hilton,HILTON-SHESHHX,SHESHHX,Hampton by Hilton Shenyang Shenbei University Park,Hampton by Hilton,MAINLAND_CN,CN,Shenyang,true,hilton_official_hotel_summary_extract_leadRate.lowest,CNY,412,¥412,60.77,LHHH1P,Honors Discount,Change or cancel by 6pm local hotel time day of arrival. Free breakfast. Hilton Honors Membership Required.,16000,https://www.hilton.com/en/hotels/sheshhx-hampton-shenyang-shenbei-university-park/
Hilton,HILTON-SHEEPHX,SHEEPHX,Hampton by Hilton Shenyang Tawan,Hampton by Hilton,MAINLAND_CN,CN,Shenyang,true,hilton_official_hotel_summary_extract_leadRate.lowest,CNY,462,¥462,68.07,LHHH1P,Honors Discount,Change or cancel by 6pm local hotel time day of arrival. Free breakfast. Hilton Honors Membership Required.,17000,https://www.hilton.com/en/hotels/sheephx-hampton-shenyang-tawan/
Hilton,HILTON-SHEHXHX,SHEHXHX,Hampton by Hilton Shenyang Tiexi Fortune Plaza,Hampton by Hilton,MAINLAND_CN,CN,Shenyang,true,hilton_official_hotel_summary_extract_leadRate.lowest,CNY,409,¥409,60.29,LHHH1P,Honors Discount,Change or cancel up to 1 day before arrival. Free breakfast. Hilton Honors Membership Required.,16000,https://www.hilton.com/en/hotels/shehxhx-hampton-shenyang-tiexi-fortune-plaza/
Hilton,HILTON-SHETAHX,SHETAHX,Hampton by Hilton Shenyang Youth Park,Hampton by Hilton,MAINLAND_CN,CN,Shenyang,true,hilton_official_hotel_summary_extract_leadRate.lowest,CNY,455,¥455,67.12,LHHH1P,Honors Discount,Change or cancel by 6pm local hotel time day of arrival. Free breakfast. Hilton Honors Membership Required.,17000,https://www.hilton.com/en/hotels/shetahx-hampton-shenyang-youth-park/
Hilton,HILTON-SHESYHT,SHESYHT,Home2 Suites by Hilton Shenyang Yuhong,Home2 Suites by Hilton,MAINLAND_CN,CN,Shenyang,true,hilton_official_hotel_summary_extract_leadRate.lowest,CNY,328,¥328,48.39,SHTH4A,Honors Discount Advance Purchase,Free breakfast. No cancellations. Pay now. Hilton Honors Membership Required.,14000,https://www.hilton.com/en/hotels/shesyht-home2-suites-shenyang-yuhong/
Hilton,HILTON-SHECHHT,SHECHHT,Home2 Suites by Hilton Shenyang Zhongjie Imperial Palace,Home2 Suites by Hilton,MAINLAND_CN,CN,Shenyang,false,hilton_extract_no_lowest_rate,CNY,,,,,,,,https://www.hilton.com/en/hotels/shechht-home2-suites-shenyang-zhongjie-imperial-palace/
Hilton,HILTON-SHEQNHI,SHEQNHI,Hilton Shenyang,Hilton Hotels & Resorts,MAINLAND_CN,CN,"Shenyang, Liaoning",true,hilton_official_hotel_summary_extract_leadRate.lowest,CNY,548,¥548,80.66,HPPRP1,Honors Discount,Change or cancel up to 1 day before arrival. Hilton Honors Membership Required.,21000,https://www.hilton.com/en/hotels/sheqnhi-hilton-shenyang/
Hilton,HILTON-SZXCICI,SZXCICI,Conrad Shenzhen,Conrad Hotels & Resorts,MAINLAND_CN,CN,Shenzhen,true,hilton_official_hotel_summary_extract_leadRate.lowest,CNY,1968,"¥1,968",289.77,HPPRP1,Honors Discount,Change or cancel up to 1 day before arrival. Hilton Honors Membership Required.,70000,https://www.hilton.com/en/hotels/szxcici-conrad-shenzhen/
Hilton,HILTON-SZXAPDI,SZXAPDI,DoubleTree by Hilton Shenzhen Airport,DoubleTree by Hilton,MAINLAND_CN,CN,Shenzhen,true,hilton_official_hotel_summary_extract_leadRate.lowest,CNY,532,¥532,78.44,HPPAP4,Honors Discount Advance Purchase,Pre-payment required and non-refundable. Hilton Honors Membership Required.,24000,https://www.hilton.com/en/hotels/szxapdi-doubletree-shenzhen-airport/
Hilton,HILTON-SZXSADI,SZXSADI,DoubleTree by Hilton Shenzhen Airport Residences,DoubleTree by Hilton,MAINLAND_CN,CN,Shenzhen,true,hilton_official_hotel_summary_extract_leadRate.lowest,CNY,444,¥444,65.48,HPPAP4,Honors Discount Advance Purchase,Pre-payment required and non-refundable. Hilton Honors Membership Required.,19000,https://www.hilton.com/en/hotels/szxsadi-doubletree-shenzhen-airport-residences/
Hilton,HILTON-SZXPODI,SZXPODI,DoubleTree by Hilton Shenzhen Bay,DoubleTree by Hilton,MAINLAND_CN,CN,Shenzhen,true,hilton_official_hotel_summary_extract_leadRate.lowest,CNY,627,¥627,92.29,HPPRP1,Honors Discount,Change or cancel up to 1 day before arrival. Hilton Honors Membership Required.,24000,https://www.hilton.com/en/hotels/szxpodi-doubletree-shenzhen-bay/
Hilton,HILTON-SZXDJDI,SZXDJDI,DoubleTree by Hilton Shenzhen Longhua,DoubleTree by Hilton,MAINLAND_CN,CN,Shenzhen,true,hilton_official_hotel_summary_extract_leadRate.lowest,CNY,684,¥684,100.74,HPPRP1,Honors Discount,Change or cancel by 4pm local hotel time day of arrival. Hilton Honors Membership Required.,24000,https://www.hilton.com/en/hotels/szxdjdi-doubletree-shenzhen-longhua/
Hilton,HILTON-SZXSDDI,SZXSDDI,DoubleTree by Hilton Shenzhen Nanshan Hotel & Residences,DoubleTree by Hilton,MAINLAND_CN,CN,Shenzhen,true,hilton_official_hotel_summary_extract_leadRate.lowest,CNY,543,¥543,80.01,HPPAP4,Honors Discount Advance Purchase,Pre-payment required and non-refundable. Hilton Honors Membership Required.,25000,https://www.hilton.com/en/hotels/szxsddi-doubletree-shenzhen-nanshan-hotel-and-residences/
Hilton,HILTON-SZXFHHX,SZXFHHX,Hampton Apartments by Hilton Shenzhen Futian Mangrove Park,Hampton by Hilton,MAINLAND_CN,CN,Shenzhen,true,hilton_official_hotel_summary_extract_leadRate.lowest,CNY,650,¥650,95.67,LHHH1P,Honors Discount,Change or cancel by 6pm local hotel time day of arrival. Free breakfast. Hilton Honors Membership Required.,24000,https://www.hilton.com/en/hotels/szxfhhx-hampton-shenzhen-futian-mangrove-park-apartment/
Hilton,HILTON-SZXBNHX,SZXBNHX,Hampton by Hilton Shenzhen Bantian,Hampton by Hilton,MAINLAND_CN,CN,Shenzhen,true,hilton_official_hotel_summary_extract_leadRate.lowest,CNY,438,¥438,64.58,LHHH1P,Honors Discount,Change or cancel by 6pm local hotel time day of arrival. Free breakfast. Hilton Honors Membership Required.,17000,https://www.hilton.com/en/hotels/szxbnhx-hampton-shenzhen-bantian/
Hilton,HILTON-SZXBDHX,SZXBDHX,Hampton by Hilton Shenzhen Bao'an Airport,Hampton by Hilton,MAINLAND_CN,CN,Shenzhen,true,hilton_official_hotel_summary_extract_leadRate.lowest,CNY,455,¥455,67.12,LHHH1P,Honors Discount,Change or cancel by 6pm local hotel time day of arrival. Free breakfast. Hilton Honors Membership Required.,17000,https://www.hilton.com/en/hotels/szxbdhx-hampton-shenzhen-baoan-airport/
Hilton,HILTON-SZXSZHX,SZXSZHX,Hampton by Hilton Shenzhen Bao'an Stadium,Hampton by Hilton,MAINLAND_CN,CN,Shenzhen,true,hilton_official_hotel_summary_extract_leadRate.lowest,CNY,586,¥586,86.31,LHHH1P,Honors Discount,Change or cancel by 6pm local hotel time day of arrival. Free breakfast. Hilton Honors Membership Required.,22000,https://www.hilton.com/en/hotels/szxszhx-hampton-shenzhen-baoan-stadium/
Hilton,HILTON-SZXSCHX,SZXSCHX,Hampton by Hilton Shenzhen Bao’an Xin’an,Hampton by Hilton,MAINLAND_CN,CN,Shenzhen,true,hilton_official_hotel_summary_extract_leadRate.lowest,CNY,532,¥532,78.38,LHHH1P,Honors Discount,Change or cancel by 6pm local hotel time day of arrival. Free breakfast. Hilton Honors Membership Required.,20000,https://www.hilton.com/en/hotels/szxschx-hampton-shenzhen-baoan-xinan/
Hilton,HILTON-SZXYAHX,SZXYAHX,Hampton by Hilton Shenzhen Dameisha,Hampton by Hilton,MAINLAND_CN,CN,Shenzhen,true,hilton_official_hotel_summary_extract_leadRate.lowest,CNY,507,¥507,74.73,LHHH1P,Honors Discount,Change or cancel by 6pm local hotel time day of arrival. Free breakfast. Hilton Honors Membership Required.,19000,https://www.hilton.com/en/hotels/szxyahx-hampton-shenzhen-dameisha/
Hilton,HILTON-SZXXXHX,SZXXXHX,Hampton by Hilton Shenzhen Dongmen,Hampton by Hilton,MAINLAND_CN,CN,Shenzhen,true,hilton_official_hotel_summary_extract_leadRate.lowest,CNY,589,¥589,86.79,LHHH1P,Honors Discount,Change or cancel by 6pm local hotel time day of arrival. Free breakfast. Hilton Honors Membership Required.,22000,https://www.hilton.com/en/hotels/szxxxhx-hampton-shenzhen-dongmen/
Hilton,HILTON-SZXEWHX,SZXEWHX,Hampton by Hilton Shenzhen Futian Huaqiangbei,Hampton by Hilton,MAINLAND_CN,CN,Shenzhen,true,hilton_official_hotel_summary_extract_leadRate.lowest,CNY,743,¥743,109.48,LHHH1P,Honors Discount,Change or cancel by 6pm local hotel time day of arrival. Free breakfast. Hilton Honors Membership Required.,28000,https://www.hilton.com/en/hotels/szxewhx-hampton-shenzhen-futian-huaqiangbei/
Hilton,HILTON-SZXADHX,SZXADHX,Hampton by Hilton Shenzhen Futian Port,Hampton by Hilton,MAINLAND_CN,CN,Shenzhen,true,hilton_official_hotel_summary_extract_leadRate.lowest,CNY,723,¥723,106.47,LHHH1P,Honors Discount,Change or cancel by 6pm local hotel time day of arrival. Free breakfast. Hilton Honors Membership Required.,27000,https://www.hilton.com/en/hotels/szxadhx-hampton-shenzhen-futian-port/
Hilton,HILTON-SZXHXHX,SZXHXHX,Hampton by Hilton Shenzhen Guangming,Hampton by Hilton,MAINLAND_CN,CN,Shenzhen,true,hilton_official_hotel_summary_extract_leadRate.lowest,CNY,460,¥460,67.75,LHHH1P,Honors Discount,Change or cancel by 6pm local hotel time day of arrival. Free breakfast. Hilton Honors Membership Required.,17000,https://www.hilton.com/en/hotels/szxhxhx-hampton-shenzhen-guangming/
Hilton,HILTON-SZXLYHX,SZXLYHX,Hampton by Hilton Shenzhen Longgang Yonghu,Hampton by Hilton,MAINLAND_CN,CN,Shenzhen,true,hilton_official_hotel_summary_extract_leadRate.lowest,CNY,628,¥628,92.5,LHHH1P,Honors Discount,Change or cancel by 6pm local hotel time day of arrival. Free breakfast. Hilton Honors Membership Required.,24000,https://www.hilton.com/en/hotels/szxlyhx-hampton-shenzhen-longgang-yonghu/
Hilton,HILTON-SZXHRHX,SZXHRHX,Hampton by Hilton Shenzhen Longhua Dalang Commercial Center,Hampton by Hilton,MAINLAND_CN,CN,Shenzhen,true,hilton_official_hotel_summary_extract_leadRate.lowest,CNY,509,¥509,75.01,LHHH1P,Honors Discount,Change or cancel by 6pm local hotel time day of arrival. Free breakfast. Hilton Honors Membership Required.,18000,https://www.hilton.com/en/hotels/szxhrhx-hampton-shenzhen-longhua-dalang-commercial-center/
Hilton,HILTON-SZXTHHX,SZXTHHX,Hampton by Hilton Shenzhen Longhua Qinghu,Hampton by Hilton,MAINLAND_CN,CN,Shenzhen,true,hilton_official_hotel_summary_extract_leadRate.lowest,CNY,432,¥432,63.63,LHHH1P,Honors Discount,Change or cancel by 6pm local hotel time day of arrival. Free breakfast. Hilton Honors Membership Required.,16000,https://www.hilton.com/en/hotels/szxthhx-hampton-shenzhen-longhua-qinghu/
Hilton,HILTON-SZXHCHX,SZXHCHX,Hampton by Hilton Shenzhen Nanshan Qianhai,Hampton by Hilton,MAINLAND_CN,CN,Shenzhen,false,hilton_extract_no_lowest_rate,CNY,,,,,,,,https://www.hilton.com/en/hotels/szxhchx-hampton-shenzhen-nanshan-qianhai/
Hilton,HILTON-SZXNSHX,SZXNSHX,Hampton by Hilton Shenzhen Nanshan Science & Technology Park,Hampton by Hilton,MAINLAND_CN,CN,Shenzhen,true,hilton_official_hotel_summary_extract_leadRate.lowest,CNY,686,¥686,101.07,LHHH1P,Honors Discount,Change or cancel by 6pm local hotel time day of arrival. Free breakfast. Hilton Honors Membership Required.,26000,https://www.hilton.com/en/hotels/szxnshx-hampton-shenzhen-nanshan-science-and-technology-park/
Hilton,HILTON-SZXBBHX,SZXBBHX,Hampton by Hilton Shenzhen North Station,Hampton by Hilton,MAINLAND_CN,CN,Shenzhen,true,hilton_official_hotel_summary_extract_leadRate.lowest,CNY,761,¥761,112.01,LHHH1P,Honors Discount,Change or cancel by 6pm local hotel time day of arrival. Free breakfast. Hilton Honors Membership Required.,27000,https://www.hilton.com/en/hotels/szxbbhx-hampton-shenzhen-north-station/
Hilton,HILTON-SZXPGHX,SZXPGHX,Hampton by Hilton Shenzhen Pingshan Station,Hampton by Hilton,MAINLAND_CN,CN,Shenzhen,true,hilton_official_hotel_summary_extract_leadRate.lowest,CNY,543,¥543,79.97,LHHH1P,Honors Discount,Change or cancel by 6pm local hotel time day of arrival. Free breakfast. Hilton Honors Membership Required.,20000,https://www.hilton.com/en/hotels/szxpghx-hampton-shenzhen-pingshan-station/
Hilton,HILTON-SZXHEHX,SZXHEHX,Hampton by Hilton Shenzhen Yuanshan,Hampton by Hilton,MAINLAND_CN,CN,Shenzhen,true,hilton_official_hotel_summary_extract_leadRate.lowest,CNY,425,¥425,62.67,LHHH1P,Honors Discount,Change or cancel by 6pm local hotel time day of arrival. Free breakfast. Hilton Honors Membership Required.,16000,https://www.hilton.com/en/hotels/szxhehx-hampton-shenzhen-yuanshan/
Hilton,HILTON-SZXHDGI,SZXHDGI,Hilton Garden Inn Shenzhen Airport,Hilton Garden Inn,MAINLAND_CN,CN,Shenzhen,true,hilton_official_hotel_summary_extract_leadRate.lowest,CNY,390,¥390,57.53,HPPRP1,Honors Discount,Change or cancel by 6pm local hotel time day of arrival. Hilton Honors Membership Required.,15000,https://www.hilton.com/en/hotels/szxhdgi-hilton-garden-inn-shenzhen-airport/
Hilton,HILTON-SZXSBGI,SZXSBGI,Hilton Garden Inn Shenzhen Bao'an,Hilton Garden Inn,MAINLAND_CN,CN,Shenzhen,true,hilton_official_hotel_summary_extract_leadRate.lowest,CNY,352,¥352,51.95,HPPRP1,Honors Discount,Change or cancel by 6pm local hotel time day of arrival. Hilton Honors Membership Required.,14000,https://www.hilton.com/en/hotels/szxsbgi-hilton-garden-inn-shenzhen-baoan/
Hilton,HILTON-SZXDMGI,SZXDMGI,Hilton Garden Inn Shenzhen Dameisha,Hilton Garden Inn,MAINLAND_CN,CN,Shenzhen,false,hilton_extract_no_lowest_rate,CNY,,,,,,,,https://www.hilton.com/en/hotels/szxdmgi-hilton-garden-inn-shenzhen-dameisha/
Hilton,HILTON-SZXSHGI,SZXSHGI,Hilton Garden Inn Shenzhen Guangming,Hilton Garden Inn,MAINLAND_CN,CN,Shenzhen,true,hilton_official_hotel_summary_extract_leadRate.lowest,CNY,444,¥444,65.44,HPPRP1,Honors Discount,Change or cancel up to 1 day before arrival. Hilton Honors Membership Required.,18000,https://www.hilton.com/en/hotels/szxshgi-hilton-garden-inn-shenzhen-guangming/
Hilton,HILTON-SZXGMGI,SZXGMGI,Hilton Garden Inn Shenzhen Guangming Hongqiao Park,Hilton Garden Inn,MAINLAND_CN,CN,Shenzhen,true,hilton_official_hotel_summary_extract_leadRate.lowest,CNY,402,¥402,59.21,HPPRP1,Honors Discount,Change or cancel by 6pm local hotel time day of arrival. Hilton Honors Membership Required.,15000,https://www.hilton.com/en/hotels/szxgmgi-hilton-garden-inn-shenzhen-guangming-hongqiao-park/
Hilton,HILTON-SZXEEGI,SZXEEGI,Hilton Garden Inn Shenzhen Nanshan Avenue,Hilton Garden Inn,MAINLAND_CN,CN,Shenzhen,true,hilton_official_hotel_summary_extract_leadRate.lowest,CNY,496,¥496,73.05,HPPRP1,Honors Discount,Change or cancel by 4pm local hotel time day of arrival. Hilton Honors Membership Required.,20000,https://www.hilton.com/en/hotels/szxeegi-hilton-garden-inn-shenzhen-nanshan-avenue/
Hilton,HILTON-SZXPSGI,SZXPSGI,Hilton Garden Inn Shenzhen Pingshan Chaoshang Plaza,Hilton Garden Inn,MAINLAND_CN,CN,Shenzhen,true,hilton_official_hotel_summary_extract_leadRate.lowest,CNY,415,¥415,61.18,HPPRP1,Honors Discount,Change or cancel by 6pm local hotel time day of arrival. Hilton Honors Membership Required.,16000,https://www.hilton.com/en/hotels/szxpsgi-hilton-garden-inn-shenzhen-pingshan-chaoshang-plaza/
Hilton,HILTON-SZXIEGI,SZXIEGI,Hilton Garden Inn Shenzhen World Exhibition & Convention Center,Hilton Garden Inn,MAINLAND_CN,CN,Shenzhen,true,hilton_official_hotel_summary_extract_leadRate.lowest,CNY,330,¥330,48.71,HPPRP1,Honors Discount,至少在到达日 1 天之前变更或取消。 Hilton Honors Membership Required.,13000,https://www.hilton.com/en/hotels/szxiegi-hilton-garden-inn-shenzhen-world-exhibition-and-convention-center/
Hilton,HILTON-SZXSFHI,SZXSFHI,Hilton Shenzhen Futian,Hilton Hotels & Resorts,MAINLAND_CN,CN,Shenzhen,true,hilton_official_hotel_summary_extract_leadRate.lowest,CNY,790,¥790,116.3,HPPRP1,Honors Discount,Change or cancel up to 1 day before arrival. Hilton Honors Membership Required.,30000,https://www.hilton.com/en/hotels/szxsfhi-hilton-shenzhen-futian/
Hilton,HILTON-SZXSSHI,SZXSSHI,Hilton Shenzhen Shekou Nanhai,Hilton Hotels & Resorts,MAINLAND_CN,CN,Shenzhen,true,hilton_official_hotel_summary_extract_leadRate.lowest,CNY,790,¥790,116.36,HPPAP4,Honors Discount Advance Purchase,Pre-payment required and non-refundable. Hilton Honors Membership Required.,36000,https://www.hilton.com/en/hotels/szxsshi-hilton-shenzhen-shekou-nanhai/
Hilton,HILTON-SZXECHI,SZXECHI,Hilton Shenzhen World Exhibition & Convention Center,Hilton Hotels & Resorts,MAINLAND_CN,CN,Shenzhen,true,hilton_official_hotel_summary_extract_leadRate.lowest,CNY,535,¥535,78.8,HPPRP1,Honors Discount,至少在到达日 1 天之前变更或取消。 Hilton Honors Membership Required.,21000,https://www.hilton.com/en/hotels/szxechi-hilton-shenzhen-world-exhibition-and-convention-center/
Hilton,HILTON-SZXLDHT,SZXLDHT,Home2 Suites by Hilton Shenzhen Dalang,Home2 Suites by Hilton,MAINLAND_CN,CN,Shenzhen,true,hilton_official_hotel_summary_extract_leadRate.lowest,CNY,453,¥453,66.75,SHTH4A,Honors Discount Advance Purchase,Free breakfast. No cancellations. Pay now. Hilton Honors Membership Required.,18000,https://www.hilton.com/en/hotels/szxldht-home2-suites-shenzhen-dalang/
Hilton,HILTON-SZXEHHT,SZXEHHT,Home2 Suites by Hilton Shenzhen Nanshan Science & Technology Park,Home2 Suites by Hilton,MAINLAND_CN,CN,Shenzhen,true,hilton_official_hotel_summary_extract_leadRate.lowest,CNY,658,¥658,96.93,SHTH4A,Honors Discount Advance Purchase,Free breakfast. No cancellations. Pay now. Hilton Honors Membership Required.,28000,https://www.hilton.com/en/hotels/szxehht-home2-suites-shenzhen-nanshan-science-and-technology-park/
Hilton,HILTON-SZXBAHT,SZXBAHT,Home2 Suites by Hilton Shenzhen Qianhai Bao'an Center,Home2 Suites by Hilton,MAINLAND_CN,CN,Shenzhen,true,hilton_official_hotel_summary_extract_leadRate.lowest,CNY,444,¥444,65.38,SHTH4A,Honors Discount Advance Purchase,Free breakfast. No cancellations. Pay now. Hilton Honors Membership Required.,19000,https://www.hilton.com/en/hotels/szxbaht-home2-suites-shenzhen-qianhai-baoan-center/
Hilton,HILTON-SZXIPHT,SZXIPHT,Home2 Suites by Hilton Shenzhen Bao'an Airport,Home2 Suites by Hilton,MAINLAND_CN,CN,SHENZHEN,true,hilton_official_hotel_summary_extract_leadRate.lowest,CNY,419,¥419,61.7,SHTH4A,Honors Discount Advance Purchase,Free breakfast. No cancellations. Pay now. Hilton Honors Membership Required.,18000,https://www.hilton.com/en/hotels/szxipht-home2-suites-shenzhen-baoan-airport/
Hilton,HILTON-SZXLHGI,SZXLHGI,Hilton Garden Inn Shenzhen Luohu Port,Hilton Garden Inn,MAINLAND_CN,CN,"Shenzhen, Guangdong Province",true,hilton_official_hotel_summary_extract_leadRate.lowest,CNY,480,¥480,70.73,HPPAP4,Honors Discount Advance Purchase,Pre-payment required and non-refundable. Hilton Honors Membership Required.,21000,https://www.hilton.com/en/hotels/szxlhgi-hilton-garden-inn-shenzhen-luohu-port/
Hilton,HILTON-RKZRCHI,RKZRCHI,Hilton Shigatse,Hilton Hotels & Resorts,MAINLAND_CN,CN,Shigatse,true,hilton_official_hotel_summary_extract_leadRate.lowest,CNY,847,¥847,124.8,HPPRP1,Honors Discount,Change or cancel up to 1 day before arrival. Hilton Honors Membership Required.,33000,https://www.hilton.com/en/hotels/rkzrchi-hilton-shigatse/
Hilton,HILTON-SJWYUHX,SJWYUHX,Hampton by Hilton Shijiazhuang Luquan Economic Development Zone,Hampton by Hilton,MAINLAND_CN,CN,Shijiazhuang,true,hilton_official_hotel_summary_extract_leadRate.lowest,CNY,404,¥404,59.5,LHHH1P,Honors Discount,Change or cancel by 6pm local hotel time day of arrival. Free breakfast. Hilton Honors Membership Required.,15000,https://www.hilton.com/en/hotels/sjwyuhx-hampton-shijiazhuang-luquan-economic-development-zone/
Hilton,HILTON-SJWSCGI,SJWSCGI,Hilton Garden Inn Shijiazhuang High-Tech Zone,Hilton Garden Inn,MAINLAND_CN,CN,Shijiazhuang,false,hilton_extract_no_lowest_rate,CNY,,,,,,,,https://www.hilton.com/en/hotels/sjwscgi-hilton-garden-inn-shijiazhuang-high-tech-zone/
Hilton,HILTON-SJWZSHI,SJWZSHI,Hilton Shijiazhuang,Hilton Hotels & Resorts,MAINLAND_CN,CN,Shijiazhuang,true,hilton_official_hotel_summary_extract_leadRate.lowest,CNY,553,¥553,81.4,HPPRP1,Honors Discount,Change or cancel up to 1 day before arrival. Hilton Honors Membership Required.,21000,https://www.hilton.com/en/hotels/sjwzshi-hilton-shijiazhuang/
Hilton,HILTON-SJWSGHT,SJWSGHT,Home2 Suites by Hilton Shijiazhuang Railway Station,Home2 Suites by Hilton,MAINLAND_CN,CN,Shijiazhuang,true,hilton_official_hotel_summary_extract_leadRate.lowest,CNY,361,¥361,53.2,SHTH4A,Honors Discount Advance Purchase,Free breakfast. No cancellations. Pay now. Hilton Honors Membership Required.,15000,https://www.hilton.com/en/hotels/sjwsght-home2-suites-shijiazhuang-railway-station/
Hilton,HILTON-XFNSHDI,XFNSHDI,DoubleTree by Hilton Hotel Shiyan,DoubleTree by Hilton,MAINLAND_CN,CN,Shiyan,true,hilton_official_hotel_summary_extract_leadRate.lowest,CNY,366,¥366,53.95,HPPRP1,Honors Discount,Change or cancel by 6pm local hotel time day of arrival. Hilton Honors Membership Required.,14000,https://www.hilton.com/en/hotels/xfnshdi-doubletree-shiyan/
Hilton,HILTON-XFNNNHX,XFNNNHX,Hampton by Hilton Shiyan Yunyang,Hampton by Hilton,MAINLAND_CN,CN,Shiyan,true,hilton_official_hotel_summary_extract_leadRate.lowest,CNY,338,¥338,49.82,LHHH1P,Honors Discount,Change or cancel by 6pm local hotel time day of arrival. Free breakfast. Hilton Honors Membership Required.,13000,https://www.hilton.com/en/hotels/xfnnnhx-hampton-shiyan-yunyang/
Hilton,HILTON-XFNKAGI,XFNKAGI,Hilton Garden Inn Shiyan,Hilton Garden Inn,MAINLAND_CN,CN,Shiyan,true,hilton_official_hotel_summary_extract_leadRate.lowest,CNY,241,¥241,35.56,HPPAP4,Honors Discount Advance Purchase,Pre-payment required and non-refundable. Hilton Honors Membership Required.,11000,https://www.hilton.com/en/hotels/xfnkagi-hilton-garden-inn-shiyan/
Hilton,HILTON-DATSZHX,DATSZHX,Hampton by Hilton Shuozhou,Hampton by Hilton,MAINLAND_CN,CN,Shuozhou,false,hilton_extract_no_lowest_rate,CNY,,,,,,,,https://www.hilton.com/en/hotels/datszhx-hampton-shuozhou/
Hilton,HILTON-YSQNJGI,YSQNJGI,Hilton Garden Inn Songyuan Ningjiang,Hilton Garden Inn,MAINLAND_CN,CN,Songyuan,true,hilton_official_hotel_summary_extract_leadRate.lowest,CNY,266,¥266,39.22,HPPAP4,Honors Discount Advance Purchase,Pre-payment required and non-refundable. Hilton Honors Membership Required.,11000,https://www.hilton.com/en/hotels/ysqnjgi-hilton-garden-inn-songyuan-ningjiang/
Hilton,HILTON-XUZMTHX,XUZMTHX,Hampton by Hilton Suqian Siyang,Hampton by Hilton,MAINLAND_CN,CN,Suqian,true,hilton_official_hotel_summary_extract_leadRate.lowest,CNY,336,¥336,49.5,LHHH1P,Honors Discount,Change or cancel by 6pm local hotel time day of arrival. Free breakfast. Hilton Honors Membership Required.,13000,https://www.hilton.com/en/hotels/xuzmthx-hampton-suqian-siyang/
Hilton,HILTON-XUZSQHX,XUZSQHX,Hampton by Hilton Suqian Suning Plaza,Hampton by Hilton,MAINLAND_CN,CN,Suqian,true,hilton_official_hotel_summary_extract_leadRate.lowest,CNY,349,¥349,51.41,LHHH1P,Honors Discount,Change or cancel by 6pm local hotel time day of arrival. Free breakfast. Hilton Honors Membership Required.,13000,https://www.hilton.com/en/hotels/xuzsqhx-hampton-suqian-suning-plaza/
Hilton,HILTON-XUZSUHT,XUZSUHT,Home2 Suites by Hilton Suqian Siyang,Home2 Suites by Hilton,MAINLAND_CN,CN,Suqian,true,hilton_official_hotel_summary_extract_leadRate.lowest,CNY,303,¥303,44.71,SHTH4A,Honors Discount Advance Purchase,Free breakfast. No cancellations. Pay now. Hilton Honors Membership Required.,13000,https://www.hilton.com/en/hotels/xuzsuht-home2-suites-suqian-siyang/
Hilton,HILTON-SZVSCHX,SZVSCHX,Hampton by Hilton Suzhou Guanqian Street,Hampton by Hilton,MAINLAND_CN,CN,Suzhou,true,hilton_official_hotel_summary_extract_leadRate.lowest,CNY,482,¥482,71.08,LHHH1P,Honors Discount,Change or cancel by 6pm local hotel time day of arrival. Free breakfast. Hilton Honors Membership Required.,18000,https://www.hilton.com/en/hotels/szvschx-hampton-suzhou-guanqian-avenue/
Hilton,HILTON-SZVHOHX,SZVHOHX,Hampton by Hilton Suzhou Jinji Lake,Hampton by Hilton,MAINLAND_CN,CN,Suzhou,true,hilton_official_hotel_summary_extract_leadRate.lowest,CNY,377,¥377,55.53,LHHH1P,Honors Discount,Change or cancel by 6pm local hotel time day of arrival. Free breakfast. Hilton Honors Membership Required.,14000,https://www.hilton.com/en/hotels/szvhohx-hampton-suzhou-jinji-lake/
Hilton,HILTON-SZVOUHX,SZVOUHX,Hampton by Hilton Suzhou Stone Lake,Hampton by Hilton,MAINLAND_CN,CN,Suzhou,true,hilton_official_hotel_summary_extract_leadRate.lowest,CNY,403,¥403,59.34,LHHH1P,Honors Discount,Change or cancel by 6pm local hotel time day of arrival. Free breakfast. Hilton Honors Membership Required.,15000,https://www.hilton.com/en/hotels/szvouhx-hampton-suzhou-stone-lake/
Hilton,HILTON-WUXSUHX,WUXSUHX,Hampton by Hilton Suzhou Wujiang East Taihu,Hampton by Hilton,MAINLAND_CN,CN,Suzhou,true,hilton_official_hotel_summary_extract_leadRate.lowest,CNY,377,¥377,55.53,LHHH1P,Honors Discount,Change or cancel by 6pm local hotel time day of arrival. Free breakfast. Hilton Honors Membership Required.,14000,https://www.hilton.com/en/hotels/wuxsuhx-hampton-suzhou-east-taihu-tourist-area/
Hilton,HILTON-SZVWUHX,SZVWUHX,Hampton by Hilton Suzhou Wuzhong,Hampton by Hilton,MAINLAND_CN,CN,Suzhou,true,hilton_official_hotel_summary_extract_leadRate.lowest,CNY,408,¥408,60.13,LHHH1P,Honors Discount,Change or cancel by 6pm local hotel time day of arrival. Free breakfast. Hilton Honors Membership Required.,16000,https://www.hilton.com/en/hotels/szvwuhx-hampton-suzhou-wuzhong/
Hilton,HILTON-SZVXCHX,SZVXCHX,Hampton by Hilton Suzhou Xiangcheng,Hampton by Hilton,MAINLAND_CN,CN,Suzhou,true,hilton_official_hotel_summary_extract_leadRate.lowest,CNY,377,¥377,55.53,LHHH1P,Honors Discount,Change or cancel by 6pm local hotel time day of arrival. Free breakfast. Hilton Honors Membership Required.,14000,https://www.hilton.com/en/hotels/szvxchx-hampton-suzhou-xiangcheng/
Hilton,HILTON-SZVKSGI,SZVKSGI,Hilton Garden Inn Suzhou Kunshan,Hilton Garden Inn,MAINLAND_CN,CN,Suzhou,true,hilton_official_hotel_summary_extract_leadRate.lowest,CNY,344,¥344,50.68,HPPRP1,Honors Discount,Change or cancel up to 1 day before arrival. Hilton Honors Membership Required.,14000,https://www.hilton.com/en/hotels/szvksgi-hilton-garden-inn-suzhou-kunshan/
Hilton,HILTON-SZVSWGI,SZVSWGI,Hilton Garden Inn Suzhou Wuzhong,Hilton Garden Inn,MAINLAND_CN,CN,Suzhou,true,hilton_official_hotel_summary_extract_leadRate.lowest,CNY,377,¥377,55.53,HPPRP1,Honors Discount,Change or cancel up to 1 day before arrival. Hilton Honors Membership Required.,14000,https://www.hilton.com/en/hotels/szvswgi-hilton-garden-inn-suzhou-wuzhong/
Hilton,HILTON-SZVTVHI,SZVTVHI,Hilton Suzhou,Hilton Hotels & Resorts,MAINLAND_CN,CN,Suzhou,true,hilton_official_hotel_summary_extract_leadRate.lowest,CNY,600,¥600,88.45,HPPRP1,Honors Discount,Change or cancel up to 1 day before arrival. Hilton Honors Membership Required.,24000,https://www.hilton.com/en/hotels/szvtvhi-hilton-suzhou/
Hilton,HILTON-SZVNDHI,SZVNDHI,Hilton Suzhou New District,Hilton Hotels & Resorts,MAINLAND_CN,CN,Suzhou,true,hilton_official_hotel_summary_extract_leadRate.lowest,CNY,550,¥550,81.06,HPPAP4,Honors Discount Advance Purchase,Pre-payment required and non-refundable. Hilton Honors Membership Required.,25000,https://www.hilton.com/en/hotels/szvndhi-hilton-suzhou-new-district/
Hilton,HILTON-SZVDIHI,SZVDIHI,Hilton Suzhou Wuzhong,Hilton Hotels & Resorts,MAINLAND_CN,CN,Suzhou,true,hilton_official_hotel_summary_extract_leadRate.lowest,CNY,456,¥456,67.2,HPPAP4,Honors Discount Advance Purchase,Pre-payment required and non-refundable. Hilton Honors Membership Required.,21000,https://www.hilton.com/en/hotels/szvdihi-hilton-suzhou-wuzhong/
Hilton,HILTON-SZVSOHI,SZVSOHI,Hilton Suzhou Yinshan Lake,Hilton Hotels & Resorts,MAINLAND_CN,CN,Suzhou,true,hilton_official_hotel_summary_extract_leadRate.lowest,CNY,524,¥524,77.14,HPPAP4,Honors Discount Advance Purchase,Pre-payment required and non-refundable. Hilton Honors Membership Required.,22000,https://www.hilton.com/en/hotels/szvsohi-hilton-suzhou-yinshan-lake/
Hilton,HILTON-SHAHRLX,SHAHRLX,"The Hanyu Garden Reserve Suzhou, an SLH hotel",Small Luxury Hotels of the World,MAINLAND_CN,CN,Suzhou,true,hilton_official_hotel_summary_extract_leadRate.lowest,CNY,2947,"¥2,947",433.81,HPPRP1,Honors Discount Breakfast Included,Includes breakfast. Hilton Honors Membership Required.,105000,https://www.hilton.com/en/hotels/shahrlx-the-hanyu-garden-reserve-suzhou/
Hilton,HILTON-SZVASDI,SZVASDI,DoubleTree by Hilton Hotel Anhui - Suzhou,DoubleTree by Hilton,MAINLAND_CN,CN,Suzhou City,true,hilton_official_hotel_summary_extract_leadRate.lowest,CNY,312,¥312,46.02,HPPAP4,Honors Discount Advance Purchase,Pre-payment required and non-refundable. Hilton Honors Membership Required.,14000,https://www.hilton.com/en/hotels/szvasdi-doubletree-anhui-suzhou/
Hilton,HILTON-TNATIHT,TNATIHT,Home2 Suites by Hilton Tai’an Dongping Lake,Home2 Suites by Hilton,MAINLAND_CN,CN,Tai 'an,true,hilton_official_hotel_summary_extract_leadRate.lowest,CNY,320,¥320,47.12,SHTH4A,Honors Discount Advance Purchase,Free breakfast. No cancellations. Pay now. Hilton Honors Membership Required.,14000,https://www.hilton.com/en/hotels/tnatiht-home2-suites-taian-dongping-lake/
Hilton,HILTON-TNASHHX,TNASHHX,Hampton by Hilton Taian City Center,Hampton by Hilton,MAINLAND_CN,CN,Tai'an,true,hilton_official_hotel_summary_extract_leadRate.lowest,CNY,384,¥384,56.64,LHHH1P,Honors Discount,Change or cancel by 6pm local hotel time day of arrival. Free breakfast. Hilton Honors Membership Required.,15000,https://www.hilton.com/en/hotels/tnashhx-hampton-taian-city-center/
Hilton,HILTON-TNADAHX,TNADAHX,Hampton by Hilton Taian Taishan Tianwai Village,Hampton by Hilton,MAINLAND_CN,CN,Tai'an,true,hilton_official_hotel_summary_extract_leadRate.lowest,CNY,395,¥395,58.23,LHHH1P,Honors Discount,Change or cancel by 6pm local hotel time day of arrival. Free breakfast. Hilton Honors Membership Required.,15000,https://www.hilton.com/en/hotels/tnadahx-hampton-taian-taishan-tianwai-village/
Hilton,HILTON-TNAYQHT,TNAYQHT,Home2 Suites by Hilton Tai'an Taishan,Home2 Suites by Hilton,MAINLAND_CN,CN,Tai'an,true,hilton_official_hotel_summary_extract_leadRate.lowest,CNY,303,¥303,44.71,SHTH4A,Honors Discount Advance Purchase,Free breakfast. No cancellations. Pay now. Hilton Honors Membership Required.,13000,https://www.hilton.com/en/hotels/tnayqht-home2-suites-taian-taishan/
Hilton,HILTON-TNATNHX,TNATNHX,Hampton by Hilton Tai'an Mount Tai Scenic Area,Hampton by Hilton,MAINLAND_CN,CN,"Tai'an, Shandong",true,hilton_official_hotel_summary_extract_leadRate.lowest,CNY,349,¥349,51.41,LHHH1P,Honors Discount,Change or cancel by 6pm local hotel time day of arrival. Free breakfast. Hilton Honors Membership Required.,13000,https://www.hilton.com/en/hotels/tnatnhx-hampton-taian-mount-tai-scenic-area/
Hilton,HILTON-TYNAAHX,TYNAAHX,Hampton by Hilton Taiyuan Jianshe South Road,Hampton by Hilton,MAINLAND_CN,CN,Taiyuan,true,hilton_official_hotel_summary_extract_leadRate.lowest,CNY,367,¥367,54.11,LHHH1P,Honors Discount,Change or cancel by 6pm local hotel time day of arrival. Free breakfast. Hilton Honors Membership Required.,14000,https://www.hilton.com/en/hotels/tynaahx-hampton-taiyuan-jianshe-south-road/
Hilton,HILTON-TYNXDHX,TYNXDHX,Hampton by Hilton Taiyuan Jinyang,Hampton by Hilton,MAINLAND_CN,CN,Taiyuan,true,hilton_official_hotel_summary_extract_leadRate.lowest,CNY,358,¥358,52.84,LHHH1P,Honors Discount,Change or cancel by 6pm local hotel time day of arrival. Free breakfast. Hilton Honors Membership Required.,14000,https://www.hilton.com/en/hotels/tynxdhx-hampton-taiyuan-jinyang/
Hilton,HILTON-TYNSZHX,TYNSZHX,Hampton by Hilton Taiyuan South Railway Station Longcheng Street,Hampton by Hilton,MAINLAND_CN,CN,Taiyuan,true,hilton_official_hotel_summary_extract_leadRate.lowest,CNY,360,¥360,52.99,LHHH1P,Honors Discount,Change or cancel by 6pm local hotel time day of arrival. Free breakfast. Hilton Honors Membership Required.,14000,https://www.hilton.com/en/hotels/tynszhx-hampton-south-railway-station-longcheng-street/
Hilton,HILTON-TYNTSHX,TYNTSHX,Hampton by Hilton Taiyuan Wuyi Square,Hampton by Hilton,MAINLAND_CN,CN,Taiyuan,true,hilton_official_hotel_summary_extract_leadRate.lowest,CNY,446,¥446,65.69,LHHH1P,Honors Discount,Change or cancel by 6pm local hotel time day of arrival. Free breakfast. Hilton Honors Membership Required.,17000,https://www.hilton.com/en/hotels/tyntshx-hampton-taiyuan-wuyi-square/
Hilton,HILTON-TYNTBGI,TYNTBGI,Hilton Garden Inn Taiyuan Binhe,Hilton Garden Inn,MAINLAND_CN,CN,Taiyuan,true,hilton_official_hotel_summary_extract_leadRate.lowest,CNY,399,¥399,58.83,HPPAP4,Honors Discount Advance Purchase,Pre-payment required and non-refundable. Hilton Honors Membership Required.,18000,https://www.hilton.com/en/hotels/tyntbgi-hilton-garden-inn-taiyuan-binhe/
Hilton,HILTON-TYNJFGI,TYNJFGI,Hilton Garden Inn Taiyuan Jiefang Road,Hilton Garden Inn,MAINLAND_CN,CN,Taiyuan,true,hilton_official_hotel_summary_extract_leadRate.lowest,CNY,337,¥337,49.61,HPPRP1,Honors Discount,Change or cancel up to 1 day before arrival. Hilton Honors Membership Required.,13000,https://www.hilton.com/en/hotels/tynjfgi-hilton-garden-inn-taiyuan-jiefang-road/
Hilton,HILTON-TYNCNHT,TYNCNHT,Home2 Suites by Hilton Taiyuan Yingze Avenue,Home2 Suites by Hilton,MAINLAND_CN,CN,Taiyuan,true,hilton_official_hotel_summary_extract_leadRate.lowest,CNY,336,¥336,49.53,SHTH4A,Honors Discount Advance Purchase,Free breakfast. No cancellations. Pay now. Hilton Honors Membership Required.,14000,https://www.hilton.com/en/hotels/tyncnht-home2-suites-taiyuan-yingze-avenue/
Hilton,HILTON-HYNBTDI,HYNBTDI,DoubleTree by Hilton Taizhou Shenxianju,DoubleTree by Hilton,MAINLAND_CN,CN,Taizhou,true,hilton_official_hotel_summary_extract_leadRate.lowest,CNY,526,¥526,77.53,HPPAP4,Honors Discount Advance Purchase,Pre-payment required and non-refundable. Hilton Honors Membership Required.,23000,https://www.hilton.com/en/hotels/hynbtdi-doubletree-taizhou-shenxianju/
Hilton,HILTON-WUXHAHX,WUXHAHX,Hampton by Hilton Taizhou Hailing,Hampton by Hilton,MAINLAND_CN,CN,Taizhou,true,hilton_official_hotel_summary_extract_leadRate.lowest,CNY,323,¥323,47.6,LHHH1P,Honors Discount,Change or cancel by 6pm local hotel time day of arrival. Free breakfast. Hilton Honors Membership Required.,12000,https://www.hilton.com/en/hotels/wuxhahx-hampton-taizhou-hailing/
Hilton,HILTON-HYNERHX,HYNERHX,Hampton by Hilton Taizhou Jiaojiang,Hampton by Hilton,MAINLAND_CN,CN,Taizhou,true,hilton_official_hotel_summary_extract_leadRate.lowest,CNY,424,¥424,62.51,LHHH1P,Honors Discount,Change or cancel by 6pm local hotel time day of arrival. Free breakfast. Hilton Honors Membership Required.,16000,https://www.hilton.com/en/hotels/hynerhx-hampton-taizhou-jiaojiang/
Hilton,HILTON-YTYTXHX,YTYTXHX,Hampton by Hilton Taizhou Taixing,Hampton by Hilton,MAINLAND_CN,CN,Taizhou,true,hilton_official_hotel_summary_extract_leadRate.lowest,CNY,322,¥322,47.44,LHHH1P,Honors Discount,Change or cancel by 6pm local hotel time day of arrival. Free breakfast. Hilton Honors Membership Required.,12000,https://www.hilton.com/en/hotels/ytytxhx-hampton-taizhou-taixing/
Hilton,HILTON-HYNEWHX,HYNEWHX,Hampton by Hilton Wenling,Hampton by Hilton,MAINLAND_CN,CN,Taizhou,true,hilton_official_hotel_summary_extract_leadRate.lowest,CNY,446,¥446,65.69,LHHH1P,Honors Discount,Change or cancel by 6pm local hotel time day of arrival. Free breakfast. Hilton Honors Membership Required.,17000,https://www.hilton.com/en/hotels/hynewhx-hampton-wenling/
Hilton,HILTON-HYNTCHI,HYNTCHI,Hilton Taizhou,Hilton Hotels & Resorts,MAINLAND_CN,CN,Taizhou,true,hilton_official_hotel_summary_extract_leadRate.lowest,CNY,509,¥509,75.04,HPPAP4,Honors Discount Advance Purchase,Pre-payment required and non-refundable. Hilton Honors Membership Required.,21000,https://www.hilton.com/en/hotels/hyntchi-hilton-taizhou/
Hilton,HILTON-WUXSHHT,WUXSHHT,Home2 Suites by Hilton Jingjiang Binjiang New Town,Home2 Suites by Hilton,MAINLAND_CN,CN,Taizhou,true,hilton_official_hotel_summary_extract_leadRate.lowest,CNY,345,¥345,50.8,SHTH4A,Honors Discount Advance Purchase,Free breakfast. No cancellations. Pay now. Hilton Honors Membership Required.,15000,https://www.hilton.com/en/hotels/wuxshht-home2-suites-jingjiang-binjiang-new-town/
Hilton,HILTON-HYNOBHT,HYNOBHT,Home2 Suites by Hilton Taizhou Wenling,Home2 Suites by Hilton,MAINLAND_CN,CN,Taizhou,true,hilton_official_hotel_summary_extract_leadRate.lowest,CNY,410,¥410,60.42,SHTH4A,Honors Discount Advance Purchase,Free breakfast. No cancellations. Pay now. Hilton Honors Membership Required.,17000,https://www.hilton.com/en/hotels/hynobht-home2-suites-taizhou-wenling/
Hilton,HILTON-YTYXHGI,YTYXHGI,Hilton Garden Inn Taizhou Xinghua,Hilton Garden Inn,MAINLAND_CN,CN,"Taizhou, Jiangsu",true,hilton_official_hotel_summary_extract_leadRate.lowest,CNY,274,¥274,40.33,HPPRP1,Honors Discount,Change or cancel by 6pm local hotel time day of arrival. Hilton Honors Membership Required.,11000,https://www.hilton.com/en/hotels/ytyxhgi-hilton-garden-inn-taizhou-xinghua/
Hilton,HILTON-TVSHPHX,TVSHPHX,Hampton by Hilton Tangshan Caofeidian,Hampton by Hilton,MAINLAND_CN,CN,Tangshan,true,hilton_official_hotel_summary_extract_leadRate.lowest,CNY,344,¥344,50.77,LHHH1P,Honors Discount,Change or cancel by 6pm local hotel time day of arrival. Free breakfast. Hilton Honors Membership Required.,13000,https://www.hilton.com/en/hotels/tvshphx-hampton-tangshan-caofeidian/
Hilton,HILTON-TVSCKHT,TVSCKHT,Home2 Suites by Hilton Tangshan South Lake Park,Home2 Suites by Hilton,MAINLAND_CN,CN,Tangshan,false,hilton_extract_no_lowest_rate,CNY,,,,,,,,https://www.hilton.com/en/hotels/tvsckht-home2-suites-tangshan-south-lake-park/
Hilton,HILTON-TCZMMLX,TCZMMLX,"The Moon Mansion, an SLH Hotel",Small Luxury Hotels of the World,MAINLAND_CN,CN,Tengchong,true,hilton_official_hotel_summary_extract_leadRate.lowest,CNY,2332,"¥2,332",343.3,HPPRP1,Honors Discount Breakfast Included,Includes breakfast. Hilton Honors Membership Required.,90000,https://www.hilton.com/en/hotels/tczmmlx-the-moon-mansion/
Hilton,HILTON-JNGTZGI,JNGTZGI,Hilton Garden Inn Tengzhou Pingxing Road,Hilton Garden Inn,MAINLAND_CN,CN,Tengzhou,false,hilton_extract_no_lowest_rate,CNY,,,,,,,,https://www.hilton.com/en/hotels/jngtzgi-hilton-garden-inn-tengzhou-pingxing-road/
Hilton,HILTON-TSNTNCI,TSNTNCI,Conrad Tianjin,Conrad Hotels & Resorts,MAINLAND_CN,CN,Tianjin,true,hilton_official_hotel_summary_extract_leadRate.lowest,CNY,794,¥794,116.88,HPPRP1,Honors Discount,Change or cancel up to 1 day before arrival. Hilton Honors Membership Required.,31000,https://www.hilton.com/en/hotels/tsntnci-conrad-tianjin/
Hilton,HILTON-TSNBGHX,TSNBGHX,Hampton by Hilton Tianjin Baodi,Hampton by Hilton,MAINLAND_CN,CN,Tianjin,false,hilton_extract_no_lowest_rate,CNY,,,,,,,,https://www.hilton.com/en/hotels/tsnbghx-hampton-tianjin-baodi/
Hilton,HILTON-TSNHXHX,TSNHXHX,Hampton by Hilton Tianjin Beichen,Hampton by Hilton,MAINLAND_CN,CN,Tianjin,true,hilton_official_hotel_summary_extract_leadRate.lowest,CNY,438,¥438,64.58,LHHH1P,Honors Discount,Change or cancel by 6pm local hotel time day of arrival. Free breakfast. Hilton Honors Membership Required.,17000,https://www.hilton.com/en/hotels/tsnhxhx-hampton-tianjin-beichen/
Hilton,HILTON-TSNPLHX,TSNPLHX,Hampton by Hilton Tianjin Binhai Dagang,Hampton by Hilton,MAINLAND_CN,CN,Tianjin,false,hilton_extract_no_lowest_rate,CNY,,,,,,,,https://www.hilton.com/en/hotels/tsnplhx-hampton-tianjin-binhai-dagang/
Hilton,HILTON-TSNAMHX,TSNAMHX,Hampton by Hilton Tianjin Binhai International Airport,Hampton by Hilton,MAINLAND_CN,CN,Tianjin,true,hilton_official_hotel_summary_extract_leadRate.lowest,CNY,438,¥438,64.58,LHHH1P,Honors Discount,Change or cancel by 6pm local hotel time day of arrival. Free breakfast. Hilton Honors Membership Required.,17000,https://www.hilton.com/en/hotels/tsnamhx-hampton-tianjin-binhai-international-airport/
Hilton,HILTON-TSNTJHX,TSNTJHX,Hampton by Hilton Tianjin Binhai TEDA,Hampton by Hilton,MAINLAND_CN,CN,Tianjin,true,hilton_official_hotel_summary_extract_leadRate.lowest,CNY,532,¥532,78.38,LHHH1P,Honors Discount,Change or cancel by 6pm local hotel time day of arrival. Free breakfast. Hilton Honors Membership Required.,20000,https://www.hilton.com/en/hotels/tsntjhx-hampton-tianjin-binhai-teda/
Hilton,HILTON-TSNBHHX,TSNBHHX,Hampton by Hilton Tianjin Eco-City,Hampton by Hilton,MAINLAND_CN,CN,Tianjin,true,hilton_official_hotel_summary_extract_leadRate.lowest,CNY,385,¥385,56.8,LHHH1P,Honors Discount,Change or cancel by 6pm local hotel time day of arrival. Free breakfast. Hilton Honors Membership Required.,15000,https://www.hilton.com/en/hotels/tsnbhhx-hampton-tianjin-eco-city/
Hilton,HILTON-TSNIAHX,TSNIAHX,Hampton by Hilton Tianjin Five Great Avenues,Hampton by Hilton,MAINLAND_CN,CN,Tianjin,true,hilton_official_hotel_summary_extract_leadRate.lowest,CNY,486,¥486,71.56,LHHH1P,Honors Discount,Change or cancel by 6pm local hotel time day of arrival. Free breakfast. Hilton Honors Membership Required.,18000,https://www.hilton.com/en/hotels/tsniahx-hampton-tianjin-five-great-avenues/
Hilton,HILTON-TSNTHHX,TSNTHHX,Hampton by Hilton Tianjin Haihe Education Park NCEC,Hampton by Hilton,MAINLAND_CN,CN,Tianjin,true,hilton_official_hotel_summary_extract_leadRate.lowest,CNY,439,¥439,64.74,LHHH1P,Honors Discount,Change or cancel by 6pm local hotel time day of arrival. Free breakfast. Hilton Honors Membership Required.,17000,https://www.hilton.com/en/hotels/tsnthhx-hampton-tianjin-haihe-education-park-ncec/
Hilton,HILTON-TSNTTHX,TSNTTHX,Hampton by Hilton Tianjin Hedong,Hampton by Hilton,MAINLAND_CN,CN,Tianjin,true,hilton_official_hotel_summary_extract_leadRate.lowest,CNY,461,¥461,67.91,LHHH1P,Honors Discount,Change or cancel by 6pm local hotel time day of arrival. Free breakfast. Hilton Honors Membership Required.,17000,https://www.hilton.com/en/hotels/tsntthx-hampton-tianjin-hedong/
Hilton,HILTON-TSNANHX,TSNANHX,Hampton by Hilton Tianjin Jingbin Industrial Park,Hampton by Hilton,MAINLAND_CN,CN,Tianjin,true,hilton_official_hotel_summary_extract_leadRate.lowest,CNY,405,¥405,59.66,LHHH1P,Honors Discount,Change or cancel by 6pm local hotel time day of arrival. Free breakfast. Hilton Honors Membership Required.,15000,https://www.hilton.com/en/hotels/tsnanhx-hampton-tianjin-jingbin-industrial-park/
Hilton,HILTON-TSNINHX,TSNINHX,Hampton by Hilton Tianjin Olympic Centre Stadium Jiefang South Road,Hampton by Hilton,MAINLAND_CN,CN,Tianjin,true,hilton_official_hotel_summary_extract_leadRate.lowest,CNY,507,¥507,74.73,LHHH1P,Honors Discount,Change or cancel by 6pm local hotel time day of arrival. Free breakfast. Hilton Honors Membership Required.,19000,https://www.hilton.com/en/hotels/tsninhx-hampton-tianjin-olympic-centre-stadium-jiefang-south-road/
Hilton,HILTON-TSNTCHX,TSNTCHX,Hampton by Hilton Tianjin Railway Station,Hampton by Hilton,MAINLAND_CN,CN,Tianjin,true,hilton_official_hotel_summary_extract_leadRate.lowest,CNY,523,¥523,77.11,LHHH1P,Honors Discount,Change or cancel by 6pm local hotel time day of arrival. Free breakfast. Hilton Honors Membership Required.,20000,https://www.hilton.com/en/hotels/tsntchx-hampton-tianjin-railway-station/
Hilton,HILTON-TSNOTHX,TSNOTHX,Hampton by Hilton Tianjin Wuqing,Hampton by Hilton,MAINLAND_CN,CN,Tianjin,true,hilton_official_hotel_summary_extract_leadRate.lowest,CNY,423,¥423,62.36,LHHH1P,Honors Discount,Change or cancel by 6pm local hotel time day of arrival. Free breakfast. Hilton Honors Membership Required.,16000,https://www.hilton.com/en/hotels/tsnothx-hampton-tianjin-wuqing/
Hilton,HILTON-TSNFWGI,TSNFWGI,Hilton Garden Inn Tianjin Five Great Avenues,Hilton Garden Inn,MAINLAND_CN,CN,Tianjin,true,hilton_official_hotel_summary_extract_leadRate.lowest,CNY,380,¥380,56.01,HPPRP1,Honors Discount,Change or cancel up to 1 day before arrival. Hilton Honors Membership Required.,15000,https://www.hilton.com/en/hotels/tsnfwgi-hilton-garden-inn-tianjin-five-great-avenues/
Hilton,HILTON-TSNYSGI,TSNYSGI,Hilton Garden Inn Tianjin Huayuan,Hilton Garden Inn,MAINLAND_CN,CN,Tianjin,true,hilton_official_hotel_summary_extract_leadRate.lowest,CNY,346,¥346,50.99,HPPAP4,Honors Discount Advance Purchase,Pre-payment required and non-refundable. Hilton Honors Membership Required.,14000,https://www.hilton.com/en/hotels/tsnysgi-hilton-garden-inn-tianjin-huayuan/
Hilton,HILTON-TSNNNGI,TSNNNGI,Hilton Garden Inn Tianjin Jinnan,Hilton Garden Inn,MAINLAND_CN,CN,Tianjin,true,hilton_official_hotel_summary_extract_leadRate.lowest,CNY,272,¥272,40.14,HPPAP4,Honors Discount Advance Purchase,Pre-payment required and non-refundable. Hilton Honors Membership Required.,13000,https://www.hilton.com/en/hotels/tsnnngi-hilton-garden-inn-tianjin-jinnan/
Hilton,HILTON-TSNJIGI,TSNJIGI,Hilton Garden Inn Tianjin Railway Station,Hilton Garden Inn,MAINLAND_CN,CN,Tianjin,true,hilton_official_hotel_summary_extract_leadRate.lowest,CNY,370,¥370,54.48,HPPRP1,Honors Discount,Change or cancel up to 1 day before arrival. Hilton Honors Membership Required.,16000,https://www.hilton.com/en/hotels/tsnjigi-hilton-garden-inn-tianjin-railway-station/
Hilton,HILTON-TSNTLGI,TSNTLGI,Hilton Garden Inn Tianjin Tuanbo Lake,Hilton Garden Inn,MAINLAND_CN,CN,Tianjin,false,hilton_extract_no_lowest_rate,CNY,,,,,,,,https://www.hilton.com/en/hotels/tsntlgi-hilton-garden-inn-tianjin-tuanbo-lake/
Hilton,HILTON-TSNECHI,TSNECHI,Hilton Tianjin Eco-City,Hilton Hotels & Resorts,MAINLAND_CN,CN,Tianjin,true,hilton_official_hotel_summary_extract_leadRate.lowest,CNY,488,¥488,71.83,HPPRP1,Honors Discount,Change or cancel up to 1 day before arrival. Hilton Honors Membership Required.,19000,https://www.hilton.com/en/hotels/tsnechi-hilton-tianjin-eco-city/
Hilton,HILTON-SHEHHHX,SHEHHHX,Hampton by Hilton Tieling New City,Hampton by Hilton,MAINLAND_CN,CN,Tieling,false,hilton_extract_no_lowest_rate,CNY,,,,,,,,https://www.hilton.com/en/hotels/shehhhx-hampton-tieling-new-city/
Hilton,HILTON-TGOXMHX,TGOXMHX,Hampton by Hilton Tongliao,Hampton by Hilton,MAINLAND_CN,CN,Tongliao,true,hilton_official_hotel_summary_extract_leadRate.lowest,CNY,390,¥390,57.52,LHHH1P,Honors Discount,Change or cancel by 6pm local hotel time day of arrival. Free breakfast. Hilton Honors Membership Required.,14000,https://www.hilton.com/en/hotels/tgoxmhx-hampton-tongliao/
Hilton,HILTON-TENTOHT,TENTOHT,Home2 Suites by Hilton Tongren Ancient City,Home2 Suites by Hilton,MAINLAND_CN,CN,Tongren,false,hilton_extract_no_lowest_rate,CNY,,,,,,,,https://www.hilton.com/en/hotels/tentoht-home2-suites-tongren-ancient-city/
Hilton,HILTON-HGHTNHX,HGHTNHX,Hampton by Hilton Tongxiang Wuzhen,Hampton by Hilton,MAINLAND_CN,CN,Tongxiang,true,hilton_official_hotel_summary_extract_leadRate.lowest,CNY,385,¥385,56.8,LHHH1P,Honors Discount,Change or cancel by 6pm local hotel time day of arrival. Free breakfast. Hilton Honors Membership Required.,15000,https://www.hilton.com/en/hotels/hghtnhx-hampton-tongxiang-wuzhen-xizha-scenic-area/
Hilton,HILTON-TLQCNHX,TLQCNHX,Hampton by Hilton Turpan,Hampton by Hilton,MAINLAND_CN,CN,Turpan,true,hilton_official_hotel_summary_extract_leadRate.lowest,CNY,432,¥432,63.63,LHHH1P,Honors Discount,Change or cancel by 6pm local hotel time day of arrival. Free breakfast. Hilton Honors Membership Required.,16000,https://www.hilton.com/en/hotels/tlqcnhx-hampton-turpan/
Hilton,HILTON-URCCICI,URCCICI,Conrad Urumqi,Conrad Hotels & Resorts,MAINLAND_CN,CN,Urumqi,true,hilton_official_hotel_summary_extract_leadRate.lowest,CNY,1057,"¥1,057",155.58,HPPAP4,Honors Discount Advance Purchase,Pre-payment required and non-refundable. Hilton Honors Membership Required.,60000,https://www.hilton.com/en/hotels/urccici-conrad-urumqi/
Hilton,HILTON-URCUSHX,URCUSHX,Hampton by Hilton Urumqi Exhibition Center,Hampton by Hilton,MAINLAND_CN,CN,Urumqi,true,hilton_official_hotel_summary_extract_leadRate.lowest,CNY,423,¥423,62.36,LHHH1P,Honors Discount,Change or cancel by 6pm local hotel time day of arrival. Free breakfast. Hilton Honors Membership Required.,16000,https://www.hilton.com/en/hotels/urcushx-hampton-urumqi-exhibition-center/
Hilton,HILTON-URCUCHX,URCUCHX,Hampton by Hilton Urumqi High-speed Railway Station,Hampton by Hilton,MAINLAND_CN,CN,Urumqi,true,hilton_official_hotel_summary_extract_leadRate.lowest,CNY,412,¥412,60.77,LHHH1P,Honors Discount,Change or cancel by 6pm local hotel time day of arrival. Free breakfast. Hilton Honors Membership Required.,16000,https://www.hilton.com/en/hotels/urcuchx-hampton-urumqi-high-speed-railway-station/
Hilton,HILTON-URCQIHX,URCQIHX,Hampton by Hilton Urumqi Innovation Plaza,Hampton by Hilton,MAINLAND_CN,CN,Urumqi,true,hilton_official_hotel_summary_extract_leadRate.lowest,CNY,458,¥458,67.43,LHHH1P,Honors Discount,Change or cancel by 6pm local hotel time day of arrival. Free breakfast. Hilton Honors Membership Required.,17000,https://www.hilton.com/en/hotels/urcqihx-hampton-urumqi-innovation-plaza/
Hilton,HILTON-URCURHX,URCURHX,Hampton by Hilton Urumqi International Airport,Hampton by Hilton,MAINLAND_CN,CN,Urumqi,true,hilton_official_hotel_summary_extract_leadRate.lowest,CNY,451,¥451,66.48,LHHH1P,Honors Discount,Change or cancel by 6pm local hotel time day of arrival. Free breakfast. Hilton Honors Membership Required.,17000,https://www.hilton.com/en/hotels/urcurhx-hampton-urumqi-international-airport/
Hilton,HILTON-URCIDHX,URCIDHX,Hampton by Hilton Urumqi Midong,Hampton by Hilton,MAINLAND_CN,CN,Urumqi,false,hilton_extract_no_lowest_rate,CNY,,,,,,,,https://www.hilton.com/en/hotels/urcidhx-hampton-urumqi-midong/
Hilton,HILTON-URCBJGI,URCBJGI,Hilton Garden Inn Urumqi Beijing South Road,Hilton Garden Inn,MAINLAND_CN,CN,Urumqi,false,hilton_extract_no_lowest_rate,CNY,,,,,,,,https://www.hilton.com/en/hotels/urcbjgi-hilton-garden-inn-urumqi-beijing-south-road/
Hilton,HILTON-URCEXGI,URCEXGI,Hilton Garden Inn Urumqi Exhibition Center,Hilton Garden Inn,MAINLAND_CN,CN,Urumqi,true,hilton_official_hotel_summary_extract_leadRate.lowest,CNY,370,¥370,54.48,HPPRP1,Honors Discount,Change or cancel up to 1 day before arrival. Hilton Honors Membership Required.,15000,https://www.hilton.com/en/hotels/urcexgi-hilton-garden-inn-urumqi-exhibition-center/
Hilton,HILTON-URCRSGI,URCRSGI,Hilton Garden Inn Urumqi Railway Station,Hilton Garden Inn,MAINLAND_CN,CN,Urumqi,true,hilton_official_hotel_summary_extract_leadRate.lowest,CNY,441,¥441,64.99,HPPRP1,Honors Discount,Change or cancel by 6pm local hotel time day of arrival. Hilton Honors Membership Required.,21000,https://www.hilton.com/en/hotels/urcrsgi-hilton-garden-inn-urumqi-railway-station/
Hilton,HILTON-URCHHHI,URCHHHI,Hilton Urumqi,Hilton Hotels & Resorts,MAINLAND_CN,CN,Urumqi,true,hilton_official_hotel_summary_extract_leadRate.lowest,CNY,716,¥716,105.47,HPPRP1,Honors Discount,Change or cancel up to 1 day before arrival. Hilton Honors Membership Required.,28000,https://www.hilton.com/en/hotels/urchhhi-hilton-urumqi/
Hilton,HILTON-WXJXADI,WXJXADI,DoubleTree Resort by Hilton Hainan – Xinglong Lakeside,DoubleTree by Hilton,MAINLAND_CN,CN,Wanning,true,hilton_official_hotel_summary_extract_leadRate.lowest,CNY,393,¥393,57.96,LV0,Best Available Rate,,15000,https://www.hilton.com/en/hotels/wxjxadi-doubletree-resort-hainan-xinglong-lakeside/
Hilton,HILTON-WEFAXHX,WEFAXHX,Hampton by Hilton Anqiu,Hampton by Hilton,MAINLAND_CN,CN,Weifang,true,hilton_official_hotel_summary_extract_leadRate.lowest,CNY,323,¥323,47.6,LHHH1P,Honors Discount,Change or cancel by 6pm local hotel time day of arrival. Free breakfast. Hilton Honors Membership Required.,12000,https://www.hilton.com/en/hotels/wefaxhx-hampton-anqiu/
Hilton,HILTON-WEFERHX,WEFERHX,Hampton by Hilton Qingzhou,Hampton by Hilton,MAINLAND_CN,CN,Weifang,true,hilton_official_hotel_summary_extract_leadRate.lowest,CNY,395,¥395,58.23,LHHH1P,Honors Discount,Change or cancel by 6pm local hotel time day of arrival. Free breakfast. Hilton Honors Membership Required.,15000,https://www.hilton.com/en/hotels/weferhx-hampton-qingzhou/
Hilton,HILTON-WEFTAHX,WEFTAHX,Hampton by Hilton Weifang City Center,Hampton by Hilton,MAINLAND_CN,CN,Weifang,true,hilton_official_hotel_summary_extract_leadRate.lowest,CNY,325,¥325,47.92,LHHH1P,Honors Discount,Change or cancel by 6pm local hotel time day of arrival. Free breakfast. Hilton Honors Membership Required.,12000,https://www.hilton.com/en/hotels/weftahx-hampton-weifang-city-center/
Hilton,HILTON-WEFFAHX,WEFFAHX,Hampton by Hilton Weifang Weicheng,Hampton by Hilton,MAINLAND_CN,CN,Weifang,true,hilton_official_hotel_summary_extract_leadRate.lowest,CNY,405,¥405,59.66,LHHH1P,Honors Discount,Change or cancel by 6pm local hotel time day of arrival. Free breakfast. Hilton Honors Membership Required.,15000,https://www.hilton.com/en/hotels/weffahx-hampton-weifang-weicheng/
Hilton,HILTON-WEHWHDI,WEHWHDI,DoubleTree by Hilton Weihai,DoubleTree by Hilton,MAINLAND_CN,CN,Weihai,true,hilton_official_hotel_summary_extract_leadRate.lowest,CNY,444,¥444,65.37,HPPAP4,Honors Discount Advance Purchase,Pre-payment required and non-refundable. Hilton Honors Membership Required.,18000,https://www.hilton.com/en/hotels/wehwhdi-doubletree-weihai/
Hilton,HILTON-WEHAIHX,WEHAIHX,Hampton by Hilton Rongcheng,Hampton by Hilton,MAINLAND_CN,CN,Weihai,true,hilton_official_hotel_summary_extract_leadRate.lowest,CNY,405,¥405,59.66,LHHH1P,Honors Discount,Change or cancel by 6pm local hotel time day of arrival. Free breakfast. Hilton Honors Membership Required.,15000,https://www.hilton.com/en/hotels/wehaihx-hampton-rongcheng/
Hilton,HILTON-WEHCTHX,WEHCTHX,Hampton by Hilton Torch Eighth Street Weihai International Bathing Beach,Hampton by Hilton,MAINLAND_CN,CN,Weihai,true,hilton_official_hotel_summary_extract_leadRate.lowest,CNY,378,¥378,55.69,LHHH1P,Honors Discount,Change or cancel by 6pm local hotel time day of arrival. Free breakfast. Hilton Honors Membership Required.,14000,https://www.hilton.com/en/hotels/wehcthx-hampton-torch-eighth-street-weihai-international-bathing-beach/
Hilton,HILTON-HAKWEHI,HAKWEHI,Hilton Wenchang,Hilton Hotels & Resorts,MAINLAND_CN,CN,Wenchang City,true,hilton_official_hotel_summary_extract_leadRate.lowest,CNY,442,¥442,65.14,HPPRP1,Honors Discount,Change or cancel up to 1 day before arrival. Hilton Honors Membership Required.,17000,https://www.hilton.com/en/hotels/hakwehi-hilton-wenchang/
Hilton,HILTON-WNZCNDI,WNZCNDI,DoubleTree by Hilton Cangnan,DoubleTree by Hilton,MAINLAND_CN,CN,Wenzhou,true,hilton_official_hotel_summary_extract_leadRate.lowest,CNY,442,¥442,65.17,HPPRP1,Honors Discount,Change or cancel up to 1 day before arrival. Hilton Honors Membership Required.,16000,https://www.hilton.com/en/hotels/wnzcndi-doubletree-cangnan/
Hilton,HILTON-WNZOKHX,WNZOKHX,Hampton by Hilton Wenzhou Yueqing,Hampton by Hilton,MAINLAND_CN,CN,Wenzhou,true,hilton_official_hotel_summary_extract_leadRate.lowest,CNY,388,¥388,57.12,LHHH1P,Honors Discount,Change or cancel by 6pm local hotel time day of arrival. Free breakfast. Hilton Honors Membership Required.,15000,https://www.hilton.com/en/hotels/wnzokhx-hampton-wenzhou-yueqing/
Hilton,HILTON-WNZWHHI,WNZWHHI,Hilton Wenzhou,Hilton Hotels & Resorts,MAINLAND_CN,CN,Wenzhou,false,hilton_extract_no_lowest_rate,CNY,,,,,,,,https://www.hilton.com/en/hotels/wnzwhhi-hilton-wenzhou/
Hilton,HILTON-WNZCCHI,WNZCCHI,Hilton Wenzhou City Center,Hilton Hotels & Resorts,MAINLAND_CN,CN,Wenzhou,false,hilton_extract_no_lowest_rate,CNY,,,,,,,,https://www.hilton.com/en/hotels/wnzcchi-hilton-wenzhou-city-center/
Hilton,HILTON-WNZOUHT,WNZOUHT,Home2 Suites by Hilton Wenzhou Wencheng,Home2 Suites by Hilton,MAINLAND_CN,CN,Wenzhou,true,hilton_official_hotel_summary_extract_leadRate.lowest,CNY,377,¥377,55.61,SHTH4A,Honors Discount Advance Purchase,Free breakfast. No cancellations. Pay now. Hilton Honors Membership Required.,16000,https://www.hilton.com/en/hotels/wnzouht-home2-suites-wenzhou-wencheng/
Hilton,HILTON-WNZINHT,WNZINHT,Home2 Suites by Hilton Wenzhou Yongjia,Home2 Suites by Hilton,MAINLAND_CN,CN,Wenzhou,true,hilton_official_hotel_summary_extract_leadRate.lowest,CNY,351,¥351,51.79,SHTH4A,Honors Discount Advance Purchase,Free breakfast. No cancellations. Pay now. Hilton Honors Membership Required.,15000,https://www.hilton.com/en/hotels/wnzinht-home2-suites-wenzhou-yongjia/
Hilton,HILTON-WUHCEHX,WUHCEHX,Hampton by Hilton Wuhan Baishazhou Avenue,Hampton by Hilton,MAINLAND_CN,CN,Wuhan,true,hilton_official_hotel_summary_extract_leadRate.lowest,CNY,460,¥460,67.75,LHHH1P,Honors Discount,Change or cancel by 6pm local hotel time day of arrival. Free breakfast. Hilton Honors Membership Required.,17000,https://www.hilton.com/en/hotels/wuhcehx-hampton-wuhan-baishazhou-avenue/
Hilton,HILTON-WUHWCHX,WUHWCHX,Hampton by Hilton Wuhan East Lake Chuhe Hanjie,Hampton by Hilton,MAINLAND_CN,CN,Wuhan,true,hilton_official_hotel_summary_extract_leadRate.lowest,CNY,462,¥462,68.07,LHHH1P,Honors Discount,Change or cancel by 6pm local hotel time day of arrival. Free breakfast. Hilton Honors Membership Required.,17000,https://www.hilton.com/en/hotels/wuhwchx-hampton-wuhan-east-lake-chuhe-hanjie/
Hilton,HILTON-WUHUHHX,WUHUHHX,Hampton by Hilton Wuhan East Lake Optics Valley,Hampton by Hilton,MAINLAND_CN,CN,Wuhan,true,hilton_official_hotel_summary_extract_leadRate.lowest,CNY,419,¥419,61.72,LHHH1P,Honors Discount,Change or cancel by 6pm local hotel time day of arrival. Free breakfast. Hilton Honors Membership Required.,16000,https://www.hilton.com/en/hotels/wuhuhhx-hampton-wuhan-east-lake-optics-valley/
Hilton,HILTON-WUHGUHX,WUHGUHX,Hampton by Hilton Wuhan Guanggu First Road,Hampton by Hilton,MAINLAND_CN,CN,Wuhan,true,hilton_official_hotel_summary_extract_leadRate.lowest,CNY,413,¥413,60.93,LHHH1P,Honors Discount,Change or cancel by 6pm local hotel time day of arrival. Free breakfast. Hilton Honors Membership Required.,16000,https://www.hilton.com/en/hotels/wuhguhx-hampton-wuhan-guanggu-first-road/
Hilton,HILTON-WUHHNHX,WUHHNHX,Hampton by Hilton Wuhan Huashiyuan North Road,Hampton by Hilton,MAINLAND_CN,CN,Wuhan,true,hilton_official_hotel_summary_extract_leadRate.lowest,CNY,403,¥403,59.34,LHHH1P,Honors Discount,Change or cancel by 6pm local hotel time day of arrival. Free breakfast. Hilton Honors Membership Required.,15000,https://www.hilton.com/en/hotels/wuhhnhx-hampton-wuhan-huashiyuan-north-road/
Hilton,HILTON-WUHENHX,WUHENHX,Hampton by Hilton Wuhan International Plaza,Hampton by Hilton,MAINLAND_CN,CN,Wuhan,true,hilton_official_hotel_summary_extract_leadRate.lowest,CNY,440,¥440,64.89,LHHH1P,Honors Discount,Change or cancel by 6pm local hotel time day of arrival. Free breakfast. Hilton Honors Membership Required.,17000,https://www.hilton.com/en/hotels/wuhenhx-hampton-wuhan-international-plaza/
Hilton,HILTON-WUHBSHX,WUHBSHX,Hampton by Hilton Wuhan Jiangxia,Hampton by Hilton,MAINLAND_CN,CN,Wuhan,true,hilton_official_hotel_summary_extract_leadRate.lowest,CNY,403,¥403,59.34,LHHH1P,Honors Discount,Change or cancel by 6pm local hotel time day of arrival. Free breakfast. Hilton Honors Membership Required.,15000,https://www.hilton.com/en/hotels/wuhbshx-hampton-wuhan-jiangxia/
Hilton,HILTON-WUHBBHX,WUHBBHX,Hampton by Hilton Wuhan Jingkai,Hampton by Hilton,MAINLAND_CN,CN,Wuhan,true,hilton_official_hotel_summary_extract_leadRate.lowest,CNY,425,¥425,62.67,LHHH1P,Honors Discount,Change or cancel by 6pm local hotel time day of arrival. Free breakfast. Hilton Honors Membership Required.,16000,https://www.hilton.com/en/hotels/wuhbbhx-hampton-wuhan-jingkai/
Hilton,HILTON-WUHTSHX,WUHTSHX,Hampton by Hilton Wuhan OVCEC,Hampton by Hilton,MAINLAND_CN,CN,Wuhan,true,hilton_official_hotel_summary_extract_leadRate.lowest,CNY,436,¥436,64.26,LHHH1P,Honors Discount,Change or cancel by 6pm local hotel time day of arrival. Free breakfast. Hilton Honors Membership Required.,17000,https://www.hilton.com/en/hotels/wuhtshx-hampton-wuhan-ovcec/
Hilton,HILTON-WUHOOHX,WUHOOHX,Hampton by Hilton Wuhan Qiaokou Gutian,Hampton by Hilton,MAINLAND_CN,CN,Wuhan,true,hilton_official_hotel_summary_extract_leadRate.lowest,CNY,405,¥405,59.66,LHHH1P,Honors Discount,Change or cancel by 6pm local hotel time day of arrival. Free breakfast. Hilton Honors Membership Required.,15000,https://www.hilton.com/en/hotels/wuhoohx-hampton-wuhan-qiaokou-gutian/
Hilton,HILTON-WUHQNHX,WUHQNHX,Hampton by Hilton Wuhan Qingnian Road,Hampton by Hilton,MAINLAND_CN,CN,Wuhan,true,hilton_official_hotel_summary_extract_leadRate.lowest,CNY,543,¥543,79.97,LHHH1P,Honors Discount,Change or cancel by 6pm local hotel time day of arrival. Free breakfast. Hilton Honors Membership Required.,20000,https://www.hilton.com/en/hotels/wuhqnhx-hampton-wuhan-qingnian-road/
Hilton,HILTON-WUHNAHX,WUHNAHX,Hampton by Hilton Wuhan Railway Station,Hampton by Hilton,MAINLAND_CN,CN,Wuhan,true,hilton_official_hotel_summary_extract_leadRate.lowest,CNY,381,¥381,56.17,LHHH1P,Honors Discount,Change or cancel by 6pm local hotel time day of arrival. Free breakfast. Hilton Honors Membership Required.,15000,https://www.hilton.com/en/hotels/wuhnahx-hampton-wuhan-railway-station/
Hilton,HILTON-WUHLYHX,WUHLYHX,Hampton by Hilton Wuhan Sixin Guobo,Hampton by Hilton,MAINLAND_CN,CN,Wuhan,true,hilton_official_hotel_summary_extract_leadRate.lowest,CNY,397,¥397,58.55,LHHH1P,Honors Discount,Change or cancel by 6pm local hotel time day of arrival. Free breakfast. Hilton Honors Membership Required.,15000,https://www.hilton.com/en/hotels/wuhlyhx-hampton-wuhan-sixin/
Hilton,HILTON-WUHHPHX,WUHHPHX,Hampton by Hilton Wuhan Tiandi Hankou Riverside,Hampton by Hilton,MAINLAND_CN,CN,Wuhan,true,hilton_official_hotel_summary_extract_leadRate.lowest,CNY,545,¥545,80.29,LHHH1P,Honors Discount,Change or cancel by 6pm local hotel time day of arrival. Free breakfast. Hilton Honors Membership Required.,21000,https://www.hilton.com/en/hotels/wuhhphx-hampton-wuhan-tiandi-hankou-riverside/
Hilton,HILTON-WUHHXHX,WUHHXHX,Hampton by Hilton Wuhan Tianhe Airport East,Hampton by Hilton,MAINLAND_CN,CN,Wuhan,true,hilton_official_hotel_summary_extract_leadRate.lowest,CNY,387,¥387,56.96,LHHH1P,Honors Discount,Change or cancel by 6pm local hotel time day of arrival. Free breakfast. Hilton Honors Membership Required.,15000,https://www.hilton.com/en/hotels/wuhhxhx-hampton-wuhan-tianhe-airport-east/
Hilton,HILTON-WUHZZHX,WUHZZHX,Hampton by Hilton Wuhan Yellow Crane Tower,Hampton by Hilton,MAINLAND_CN,CN,Wuhan,true,hilton_official_hotel_summary_extract_leadRate.lowest,CNY,542,¥542,79.81,LHHH1P,Honors Discount,Change or cancel by 6pm local hotel time day of arrival. Free breakfast. Hilton Honors Membership Required.,20000,https://www.hilton.com/en/hotels/wuhzzhx-hampton-wuhan-yellow-crane-tower/
Hilton,HILTON-WUHDOHX,WUHDOHX,Hampton by Hilton Wuhan Zhongnan Jiedaokou,Hampton by Hilton,MAINLAND_CN,CN,Wuhan,true,hilton_official_hotel_summary_extract_leadRate.lowest,CNY,425,¥425,62.67,LHHH1P,Honors Discount,Change or cancel by 6pm local hotel time day of arrival. Free breakfast. Hilton Honors Membership Required.,16000,https://www.hilton.com/en/hotels/wuhdohx-hampton-wuhan-zhongnan-jiedaokou/
Hilton,HILTON-WUHHKGI,WUHHKGI,Hilton Garden Inn Wuhan Hankou,Hilton Garden Inn,MAINLAND_CN,CN,Wuhan,true,hilton_official_hotel_summary_extract_leadRate.lowest,CNY,309,¥309,45.51,HPPRP1,Honors Discount,Change or cancel up to 1 day before arrival. Hilton Honors Membership Required.,12000,https://www.hilton.com/en/hotels/wuhhkgi-hilton-garden-inn-wuhan-hankou/
Hilton,HILTON-WUHOVHI,WUHOVHI,Hilton Wuhan Optics Valley,Hilton Hotels & Resorts,MAINLAND_CN,CN,Wuhan,true,hilton_official_hotel_summary_extract_leadRate.lowest,CNY,530,¥530,78.07,HPPRP1,Honors Discount,Change or cancel by 6pm local hotel time day of arrival. Hilton Honors Membership Required.,21000,https://www.hilton.com/en/hotels/wuhovhi-hilton-wuhan-optics-valley/
Hilton,HILTON-WUHRSHI,WUHRSHI,Hilton Wuhan Riverside,Hilton Hotels & Resorts,MAINLAND_CN,CN,Wuhan,true,hilton_official_hotel_summary_extract_leadRate.lowest,CNY,460,¥460,67.72,HPPRP1,Honors Discount,Change or cancel up to 1 day before arrival. Hilton Honors Membership Required.,18000,https://www.hilton.com/en/hotels/wuhrshi-hilton-wuhan-riverside/
Hilton,HILTON-WUHTLHT,WUHTLHT,Home2 Suites by Hilton Wuhan Eco-Tech Development Zone,Home2 Suites by Hilton,MAINLAND_CN,CN,Wuhan,true,hilton_official_hotel_summary_extract_leadRate.lowest,CNY,352,¥352,51.93,SHTH4A,Honors Discount Advance Purchase,Free breakfast. No cancellations. Pay now. Hilton Honors Membership Required.,15000,https://www.hilton.com/en/hotels/wuhtlht-home2-suites-wuhan-eco-tech-development-zone/
Hilton,HILTON-WUHOUHT,WUHOUHT,Home2 Suites by Hilton Wuhan Hankou Railway Station,Home2 Suites by Hilton,MAINLAND_CN,CN,Wuhan,true,hilton_official_hotel_summary_extract_leadRate.lowest,CNY,352,¥352,51.93,SHTH4A,Honors Discount Advance Purchase,Free breakfast. No cancellations. Pay now. Hilton Honors Membership Required.,14000,https://www.hilton.com/en/hotels/wuhouht-home2-suites-wuhan-hankou-railway-station/
Hilton,HILTON-WUHRDHT,WUHRDHT,Home2 Suites by Hilton Wuhan Optics Valley,Home2 Suites by Hilton,MAINLAND_CN,CN,Wuhan,true,hilton_official_hotel_summary_extract_leadRate.lowest,CNY,377,¥377,55.61,SHTH4A,Honors Discount Advance Purchase,Free breakfast. No cancellations. Pay now. Hilton Honors Membership Required.,16000,https://www.hilton.com/en/hotels/wuhrdht-home2-suites-wuhan-optics-valley/
Hilton,HILTON-WUHHVHT,WUHHVHT,Home2 Suites by Hilton Wuhan Railway Station,Home2 Suites by Hilton,MAINLAND_CN,CN,Wuhan,true,hilton_official_hotel_summary_extract_leadRate.lowest,CNY,328,¥328,48.39,SHTH4A,Honors Discount Advance Purchase,Free breakfast. No cancellations. Pay now. Hilton Honors Membership Required.,14000,https://www.hilton.com/en/hotels/wuhhvht-home2-suites-wuhan-railway-station/
Hilton,HILTON-WUHHEHT,WUHHEHT,Home2 Suites by Hilton Wuhan Xudong,Home2 Suites by Hilton,MAINLAND_CN,CN,Wuhan,true,hilton_official_hotel_summary_extract_leadRate.lowest,CNY,402,¥402,59.29,SHTH4A,Honors Discount Advance Purchase,Free breakfast. No cancellations. Pay now. Hilton Honors Membership Required.,17000,https://www.hilton.com/en/hotels/wuhheht-home2-suites-wuhan-xudong/
Hilton,HILTON-WUHGGHX,WUHGGHX,Hampton by Hilton Wuhan East Railway Station Optics Valley Tiandi,Hampton by Hilton,MAINLAND_CN,CN,WUHAN,true,hilton_official_hotel_summary_extract_leadRate.lowest,CNY,388,¥388,57.12,LHHH1P,Honors Discount,Change or cancel by 6pm local hotel time day of arrival. Free breakfast. Hilton Honors Membership Required.,15000,https://www.hilton.com/en/hotels/wuhgghx-hampton-wuhan-east-railway-station-optics-valley-tiandi/
Hilton,HILTON-NKGWUDI,NKGWUDI,DoubleTree by Hilton Hotel Wuhu,DoubleTree by Hilton,MAINLAND_CN,CN,Wuhu,true,hilton_official_hotel_summary_extract_leadRate.lowest,CNY,374,¥374,55.17,HPPAP4,Honors Discount Advance Purchase,Pre-payment required and non-refundable. Hilton Honors Membership Required.,17000,https://www.hilton.com/en/hotels/nkgwudi-doubletree-wuhu/
Hilton,HILTON-NKGWZGI,NKGWZGI,Hilton Garden Inn Wuhu Economic Tech Zone,Hilton Garden Inn,MAINLAND_CN,CN,Wuhu,true,hilton_official_hotel_summary_extract_leadRate.lowest,CNY,337,¥337,49.68,HPPAP4,Honors Discount Advance Purchase,Pre-payment required and non-refundable. Hilton Honors Membership Required.,16000,https://www.hilton.com/en/hotels/nkgwzgi-hilton-garden-inn-wuhu-economic-tech-zone/
Hilton,HILTON-WHUWUHT,WHUWUHT,Home2 Suites by Hilton Wuhu Jiujiang,Home2 Suites by Hilton,MAINLAND_CN,CN,Wuhu,true,hilton_official_hotel_summary_extract_leadRate.lowest,CNY,321,¥321,47.26,SHTH4A,Honors Discount Advance Purchase,Free breakfast. No cancellations. Pay now. Hilton Honors Membership Required.,14000,https://www.hilton.com/en/hotels/whuwuht-home2-suites-wuhu-jiujiang/
Hilton,HILTON-HAKWUHX,HAKWUHX,Hampton by Hilton Wuwei Liangzhou,Hampton by Hilton,MAINLAND_CN,CN,Wuwei,true,hilton_official_hotel_summary_extract_leadRate.lowest,CNY,323,¥323,47.6,LHHH1P,Honors Discount,Change or cancel by 6pm local hotel time day of arrival. Free breakfast. Hilton Honors Membership Required.,12000,https://www.hilton.com/en/hotels/hakwuhx-hampton-wuwei-liangzhou/
Hilton,HILTON-WUXTRHX,WUXTRHX,Hampton by Hilton Wuxi Dongting,Hampton by Hilton,MAINLAND_CN,CN,Wuxi,true,hilton_official_hotel_summary_extract_leadRate.lowest,CNY,379,¥379,55.85,LHHH1P,Honors Discount,Change or cancel by 6pm local hotel time day of arrival. Free breakfast. Hilton Honors Membership Required.,14000,https://www.hilton.com/en/hotels/wuxtrhx-hampton-wuxi-dongting/
Hilton,HILTON-WUXWIHX,WUXWIHX,Hampton by Hilton Wuxi East Railway Station,Hampton by Hilton,MAINLAND_CN,CN,Wuxi,true,hilton_official_hotel_summary_extract_leadRate.lowest,CNY,355,¥355,52.36,LHHH1P,Honors Discount,Change or cancel by 6pm local hotel time day of arrival. Free breakfast. Hilton Honors Membership Required.,14000,https://www.hilton.com/en/hotels/wuxwihx-hampton-wuxi-east-railway-station/
Hilton,HILTON-WUXSSHT,WUXSSHT,Home2 Suites by Hilton Wuxi Huishan,Home2 Suites by Hilton,MAINLAND_CN,CN,Wuxi,true,hilton_official_hotel_summary_extract_leadRate.lowest,CNY,352,¥352,51.93,SHTH4A,Honors Discount Advance Purchase,Free breakfast. No cancellations. Pay now. Hilton Honors Membership Required.,15000,https://www.hilton.com/en/hotels/wuxssht-home2-suites-wuxi-huishan/
Hilton,HILTON-WUXQQQQ,WUXQQQQ,"Xi Zhe Wuxi, Curio Collection by Hilton",Curio Collection by Hilton,MAINLAND_CN,CN,Wuxi,false,hilton_extract_no_lowest_rate,CNY,,,,,,,,https://www.hilton.com/en/hotels/wuxqqqq-xi-zhe-wuxi/
Hilton,HILTON-XIYPYPY,XIYPYPY,Canopy by Hilton Xi'an Qujiang,Canopy by Hilton,MAINLAND_CN,CN,Xi'an,true,hilton_official_hotel_summary_extract_leadRate.lowest,CNY,921,¥921,135.58,HPPAP4,Honors Discount Advance Purchase,Pre-payment required and non-refundable. Hilton Honors Membership Required.,42000,https://www.hilton.com/en/hotels/xiypypy-canopy-xian-qujiang/
Hilton,HILTON-XIYBLHX,XIYBLHX,Hampton by Hilton Xi'an Bell Tower,Hampton by Hilton,MAINLAND_CN,CN,Xi'an,true,hilton_official_hotel_summary_extract_leadRate.lowest,CNY,418,¥418,61.56,LHHH1P,Honors Discount,Change or cancel by 6pm local hotel time day of arrival. Free breakfast. Hilton Honors Membership Required.,16000,https://www.hilton.com/en/hotels/xiyblhx-hampton-xian-bell-tower/
Hilton,HILTON-XIYHXHX,XIYHXHX,Hampton by Hilton Xi'an Bell Tower North Street,Hampton by Hilton,MAINLAND_CN,CN,Xi'an,true,hilton_official_hotel_summary_extract_leadRate.lowest,CNY,348,¥348,51.25,LHHH1P,Honors Discount,Change or cancel by 6pm local hotel time day of arrival. Free breakfast. Hilton Honors Membership Required.,13000,https://www.hilton.com/en/hotels/xiyhxhx-hampton-by-hilton-xian-bell-tower-north-street/
Hilton,HILTON-XIYXIHX,XIYXIHX,Hampton by Hilton Xi'an Chanba ICEC,Hampton by Hilton,MAINLAND_CN,CN,Xi'an,true,hilton_official_hotel_summary_extract_leadRate.lowest,CNY,370,¥370,54.58,LHHH1P,Honors Discount,Change or cancel by 6pm local hotel time day of arrival. Free breakfast. Hilton Honors Membership Required.,14000,https://www.hilton.com/en/hotels/xiyxihx-hampton-xian-chanba-icec/
Hilton,HILTON-SIAHXHX,SIAHXHX,Hampton by Hilton Xi'an Dayan Pagoda,Hampton by Hilton,MAINLAND_CN,CN,Xi'an,true,hilton_official_hotel_summary_extract_leadRate.lowest,CNY,507,¥507,74.73,LHHH1P,Honors Discount,Change or cancel by 6pm local hotel time day of arrival. Free breakfast. Hilton Honors Membership Required.,19000,https://www.hilton.com/en/hotels/siahxhx-hampton-xian-dayan-pagoda/
Hilton,HILTON-XIYHZHX,XIYHZHX,Hampton by Hilton Xi'an High-tech Zone,Hampton by Hilton,MAINLAND_CN,CN,Xi'an,true,hilton_official_hotel_summary_extract_leadRate.lowest,CNY,395,¥395,58.23,LHHH1P,Honors Discount,Change or cancel by 6pm local hotel time day of arrival. Free breakfast. Hilton Honors Membership Required.,15000,https://www.hilton.com/en/hotels/xiyhzhx-hampton-xian-high-tech-zone/
Hilton,HILTON-XIYXAHX,XIYXAHX,Hampton by Hilton Xi'an High-Tech Zone Zhangba North Road,Hampton by Hilton,MAINLAND_CN,CN,Xi'an,true,hilton_official_hotel_summary_extract_leadRate.lowest,CNY,368,¥368,54.26,LHHH1P,Honors Discount,Change or cancel by 6pm local hotel time day of arrival. Free breakfast. Hilton Honors Membership Required.,14000,https://www.hilton.com/en/hotels/xiyxahx-hampton-xian-high-tech-zone-zhangba-north-road/
Hilton,HILTON-SIAXAHX,SIAXAHX,Hampton by Hilton Xi'an Qujiang New District,Hampton by Hilton,MAINLAND_CN,CN,Xi'an,true,hilton_official_hotel_summary_extract_leadRate.lowest,CNY,408,¥408,60.13,LHHH1P,Honors Discount,Change or cancel by 6pm local hotel time day of arrival. Free breakfast. Hilton Honors Membership Required.,16000,https://www.hilton.com/en/hotels/siaxahx-hampton-xian-qujiang-new-district/
Hilton,HILTON-XIYSSHX,XIYSSHX,Hampton by Hilton Xi'an Sanqiao Subway Station,Hampton by Hilton,MAINLAND_CN,CN,Xi'an,true,hilton_official_hotel_summary_extract_leadRate.lowest,CNY,385,¥385,56.8,LHHH1P,Honors Discount,Change or cancel by 6pm local hotel time day of arrival. Free breakfast. Hilton Honors Membership Required.,15000,https://www.hilton.com/en/hotels/xiysshx-hampton-xian-sanqiao-subway-station/
Hilton,HILTON-XIYHRHX,XIYHRHX,Hampton by Hilton Xi'an South Gate City Wall,Hampton by Hilton,MAINLAND_CN,CN,Xi'an,true,hilton_official_hotel_summary_extract_leadRate.lowest,CNY,433,¥433,63.78,LHHH1P,Honors Discount,Change or cancel by 6pm local hotel time day of arrival. Free breakfast. Hilton Honors Membership Required.,16000,https://www.hilton.com/en/hotels/xiyhrhx-hampton-xian-south-gate-city-wall/
Hilton,HILTON-XIYBTGI,XIYBTGI,Hilton Garden Inn Xi'an Bell Tower,Hilton Garden Inn,MAINLAND_CN,CN,Xi'an,true,hilton_official_hotel_summary_extract_leadRate.lowest,CNY,487,¥487,71.68,HPPRP1,Honors Discount,Change or cancel up to 1 day before arrival. Hilton Honors Membership Required.,19000,https://www.hilton.com/en/hotels/xiybtgi-hilton-garden-inn-xian-bell-tower/
Hilton,HILTON-SIATZGI,SIATZGI,Hilton Garden Inn Xi'an High-Tech Zone,Hilton Garden Inn,MAINLAND_CN,CN,Xi'an,true,hilton_official_hotel_summary_extract_leadRate.lowest,CNY,341,¥341,50.22,HPPRP1,Honors Discount,Change or cancel up to 1 day before arrival. Hilton Honors Membership Required.,14000,https://www.hilton.com/en/hotels/siatzgi-hilton-garden-inn-xian-high-tech-zone/
Hilton,HILTON-XIYHIHI,XIYHIHI,Hilton Xi'an,Hilton Hotels & Resorts,MAINLAND_CN,CN,Xi'an,true,hilton_official_hotel_summary_extract_leadRate.lowest,CNY,465,¥465,68.49,HPPRP1,Honors Discount,Change or cancel up to 1 day before arrival. Hilton Honors Membership Required.,18000,https://www.hilton.com/en/hotels/xiyhihi-hilton-xian/
Hilton,HILTON-XIYCHHI,XIYCHHI,Hilton Xi'an High-tech Zone,Hilton Hotels & Resorts,MAINLAND_CN,CN,Xi'an,true,hilton_official_hotel_summary_extract_leadRate.lowest,CNY,461,¥461,67.91,HPPRP1,Honors Discount,Change or cancel by 6pm local hotel time day of arrival. Hilton Honors Membership Required.,17000,https://www.hilton.com/en/hotels/xiychhi-hilton-xian-high-tech-zone/
Hilton,HILTON-SIAXNHT,SIAXNHT,Home2 Suites by Hilton Xi'an Bell Tower South Gate,Home2 Suites by Hilton,MAINLAND_CN,CN,Xi'an,true,hilton_official_hotel_summary_extract_leadRate.lowest,CNY,420,¥420,61.88,LHTH1P,Honors Discount,Change or cancel up to 1 day before arrival. Free breakfast. Hilton Honors Membership Required.,17000,https://www.hilton.com/en/hotels/siaxnht-home2-suites-xian-bell-tower-south-gate/
Hilton,HILTON-XNNXDHX,XNNXDHX,Hampton by Hilton Xining Railway Station,Hampton by Hilton,MAINLAND_CN,CN,Xi'ning,true,hilton_official_hotel_summary_extract_leadRate.lowest,CNY,396,¥396,58.39,LHHH1P,Honors Discount,Change or cancel by 6pm local hotel time day of arrival. Free breakfast. Hilton Honors Membership Required.,15000,https://www.hilton.com/en/hotels/xnnxdhx-hampton-xining-railway-station/
Hilton,HILTON-XMNCICI,XMNCICI,Conrad Xiamen,Conrad Hotels & Resorts,MAINLAND_CN,CN,Xiamen,true,hilton_official_hotel_summary_extract_leadRate.lowest,CNY,1408,"¥1,408",207.28,HPPRP1,Honors Discount,Change or cancel up to 1 day before arrival. Hilton Honors Membership Required.,54000,https://www.hilton.com/en/hotels/xmncici-conrad-xiamen/
Hilton,HILTON-XMNXHDI,XMNXHDI,DoubleTree by Hilton Hotel Xiamen - Haicang,DoubleTree by Hilton,MAINLAND_CN,CN,Xiamen,true,hilton_official_hotel_summary_extract_leadRate.lowest,CNY,430,¥430,63.31,HPPRP1,Honors Discount,Change or cancel up to 1 day before arrival. Hilton Honors Membership Required.,17000,https://www.hilton.com/en/hotels/xmnxhdi-doubletree-xiamen-haicang/
Hilton,HILTON-XMNWBDI,XMNWBDI,DoubleTree by Hilton Hotel Xiamen - Wuyuan Bay,DoubleTree by Hilton,MAINLAND_CN,CN,Xiamen,true,hilton_official_hotel_summary_extract_leadRate.lowest,CNY,468,¥468,68.94,HPPRP1,Honors Discount,Change or cancel up to 1 day before arrival. Hilton Honors Membership Required.,18000,https://www.hilton.com/en/hotels/xmnwbdi-doubletree-xiamen-wuyuan-bay/
Hilton,HILTON-XMNXPHX,XMNXPHX,Hampton by Hilton Xiamen City Plaza,Hampton by Hilton,MAINLAND_CN,CN,Xiamen,false,hilton_extract_no_lowest_rate,CNY,,,,,,,,https://www.hilton.com/en/hotels/xmnxphx-hampton-xiamen-city-plaza/
Hilton,HILTON-XMNFJHX,XMNFJHX,Hampton by Hilton Xiamen Hubin South Road,Hampton by Hilton,MAINLAND_CN,CN,Xiamen,true,hilton_official_hotel_summary_extract_leadRate.lowest,CNY,543,¥543,79.97,LHHH1P,Honors Discount,Change or cancel by 6pm local hotel time day of arrival. Free breakfast. Hilton Honors Membership Required.,20000,https://www.hilton.com/en/hotels/xmnfjhx-hampton-xiamen-hubin-south-road/
Hilton,HILTON-XMNIAHX,XMNIAHX,Hampton by Hilton Xiamen Jimei Xinglin Bay,Hampton by Hilton,MAINLAND_CN,CN,Xiamen,true,hilton_official_hotel_summary_extract_leadRate.lowest,CNY,477,¥477,70.29,LHHH1P,Honors Discount,Change or cancel by 6pm local hotel time day of arrival. Free breakfast. Hilton Honors Membership Required.,18000,https://www.hilton.com/en/hotels/xmniahx-hampton-xiamen-jimei-xinglin-bay/
Hilton,HILTON-XMNXNHX,XMNXNHX,Hampton by Hilton Xiamen Liang'an Financial Center,Hampton by Hilton,MAINLAND_CN,CN,Xiamen,true,hilton_official_hotel_summary_extract_leadRate.lowest,CNY,471,¥471,69.34,LHHH1P,Honors Discount,Change or cancel by 6pm local hotel time day of arrival. Free breakfast. Hilton Honors Membership Required.,18000,https://www.hilton.com/en/hotels/xmnxnhx-hampton-xiamen-liangan-financial-center/
Hilton,HILTON-XMNENHX,XMNENHX,Hampton by Hilton Xiamen Tong'an Chengnan,Hampton by Hilton,MAINLAND_CN,CN,Xiamen,true,hilton_official_hotel_summary_extract_leadRate.lowest,CNY,395,¥395,58.23,LHHH1P,Honors Discount,Change or cancel by 6pm local hotel time day of arrival. Free breakfast. Hilton Honors Membership Required.,15000,https://www.hilton.com/en/hotels/xmnenhx-hampton-xiamen-tongan-chengnan/
Hilton,HILTON-XMNBLGI,XMNBLGI,Hilton Garden Inn Xiamen Bailuzhou Park,Hilton Garden Inn,MAINLAND_CN,CN,Xiamen,true,hilton_official_hotel_summary_extract_leadRate.lowest,CNY,395,¥395,58.18,HPPAP4,Honors Discount Advance Purchase,Pre-payment required and non-refundable. Hilton Honors Membership Required.,16000,https://www.hilton.com/en/hotels/xmnblgi-hilton-garden-inn-xiamen-bailuzhou-park/
Hilton,HILTON-XMNTAGI,XMNTAGI,Hilton Garden Inn Xiamen Tong'an,Hilton Garden Inn,MAINLAND_CN,CN,Xiamen,true,hilton_official_hotel_summary_extract_leadRate.lowest,CNY,353,¥353,52.05,HPPRP1,Honors Discount,Change or cancel by 6pm local hotel time day of arrival. Hilton Honors Membership Required.,14000,https://www.hilton.com/en/hotels/xmntagi-hilton-garden-inn-xiamen-tongan/
Hilton,HILTON-XMNHIHI,XMNHIHI,Hilton Xiamen,Hilton Hotels & Resorts,MAINLAND_CN,CN,Xiamen,true,hilton_official_hotel_summary_extract_leadRate.lowest,CNY,619,¥619,91.16,HPPRP1,Honors Discount,Change or cancel by 6pm local hotel time day of arrival. Hilton Honors Membership Required.,24000,https://www.hilton.com/en/hotels/xmnhihi-hilton-xiamen/
Hilton,HILTON-XMNHTLX,XMNHTLX,"HUANG YAN 36 Hotel, an SLH Hotel",Small Luxury Hotels of the World,MAINLAND_CN,CN,Xiamen,true,hilton_official_hotel_summary_extract_leadRate.lowest,CNY,2849,"¥2,849",419.35,HPPRP1,Honors Discount Breakfast Included,Includes breakfast. Hilton Honors Membership Required.,95000,https://www.hilton.com/en/hotels/xmnhtlx-huang-yan-36-hotel/
Hilton,HILTON-XMNXCQQ,XMNXCQQ,"Joyze Hotel Xiamen, Curio Collection by Hilton",Curio Collection by Hilton,MAINLAND_CN,CN,Xiamen,true,hilton_official_hotel_summary_extract_leadRate.lowest,CNY,550,¥550,81.08,HPPRP1,Honors Discount,Change or cancel by 6pm local hotel time day of arrival. Hilton Honors Membership Required.,22000,https://www.hilton.com/en/hotels/xmnxcqq-joyze-hotel-xiamen/
Hilton,HILTON-XMNWAWA,XMNWAWA,Waldorf Astoria Xiamen,Waldorf Astoria,MAINLAND_CN,CN,Xiamen,true,hilton_official_hotel_summary_extract_leadRate.lowest,CNY,2217,"¥2,217",326.45,HPPRP1,Honors Discount,Change or cancel up to 1 day before arrival. Hilton Honors Membership Required.,70000,https://www.hilton.com/en/hotels/xmnwawa-waldorf-astoria-xiamen/
Hilton,HILTON-XIYYHLX,XIYYHLX,"Younch Hotel Xi'an, an SLH Hotel",Small Luxury Hotels of the World,MAINLAND_CN,CN,Xian,true,hilton_official_hotel_summary_extract_leadRate.lowest,CNY,1519,"¥1,519",223.57,HPPRP1,Honors Discount Breakfast Included,Includes breakfast. Hilton Honors Membership Required.,65000,https://www.hilton.com/en/hotels/xiyyhlx-younch-hotel-xian/
Hilton,HILTON-CSXHUHT,CSXHUHT,Home2 Suites by Hilton Xiangtan Jiuhua,Home2 Suites by Hilton,MAINLAND_CN,CN,Xiangtan,true,hilton_official_hotel_summary_extract_leadRate.lowest,CNY,394,¥394,58.02,SHTH4A,Honors Discount Advance Purchase,Free breakfast. No cancellations. Pay now. Hilton Honors Membership Required.,17000,https://www.hilton.com/en/hotels/csxhuht-home2-suites-xiangtan-jiuhua/
Hilton,HILTON-XFNDAHX,XFNDAHX,Hampton by Hilton Xiangyang High-tech Zone,Hampton by Hilton,MAINLAND_CN,CN,Xiangyang,true,hilton_official_hotel_summary_extract_leadRate.lowest,CNY,357,¥357,52.68,LHHH1P,Honors Discount,Change or cancel by 6pm local hotel time day of arrival. Free breakfast. Hilton Honors Membership Required.,14000,https://www.hilton.com/en/hotels/xfndahx-hampton-xiangyang-high-tech-zone/
Hilton,HILTON-XFNANHT,XFNANHT,Home2 Suites by Hilton Xiangyang Xiangzhou,Home2 Suites by Hilton,MAINLAND_CN,CN,Xiangyang,true,hilton_official_hotel_summary_extract_leadRate.lowest,CNY,278,¥278,41.04,SHTH4A,Honors Discount Advance Purchase,Free breakfast. No cancellations. Pay now. Hilton Honors Membership Required.,12000,https://www.hilton.com/en/hotels/xfnanht-home2-suites-xiangyang-xiangzhou/
Hilton,HILTON-XIYINHX,XIYINHX,Hampton by Hilton Xianyang Stadium,Hampton by Hilton,MAINLAND_CN,CN,Xianyang,true,hilton_official_hotel_summary_extract_leadRate.lowest,CNY,360,¥360,52.99,LHHH1P,Honors Discount,Change or cancel by 6pm local hotel time day of arrival. Free breakfast. Hilton Honors Membership Required.,14000,https://www.hilton.com/en/hotels/xiyinhx-hampton-xianyang-stadium/
Hilton,HILTON-XNTCNHX,XNTCNHX,Hampton by Hilton Xingtai Development Zone,Hampton by Hilton,MAINLAND_CN,CN,Xingtai,true,hilton_official_hotel_summary_extract_leadRate.lowest,CNY,360,¥360,52.99,LHHH1P,Honors Discount,Change or cancel by 6pm local hotel time day of arrival. Free breakfast. Hilton Honors Membership Required.,14000,https://www.hilton.com/en/hotels/xntcnhx-hampton-xingtai-development-zone/
Hilton,HILTON-XNTXGHX,XNTXGHX,Hampton by Hilton Xingtai Xingzhou Avenue,Hampton by Hilton,MAINLAND_CN,CN,Xingtai,true,hilton_official_hotel_summary_extract_leadRate.lowest,CNY,312,¥312,46.01,LHHH1P,Honors Discount,Change or cancel by 6pm local hotel time day of arrival. Free breakfast. Hilton Honors Membership Required.,12000,https://www.hilton.com/en/hotels/xntxghx-hampton-xingtai-xingzhou-avenue/
Hilton,HILTON-XNTXXGI,XNTXXGI,Hilton Garden Inn Xingtai Xiangdu District,Hilton Garden Inn,MAINLAND_CN,CN,Xingtai,true,hilton_official_hotel_summary_extract_leadRate.lowest,CNY,226,¥226,33.34,HPPAP4,Honors Discount Advance Purchase,Pre-payment required and non-refundable. Hilton Honors Membership Required.,10000,https://www.hilton.com/en/hotels/xntxxgi-hilton-garden-inn-xingtai-xiangdu-district/
Hilton,HILTON-ACXXYGI,ACXXYGI,Hilton Garden Inn Xingyi Wanfenglin,Hilton Garden Inn,MAINLAND_CN,CN,Xingyi,true,hilton_official_hotel_summary_extract_leadRate.lowest,CNY,330,¥330,48.7,HPPRP1,Honors Discount,Change or cancel up to 1 day before arrival. Hilton Honors Membership Required.,13000,https://www.hilton.com/en/hotels/acxxygi-hilton-garden-inn-xingyi-wanfenglin/
Hilton,HILTON-ACXXNHT,ACXXNHT,Home2 Suites by Hilton Xingyi Jushan Plaza,Home2 Suites by Hilton,MAINLAND_CN,CN,Xingyi,true,hilton_official_hotel_summary_extract_leadRate.lowest,CNY,443,¥443,65.23,SHTH4A,Honors Discount Advance Purchase,Free breakfast. No cancellations. Pay now. Hilton Honors Membership Required.,19000,https://www.hilton.com/en/hotels/acxxnht-home2-suites-xingyi-jushan-plaza/
Hilton,HILTON-XNNWUHX,XNNWUHX,Hampton by Hilton Xining Haihu,Hampton by Hilton,MAINLAND_CN,CN,Xining,true,hilton_official_hotel_summary_extract_leadRate.lowest,CNY,378,¥378,55.69,LHHH1P,Honors Discount,Change or cancel by 6pm local hotel time day of arrival. Free breakfast. Hilton Honors Membership Required.,14000,https://www.hilton.com/en/hotels/xnnwuhx-hampton-xining-haihu/
Hilton,HILTON-LHWXIHX,LHWXIHX,Hampton by Hilton Xining Jiaboyuan,Hampton by Hilton,MAINLAND_CN,CN,Xining,true,hilton_official_hotel_summary_extract_leadRate.lowest,CNY,357,¥357,52.68,LHHH1P,Honors Discount,Change or cancel by 6pm local hotel time day of arrival. Free breakfast. Hilton Honors Membership Required.,14000,https://www.hilton.com/en/hotels/lhwxihx-hampton-xining-jiaboyuan/
Hilton,HILTON-XNNXIHX,XNNXIHX,Hampton by Hilton Xining Kunlun Road,Hampton by Hilton,MAINLAND_CN,CN,Xining,true,hilton_official_hotel_summary_extract_leadRate.lowest,CNY,379,¥379,55.85,LHHH1P,Honors Discount,Change or cancel by 6pm local hotel time day of arrival. Free breakfast. Hilton Honors Membership Required.,14000,https://www.hilton.com/en/hotels/xnnxihx-hampton-xining-kunlun-road/
Hilton,HILTON-XNNBHHX,XNNBHHX,Hampton by Hilton Xining Shangri-La Road,Hampton by Hilton,MAINLAND_CN,CN,Xining,true,hilton_official_hotel_summary_extract_leadRate.lowest,CNY,383,¥383,56.49,LHHH1P,Honors Discount,Change or cancel by 6pm local hotel time day of arrival. Free breakfast. Hilton Honors Membership Required.,15000,https://www.hilton.com/en/hotels/xnnbhhx-hampton-xining-shangri-la-road/
Hilton,HILTON-XNNCDGI,XNNCDGI,Hilton Garden Inn Xining Chengdong,Hilton Garden Inn,MAINLAND_CN,CN,Xining,true,hilton_official_hotel_summary_extract_leadRate.lowest,CNY,380,¥380,56.01,HPPRP1,Honors Discount,Change or cancel up to 1 day before arrival. Hilton Honors Membership Required.,15000,https://www.hilton.com/en/hotels/xnncdgi-hilton-garden-inn-xining-chengdong/
Hilton,HILTON-XHOMIHX,XHOMIHX,Hampton by Hilton Aksu,Hampton by Hilton,MAINLAND_CN,CN,Xinjiang,true,hilton_official_hotel_summary_extract_leadRate.lowest,CNY,479,¥479,70.61,LHHH1P,Honors Discount,至少在到达日当地时间晚上6点之前变更或取消。 Free breakfast. Hilton Honors Membership Required.,18000,https://www.hilton.com/en/hotels/xhomihx-hampton-aksu/
Hilton,HILTON-URCELHX,URCELHX,Hampton by Hilton Tacheng,Hampton by Hilton,MAINLAND_CN,CN,Xinjiang,true,hilton_official_hotel_summary_extract_leadRate.lowest,CNY,431,¥431,63.47,LHHH1P,Honors Discount,Change or cancel by 6pm local hotel time day of arrival. Free breakfast. Hilton Honors Membership Required.,16000,https://www.hilton.com/en/hotels/urcelhx-hampton-tacheng/
Hilton,HILTON-LYIXDHX,LYIXDHX,Hampton by Hilton Xintai,Hampton by Hilton,MAINLAND_CN,CN,Xintai,true,hilton_official_hotel_summary_extract_leadRate.lowest,CNY,360,¥360,52.99,LHHH1P,Honors Discount,Change or cancel by 6pm local hotel time day of arrival. Free breakfast. Hilton Honors Membership Required.,14000,https://www.hilton.com/en/hotels/lyixdhx-hampton-xintai/
Hilton,HILTON-XAIANHX,XAIANHX,Hampton by Hilton Xinyang Yangshan New District,Hampton by Hilton,MAINLAND_CN,CN,Xinyang,true,hilton_official_hotel_summary_extract_leadRate.lowest,CNY,366,¥366,53.95,LHHH1P,Honors Discount,Change or cancel by 6pm local hotel time day of arrival. Free breakfast. Hilton Honors Membership Required.,14000,https://www.hilton.com/en/hotels/xaianhx-hampton-xinyang-yangshan-new-district/
Hilton,HILTON-CGORSGI,CGORSGI,Hilton Garden Inn Xinyang East Railway Station,Hilton Garden Inn,MAINLAND_CN,CN,Xinyang,true,hilton_official_hotel_summary_extract_leadRate.lowest,CNY,277,¥277,40.79,HPPRP1,Honors Discount,Change or cancel up to 1 day before arrival. Hilton Honors Membership Required.,11000,https://www.hilton.com/en/hotels/cgorsgi-hilton-garden-inn-xinyang-east-railway-station/
Hilton,HILTON-WUTACHT,WUTACHT,Home2 Suites by Hilton Xinzhou Ancient City,Home2 Suites by Hilton,MAINLAND_CN,CN,Xinzhou,true,hilton_official_hotel_summary_extract_leadRate.lowest,CNY,327,¥327,48.25,SHTH4A,Honors Discount Advance Purchase,Free breakfast. No cancellations. Pay now. Hilton Honors Membership Required.,14000,https://www.hilton.com/en/hotels/wutacht-home2-suites-xinzhou-ancient-city/
Hilton,HILTON-HGHCRHX,HGHCRHX,Hampton by Hilton Xuancheng Economic Development Zone,Hampton by Hilton,MAINLAND_CN,CN,Xuancheng,true,hilton_official_hotel_summary_extract_leadRate.lowest,CNY,402,¥402,59.18,LHHH1P,Honors Discount,Change or cancel by 6pm local hotel time day of arrival. Free breakfast. Hilton Honors Membership Required.,15000,https://www.hilton.com/en/hotels/hghcrhx-hampton-xuancheng-economic-development-zone/
Hilton,HILTON-WHUENHT,WHUENHT,Home2 Suites by Hilton Xuancheng Xuanzhou,Home2 Suites by Hilton,MAINLAND_CN,CN,Xuancheng,true,hilton_official_hotel_summary_extract_leadRate.lowest,CNY,331,¥331,48.82,SHTH4A,Honors Discount Advance Purchase,Free breakfast. No cancellations. Pay now. Hilton Honors Membership Required.,14000,https://www.hilton.com/en/hotels/whuenht-home2-suites-xuancheng-xuanzhou/
Hilton,HILTON-XUZOHHX,XUZOHHX,Hampton by Hilton Xuzhou Dalong Lake,Hampton by Hilton,MAINLAND_CN,CN,Xuzhou,true,hilton_official_hotel_summary_extract_leadRate.lowest,CNY,333,¥333,49.03,LHHH1P,Honors Discount,Change or cancel up to 1 day before arrival. Free breakfast. Hilton Honors Membership Required.,13000,https://www.hilton.com/en/hotels/xuzohhx-hampton-xuzhou-dalong-lake/
Hilton,HILTON-XUZXRHX,XUZXRHX,Hampton by Hilton Xuzhou Huaihai Road,Hampton by Hilton,MAINLAND_CN,CN,Xuzhou,true,hilton_official_hotel_summary_extract_leadRate.lowest,CNY,333,¥333,49.03,LHHH1P,Honors Discount,Change or cancel by 6pm local hotel time day of arrival. Free breakfast. Hilton Honors Membership Required.,13000,https://www.hilton.com/en/hotels/xuzxrhx-hampton-xuzhou-huaihai-road/
Hilton,HILTON-XUZHNHX,XUZHNHX,Hampton by Hilton Xuzhou Wushan Park,Hampton by Hilton,MAINLAND_CN,CN,Xuzhou,true,hilton_official_hotel_summary_extract_leadRate.lowest,CNY,321,¥321,47.28,LHHH1P,Honors Discount,Change or cancel by 6pm local hotel time day of arrival. Free breakfast. Hilton Honors Membership Required.,12000,https://www.hilton.com/en/hotels/xuzhnhx-hampton-xuzhou-wushan-park/
Hilton,HILTON-XUZXOHX,XUZXOHX,Hampton by Hilton Xuzhou Xinhuai Center,Hampton by Hilton,MAINLAND_CN,CN,Xuzhou,true,hilton_official_hotel_summary_extract_leadRate.lowest,CNY,350,¥350,51.57,LHHH1P,Honors Discount,Change or cancel by 6pm local hotel time day of arrival. Free breakfast. Hilton Honors Membership Required.,13000,https://www.hilton.com/en/hotels/xuzxohx-hampton-xuzhou-xinhuai-center/
Hilton,HILTON-XUZHXHX,XUZHXHX,Hampton by Hilton Xuzhou Yunlong Mountain,Hampton by Hilton,MAINLAND_CN,CN,Xuzhou,true,hilton_official_hotel_summary_extract_leadRate.lowest,CNY,314,¥314,46.33,LHHH1P,Honors Discount,Change or cancel by 6pm local hotel time day of arrival. Free breakfast. Hilton Honors Membership Required.,12000,https://www.hilton.com/en/hotels/xuzhxhx-hampton-xuzhou-yunlong-mountain/
Hilton,HILTON-XUZPCGI,XUZPCGI,Hilton Garden Inn Xuzhou Pengcheng Square,Hilton Garden Inn,MAINLAND_CN,CN,Xuzhou,true,hilton_official_hotel_summary_extract_leadRate.lowest,CNY,339,¥339,49.92,HPPRP1,Honors Discount,Change or cancel up to 1 day before arrival. Hilton Honors Membership Required.,13000,https://www.hilton.com/en/hotels/xuzpcgi-hilton-garden-inn-xuzhou-pengcheng-square/
Hilton,HILTON-XUZHOGI,XUZHOGI,Hilton Garden Inn Xuzhou Yunlong,Hilton Garden Inn,MAINLAND_CN,CN,Xuzhou,true,hilton_official_hotel_summary_extract_leadRate.lowest,CNY,310,¥310,45.66,HPPRP1,Honors Discount,Change or cancel up to 1 day before arrival. Hilton Honors Membership Required.,12000,https://www.hilton.com/en/hotels/xuzhogi-hilton-garden-inn-xuzhou-yunlong/
Hilton,HILTON-XUZCHHT,XUZCHHT,Home2 Suites by Hilton Xuzhou Yunlong,Home2 Suites by Hilton,MAINLAND_CN,CN,Xuzhou,true,hilton_official_hotel_summary_extract_leadRate.lowest,CNY,311,¥311,45.85,SHTH4A,Honors Discount Advance Purchase,Free breakfast. No cancellations. Pay now. Hilton Honors Membership Required.,13000,https://www.hilton.com/en/hotels/xuzchht-home2-suites-xuzhou-yunlong/
Hilton,HILTON-CTUYCDI,CTUYCDI,DoubleTree by Hilton Ya'an,DoubleTree by Hilton,MAINLAND_CN,CN,Ya'an,true,hilton_official_hotel_summary_extract_leadRate.lowest,CNY,325,¥325,47.98,HPPAP4,Honors Discount Advance Purchase,Pre-payment required and non-refundable. Hilton Honors Membership Required.,15000,https://www.hilton.com/en/hotels/ctuycdi-doubletree-yaan/
Hilton,HILTON-CTUAAHT,CTUAAHT,Home2 Suites by Hilton Ya'an Lushan,Home2 Suites by Hilton,MAINLAND_CN,CN,Ya'an,true,hilton_official_hotel_summary_extract_leadRate.lowest,CNY,303,¥303,44.71,SHTH4A,Honors Discount Advance Purchase,Free breakfast. No cancellations. Pay now. Hilton Honors Membership Required.,13000,https://www.hilton.com/en/hotels/ctuaaht-home2-suites-yaan-lushan/
Hilton,HILTON-YNJOPHT,YNJOPHT,Home2 Suites by Hilton Changbaishan Hot Spring,Home2 Suites by Hilton,MAINLAND_CN,CN,Yanbian,true,hilton_official_hotel_summary_extract_leadRate.lowest,CNY,550,¥550,81.08,SHTH4A,Honors Discount Advance Purchase,Free breakfast. No cancellations. Pay now. Hilton Honors Membership Required.,23000,https://www.hilton.com/en/hotels/ynjopht-home2-suites-changbaishan-hot-spring/
Hilton,HILTON-YNZYDDI,YNZYDDI,DoubleTree by Hilton Yancheng Dayangwan,DoubleTree by Hilton,MAINLAND_CN,CN,Yancheng,true,hilton_official_hotel_summary_extract_leadRate.lowest,CNY,433,¥433,63.77,HPPRP1,Honors Discount,Change or cancel by 4pm local hotel time day of arrival. Hilton Honors Membership Required.,17000,https://www.hilton.com/en/hotels/ynzyddi-doubletree-yancheng-dayangwan/
Hilton,HILTON-YNZAAHX,YNZAAHX,Hampton by Hilton Yancheng Dafeng,Hampton by Hilton,MAINLAND_CN,CN,Yancheng,true,hilton_official_hotel_summary_extract_leadRate.lowest,CNY,405,¥405,59.66,LHHH1P,Honors Discount,Change or cancel by 6pm local hotel time day of arrival. Free breakfast. Hilton Honors Membership Required.,15000,https://www.hilton.com/en/hotels/ynzaahx-hampton-yancheng-dafeng/
Hilton,HILTON-YNZRRHX,YNZRRHX,Hampton by Hilton Yancheng Sheyang,Hampton by Hilton,MAINLAND_CN,CN,Yancheng,true,hilton_official_hotel_summary_extract_leadRate.lowest,CNY,330,¥330,48.71,LHHH1P,Honors Discount,Change or cancel by 6pm local hotel time day of arrival. Free breakfast. Hilton Honors Membership Required.,13000,https://www.hilton.com/en/hotels/ynzrrhx-hampton-yancheng-sheyang/
Hilton,HILTON-YNZHIHI,YNZHIHI,Hilton Yancheng,Hilton Hotels & Resorts,MAINLAND_CN,CN,Yancheng,true,hilton_official_hotel_summary_extract_leadRate.lowest,CNY,477,¥477,70.31,HPPRP1,Honors Discount,Change or cancel by 4pm local hotel time day of arrival. Hilton Honors Membership Required.,19000,https://www.hilton.com/en/hotels/ynzhihi-hilton-yancheng/
Hilton,HILTON-TYNQYHX,TYNQYHX,Hampton by Hilton Yangquan East Railway Station,Hampton by Hilton,MAINLAND_CN,CN,Yangquan,true,hilton_official_hotel_summary_extract_leadRate.lowest,CNY,332,¥332,48.87,LHHH1P,Honors Discount,Change or cancel by 6pm local hotel time day of arrival. Free breakfast. Hilton Honors Membership Required.,13000,https://www.hilton.com/en/hotels/tynqyhx-hampton-yangquan-east-station/
Hilton,HILTON-YTYDTDI,YTYDTDI,DoubleTree by Hilton Yangzhou,DoubleTree by Hilton,MAINLAND_CN,CN,Yangzhou,true,hilton_official_hotel_summary_extract_leadRate.lowest,CNY,415,¥415,61.18,HPPRP1,Honors Discount,Change or cancel up to 1 day before arrival. Hilton Honors Membership Required.,16000,https://www.hilton.com/en/hotels/ytydtdi-doubletree-yangzhou/
Hilton,HILTON-YTYYZHX,YTYYZHX,Hampton by Hilton Yangzhou East Railway Station,Hampton by Hilton,MAINLAND_CN,CN,Yangzhou,true,hilton_official_hotel_summary_extract_leadRate.lowest,CNY,417,¥417,61.4,LHHH1P,Honors Discount,Change or cancel by 6pm local hotel time day of arrival. Free breakfast. Hilton Honors Membership Required.,16000,https://www.hilton.com/en/hotels/ytyyzhx-hampton-yangzhou-east-railway-station/
Hilton,HILTON-YTYYAHX,YTYYAHX,Hampton by Hilton Yangzhou Slender West Lake,Hampton by Hilton,MAINLAND_CN,CN,Yangzhou,true,hilton_official_hotel_summary_extract_leadRate.lowest,CNY,408,¥408,60.13,LHHH1P,Honors Discount,Change or cancel by 6pm local hotel time day of arrival. Free breakfast. Hilton Honors Membership Required.,16000,https://www.hilton.com/en/hotels/ytyyahx-hampton-yangzhou-slender-west-lake/
Hilton,HILTON-YTYGZHX,YTYGZHX,Hampton by Hilton Yangzhou Wenchang Road,Hampton by Hilton,MAINLAND_CN,CN,Yangzhou,true,hilton_official_hotel_summary_extract_leadRate.lowest,CNY,451,¥451,66.48,LHHH1P,Honors Discount,Change or cancel by 6pm local hotel time day of arrival. Free breakfast. Hilton Honors Membership Required.,17000,https://www.hilton.com/en/hotels/ytygzhx-hampton-yangzhou-wenchang-road/
Hilton,HILTON-YTYBSHX,YTYBSHX,Hampton by Hilton Yangzhou Yangtze River,Hampton by Hilton,MAINLAND_CN,CN,Yangzhou,true,hilton_official_hotel_summary_extract_leadRate.lowest,CNY,327,¥327,48.26,SHHSO1,Advance Purchase,Free breakfast. No cancellations. Pay now.,13000,https://www.hilton.com/en/hotels/ytybshx-hampton-yangzhou-yangtze-river/
Hilton,HILTON-YNJDIDI,YNJDIDI,DoubleTree by Hilton Yanji,DoubleTree by Hilton,MAINLAND_CN,CN,Yanji,true,hilton_official_hotel_summary_extract_leadRate.lowest,CNY,530,¥530,78.07,HPPRP1,Honors Discount,Change or cancel up to 1 day before arrival. Hilton Honors Membership Required.,21000,https://www.hilton.com/en/hotels/ynjdidi-doubletree-yanji/
Hilton,HILTON-YNJJSHX,YNJJSHX,Hampton by Hilton Yanji City Center,Hampton by Hilton,MAINLAND_CN,CN,Yanji,true,hilton_official_hotel_summary_extract_leadRate.lowest,CNY,509,¥509,75.05,LHHH1P,Honors Discount,Change or cancel by 6pm local hotel time day of arrival. Free breakfast. Hilton Honors Membership Required.,19000,https://www.hilton.com/en/hotels/ynjjshx-hampton-by-hilton-yanji-city-center/
Hilton,HILTON-YNTLAHX,YNTLAHX,Hampton By Hilton Laizhou,Hampton by Hilton,MAINLAND_CN,CN,yantai,true,hilton_official_hotel_summary_extract_leadRate.lowest,CNY,379,¥379,55.85,LHHH1P,Honors Discount,Change or cancel by 6pm local hotel time day of arrival. Free breakfast. Hilton Honors Membership Required.,14000,https://www.hilton.com/en/hotels/yntlahx-hampton-by-hilton-laizhou/
Hilton,HILTON-YNTGBDI,YNTGBDI,DoubleTree by Hilton Yantai Golden Coast Hotel & Suites,DoubleTree by Hilton,MAINLAND_CN,CN,Yantai,true,hilton_official_hotel_summary_extract_leadRate.lowest,CNY,352,¥352,51.9,HPPRP1,Honors Discount,Change or cancel up to 1 day before arrival. Hilton Honors Membership Required.,14000,https://www.hilton.com/en/hotels/yntgbdi-doubletree-yantai-golden-coast-hotel-and-suites/
Hilton,HILTON-YNTYAHX,YNTYAHX,Hampton by Hilton Yantai Jinshatan,Hampton by Hilton,MAINLAND_CN,CN,Yantai,true,hilton_official_hotel_summary_extract_leadRate.lowest,CNY,434,¥434,63.94,LHHH1P,Honors Discount,Change or cancel by 6pm local hotel time day of arrival. Free breakfast. Hilton Honors Membership Required.,16000,https://www.hilton.com/en/hotels/yntyahx-hampton-yantai-jinshatan/
Hilton,HILTON-YNTREHX,YNTREHX,Hampton by Hilton Yantai Penglai Pavilion,Hampton by Hilton,MAINLAND_CN,CN,Yantai,true,hilton_official_hotel_summary_extract_leadRate.lowest,CNY,378,¥378,55.69,LHHH1P,Honors Discount,Change or cancel by 6pm local hotel time day of arrival. Free breakfast. Hilton Honors Membership Required.,14000,https://www.hilton.com/en/hotels/yntrehx-hampton-yantai-penglai-pavilion/
Hilton,HILTON-YNTJRHI,YNTJRHI,Hilton Yantai,Hilton Hotels & Resorts,MAINLAND_CN,CN,Yantai,true,hilton_official_hotel_summary_extract_leadRate.lowest,CNY,495,¥495,72.9,HPPRP1,Honors Discount,Change or cancel up to 1 day before arrival. Hilton Honors Membership Required.,19000,https://www.hilton.com/en/hotels/yntjrhi-hilton-yantai/
Hilton,HILTON-YNTDIHI,YNTDIHI,Hilton Yantai Golden Coast,Hilton Hotels & Resorts,MAINLAND_CN,CN,Yantai,true,hilton_official_hotel_summary_extract_leadRate.lowest,CNY,441,¥441,64.99,HPPRP1,Honors Discount,Change or cancel up to 1 day before arrival. Hilton Honors Membership Required.,17000,https://www.hilton.com/en/hotels/yntdihi-hilton-yantai-golden-coast/
Hilton,HILTON-YNTFJHT,YNTFJHT,Home2 Suites by Hilton Yantai Laishan,Home2 Suites by Hilton,MAINLAND_CN,CN,Yantai,true,hilton_official_hotel_summary_extract_leadRate.lowest,CNY,395,¥395,58.23,LHTH1P,Honors Discount,Change or cancel up to 1 day before arrival. Free breakfast. Hilton Honors Membership Required.,15000,https://www.hilton.com/en/hotels/yntfjht-home2-suites-yantai-laishan/
Hilton,HILTON-YBPSYHX,YBPSYHX,Hampton by Hilton Yibin Cuiping,Hampton by Hilton,MAINLAND_CN,CN,Yibin,true,hilton_official_hotel_summary_extract_leadRate.lowest,CNY,340,¥340,50.14,LHHH1P,Honors Discount,Change or cancel by 6pm local hotel time day of arrival. Free breakfast. Hilton Honors Membership Required.,13000,https://www.hilton.com/en/hotels/ybpsyhx-hampton-yibin-cuiping/
Hilton,HILTON-YBPYCHX,YBPYCHX,Hampton by Hilton Yibin Railway Station,Hampton by Hilton,MAINLAND_CN,CN,Yibin,true,hilton_official_hotel_summary_extract_leadRate.lowest,CNY,358,¥358,52.84,LHHH1P,Honors Discount,Change or cancel by 6pm local hotel time day of arrival. Free breakfast. Hilton Honors Membership Required.,14000,https://www.hilton.com/en/hotels/ybpychx-hampton-yibin-railway-station/
Hilton,HILTON-YBPINHX,YBPINHX,Hampton by Hilton Yibin University Town,Hampton by Hilton,MAINLAND_CN,CN,Yibin,true,hilton_official_hotel_summary_extract_leadRate.lowest,CNY,367,¥367,54.11,LHHH1P,Honors Discount,Change or cancel by 6pm local hotel time day of arrival. Free breakfast. Hilton Honors Membership Required.,14000,https://www.hilton.com/en/hotels/ybpinhx-hampton-yibin-university-town/
Hilton,HILTON-YBPCNHT,YBPCNHT,Home2 Suites by Hilton Yibin Gaoxian,Home2 Suites by Hilton,MAINLAND_CN,CN,Yibin,false,hilton_extract_no_lowest_rate,CNY,,,,,,,,https://www.hilton.com/en/hotels/ybpcnht-home2-suites-yibin-gaoxian/
Hilton,HILTON-YBPYIHT,YBPYIHT,Home2 Suites by Hilton Yibin Xingwen,Home2 Suites by Hilton,MAINLAND_CN,CN,Yibin,true,hilton_official_hotel_summary_extract_leadRate.lowest,CNY,303,¥303,44.71,SHTH4A,Honors Discount Advance Purchase,Free breakfast. No cancellations. Pay now. Hilton Honors Membership Required.,13000,https://www.hilton.com/en/hotels/ybpyiht-home2-suites-yibin-xingwen/
Hilton,HILTON-YIHYYGI,YIHYYGI,Hilton Garden Inn Yichang Yiling,Hilton Garden Inn,MAINLAND_CN,CN,Yichang,true,hilton_official_hotel_summary_extract_leadRate.lowest,CNY,249,¥249,36.74,HPPAP4,Honors Discount Advance Purchase,Pre-payment required and non-refundable. Hilton Honors Membership Required.,12000,https://www.hilton.com/en/hotels/yihyygi-hilton-garden-inn-yichang-yiling/
Hilton,HILTON-YICEYHX,YICEYHX,Hampton by Hilton Yichun High-Speed Railway Station,Hampton by Hilton,MAINLAND_CN,CN,Yichun,true,hilton_official_hotel_summary_extract_leadRate.lowest,CNY,340,¥340,50.14,LHHH1P,Honors Discount,Change or cancel by 6pm local hotel time day of arrival. Free breakfast. Hilton Honors Membership Required.,13000,https://www.hilton.com/en/hotels/yiceyhx-hampton-yichun-high-speed-railway-station/
Hilton,HILTON-INCYGHX,INCYGHX,Hampton by Hilton Yinchuan Glorious Center,Hampton by Hilton,MAINLAND_CN,CN,Yinchuan,true,hilton_official_hotel_summary_extract_leadRate.lowest,CNY,404,¥404,59.5,LHHH1P,Honors Discount,Change or cancel by 6pm local hotel time day of arrival. Free breakfast. Hilton Honors Membership Required.,15000,https://www.hilton.com/en/hotels/incyghx-hampton-yinchuan-glorious-center/
Hilton,HILTON-INCYIHX,INCYIHX,Hampton by Hilton Yinchuan Jinfeng,Hampton by Hilton,MAINLAND_CN,CN,Yinchuan,true,hilton_official_hotel_summary_extract_leadRate.lowest,CNY,403,¥403,59.34,LHHH1P,Honors Discount,Change or cancel by 6pm local hotel time day of arrival. Free breakfast. Hilton Honors Membership Required.,15000,https://www.hilton.com/en/hotels/incyihx-hampton-yinchuan-jinfeng/
Hilton,HILTON-INCYNHT,INCYNHT,Home2 Suites by Hilton Yinchuan Xingqing,Home2 Suites by Hilton,MAINLAND_CN,CN,Yinchuan,true,hilton_official_hotel_summary_extract_leadRate.lowest,CNY,361,¥361,53.2,SHTH4A,Honors Discount Advance Purchase,Free breakfast. No cancellations. Pay now. Hilton Honors Membership Required.,15000,https://www.hilton.com/en/hotels/incynht-home2-suites-yinchuan-xingqing/
Hilton,HILTON-YKHZQGI,YKHZQGI,Hilton Garden Inn Yingkou Zhanqian,Hilton Garden Inn,MAINLAND_CN,CN,Yingkou,true,hilton_official_hotel_summary_extract_leadRate.lowest,CNY,308,¥308,45.35,HPPRP1,Honors Discount,Change or cancel up to 1 day before arrival. Hilton Honors Membership Required.,12000,https://www.hilton.com/en/hotels/ykhzqgi-hilton-garden-inn-yingkou-zhanqian/
Hilton,HILTON-HAKLGDI,HAKLGDI,DoubleTree by Hilton Lingshui Hot Spring,DoubleTree by Hilton,MAINLAND_CN,CN,Yingzhou Town,true,hilton_official_hotel_summary_extract_leadRate.lowest,CNY,381,¥381,56.16,HPPRP1,Honors Discount,Change or cancel by 4pm local hotel time day of arrival. Hilton Honors Membership Required.,15000,https://www.hilton.com/en/hotels/haklgdi-doubletree-lingshui-hot-spring/
Hilton,HILTON-YINDEHX,YINDEHX,Hampton by Hilton Yining,Hampton by Hilton,MAINLAND_CN,CN,Yining,true,hilton_official_hotel_summary_extract_leadRate.lowest,CNY,757,¥757,111.54,LHHH1P,Honors Discount,Change or cancel by 6pm local hotel time day of arrival. Free breakfast. Hilton Honors Membership Required.,25000,https://www.hilton.com/en/hotels/yindehx-hampton-yining/
Hilton,HILTON-YINNYHT,YINNYHT,Home2 Suites by Hilton Yining,Home2 Suites by Hilton,MAINLAND_CN,CN,Yining,true,hilton_official_hotel_summary_extract_leadRate.lowest,CNY,460,¥460,67.78,SHTH4A,Honors Discount Advance Purchase,Free breakfast. No cancellations. Pay now. Hilton Honors Membership Required.,19000,https://www.hilton.com/en/hotels/yinnyht-home2-suites-yining/
Hilton,HILTON-YIWYIHX,YIWYIHX,Hampton by Hilton Yiwu International Trade City,Hampton by Hilton,MAINLAND_CN,CN,Yiwu,true,hilton_official_hotel_summary_extract_leadRate.lowest,CNY,484,¥484,71.24,LHHH1P,Honors Discount,Change or cancel by 6pm local hotel time day of arrival. Free breakfast. Hilton Honors Membership Required.,18000,https://www.hilton.com/en/hotels/yiwyihx-hampton-yiwu-international-trade-market/
Hilton,HILTON-WUXYDHX,WUXYDHX,Hampton by Hilton Yixing Renmin Middle Road,Hampton by Hilton,MAINLAND_CN,CN,Yixing,true,hilton_official_hotel_summary_extract_leadRate.lowest,CNY,358,¥358,52.84,LHHH1P,Honors Discount,Change or cancel by 6pm local hotel time day of arrival. Free breakfast. Hilton Honors Membership Required.,14000,https://www.hilton.com/en/hotels/wuxydhx-hampton-yixing-renmin-middle-road/
Hilton,HILTON-YCUYOHT,YCUYOHT,Home2 Suites by Hilton Yongji,Home2 Suites by Hilton,MAINLAND_CN,CN,Yongji,true,hilton_official_hotel_summary_extract_leadRate.lowest,CNY,319,¥319,46.98,SHTH4A,Honors Discount Advance Purchase,Free breakfast. No cancellations. Pay now. Hilton Honors Membership Required.,13000,https://www.hilton.com/en/hotels/ycuyoht-home2-suites-yongji/
Hilton,HILTON-CSXJRHX,CSXJRHX,Hampton by Hilton Yueyang Yueyang Avenue,Hampton by Hilton,MAINLAND_CN,CN,Yueyang,true,hilton_official_hotel_summary_extract_leadRate.lowest,CNY,432,¥432,63.63,LHHH1P,Honors Discount,Change or cancel by 6pm local hotel time day of arrival. Free breakfast. Hilton Honors Membership Required.,16000,https://www.hilton.com/en/hotels/csxjrhx-hampton-yueyang-yueyang-avenue/
Hilton,HILTON-UYNYNDI,UYNYNDI,DoubleTree by Hilton Shenmu,DoubleTree by Hilton,MAINLAND_CN,CN,Yulin,false,hilton_extract_no_lowest_rate,CNY,,,,,,,,https://www.hilton.com/en/hotels/uynyndi-doubletree-shenmu/
Hilton,HILTON-UYNEDHX,UYNEDHX,Hampton by Hilton Yulin International Convention and Exhibition Center,Hampton by Hilton,MAINLAND_CN,CN,Yulin,true,hilton_official_hotel_summary_extract_leadRate.lowest,CNY,374,¥374,55.06,LHHH1P,Honors Discount,Change or cancel by 6pm local hotel time day of arrival. Free breakfast. Hilton Honors Membership Required.,14000,https://www.hilton.com/en/hotels/uynedhx-hampton-yulin-international-convention-and-exhibition-center/
Hilton,HILTON-YLXCNHX,YLXCNHX,Hampton by Hilton Yulin Jingbian,Hampton by Hilton,MAINLAND_CN,CN,Yulin,true,hilton_official_hotel_summary_extract_leadRate.lowest,CNY,405,¥405,59.66,LHHH1P,Honors Discount,Change or cancel by 6pm local hotel time day of arrival. Free breakfast. Hilton Honors Membership Required.,15000,https://www.hilton.com/en/hotels/ylxcnhx-hampton-yulin-jingbian/
Hilton,HILTON-BHYYMHX,BHYYMHX,Hampton by Hilton Yulin Yudong New Area,Hampton by Hilton,MAINLAND_CN,CN,Yulin,true,hilton_official_hotel_summary_extract_leadRate.lowest,CNY,326,¥326,48.08,LHHH1P,Honors Discount,Change or cancel by 6pm local hotel time day of arrival. Free breakfast. Hilton Honors Membership Required.,13000,https://www.hilton.com/en/hotels/bhyymhx-hampton-yulin-yudong-new-area/
Hilton,HILTON-YCUNCHX,YCUNCHX,Hampton by Hilton Yuncheng Yanhu,Hampton by Hilton,MAINLAND_CN,CN,Yuncheng,true,hilton_official_hotel_summary_extract_leadRate.lowest,CNY,395,¥395,58.23,LHHH1P,Honors Discount,Change or cancel by 6pm local hotel time day of arrival. Free breakfast. Hilton Honors Membership Required.,15000,https://www.hilton.com/en/hotels/ycunchx-hampton-yuncheng-yanhu/
Hilton,HILTON-YCUWRGI,YCUWRGI,Hilton Garden Inn Yuncheng Wanrong,Hilton Garden Inn,MAINLAND_CN,CN,Yuncheng,false,hilton_extract_no_lowest_rate,CNY,,,,,,,,https://www.hilton.com/en/hotels/ycuwrgi-hilton-garden-inn-yuncheng-wanrong/
Hilton,HILTON-XIYABHX,XIYABHX,Hampton by Hilton Yuxi Hongta Railway Station,Hampton by Hilton,MAINLAND_CN,CN,Yuxi,true,hilton_official_hotel_summary_extract_leadRate.lowest,CNY,374,¥374,55.06,LHHH1P,Honors Discount,Change or cancel by 6pm local hotel time day of arrival. Free breakfast. Hilton Honors Membership Required.,14000,https://www.hilton.com/en/hotels/xiyabhx-hampton-yuxi-hongta-railway-station/
Hilton,HILTON-KMGYXGI,KMGYXGI,Hilton Garden Inn Yuxi Xinping,Hilton Garden Inn,MAINLAND_CN,CN,Yuxi,false,hilton_extract_no_lowest_rate,CNY,,,,,,,,https://www.hilton.com/en/hotels/kmgyxgi-hilton-garden-inn-yuxi-xinping/
Hilton,HILTON-NKGYFHI,NKGYFHI,Hilton Yuxi Fuxian Lake,Hilton Hotels & Resorts,MAINLAND_CN,CN,Yuxi,true,hilton_official_hotel_summary_extract_leadRate.lowest,CNY,666,¥666,98.05,HPPAP4,Honors Discount Advance Purchase,Pre-payment required and non-refundable. Hilton Honors Membership Required.,30000,https://www.hilton.com/en/hotels/nkgyfhi-hilton-yuxi-fuxian-lake/
Hilton,HILTON-NGBYYHI,NGBYYHI,Hilton Yuyao,Hilton Hotels & Resorts,MAINLAND_CN,CN,Yuyao,true,hilton_official_hotel_summary_extract_leadRate.lowest,CNY,570,¥570,84.01,HPPRP1,Honors Discount,Change or cancel up to 1 day before arrival. Hilton Honors Membership Required.,22000,https://www.hilton.com/en/hotels/ngbyyhi-hilton-yuyao/
Hilton,HILTON-BRNYHHX,BRNYHHX,Hampton by Hilton Yuzhou,Hampton by Hilton,MAINLAND_CN,CN,Yuzhou,true,hilton_official_hotel_summary_extract_leadRate.lowest,CNY,312,¥312,46.01,LHHH1P,Honors Discount,Change or cancel by 6pm local hotel time day of arrival. Free breakfast. Hilton Honors Membership Required.,12000,https://www.hilton.com/en/hotels/brnyhhx-hampton-yuzhou/
Hilton,HILTON-ZZHXMHX,ZZHXMHX,Hampton by Hilton Zaozhuang Lu‘nan Water City,Hampton by Hilton,MAINLAND_CN,CN,Zaozhuang,false,hilton_extract_no_lowest_rate,CNY,,,,,,,,https://www.hilton.com/en/hotels/zzhxmhx-hampton-zaozhuang-lunan-water-city/
Hilton,HILTON-XUZZZGI,XUZZZGI,Hilton Garden Inn Zaozhuang Shizhong,Hilton Garden Inn,MAINLAND_CN,CN,Zaozhuang,false,hilton_extract_no_lowest_rate,CNY,,,,,,,,https://www.hilton.com/en/hotels/xuzzzgi-hilton-garden-inn-zaozhuang-shizhong/
Hilton,HILTON-WUXZJGI,WUXZJGI,Hilton Garden Inn Zhangjiagang Chang'an South Road,Hilton Garden Inn,MAINLAND_CN,CN,Zhangjiagang,false,hilton_extract_no_lowest_rate,CNY,,,,,,,,https://www.hilton.com/en/hotels/wuxzjgi-hilton-garden-inn-zhangjiagang-changan-south-road/
Hilton,HILTON-DYGZJHX,DYGZJHX,Hampton by Hilton Zhangjiajie National Forest Park,Hampton by Hilton,MAINLAND_CN,CN,Zhangjiajie,true,hilton_official_hotel_summary_extract_leadRate.lowest,CNY,733,¥733,107.89,LHHH1P,Honors Discount,Change or cancel by 6pm local hotel time day of arrival. Free breakfast. Hilton Honors Membership Required.,27000,https://www.hilton.com/en/hotels/dygzjhx-hampton-zhangjiajie-national-forest-park/
Hilton,HILTON-DYGWSHX,DYGWSHX,Hampton by Hilton Zhangjiajie Seventy-two Wonder Towers,Hampton by Hilton,MAINLAND_CN,CN,Zhangjiajie,false,hilton_extract_no_lowest_rate,CNY,,,,,,,,https://www.hilton.com/en/hotels/dygwshx-hampton-zhangjiajie-seventy-two-wonder-towers/
Hilton,HILTON-DYGZAHX,DYGZAHX,Hampton by Hilton Zhangjiajie Tianmen Mountain,Hampton by Hilton,MAINLAND_CN,CN,Zhangjiajie,true,hilton_official_hotel_summary_extract_leadRate.lowest,CNY,455,¥455,67.12,LHHH1P,Honors Discount,Change or cancel by 6pm local hotel time day of arrival. Free breakfast. Hilton Honors Membership Required.,17000,https://www.hilton.com/en/hotels/dygzahx-hampton-zhangjiajie-tianmen-mountain/
Hilton,HILTON-DYGTMGI,DYGTMGI,Hilton Garden Inn Zhangjiajie Tianmen Mountain,Hilton Garden Inn,MAINLAND_CN,CN,Zhangjiajie,true,hilton_official_hotel_summary_extract_leadRate.lowest,CNY,399,¥399,58.74,HPPRP1,Honors Discount,Change or cancel up to 1 day before arrival. Hilton Honors Membership Required.,16000,https://www.hilton.com/en/hotels/dygtmgi-hilton-garden-inn-zhangjiajie-tianmen-mountain/
Hilton,HILTON-DYGGIGI,DYGGIGI,Hilton Garden Inn Zhangjiajie Wulingyuan,Hilton Garden Inn,MAINLAND_CN,CN,Zhangjiajie,true,hilton_official_hotel_summary_extract_leadRate.lowest,CNY,565,¥565,83.25,HPPRP1,Honors Discount,Change or cancel up to 1 day before arrival. Hilton Honors Membership Required.,22000,https://www.hilton.com/en/hotels/dyggigi-hilton-garden-inn-zhangjiajie-wulingyuan/
Hilton,HILTON-DYGZCHT,DYGZCHT,Home2 Suites by Hilton Zhangjiajie Tianmen Mountain,Home2 Suites by Hilton,MAINLAND_CN,CN,Zhangjiajie,false,hilton_extract_no_lowest_rate,CNY,,,,,,,,https://www.hilton.com/en/hotels/dygzcht-home2-suites-zhangjiajie-tianmen-mountain/
Hilton,HILTON-ZQZANHT,ZQZANHT,Home2 Suites by Hilton Zhangjiakou Zhangbei,Home2 Suites by Hilton,MAINLAND_CN,CN,Zhangjiakou,true,hilton_official_hotel_summary_extract_leadRate.lowest,CNY,321,¥321,47.26,SHTH4A,Honors Discount Advance Purchase,Free breakfast. No cancellations. Pay now. Hilton Honors Membership Required.,14000,https://www.hilton.com/en/hotels/zqzanht-home2-suites-zhangjiakou-zhangbei/
Hilton,HILTON-YZYHNHX,YZYHNHX,Hampton by Hilton Zhangye West Railway Station,Hampton by Hilton,MAINLAND_CN,CN,Zhangye,true,hilton_official_hotel_summary_extract_leadRate.lowest,CNY,436,¥436,64.26,LHHH1P,Honors Discount,Change or cancel by 6pm local hotel time day of arrival. Free breakfast. Hilton Honors Membership Required.,17000,https://www.hilton.com/en/hotels/yzyhnhx-hampton-zhangye-west-railway-station/
Hilton,HILTON-XMNZZDI,XMNZZDI,DoubleTree by Hilton Zhangzhou,DoubleTree by Hilton,MAINLAND_CN,CN,Zhangzhou,true,hilton_official_hotel_summary_extract_leadRate.lowest,CNY,446,¥446,65.75,HPPRP1,Honors Discount,Change or cancel by 6pm local hotel time day of arrival. Hilton Honors Membership Required.,18000,https://www.hilton.com/en/hotels/xmnzzdi-doubletree-zhangzhou/
Hilton,HILTON-ZHADAHX,ZHADAHX,Hampton by Hilton Zhanjiang Renmin Avenue,Hampton by Hilton,MAINLAND_CN,CN,Zhanjiang,true,hilton_official_hotel_summary_extract_leadRate.lowest,CNY,419,¥419,61.72,LHHH1P,Honors Discount,Change or cancel by 6pm local hotel time day of arrival. Free breakfast. Hilton Honors Membership Required.,16000,https://www.hilton.com/en/hotels/zhadahx-hampton-zhanjiang-renmin-avenue/
Hilton,HILTON-ZHAWCGI,ZHAWCGI,Hilton Garden Inn Zhanjiang Wuchuan,Hilton Garden Inn,MAINLAND_CN,CN,Zhanjiang,false,hilton_extract_no_lowest_rate,CNY,,,,,,,,https://www.hilton.com/en/hotels/zhawcgi-hilton-garden-inn-zhanjiang-wuchan/
Hilton,HILTON-CGOZUDI,CGOZUDI,DoubleTree by Hilton Zhengzhou Airport Aerotropolis,DoubleTree by Hilton,MAINLAND_CN,CN,Zhengzhou,true,hilton_official_hotel_summary_extract_leadRate.lowest,CNY,441,¥441,64.99,HPPRP1,Honors Discount,Change or cancel up to 1 day before arrival. Hilton Honors Membership Required.,17000,https://www.hilton.com/en/hotels/cgozudi-doubletree-zhengzhou-airport-aerotropolis/
Hilton,HILTON-CGODIDI,CGODIDI,DoubleTree by Hilton Zhengzhou East,DoubleTree by Hilton,MAINLAND_CN,CN,Zhengzhou,true,hilton_official_hotel_summary_extract_leadRate.lowest,CNY,442,¥442,65.14,HPPRP1,Honors Discount,Change or cancel up to 1 day before arrival. Hilton Honors Membership Required.,17000,https://www.hilton.com/en/hotels/cgodidi-doubletree-zhengzhou-east/
Hilton,HILTON-CGOMVHX,CGOMVHX,Hampton by Hilton Zhengzhou East Railway Station,Hampton by Hilton,MAINLAND_CN,CN,Zhengzhou,true,hilton_official_hotel_summary_extract_leadRate.lowest,CNY,431,¥431,63.47,LHHH1P,Honors Discount,Change or cancel by 6pm local hotel time day of arrival. Free breakfast. Hilton Honors Membership Required.,16000,https://www.hilton.com/en/hotels/cgomvhx-hampton-zhengzhou-east-railway-station/
Hilton,HILTON-CGONYHX,CGONYHX,Hampton by Hilton Zhengzhou Jinshui,Hampton by Hilton,MAINLAND_CN,CN,Zhengzhou,true,hilton_official_hotel_summary_extract_leadRate.lowest,CNY,378,¥378,55.69,LHHH1P,Honors Discount,Change or cancel by 6pm local hotel time day of arrival. Free breakfast. Hilton Honors Membership Required.,14000,https://www.hilton.com/en/hotels/cgonyhx-hampton-zhengzhou-jinshui/
Hilton,HILTON-CGOYBHX,CGOYBHX,Hampton by Hilton Zhengzhou Xinzheng International Airport,Hampton by Hilton,MAINLAND_CN,CN,Zhengzhou,true,hilton_official_hotel_summary_extract_leadRate.lowest,CNY,367,¥367,54.11,LHHH1P,Honors Discount,Change or cancel by 6pm local hotel time day of arrival. Free breakfast. Hilton Honors Membership Required.,14000,https://www.hilton.com/en/hotels/cgoybhx-hampton-zhengzhou-xinzheng-international-airport/
Hilton,HILTON-CGOHDHX,CGOHDHX,Hampton by Hilton Zhengzhou Zhengdong New District,Hampton by Hilton,MAINLAND_CN,CN,Zhengzhou,true,hilton_official_hotel_summary_extract_leadRate.lowest,CNY,413,¥413,60.93,LHHH1P,Honors Discount,Change or cancel by 6pm local hotel time day of arrival. Free breakfast. Hilton Honors Membership Required.,16000,https://www.hilton.com/en/hotels/cgohdhx-hampton-zhengzhou-zhengdong-new-district/
Hilton,HILTON-CGOAPGI,CGOAPGI,Hilton Garden Inn Zhengzhou Airport Aerotropolis,Hilton Garden Inn,MAINLAND_CN,CN,Zhengzhou,true,hilton_official_hotel_summary_extract_leadRate.lowest,CNY,353,¥353,52.05,HPPRP1,Honors Discount,Change or cancel up to 1 day before arrival. Hilton Honors Membership Required.,14000,https://www.hilton.com/en/hotels/cgoapgi-hilton-garden-inn-zhengzhou-airport-aerotropolis/
Hilton,HILTON-CGOATGI,CGOATGI,Hilton Garden Inn Zhengzhou Zhengdong New District,Hilton Garden Inn,MAINLAND_CN,CN,Zhengzhou,true,hilton_official_hotel_summary_extract_leadRate.lowest,CNY,315,¥315,46.42,HPPRP1,Honors Discount,Change or cancel up to 1 day before arrival. Hilton Honors Membership Required.,13000,https://www.hilton.com/en/hotels/cgoatgi-hilton-garden-inn-zhengzhou-zhengdong-new-district/
Hilton,HILTON-CGOZHHI,CGOZHHI,Hilton Zhengzhou,Hilton Hotels & Resorts,MAINLAND_CN,CN,Zhengzhou,true,hilton_official_hotel_summary_extract_leadRate.lowest,CNY,459,¥459,67.67,HPPRP1,Honors Discount,Change or cancel up to 1 day before arrival. Hilton Honors Membership Required.,18000,https://www.hilton.com/en/hotels/cgozhhi-hilton-zhengzhou/
Hilton,HILTON-CGOSHHT,CGOSHHT,Home2 Suites by Hilton Zhengzhou East Railway Station,Home2 Suites by Hilton,MAINLAND_CN,CN,Zhengzhou,true,hilton_official_hotel_summary_extract_leadRate.lowest,CNY,328,¥328,48.39,SHTH4A,Honors Discount Advance Purchase,Free breakfast. No cancellations. Pay now. Hilton Honors Membership Required.,14000,https://www.hilton.com/en/hotels/cgoshht-home2-suites-zhengzhou-east-railway-station/
Hilton,HILTON-ZUJHIHX,ZUJHIHX,Hampton by Hilton Zhenjiang,Hampton by Hilton,MAINLAND_CN,CN,Zhenjiang,true,hilton_official_hotel_summary_extract_leadRate.lowest,CNY,369,¥369,54.42,LHHH1P,Honors Discount,Change or cancel by 6pm local hotel time day of arrival. Free breakfast. Hilton Honors Membership Required.,14000,https://www.hilton.com/en/hotels/zujhihx-hampton-by-hilton-zhenjiang/
Hilton,HILTON-ZGNZHHX,ZGNZHHX,Hampton by Hilton Zhongshan Cuiheng New District,Hampton by Hilton,MAINLAND_CN,CN,Zhongshan,true,hilton_official_hotel_summary_extract_leadRate.lowest,CNY,404,¥404,59.5,LHHH1P,Honors Discount,Change or cancel by 6pm local hotel time day of arrival. Free breakfast. Hilton Honors Membership Required.,15000,https://www.hilton.com/en/hotels/zgnzhhx-hampton-zhongshan-cuiheng-new-district/
Hilton,HILTON-ZGNHXHX,ZGNHXHX,Hampton by Hilton Zhongshan Nanlang,Hampton by Hilton,MAINLAND_CN,CN,Zhongshan,true,hilton_official_hotel_summary_extract_leadRate.lowest,CNY,395,¥395,58.23,LHHH1P,Honors Discount,Change or cancel by 6pm local hotel time day of arrival. Free breakfast. Hilton Honors Membership Required.,15000,https://www.hilton.com/en/hotels/zgnhxhx-hampton-zhongshan-nanlang/
Hilton,HILTON-ZHAZXHX,ZHAZXHX,Hampton by Hilton Zhongshan Xiaolan,Hampton by Hilton,MAINLAND_CN,CN,Zhongshan,true,hilton_official_hotel_summary_extract_leadRate.lowest,CNY,447,¥447,65.85,LHHH1P,Honors Discount,Change or cancel by 6pm local hotel time day of arrival. Free breakfast. Hilton Honors Membership Required.,17000,https://www.hilton.com/en/hotels/zhazxhx-hampton-zhongshan-xiaolan/
Hilton,HILTON-ZGNGIGI,ZGNGIGI,Hilton Garden Inn Zhongshan Guzhen,Hilton Garden Inn,MAINLAND_CN,CN,Zhongshan,true,hilton_official_hotel_summary_extract_leadRate.lowest,CNY,330,¥330,48.7,HPPRP1,Honors Discount,Change or cancel by 6pm local hotel time day of arrival. Hilton Honors Membership Required.,13000,https://www.hilton.com/en/hotels/zgngigi-hilton-garden-inn-zhongshan-guzhen/
Hilton,HILTON-ZGNSOGI,ZGNSOGI,Hilton Garden Inn Zhongshan South,Hilton Garden Inn,MAINLAND_CN,CN,Zhongshan,true,hilton_official_hotel_summary_extract_leadRate.lowest,CNY,356,¥356,52.51,HPPRP1,Honors Discount,Change or cancel by 6pm local hotel time day of arrival. Hilton Honors Membership Required.,14000,https://www.hilton.com/en/hotels/zgnsogi-hilton-garden-inn-zhongshan-south/
Hilton,HILTON-ZGNZDHI,ZGNZDHI,Hilton Zhongshan Downtown,Hilton Hotels & Resorts,MAINLAND_CN,CN,Zhongshan,true,hilton_official_hotel_summary_extract_leadRate.lowest,CNY,530,¥530,78.07,HPPRP1,Honors Discount,Change or cancel up to 1 day before arrival. Hilton Honors Membership Required.,21000,https://www.hilton.com/en/hotels/zgnzdhi-hilton-zhongshan-downtown/
Hilton,HILTON-ZHYZGHX,ZHYZGHX,Hampton by Hilton Zhongwei Shapotou,Hampton by Hilton,MAINLAND_CN,CN,Zhongwei,true,hilton_official_hotel_summary_extract_leadRate.lowest,CNY,398,¥398,58.71,LHHH1P,Honors Discount,Change or cancel by 6pm local hotel time day of arrival. Free breakfast. Hilton Honors Membership Required.,15000,https://www.hilton.com/en/hotels/zhyzghx-hampton-zhongwei-shapotou/
Hilton,HILTON-ZHYZSGI,ZHYZSGI,Hilton Garden Inn Zhongwei Shapotou,Hilton Garden Inn,MAINLAND_CN,CN,Zhongwei,true,hilton_official_hotel_summary_extract_leadRate.lowest,CNY,345,¥345,50.83,HPPRP1,Honors Discount,Change or cancel up to 1 day before arrival. Hilton Honors Membership Required.,14000,https://www.hilton.com/en/hotels/zhyzsgi-hilton-garden-inn-zhongwei-shapotou/
Hilton,HILTON-ZRHZHHX,ZRHZHHX,Hampton by Hilton Zhoukou Chuanhui District,Hampton by Hilton,MAINLAND_CN,CN,Zhoukou,true,hilton_official_hotel_summary_extract_leadRate.lowest,CNY,395,¥395,58.23,LHHH1P,Honors Discount,Change or cancel by 6pm local hotel time day of arrival. Free breakfast. Hilton Honors Membership Required.,15000,https://www.hilton.com/en/hotels/zrhzhhx-hampton-zhoukou-chuanhui-district/
Hilton,HILTON-CGOZCGI,CGOZCGI,Hilton Garden Inn Zhoukou Chuanhui,Hilton Garden Inn,MAINLAND_CN,CN,Zhoukou,true,hilton_official_hotel_summary_extract_leadRate.lowest,CNY,318,¥318,46.87,HPPRP1,Honors Discount,Change or cancel by 6pm local hotel time day of arrival. Hilton Honors Membership Required.,13000,https://www.hilton.com/en/hotels/cgozcgi-hilton-garden-inn-zhoukou-chuanhui/
Hilton,HILTON-CGOZKGI,CGOZKGI,Hilton Garden Inn Zhoukou Huaiyang,Hilton Garden Inn,MAINLAND_CN,CN,Zhoukou,true,hilton_official_hotel_summary_extract_leadRate.lowest,CNY,225,¥225,33.18,HPPRP1,Honors Discount,Change or cancel by 6pm local hotel time day of arrival. Hilton Honors Membership Required.,9000,https://www.hilton.com/en/hotels/cgozkgi-hilton-garden-inn-zhoukou-huaiyang/
Hilton,HILTON-HSNDCHX,HSNDCHX,Hampton by Hilton Zhoushan Daishan,Hampton by Hilton,MAINLAND_CN,CN,Zhoushan,true,hilton_official_hotel_summary_extract_leadRate.lowest,CNY,395,¥395,58.23,LHHH1P,Honors Discount,Change or cancel by 6pm local hotel time day of arrival. Free breakfast. Hilton Honors Membership Required.,15000,https://www.hilton.com/en/hotels/hsndchx-hampton-zhoushan-daishan/
Hilton,HILTON-HSNZNHX,HSNZNHX,Hampton by Hilton Zhoushan New Town,Hampton by Hilton,MAINLAND_CN,CN,Zhoushan,true,hilton_official_hotel_summary_extract_leadRate.lowest,CNY,432,¥432,63.63,LHHH1P,Honors Discount,Change or cancel by 6pm local hotel time day of arrival. Free breakfast. Hilton Honors Membership Required.,16000,https://www.hilton.com/en/hotels/hsnznhx-hampton-zhoushan-new-town/
Hilton,HILTON-HSNOTHX,HSNOTHX,Hampton by Hilton Zhoushan Putuo,Hampton by Hilton,MAINLAND_CN,CN,Zhoushan,true,hilton_official_hotel_summary_extract_leadRate.lowest,CNY,408,¥408,60.13,LHHH1P,Honors Discount,Change or cancel by 6pm local hotel time day of arrival. Free breakfast. Hilton Honors Membership Required.,16000,https://www.hilton.com/en/hotels/hsnothx-hampton-zhoushan-putuo/
Hilton,HILTON-HSNBRHX,HSNBRHX,Hampton by Hilton Zhoushan Putuo Banshengdong Wharf,Hampton by Hilton,MAINLAND_CN,CN,Zhoushan,true,hilton_official_hotel_summary_extract_leadRate.lowest,CNY,502,¥502,73.94,LHHH1P,Honors Discount,Change or cancel by 6pm local hotel time day of arrival. Free breakfast. Hilton Honors Membership Required.,19000,https://www.hilton.com/en/hotels/hsnbrhx-hampton-zhoushan-putuo-banshengdong-wharf/
Hilton,HILTON-HSNPTGI,HSNPTGI,Hilton Garden Inn Zhoushan Mount Putuo,Hilton Garden Inn,MAINLAND_CN,CN,Zhoushan,true,hilton_official_hotel_summary_extract_leadRate.lowest,CNY,1151,"¥1,151",169.54,HPPRP1,Honors Discount,Change or cancel up to 1 day before arrival. Hilton Honors Membership Required.,45000,https://www.hilton.com/en/hotels/hsnptgi-hilton-garden-inn-zhoushan-mount-putuo/
Hilton,HILTON-HSNZOGI,HSNZOGI,Hilton Garden Inn Zhoushan Putuo District,Hilton Garden Inn,MAINLAND_CN,CN,Zhoushan,false,hilton_extract_no_lowest_rate,CNY,,,,,,,,https://www.hilton.com/en/hotels/hsnzogi-hilton-garden-inn-zhoushan-putuo-dongang/
Hilton,HILTON-HSNZHHI,HSNZHHI,Hilton Zhoushan,Hilton Hotels & Resorts,MAINLAND_CN,CN,Zhoushan,true,hilton_official_hotel_summary_extract_leadRate.lowest,CNY,582,¥582,85.68,HPPRP1,Honors Discount,Change or cancel by 4pm local hotel time day of arrival. Hilton Honors Membership Required.,23000,https://www.hilton.com/en/hotels/hsnzhhi-hilton-zhoushan/
Hilton,HILTON-ZUHAIDI,ZUHAIDI,DoubleTree by Hilton Zhuhai Hengqin,DoubleTree by Hilton,MAINLAND_CN,CN,Zhuhai,true,hilton_official_hotel_summary_extract_leadRate.lowest,CNY,468,¥468,68.95,HPPRP1,Honors Discount,Change or cancel by 6pm local hotel time day of arrival. Hilton Honors Membership Required.,18000,https://www.hilton.com/en/hotels/zuhaidi-doubletree-zhuhai-hengqin/
Hilton,HILTON-ZUHMGHX,ZUHMGHX,Hampton by Hilton Zhuhai Chengfeng Plaza,Hampton by Hilton,MAINLAND_CN,CN,Zhuhai,true,hilton_official_hotel_summary_extract_leadRate.lowest,CNY,405,¥405,59.66,LHHH1P,Honors Discount,Change or cancel by 6pm local hotel time day of arrival. Free breakfast. Hilton Honors Membership Required.,17000,https://www.hilton.com/en/hotels/zuhmghx-hampton-zhuhai-chengfeng-plaza/
Hilton,HILTON-MFMZUHX,MFMZUHX,Hampton by Hilton Zhuhai Doumen,Hampton by Hilton,MAINLAND_CN,CN,Zhuhai,true,hilton_official_hotel_summary_extract_leadRate.lowest,CNY,439,¥439,64.74,LHHH1P,Honors Discount,Change or cancel by 6pm local hotel time day of arrival. Free breakfast. Hilton Honors Membership Required.,17000,https://www.hilton.com/en/hotels/mfmzuhx-hampton-zhuhai-doumen/
Hilton,HILTON-ZUHZAHX,ZUHZAHX,Hampton by Hilton Zhuhai Gongbei Port,Hampton by Hilton,MAINLAND_CN,CN,Zhuhai,true,hilton_official_hotel_summary_extract_leadRate.lowest,CNY,395,¥395,58.23,LHHH1P,Honors Discount,Change or cancel by 6pm local hotel time day of arrival. Free breakfast. Hilton Honors Membership Required.,15000,https://www.hilton.com/en/hotels/zuhzahx-hampton-zhuhai-gongbei-port/
Hilton,HILTON-MFMZHGI,MFMZHGI,Hilton Garden Inn Zhuhai Hengqin,Hilton Garden Inn,MAINLAND_CN,CN,Zhuhai,true,hilton_official_hotel_summary_extract_leadRate.lowest,CNY,355,¥355,52.29,HPPAP4,Honors Discount Advance Purchase,Pre-payment required and non-refundable. Hilton Honors Membership Required.,14000,https://www.hilton.com/en/hotels/mfmzhgi-hilton-garden-inn-zhuhai-hengqin/
Hilton,HILTON-MFMHQGI,MFMHQGI,Hilton Garden Inn Zhuhai Hengqin Sumlodol Park,Hilton Garden Inn,MAINLAND_CN,CN,Zhuhai,true,hilton_official_hotel_summary_extract_leadRate.lowest,CNY,399,¥399,58.83,HPPAP4,Honors Discount Advance Purchase,Pre-payment required and non-refundable. Hilton Honors Membership Required.,16000,https://www.hilton.com/en/hotels/mfmhqgi-hilton-garden-inn-zhuhai-hengqin-sumlodol-park/
Hilton,HILTON-ZUHJNGI,ZUHJNGI,Hilton Garden Inn Zhuhai Jinan University,Hilton Garden Inn,MAINLAND_CN,CN,Zhuhai,true,hilton_official_hotel_summary_extract_leadRate.lowest,CNY,352,¥352,51.9,HPPRP1,Honors Discount,Change or cancel by 6pm local hotel time day of arrival. Hilton Honors Membership Required.,14000,https://www.hilton.com/en/hotels/zuhjngi-hilton-garden-inn-zhuhai-jinan-university/
Hilton,HILTON-ZUHHIHI,ZUHHIHI,Hilton Zhuhai,Hilton Hotels & Resorts,MAINLAND_CN,CN,Zhuhai,true,hilton_official_hotel_summary_extract_leadRate.lowest,CNY,485,¥485,71.53,HPPRP1,Honors Discount,Change or cancel up to 1 day before arrival. Hilton Honors Membership Required.,19000,https://www.hilton.com/en/hotels/zuhhihi-hilton-zhuhai/
Hilton,HILTON-ZUHARHT,ZUHARHT,Home2 Suites by Hilton Zhuhai Jinwan Airport,Home2 Suites by Hilton,MAINLAND_CN,CN,Zhuhai,true,hilton_official_hotel_summary_extract_leadRate.lowest,CNY,327,¥327,48.25,SHTH4A,Honors Discount Advance Purchase,Free breakfast. No cancellations. Pay now. Hilton Honors Membership Required.,14000,https://www.hilton.com/en/hotels/zuharht-home2-suites-zhuhai-jinwan/
Hilton,HILTON-HGHZJGI,HGHZJGI,Hilton Garden Inn Zhuji East,Hilton Garden Inn,MAINLAND_CN,CN,Zhuji,true,hilton_official_hotel_summary_extract_leadRate.lowest,CNY,299,¥299,44.14,HPPRP1,Honors Discount,Change or cancel by 6pm local hotel time day of arrival. Hilton Honors Membership Required.,12000,https://www.hilton.com/en/hotels/hghzjgi-hilton-garden-inn-zhuji-east/
Hilton,HILTON-LYAZNHX,LYAZNHX,Hampton by Hilton Zhumadian Sports Center,Hampton by Hilton,MAINLAND_CN,CN,Zhumadian,true,hilton_official_hotel_summary_extract_leadRate.lowest,CNY,319,¥319,46.97,LHHH1P,Honors Discount,Change or cancel by 6pm local hotel time day of arrival. Free breakfast. Hilton Honors Membership Required.,12000,https://www.hilton.com/en/hotels/lyaznhx-hampton-zhumadian-sports-center/
Hilton,HILTON-DHUHUHX,DHUHUHX,Hampton by Hilton Zhuzhou Hongqi Square,Hampton by Hilton,MAINLAND_CN,CN,Zhuzhou,true,hilton_official_hotel_summary_extract_leadRate.lowest,CNY,387,¥387,56.96,LHHH1P,Honors Discount,Change or cancel by 6pm local hotel time day of arrival. Free breakfast. Hilton Honors Membership Required.,15000,https://www.hilton.com/en/hotels/dhuhuhx-hampton-zhuzhou-hongqi-square/
Hilton,HILTON-CSXZHHI,CSXZHHI,Hilton Zhuzhou,Hilton Hotels & Resorts,MAINLAND_CN,CN,Zhuzhou,true,hilton_official_hotel_summary_extract_leadRate.lowest,CNY,398,¥398,58.59,HPPRP1,Honors Discount,Change or cancel by 4pm local hotel time day of arrival. Hilton Honors Membership Required.,16000,https://www.hilton.com/en/hotels/csxzhhi-hilton-zhuzhou/
Hilton,HILTON-TNAZOHX,TNAZOHX,Hampton by Hilton Zibo Haidai Tower,Hampton by Hilton,MAINLAND_CN,CN,Zibo,true,hilton_official_hotel_summary_extract_leadRate.lowest,CNY,366,¥366,53.95,LHHH1P,Honors Discount,Change or cancel by 6pm local hotel time day of arrival. Free breakfast. Hilton Honors Membership Required.,14000,https://www.hilton.com/en/hotels/tnazohx-hampton-zibo-hadai-tower/
Hilton,HILTON-ZHAZMHX,ZHAZMHX,Hampton by Hilton Zibo Zhangdian Badaju,Hampton by Hilton,MAINLAND_CN,CN,Zibo,true,hilton_official_hotel_summary_extract_leadRate.lowest,CNY,360,¥360,52.99,LHHH1P,Honors Discount,Change or cancel by 6pm local hotel time day of arrival. Free breakfast. Hilton Honors Membership Required.,14000,https://www.hilton.com/en/hotels/zhazmhx-hampton-zibo-zhangdian-badaju/
Hilton,HILTON-TNAZIGI,TNAZIGI,Hilton Garden Inn Zibo Zhangdian,Hilton Garden Inn,MAINLAND_CN,CN,Zibo,true,hilton_official_hotel_summary_extract_leadRate.lowest,CNY,308,¥308,45.35,HPPRP1,Honors Discount,Change or cancel up to 1 day before arrival. Hilton Honors Membership Required.,12000,https://www.hilton.com/en/hotels/tnazigi-hilton-garden-inn-zibo-zhangdian/
Hilton,HILTON-TNAZBHT,TNAZBHT,Home2 Suites by Hilton Zibo Zhangdian,Home2 Suites by Hilton,MAINLAND_CN,CN,Zibo,true,hilton_official_hotel_summary_extract_leadRate.lowest,CNY,295,¥295,43.44,SHTH4A,Honors Discount Advance Purchase,Free breakfast. No cancellations. Pay now. Hilton Honors Membership Required.,12000,https://www.hilton.com/en/hotels/tnazbht-home2-suites-zibo-zhangdian/
Hilton,HILTON-YBPDIDI,YBPDIDI,DoubleTree by Hilton Zigong,DoubleTree by Hilton,MAINLAND_CN,CN,Zigong,true,hilton_official_hotel_summary_extract_leadRate.lowest,CNY,426,¥426,62.75,HPPAP4,Honors Discount Advance Purchase,Pre-payment required and non-refundable. Hilton Honors Membership Required.,20000,https://www.hilton.com/en/hotels/ybpdidi-doubletree-zigong/
Hilton,HILTON-YBPHZGI,YBPHZGI,Hilton Garden Inn Zigong High-Tech Zone,Hilton Garden Inn,MAINLAND_CN,CN,Zigong,true,hilton_official_hotel_summary_extract_leadRate.lowest,CNY,288,¥288,42.49,HPPAP4,Honors Discount Advance Purchase,Pre-payment required and non-refundable. Hilton Honors Membership Required.,13000,https://www.hilton.com/en/hotels/ybphzgi-hilton-garden-inn-zigong-high-tech-zone/
Hilton,HILTON-WMTMTGI,WMTMTGI,Hilton Garden Inn Guizhou Maotai Town,Hilton Garden Inn,MAINLAND_CN,CN,"Zunyi, Guizhou Province",true,hilton_official_hotel_summary_extract_leadRate.lowest,CNY,388,¥388,57.22,HPPRP1,Honors Discount,Change or cancel up to 1 day before arrival. Hilton Honors Membership Required.,15000,https://www.hilton.com/en/hotels/wmtmtgi-hilton-garden-inn-guizhou-maotai-town/
Hilton,HILTON-MFMCSCI,MFMCSCI,Conrad Macao,Conrad Hotels & Resorts,MO,MO,Macao,true,hilton_official_hotel_summary_extract_leadRate.lowest,MOP,1023,"MOP 1,023",126.81,HPPAP4,Honors Discount Advance Purchase,Pre-payment required and non-refundable. Hilton Honors Membership Required.,46000,https://www.hilton.com/en/hotels/mfmcsci-conrad-macao/
Hilton,HILTON-TPEBSLX,TPEBSLX,"Hotel Beore Sun Moon Lake, an SLH Hotel",Small Luxury Hotels of the World,TW,TW,Nantou,true,hilton_official_hotel_summary_extract_leadRate.lowest,TWD,7350,"NT$7,350",233.42,HPPRP1,Honors Discount Breakfast Included,Includes breakfast. Hilton Honors Membership Required.,60000,https://www.hilton.com/en/hotels/tpebslx-hotel-beore-sun-moon-lake/
Hilton,HILTON-TXGEMLX,TXGEMLX,"The Old England Manor, an SLH Hotel",Small Luxury Hotels of the World,TW,TW,Nantou,true,hilton_official_hotel_summary_extract_leadRate.lowest,TWD,10838,"NT$10,838",344.21,HPPRP1,Honors Discount,Hilton Honors Membership Required.,103000,https://www.hilton.com/en/hotels/txgemlx-the-old-england-manor/
Hilton,HILTON-TSATCHI,TSATCHI,Hilton Taipei Sinban,Hilton Hotels & Resorts,TW,TW,New Taipei City,true,hilton_official_hotel_summary_extract_leadRate.lowest,TWD,3618,"NT$3,618",114.91,HPPAP4,Honors Discount Advance Purchase,Pre-payment required and non-refundable. Hilton Honors Membership Required.,45000,https://www.hilton.com/en/hotels/tsatchi-hilton-taipei-sinban/
Hilton,HILTON-TNNSASA,TNNSASA,Signia by Hilton Tainan,Signia by Hilton,TW,TW,Tainan,false,hilton_extract_no_lowest_rate,TWD,,,,,,,,https://www.hilton.com/en/hotels/tnnsasa-signia-tainan/
Hilton,HILTON-TSATPDI,TSATPDI,DoubleTree By Hilton Taipei Zhongshan,DoubleTree by Hilton,TW,TW,Taipei,true,hilton_official_hotel_summary_extract_leadRate.lowest,TWD,5285,"NT$5,285",167.84,HPPAP4,Honors Discount Advance Purchase,Pre-payment required and non-refundable. Hilton Honors Membership Required.,58000,https://www.hilton.com/en/hotels/tsatpdi-doubletree-taipei-zhongshan/
Hilton,HILTON-TPEGVLX,TPEGVLX,"Grand Victoria Hotel, an SLH Hotel",Small Luxury Hotels of the World,TW,TW,Taipei,true,hilton_official_hotel_summary_extract_leadRate.lowest,TWD,5497,"NT$5,497",174.59,HPPRP1,Honors Discount,Hilton Honors Membership Required.,55000,https://www.hilton.com/en/hotels/tpegvlx-grand-victoria-hotel/
Hilton,HILTON-TSAUPUP,TSAUPUP,"Hotel Resonance Taipei, Tapestry Collection by Hilton",Tapestry by Hilton,TW,TW,Taipei,true,hilton_official_hotel_summary_extract_leadRate.lowest,TWD,5162,"NT$5,162",163.95,HPPAP4,Honors Discount Advance Purchase,Pre-payment required and non-refundable. Hilton Honors Membership Required.,60000,https://www.hilton.com/en/hotels/tsaupup-hotel-resonance-taipei/
Hilton,HILTON-TSAQQQQ,TSAQQQQ,"Humble House Taipei, Curio Collection by Hilton",Curio Collection by Hilton,TW,TW,Taipei,true,hilton_official_hotel_summary_extract_leadRate.lowest,TWD,6661,"NT$6,661",211.56,HPPAP4,Honors Discount Advance Purchase,Pre-payment required and non-refundable. Hilton Honors Membership Required.,50000,https://www.hilton.com/en/hotels/tsaqqqq-humble-house-taipei/
