spiritCode,name_en,name_zh,brand_en,brand_zh,brandKey,hotelStatus,propertyType,gpCategory,city_en,city_zh,province_en,province_zh,address1_en,address1_zh,zipcode,latitude,longitude,phone,propertySiteURL_en,propertySiteURL_zh,bookableDate,openDate,checkinTime,checkoutTime,nonSmoking
IHG-HKGLR,Crowne Plaza Hong Kong Causeway Bay,,Crowne Plaza,皇冠假日酒店,ihg-crowne-plaza,FULLY_BOOKABLE,Hotel,Hotel,Hong Kong,香港,,,"No.8 Leighton Road,Causeway Bay, Hong Kong, Hong Kong",,,22.276892,114.18252,852-3980-3800,https://www.ihg.com/crowneplaza/hotels/us/en/hong-kong/hkglr/hoteldetail,https://www.ihg.com/crowneplaza/hotels/cn/zh/hong-kong/hkglr/hoteldetail,,,,,
IHG-HKGCW,Holiday Inn Express Hong Kong Causeway Bay,,Holiday Inn Express,智选假日酒店,ihg-holiday-inn-express,FULLY_BOOKABLE,Hotel,Hotel,Hong Kong,香港,,,"No.33 Sharp Street East Causeway Bay, Hong Kong, Hong Kong",,,22.277838,114.18209,852-3558-6688,https://www.ihg.com/holidayinnexpress/hotels/us/en/hong-kong/hkgcw/hoteldetail,https://www.ihg.com/holidayinnexpress/hotels/cn/zh/hong-kong/hkgcw/hoteldetail,,,,,
IHG-HKGKK,Holiday Inn Express Hong Kong Kowloon CBD2,,Holiday Inn Express,智选假日酒店,ihg-holiday-inn-express,FULLY_BOOKABLE,Hotel,Hotel,Hong Kong,香港,,,"97 How Ming Street Kwun Tong, Kowloon, Hong Kong, Hong Kong",,,22.31275,114.22305,852-3890-2888,https://www.ihg.com/holidayinnexpress/hotels/us/en/hong-kong/hkgkk/hoteldetail,https://www.ihg.com/holidayinnexpress/hotels/cn/zh/hong-kong/hkgkk/hoteldetail,,,,,
IHG-HKGMK,Holiday Inn Express Hong Kong Mongkok,,Holiday Inn Express,智选假日酒店,ihg-holiday-inn-express,FULLY_BOOKABLE,Hotel,Hotel,Hong Kong,香港,,,"No.1 Dundas Street, Mongkok, Hong Kong, Hong Kong",,,22.314863,114.16727,852-2200-3888,https://www.ihg.com/holidayinnexpress/hotels/us/en/hong-kong/hkgmk/hoteldetail,https://www.ihg.com/holidayinnexpress/hotels/cn/zh/hong-kong/hkgmk/hoteldetail,,,,,
IHG-HKGKL,Holiday Inn Golden Mile Hong Kong,,Holiday Inn,假日酒店,ihg-holiday-inn,FULLY_BOOKABLE,Hotel,Hotel,Hong Kong,香港,,,"50 Nathan Road,Tsimshatsui, Kowloon, Hong Kong, Hong Kong",,,22.29677,114.17265,852-2369-3111,https://www.ihg.com/holidayinn/hotels/us/en/hong-kong/hkgkl/hoteldetail,https://www.ihg.com/holidayinn/hotels/cn/zh/hong-kong/hkgkl/hoteldetail,,,,,
IHG-HKGIN,Hotel Indigo Hong Kong Island,,Hotel Indigo,英迪格酒店,ihg-hotel-indigo,FULLY_BOOKABLE,Hotel,Hotel,Hong Kong,香港,,,"No. 246 Queen's Road East, Wanchai, Hong Kong, Hong Kong",,,22.274515,114.17324,852-3926-3888,https://www.ihg.com/hotelindigo/hotels/us/en/hong-kong/hkgin/hoteldetail,https://www.ihg.com/hotelindigo/hotels/cn/zh/hong-kong/hkgin/hoteldetail,,,,,
IHG-HKGHB,InterContinental Grand Stanford Hong Kong,,InterContinental,洲际酒店及度假村,ihg-intercontinental,FULLY_BOOKABLE,Hotel,Hotel,Hong Kong,香港,,,"No. 70 Mody Road, Tsimshatsui East, Kowloon, Hong Kong, Hong Kong",,,22.299494,114.17928,852-2721-5161,https://www.ihg.com/intercontinental/hotels/us/en/hong-kong/hkghb/hoteldetail,https://www.ihg.com/intercontinental/hotels/cn/zh/hong-kong/hkghb/hoteldetail,,,,,
IHG-HKGKH,Kimpton Tsim Sha Tsui Hong Kong,,Kimpton,金普顿酒店及餐厅,ihg-kimpton,FULLY_BOOKABLE,Hotel,Hotel,Hong Kong,香港,,,"11 Middle Road, Tsim Sha Tsui, Kowloon, Hong Kong, Hong Kong",,,22.29585,114.17368,,https://www.ihg.com/kimptonhotels/hotels/us/en/hong-kong/hkgkh/hoteldetail,https://www.ihg.com/kimptonhotels/hotels/cn/zh/hong-kong/hkgkh/hoteldetail,,,,,
IHG-HKGHC,Regent Hong Kong,,Regent,丽晶酒店及度假村,ihg-regent,FULLY_BOOKABLE,Hotel,Hotel,Hong Kong,香港,,,"18 Salisbury Road, Kowloon, Hong Kong, Hong Kong",,,22.29347,114.1741,852-2721-1211,https://www.ihg.com/regent/hotels/us/en/hong-kong/hkghc/hoteldetail,https://www.ihg.com/regent/hotels/cn/zh/hong-kong/hkghc/hoteldetail,,,,,
IHG-HKGSK,Vignette Collection WM Hotel Hong Kong,,Vignette Collection,Vignette Collection,ihg-vignette-collection,FULLY_BOOKABLE,Hotel,Hotel,Hong Kong,香港,,,"28 Wai Man Road, Sai Kung, New Territories, Hong Kong, Hong Kong",,,22.385523,114.275536,,https://www.ihg.com/vignettecollection/hotels/us/en/sai-kung/hkgsk/hoteldetail,https://www.ihg.com/vignettecollection/hotels/cn/zh/sai-kung/hkgsk/hoteldetail,,,,,
IHG-AKUKH,Holiday Inn Express Aksu,,Holiday Inn Express,智选假日酒店,ihg-holiday-inn-express,FULLY_BOOKABLE,Hotel,Hotel,Aksu,,Xinjiang,,"No.8 Jianshe Road, Aksu, Xinjiang, 843000, Mainland China",,843000,41.17886,80.291214,86-0997-8888898,https://www.ihg.com/holidayinnexpress/hotels/us/en/aksu/akukh/hoteldetail,https://www.ihg.com/holidayinnexpress/hotels/cn/zh/aksu/akukh/hoteldetail,,,,,
IHG-BAVXC,Holiday Inn Resort Kanas Hemu,,Holiday Inn Resort,假日度假酒店,ihg-holiday-inn-resort,FULLY_BOOKABLE,Hotel,Hotel,Altay,,Xinjiang,,"East of Jikepulin District, Hemu Township, Altay, Xinjiang, 836600, Mainland China",,836600,48.591667,87.568436,86-0906-6321111x0,https://www.ihg.com/holidayinnresorts/hotels/us/en/xinjiang/bavxc/hoteldetail,https://www.ihg.com/holidayinnresorts/hotels/cn/zh/xinjiang/bavxc/hoteldetail,,,,,
IHG-KJIKA,Hotel Indigo Kanas Hemu,,Hotel Indigo,英迪格酒店,ihg-hotel-indigo,FULLY_BOOKABLE,Hotel,Hotel,Altay,,Xinjiang,,"Altay area Kanas scenic area, Altay, Xinjiang, 836600, Mainland China",,836600,48.573017,87.52223,,https://www.ihg.com/hotelindigo/hotels/us/en/xinjiang/kjika/hoteldetail,https://www.ihg.com/hotelindigo/hotels/cn/zh/xinjiang/kjika/hoteldetail,,,,,
IHG-HGHAJ,Hotel Indigo Anji,,Hotel Indigo,英迪格酒店,ihg-hotel-indigo,FULLY_BOOKABLE,Hotel,Hotel,Anji,,Zhejiang,,"No.188 Wanzhang Road, Lingfeng Scenic Area, Anji, Zhejiang, 313300, Mainland China",,313300,30.589504,119.639084,86-0572-5880999x8600,https://www.ihg.com/hotelindigo/hotels/us/en/anji/hghaj/hoteldetail,https://www.ihg.com/hotelindigo/hotels/cn/zh/anji/hghaj/hoteldetail,,,,,
IHG-AOGDT,Holiday Inn Express Anshan Downtown,,Holiday Inn Express,智选假日酒店,ihg-holiday-inn-express,FULLY_BOOKABLE,Hotel,Hotel,Anshan,,Liaoning,,"No. 73 North Shengli Road,Lishan District, Anshan, Liaoning, 114000, Mainland China",,114000,41.138134,123.016655,86-412-6926666x0,https://www.ihg.com/holidayinnexpress/hotels/us/en/anshan/aogdt/hoteldetail,https://www.ihg.com/holidayinnexpress/hotels/cn/zh/anshan/aogdt/hoteldetail,,,,,
IHG-BVQBJ,Holiday Inn Express Baoding Downtown,,Holiday Inn Express,智选假日酒店,ihg-holiday-inn-express,FULLY_BOOKABLE,Hotel,Hotel,Baoding,,Hebei,,"No. 2218 Wusidonglu, Jingxiu District, Baoding, Hebei, 071000, Mainland China",,071000,38.877106,115.470184,86-312-6096699,https://www.ihg.com/holidayinnexpress/hotels/us/en/baoding/bvqbj/hoteldetail,https://www.ihg.com/holidayinnexpress/hotels/cn/zh/baoding/bvqbj/hoteldetail,,,,,
IHG-BVNXA,voco Xiong'An,,voco,voco 酒店,ihg-voco,FULLY_BOOKABLE,Hotel,Hotel,Baoding,,Hebei,,"No.135, Minglang South Street, Rongdong District, Baoding, Hebei, 071799, Mainland China",,071799,39.048218,115.92308,86-312-5555666,https://www.ihg.com/voco/hotels/us/en/baoding/bvnxa/hoteldetail,https://www.ihg.com/voco/hotels/cn/zh/baoding/bvnxa/hoteldetail,,,,,
IHG-SIABC,Crowne Plaza Baoji City Center,,Crowne Plaza,皇冠假日酒店,ihg-crowne-plaza,FULLY_BOOKABLE,Hotel,Hotel,Baoji,,Shaanxi,,"No. 66 Jintai Avenue, Jintai District, Baoji, Shaanxi, 721000, Mainland China",,721000,34.360092,107.196976,86-0917-3676666x6677,https://www.ihg.com/crowneplaza/hotels/us/en/baoji/siabc/hoteldetail,https://www.ihg.com/crowneplaza/hotels/cn/zh/baoji/siabc/hoteldetail,,,,,
IHG-BJASC,Holiday Inn Baoji Central,,Holiday Inn,假日酒店,ihg-holiday-inn,FULLY_BOOKABLE,Hotel,Hotel,Baoji,,Shaanxi,,"No. 8 Xingzheng Avenue, Jintai District, Baoji, Shaanxi, 721000, Mainland China",,721000,34.36181,107.23041,86-0917-3333333x6866,https://www.ihg.com/holidayinn/hotels/us/en/baoji/bjasc/hoteldetail,https://www.ihg.com/holidayinn/hotels/cn/zh/baoji/bjasc/hoteldetail,,,,,
IHG-SIABJ,Holiday Inn Express Baoji City Centre,,Holiday Inn Express,智选假日酒店,ihg-holiday-inn-express,FULLY_BOOKABLE,Hotel,Hotel,Baoji,,Shaanxi,,"No. 23 Jintai Avenue, Jintai District, Baoji, Shaanxi, 721006, Mainland China",,721006,34.359516,107.17739,86-0917-3500001x1,https://www.ihg.com/holidayinnexpress/hotels/us/en/baoji/siabj/hoteldetail,https://www.ihg.com/holidayinnexpress/hotels/cn/zh/baoji/siabj/hoteldetail,,,,,
IHG-BZXCT,Holiday Inn Express Bazhong Center,,Holiday Inn Express,智选假日酒店,ihg-holiday-inn-express,FULLY_BOOKABLE,Hotel,Hotel,Bazhong,,Sichuan,,"Building 2, Wanda Plaza, No. 1, Bazhong, Sichuan, 636099, Mainland China",,636099,31.843838,106.77986,86-0827-8687777,https://www.ihg.com/holidayinnexpress/hotels/us/en/bazhong/bzxct/hoteldetail,https://www.ihg.com/holidayinnexpress/hotels/cn/zh/bazhong/bzxct/hoteldetail,,,,,
IHG-BZXPC,Holiday Inn Express Pingchang,,Holiday Inn Express,智选假日酒店,ihg-holiday-inn-express,FULLY_BOOKABLE,Hotel,Hotel,Bazhong,,Sichuan,,"No. 77, Section 5, Jinbao Avenue, Pingchang City, Bazhong, Sichuan, 636400, Mainland China",,636400,31.553316,107.078514,86-0827-6152222,https://www.ihg.com/holidayinnexpress/hotels/us/en/bazhong/bzxpc/hoteldetail,https://www.ihg.com/holidayinnexpress/hotels/cn/zh/bazhong/bzxpc/hoteldetail,,,,,
IHG-BHYHI,Crowne Plaza Beihai Silver Beach,,Crowne Plaza,皇冠假日酒店,ihg-crowne-plaza,FULLY_BOOKABLE,Hotel,Hotel,Beihai,,Guangxi,,"No. 8, Yintan Fourth Road, Yinhai District, Beihai, Guangxi, 536000, Mainland China",,536000,21.40606,109.15109,86-0779-6666666,https://www.ihg.com/crowneplaza/hotels/us/en/beihai/bhyhi/hoteldetail,https://www.ihg.com/crowneplaza/hotels/cn/zh/beihai/bhyhi/hoteldetail,,,,,
IHG-BHYSB,Holiday Inn Beihai Silver Beach,,Holiday Inn,假日酒店,ihg-holiday-inn,FULLY_BOOKABLE,Hotel,Hotel,Beihai,,Guangxi,,"Plot B4, East of Binjiang road, Beihai, Guangxi, 536000, Mainland China",,536000,21.405008,109.16421,86-779-6686666,https://www.ihg.com/holidayinn/hotels/us/en/beihai/bhysb/hoteldetail,https://www.ihg.com/holidayinn/hotels/cn/zh/beihai/bhysb/hoteldetail,,,,,
IHG-BHYBS,Holiday Inn Express Beihai Silver Beach,,Holiday Inn Express,智选假日酒店,ihg-holiday-inn-express,FULLY_BOOKABLE,Hotel,Hotel,Beihai,,Guangxi,,"No. 80 Yintan Thrid Road, Yinhai District, Beihai, Guangxi, 536000, Mainland China",,536000,21.404696,109.150856,86-779-6696699x5106,https://www.ihg.com/holidayinnexpress/hotels/us/en/beihai/bhybs/hoteldetail,https://www.ihg.com/holidayinnexpress/hotels/cn/zh/beihai/bhybs/hoteldetail,,,,,
IHG-BHYBR,HUALUXE Beihai Silver Beach Resort,,HUALUXE,华邑酒店及度假村,ihg-hualuxe,FULLY_BOOKABLE,Hotel,Hotel,Beihai,,Guangxi,,"No139-1 Yintan Third Road, Beihai, Guangxi, 536000, Mainland China",,536000,21.40451,109.16389,86-779-6688888,https://www.ihg.com/hotels/us/en/beihai/bhybr/hoteldetail,https://www.ihg.com/hotels/cn/zh/beihai/bhybr/hoteldetail,,,,,
IHG-BJSBD,Crowne Plaza Beijing Badaling,,Crowne Plaza,皇冠假日酒店,ihg-crowne-plaza,FULLY_BOOKABLE,Hotel,Hotel,Beijing,北京,Beijing,北京,"Building No. 1- 14, No.1 Guishui North Street, Beijing, Beijing, 102100, Mainland China",,102100,40.476437,115.97481,86-10-57366666,https://www.ihg.com/crowneplaza/hotels/us/en/beijing/bjsbd/hoteldetail,https://www.ihg.com/crowneplaza/hotels/cn/zh/beijing/bjsbd/hoteldetail,,,,,
IHG-PEGUT,Crowne Plaza Beijing Chaoyang U-Town,,Crowne Plaza,皇冠假日酒店,ihg-crowne-plaza,FULLY_BOOKABLE,Hotel,Hotel,Beijing,北京,Beijing,北京,"No. 3 Sanfeng North Area, Chaoyang District, Beijing, Beijing, 100020, Mainland China",,100020,39.922092,116.43907,86-10-59096688x3600,https://www.ihg.com/crowneplaza/hotels/us/en/beijing/pegut/hoteldetail,https://www.ihg.com/crowneplaza/hotels/cn/zh/beijing/pegut/hoteldetail,,,,,
IHG-PEGAP,Crowne Plaza Beijing International Airport,,Crowne Plaza,皇冠假日酒店,ihg-crowne-plaza,FULLY_BOOKABLE,Hotel,Hotel,Beijing,北京,Beijing,北京,"Capital Airport, #60, Fuqian 1 Street, Tianzhu, Beijing, Beijing, 101312, Mainland China",,101312,40.063824,116.55651,86-10-58108888x6100,https://www.ihg.com/crowneplaza/hotels/us/en/beijing/pegap/hoteldetail,https://www.ihg.com/crowneplaza/hotels/cn/zh/beijing/pegap/hoteldetail,,,,,
IHG-PEGCP,Crowne Plaza Beijing Lido,,Crowne Plaza,皇冠假日酒店,ihg-crowne-plaza,FULLY_BOOKABLE,Hotel,Hotel,Beijing,北京,Beijing,北京,"Building A, No. 6 Jiangtai Road, Chaoyang District, Beijing, Beijing, 100004, Mainland China",,100004,39.97845,116.47881,86-10-64373388x6101,https://www.ihg.com/crowneplaza/hotels/us/en/beijing/pegcp/hoteldetail,https://www.ihg.com/crowneplaza/hotels/cn/zh/beijing/pegcp/hoteldetail,,,,,
IHG-PEGSP,Crowne Plaza Beijing Sun Palace,,Crowne Plaza,皇冠假日酒店,ihg-crowne-plaza,FULLY_BOOKABLE,Hotel,Hotel,Beijing,北京,Beijing,北京,"Yunnan Dasha, North-East Corner of Taiyanggong Bridge, Beijing, Beijing, 100028, Mainland China",,100028,39.972393,116.43479,86-10-64298888x6138,https://www.ihg.com/crowneplaza/hotels/us/en/beijing/pegsp/hoteldetail,https://www.ihg.com/crowneplaza/hotels/cn/zh/beijing/pegsp/hoteldetail,,,,,
IHG-BJSZT,Crowne Plaza Beijing Tongzhou,,Crowne Plaza,皇冠假日酒店,ihg-crowne-plaza,FULLY_BOOKABLE,Hotel,Hotel,Beijing,北京,Beijing,北京,"No.35 Jingcai Street, Tongzhou District, Beijing, Beijing, 101121, Mainland China",,101121,39.862453,116.67207,86-010-60106200x6200,https://www.ihg.com/crowneplaza/hotels/us/en/beijing/bjszt/hoteldetail,https://www.ihg.com/crowneplaza/hotels/cn/zh/beijing/bjszt/hoteldetail,,,,,
IHG-PEGZG,Crowne Plaza Beijing Zhongguancun,,Crowne Plaza,皇冠假日酒店,ihg-crowne-plaza,FULLY_BOOKABLE,Hotel,Hotel,Beijing,北京,Beijing,北京,"No. 106 Zhi Chun Road, Hai Dian District, Beijing, Beijing, 100086, Mainland China",,100086,39.975662,116.32304,86-10-59938888x2626,https://www.ihg.com/crowneplaza/hotels/us/en/beijing/pegzg/hoteldetail,https://www.ihg.com/crowneplaza/hotels/cn/zh/beijing/pegzg/hoteldetail,,,,,
IHG-BJSAR,Garner Hotel Beijing 798 Art District,,Garner Hotel,Garner Hotel,ihg-garner-hotel,FULLY_BOOKABLE,Hotel,Hotel,Beijing,北京,Beijing,北京,"Building No. 13, Courtyard No.5, Jiangtai Road, Beijing, Beijing, 100016, Mainland China",,100016,39.97211,116.49616,86-10-81290588,https://www.ihg.com/garner-hotels/hotels/us/en/beijing/bjsar/hoteldetail,https://www.ihg.com/garner-hotels/hotels/cn/zh/beijing/bjsar/hoteldetail,,,,,
IHG-BJSAZ,Holiday Inn Beijing Airport Zone,,Holiday Inn,假日酒店,ihg-holiday-inn,FULLY_BOOKABLE,Hotel,Hotel,Beijing,北京,Beijing,北京,"No.35 Nanchen Rd, Nan Fa Xin, Shunyi District, Beijing, Beijing, 101300, Mainland China",,101300,40.130676,116.6156,86-010-69479898x1000,https://www.ihg.com/holidayinn/hotels/us/en/beijing/bjsaz/hoteldetail,https://www.ihg.com/holidayinn/hotels/cn/zh/beijing/bjsaz/hoteldetail,,,,,
IHG-PEGCA,Holiday Inn Beijing ChangAn West,,Holiday Inn,假日酒店,ihg-holiday-inn,FULLY_BOOKABLE,Hotel,Hotel,Beijing,北京,Beijing,北京,"No.66,Yongding Road, Haidian District, Beijing, Beijing, 100039, Mainland China",,100039,39.909267,116.26522,86-010-68132299x6401,https://www.ihg.com/holidayinn/hotels/us/en/beijing/pegca/hoteldetail,https://www.ihg.com/holidayinn/hotels/cn/zh/beijing/pegca/hoteldetail,,,,,
IHG-BJSDX,Holiday Inn Beijing Daxing Centre,,Holiday Inn,假日酒店,ihg-holiday-inn,FULLY_BOOKABLE,Hotel,Hotel,Beijing,北京,Beijing,北京,"Building 1, No.2 Shuanghe Beili Erxiang, Beijing, Beijing, 102699, Mainland China",,102699,39.7419,116.3492,86-010-85926618,https://www.ihg.com/holidayinn/hotels/us/en/beijing/bjsdx/hoteldetail,https://www.ihg.com/holidayinn/hotels/cn/zh/beijing/bjsdx/hoteldetail,,,,,
IHG-BJSDM,Holiday Inn Beijing Daxing Movie Park,,Holiday Inn,假日酒店,ihg-holiday-inn,FULLY_BOOKABLE,Hotel,Hotel,Beijing,北京,Beijing,北京,"2 Beixing Road, Beijing, Beijing, 100162, Mainland China",,100162,39.7726,116.36447,86-10-60299777,https://www.ihg.com/holidayinn/hotels/us/en/beijing/bjsdm/hoteldetail,https://www.ihg.com/holidayinn/hotels/cn/zh/beijing/bjsdm/hoteldetail,,,,,
IHG-PEGSM,Holiday Inn Beijing Deshengmen,,Holiday Inn,假日酒店,ihg-holiday-inn,FULLY_BOOKABLE,Hotel,Hotel,Beijing,北京,Beijing,北京,"No.71 Deshengmenwai Street, Xicheng District, Beijing, Beijing, 100088, Mainland China",,100088,39.957478,116.378685,86-10-82065555,https://www.ihg.com/holidayinn/hotels/us/en/beijing/pegsm/hoteldetail,https://www.ihg.com/holidayinn/hotels/cn/zh/beijing/pegsm/hoteldetail,,,,,
IHG-PEGFD,Holiday Inn Beijing Focus Square,,Holiday Inn,假日酒店,ihg-holiday-inn,FULLY_BOOKABLE,Hotel,Hotel,Beijing,北京,Beijing,北京,"Building 3, No.6 Futong East Avenue, Chaoyang District, Beijing, Beijing, 100102, Mainland China",,100102,39.989685,116.48099,86-10-64733333x6426,https://www.ihg.com/holidayinn/hotels/us/en/beijing/pegfd/hoteldetail,https://www.ihg.com/holidayinn/hotels/cn/zh/beijing/pegfd/hoteldetail,,,,,
IHG-BJSBM,Holiday Inn Beijing Mentougou,,Holiday Inn,假日酒店,ihg-holiday-inn,FULLY_BOOKABLE,Hotel,Hotel,Beijing,北京,Beijing,北京,"No. 31 Xinqiao Avenue, Mentougou District, Beijing, Beijing, Mainland China",,,39.942616,116.09946,,https://www.ihg.com/holidayinn/hotels/us/en/beijing/bjsbm/hoteldetail,https://www.ihg.com/holidayinn/hotels/cn/zh/beijing/bjsbm/hoteldetail,,,,,
IHG-PEGPK,Holiday Inn Beijing Shijingshan Parkview,,Holiday Inn,假日酒店,ihg-holiday-inn,FULLY_BOOKABLE,Hotel,Hotel,Beijing,北京,Beijing,北京,"No.555, Tiancun Road, Shijingshan District, Beijing, Beijing, 100049, Mainland China",,100049,39.93876,116.215096,86-10-88770808x8903,https://www.ihg.com/holidayinn/hotels/us/en/beijing/pegpk/hoteldetail,https://www.ihg.com/holidayinn/hotels/cn/zh/beijing/pegpk/hoteldetail,,,,,
IHG-PEGTH,Holiday Inn Beijing Temple Of Heaven,,Holiday Inn,假日酒店,ihg-holiday-inn,FULLY_BOOKABLE,Hotel,Hotel,Beijing,北京,Beijing,北京,"No. 1 Ding An Dong Li, 3rd South Ring Road, Beijing, Beijing, 100075, Mainland China",,100075,39.861446,116.4146,86-10-67626688x5188,https://www.ihg.com/holidayinn/hotels/us/en/beijing/pegth/hoteldetail,https://www.ihg.com/holidayinn/hotels/cn/zh/beijing/pegth/hoteldetail,,,,,
IHG-BJSES,Holiday Inn Express Beijing Airport Zone,,Holiday Inn Express,智选假日酒店,ihg-holiday-inn-express,FULLY_BOOKABLE,Hotel,Hotel,Beijing,北京,Beijing,北京,"1 Building, No.6 Court Jingshun East Road, Beijing, Beijing, 100015, Mainland China",,100015,40.023106,116.5281,86-10-64349999x1,https://www.ihg.com/holidayinnexpress/hotels/us/en/beijing/bjses/hoteldetail,https://www.ihg.com/holidayinnexpress/hotels/cn/zh/beijing/bjses/hoteldetail,,,,,
IHG-BJSCA,Holiday Inn Express Beijing Capital Airport East,,Holiday Inn Express,智选假日酒店,ihg-holiday-inn-express,FULLY_BOOKABLE,Hotel,Hotel,Beijing,北京,Beijing,北京,"Shunxi South Road, Shunyi District, Beijing, Beijing, Mainland China",,,40.116653,116.640236,,https://www.ihg.com/holidayinnexpress/hotels/us/en/beijing/bjsca/hoteldetail,https://www.ihg.com/holidayinnexpress/hotels/cn/zh/beijing/bjsca/hoteldetail,,,,,
IHG-BJSCC,Holiday Inn Express Beijing Conference Center,,Holiday Inn Express,智选假日酒店,ihg-holiday-inn-express,FULLY_BOOKABLE,Hotel,Hotel,Beijing,北京,Beijing,北京,"North Gujiazhuang Bridge, Beiyuan Middle Road, Beijing, Beijing, 100010, Mainland China",,100010,40.02822,116.43986,86-10-63290866,https://www.ihg.com/holidayinnexpress/hotels/us/en/beijing/bjscc/hoteldetail,https://www.ihg.com/holidayinnexpress/hotels/cn/zh/beijing/bjscc/hoteldetail,,,,,
IHG-PEGDZ,Holiday Inn Express Beijing Dongzhimen,,Holiday Inn Express,智选假日酒店,ihg-holiday-inn-express,FULLY_BOOKABLE,Hotel,Hotel,Beijing,北京,Beijing,北京,"No. 1 ChunXiu Road, DongCheng District, Beijing, Beijing, 100027, Mainland China",,100027,39.936913,116.44329,86-10-64169999x8181,https://www.ihg.com/holidayinnexpress/hotels/us/en/beijing/pegdz/hoteldetail,https://www.ihg.com/holidayinnexpress/hotels/cn/zh/beijing/pegdz/hoteldetail,,,,,
IHG-BJSDN,Holiday Inn Express Beijing Downtown,,Holiday Inn Express,智选假日酒店,ihg-holiday-inn-express,FULLY_BOOKABLE,Hotel,Hotel,Beijing,北京,Beijing,北京,"No.18 Lishi Hutong, Dongcheng District, Beijing, Beijing, 100010, Mainland China",,100010,39.92171,116.424385,86-10-65596969,https://www.ihg.com/holidayinnexpress/hotels/us/en/beijing/bjsdn/hoteldetail,https://www.ihg.com/holidayinnexpress/hotels/cn/zh/beijing/bjsdn/hoteldetail,,,,,
IHG-BJSGC,Holiday Inn Express Beijing Guomao CBD,,Holiday Inn Express,智选假日酒店,ihg-holiday-inn-express,FULLY_BOOKABLE,Hotel,Hotel,Beijing,北京,Beijing,北京,"No 8 Guanghua Rd Jia, Chaoyang District, Beijing, Beijing, 100300, Mainland China",,100300,39.911957,116.47142,86-10-65056596,https://www.ihg.com/holidayinnexpress/hotels/us/en/beijing/bjsgc/hoteldetail,https://www.ihg.com/holidayinnexpress/hotels/cn/zh/beijing/bjsgc/hoteldetail,,,,,
IHG-BJSHS,Holiday Inn Express Beijing Haidian Suzhouqiao,,Holiday Inn Express,智选假日酒店,ihg-holiday-inn-express,FULLY_BOOKABLE,Hotel,Hotel,Beijing,北京,Beijing,北京,"11 Changchun Bridge Road, Beijing, Beijing, 100080, Mainland China",,100080,39.960808,116.30265,,https://www.ihg.com/holidayinnexpress/hotels/us/en/beijing/bjshs/hoteldetail,https://www.ihg.com/holidayinnexpress/hotels/cn/zh/beijing/bjshs/hoteldetail,,,,,
IHG-BJSLB,Holiday Inn Express Beijing Lize Business District,,Holiday Inn Express,智选假日酒店,ihg-holiday-inn-express,FULLY_BOOKABLE,Hotel,Hotel,Beijing,北京,Beijing,北京,"Tower A, No.118 Weiqiangxiao Village, Fengtai District, Beijing, Beijing, 100070, Mainland China",,100070,39.874783,116.327805,86-10-52650888,https://www.ihg.com/holidayinnexpress/hotels/us/en/beijing/bjslb/hoteldetail,https://www.ihg.com/holidayinnexpress/hotels/cn/zh/beijing/bjslb/hoteldetail,,,,,
IHG-BJSMG,Holiday Inn Express Beijing Mentougou,,Holiday Inn Express,智选假日酒店,ihg-holiday-inn-express,FULLY_BOOKABLE,Hotel,Hotel,Beijing,北京,Beijing,北京,"Building 3, Courtyard 10, Yinsheng North Road, Beijing, Beijing, 102300, Mainland China",,102300,39.912376,116.13592,86-10-86229810,https://www.ihg.com/holidayinnexpress/hotels/us/en/beijing/bjsmg/hoteldetail,https://www.ihg.com/holidayinnexpress/hotels/cn/zh/beijing/bjsmg/hoteldetail,,,,,
IHG-PEKLV,Holiday Inn Express Beijing Shijingshan Lakeview,,Holiday Inn Express,智选假日酒店,ihg-holiday-inn-express,FULLY_BOOKABLE,Hotel,Hotel,Beijing,北京,Beijing,北京,"68 Shijingshan Road,Shijingshan District,Beijing, Beijing, Beijing, 100041, Mainland China",,100041,39.917168,116.15204,86-010-88293377x0,https://www.ihg.com/holidayinnexpress/hotels/us/en/beijing/peklv/hoteldetail,https://www.ihg.com/holidayinnexpress/hotels/cn/zh/beijing/peklv/hoteldetail,,,,,
IHG-PEKSH,Holiday Inn Express Beijing Shijingshan Parkview,,Holiday Inn Express,智选假日酒店,ihg-holiday-inn-express,FULLY_BOOKABLE,Hotel,Hotel,Beijing,北京,Beijing,北京,"No. 68 Shijingshan Road, Shijingshan District, Beijing, Beijing, Beijing, 100043, Mainland China",,100043,39.922623,116.15557,86-10-88293388,https://www.ihg.com/holidayinnexpress/hotels/us/en/beijing/peksh/hoteldetail,https://www.ihg.com/holidayinnexpress/hotels/cn/zh/beijing/peksh/hoteldetail,,,,,
IHG-PEGDR,Holiday Inn Express Beijing Temple of Heaven,,Holiday Inn Express,智选假日酒店,ihg-holiday-inn-express,FULLY_BOOKABLE,Hotel,Hotel,Beijing,北京,Beijing,北京,"No.36 Nanwei Road, Xicheng District, Beijing, Beijing, 100050, Mainland China",,100050,39.88031,116.390976,86-10-83157777x6501,https://www.ihg.com/holidayinnexpress/hotels/us/en/beijing/pegdr/hoteldetail,https://www.ihg.com/holidayinnexpress/hotels/cn/zh/beijing/pegdr/hoteldetail,,,,,
IHG-BJSBT,Holiday Inn Express Beijing Tongzhou,,Holiday Inn Express,智选假日酒店,ihg-holiday-inn-express,FULLY_BOOKABLE,Hotel,Hotel,Beijing,北京,Beijing,北京,"No.102 South Wansheng Street, Tongzhou District, Beijing, Beijing, 101121, Mainland China",,101121,39.862526,116.6332,86-010-6010x6200,https://www.ihg.com/holidayinnexpress/hotels/us/en/beijing/bjsbt/hoteldetail,https://www.ihg.com/holidayinnexpress/hotels/cn/zh/beijing/bjsbt/hoteldetail,,,,,
IHG-PEGGS,Holiday Inn Express Beijing Wangjing Center,,Holiday Inn Express,智选假日酒店,ihg-holiday-inn-express,FULLY_BOOKABLE,Hotel,Hotel,Beijing,北京,Beijing,北京,"No. 16 Guangshun North Street, Wangjing, Chaoyang Distr, Beijing, Beijing, 100102, Mainland China",,100102,40.010834,116.468895,86-10-59225888x1,https://www.ihg.com/holidayinnexpress/hotels/us/en/beijing/peggs/hoteldetail,https://www.ihg.com/holidayinnexpress/hotels/cn/zh/beijing/peggs/hoteldetail,,,,,
IHG-BJSBY,Holiday Inn Express Beijing Yizhuang,,Holiday Inn Express,智选假日酒店,ihg-holiday-inn-express,FULLY_BOOKABLE,Hotel,Hotel,Beijing,北京,Beijing,北京,"No.1 Bld, No.10 Courtyard, Ronghua South Rd, Beijing, Beijing, 100176, Mainland China",,100176,39.78909,116.51425,86-10-87099999x6188,https://www.ihg.com/holidayinnexpress/hotels/us/en/beijing/bjsby/hoteldetail,https://www.ihg.com/holidayinnexpress/hotels/cn/zh/beijing/bjsby/hoteldetail,,,,,
IHG-BJSLY,Holiday Inn Express Beijing Yizhuang Center,,Holiday Inn Express,智选假日酒店,ihg-holiday-inn-express,FULLY_BOOKABLE,Hotel,Hotel,Beijing,北京,Beijing,北京,"Sili Sanqu, Taihe garden, Liangshuihe 2nd Street, Beijing, Beijing, 100176, Mainland China",,100176,39.764854,116.50837,86-10-87027500x1,https://www.ihg.com/holidayinnexpress/hotels/us/en/beijing/bjsly/hoteldetail,https://www.ihg.com/holidayinnexpress/hotels/cn/zh/beijing/bjsly/hoteldetail,,,,,
IHG-PEKYE,Holiday Inn Express Beijing Yizhuang Tongminghu,,Holiday Inn Express,智选假日酒店,ihg-holiday-inn-express,FULLY_BOOKABLE,Hotel,Hotel,Beijing,北京,Beijing,北京,"No.2 Building, No.8 Courty, Kegu First Road, Beijing, Beijing, 100176, Mainland China",,100176,39.787846,116.57727,86-10-87017777x1,https://www.ihg.com/holidayinnexpress/hotels/us/en/beijing/pekye/hoteldetail,https://www.ihg.com/holidayinnexpress/hotels/cn/zh/beijing/pekye/hoteldetail,,,,,
IHG-BJSZH,Holiday Inn Express Beijing Zhongguancun Tech Park,,Holiday Inn Express,智选假日酒店,ihg-holiday-inn-express,FULLY_BOOKABLE,Hotel,Hotel,Beijing,北京,Beijing,北京,"Building 13, No. 39 Courtyard, North Qinghe Road, Beijing, Beijing, 100091, Mainland China",,100091,40.021336,116.30393,86-10-56389999,https://www.ihg.com/holidayinnexpress/hotels/us/en/beijing/bjszh/hoteldetail,https://www.ihg.com/holidayinnexpress/hotels/cn/zh/beijing/bjszh/hoteldetail,,,,,
IHG-PEGSD,Holiday Inn Express Shangdi Beijing,,Holiday Inn Express,智选假日酒店,ihg-holiday-inn-express,FULLY_BOOKABLE,Hotel,Hotel,Beijing,北京,Beijing,北京,"No. 33 Shangdi East Road, Haidian District, Beijing, Beijing, 100085, Mainland China",,100085,40.036705,116.31462,86-10-82709999x8181,https://www.ihg.com/holidayinnexpress/hotels/us/en/beijing/pegsd/hoteldetail,https://www.ihg.com/holidayinnexpress/hotels/cn/zh/beijing/pegsd/hoteldetail,,,,,
IHG-PEKBX,HUALUXE Beijing Xinan,,HUALUXE,华邑酒店及度假村,ihg-hualuxe,FULLY_BOOKABLE,Hotel,Hotel,Beijing,北京,Beijing,北京,"A18 Taiping Road Haidian District, Beijing, Beijing, 100089, Mainland China",,100089,39.898975,116.276054,86-10-57328888,https://www.ihg.com/hotels/us/en/beijing/pekbx/hoteldetail,https://www.ihg.com/hotels/cn/zh/beijing/pekbx/hoteldetail,,,,,
IHG-PEGHC,InterContinental Beijing Beichen,,InterContinental,洲际酒店及度假村,ihg-intercontinental,FULLY_BOOKABLE,Hotel,Hotel,Beijing,北京,Beijing,北京,"No. 8 Beichen West Road, Chaoyang District, Beijing, Beijing, 100105, Mainland China",,100105,39.998375,116.388,86-10-84371188,https://www.ihg.com/intercontinental/hotels/us/en/beijing/peghc/hoteldetail,https://www.ihg.com/intercontinental/hotels/cn/zh/beijing/peghc/hoteldetail,,,,,
IHG-PEGHE,InterContinental Beijing Sanlitun,,InterContinental,洲际酒店及度假村,ihg-intercontinental,FULLY_BOOKABLE,Hotel,Hotel,Beijing,北京,Beijing,北京,"No. 1 South Sanlitun Road, Chaoyang District, Beijing, Beijing, 100027, Mainland China",,100027,39.93271,116.455055,86-10-65308888,https://www.ihg.com/intercontinental/hotels/us/en/beijing/peghe/hoteldetail,https://www.ihg.com/intercontinental/hotels/cn/zh/beijing/peghe/hoteldetail,,,,,
IHG-PEKCH,Metropark Lido Hotel Beijing,,Independent (SPHC),IHG 独立酒店,ihg-independent-sphc,FULLY_BOOKABLE,Hotel,Hotel,Beijing,北京,Beijing,北京,"No.6, Jiangtai road, Chaoyang, Beijing, Beijing, 100004, Mainland China",,100004,39.97777,116.47966,86-10-64376688x101,https://www.ihg.com/spnd/hotels/us/en/beijing/pekch/hoteldetail,https://www.ihg.com/spnd/hotels/cn/zh/beijing/pekch/hoteldetail,,,,,
IHG-PEKJB,Regent Beijing,,Regent,丽晶酒店及度假村,ihg-regent,FULLY_BOOKABLE,Hotel,Hotel,Beijing,北京,Beijing,北京,"99 Jinbao Road, Dongcheng District, Beijing, Beijing, 100005, Mainland China",,100005,39.91623,116.41894,86-10-85221888x5588,https://www.ihg.com/regent/hotels/us/en/beijing/pekjb/hoteldetail,https://www.ihg.com/regent/hotels/cn/zh/beijing/pekjb/hoteldetail,,,,,
IHG-BJSTP,voco Beijing Temple of Heaven,,voco,voco 酒店,ihg-voco,FULLY_BOOKABLE,Hotel,Hotel,Beijing,北京,Beijing,北京,"No. 8 Hengyitiao, Dongtiejiangying, Fengtai District, Beijing, Beijing, 100079, Mainland China",,100079,39.85574,116.43429,,https://www.ihg.com/voco/hotels/us/en/beijing/bjstp/hoteldetail,https://www.ihg.com/voco/hotels/cn/zh/beijing/bjstp/hoteldetail,,,,,
IHG-BFJJI,Crowne Plaza Bijie Jinhai Lake,,Crowne Plaza,皇冠假日酒店,ihg-crowne-plaza,FULLY_BOOKABLE,Hotel,Hotel,Bijie,,Guizhou,,"Jinhai Hu Wetland Park, Jinhai New District, Bijie, Guizhou, 551700, Mainland China",,551700,27.27851,105.25252,,https://www.ihg.com/crowneplaza/hotels/us/en/bijie/bfjji/hoteldetail,https://www.ihg.com/crowneplaza/hotels/cn/zh/bijie/bfjji/hoteldetail,,,,,
IHG-CBZCC,Holiday Inn Express Binzhou City Center,,Holiday Inn Express,智选假日酒店,ihg-holiday-inn-express,FULLY_BOOKABLE,Hotel,Hotel,Binzhou,,Shandong,,"Huanghe 12 Road and Xinlihe East Road,Bincheng District, Binzhou, Shandong, 256600, Mainland China",,256600,37.404945,117.99243,86-543-8615888,https://www.ihg.com/holidayinnexpress/hotels/us/en/binzhou/cbzcc/hoteldetail,https://www.ihg.com/holidayinnexpress/hotels/cn/zh/binzhou/cbzcc/hoteldetail,,,,,
IHG-BPLSL,Hotel Indigo Sayram Lake,,Hotel Indigo,英迪格酒店,ihg-hotel-indigo,FULLY_BOOKABLE,Hotel,Hotel,Bole,,Xinjiang,,"No.4 Jinghai Road, Sayram Lake Scenic Spot, Bole, Xinjiang, 833400, Mainland China",,833400,44.607224,81.401825,,https://www.ihg.com/hotelindigo/hotels/us/en/bole/bplsl/hoteldetail,https://www.ihg.com/hotelindigo/hotels/cn/zh/bole/bplsl/hoteldetail,,,,,
IHG-TSNCG,Holiday Inn Express Cangzhou High-Tech Zone,,Holiday Inn Express,智选假日酒店,ihg-holiday-inn-express,FULLY_BOOKABLE,Hotel,Hotel,Cangzhou,,Hebei,,"R&D Complex building, No.12 Guofeng avenue, Cangzhou, Hebei, 061000, Mainland China",,061000,38.34949,116.79333,86-317-5637666,https://www.ihg.com/holidayinnexpress/hotels/us/en/cangzhou/tsncg/hoteldetail,https://www.ihg.com/holidayinnexpress/hotels/cn/zh/cangzhou/tsncg/hoteldetail,,,,,
IHG-NBSCB,Crowne Plaza Resort Changbaishan Hot Spring,,Crowne Plaza,皇冠假日酒店,ihg-crowne-plaza,FULLY_BOOKABLE,Hotel,Hotel,Changbaishan,,Jilin,,"North Gate of Changbaishan, Antu County Erdaobaihe Town, Changbaishan, Jilin, 133613, Mainland China",,133613,42.187424,128.17862,86-433-6076888,https://www.ihg.com/crowneplaza/hotels/us/en/changbaishan/nbscb/hoteldetail,https://www.ihg.com/crowneplaza/hotels/cn/zh/changbaishan/nbscb/hoteldetail,,,,,
IHG-NBSEX,Holiday Inn Express Changbaishan,,Holiday Inn Express,智选假日酒店,ihg-holiday-inn-express,FULLY_BOOKABLE,Hotel,Hotel,Changbaishan,,Jilin,,"No.87 Baiyun Road, Changbaishan International Resort, Changbaishan, Jilin, 134504, Mainland China",,134504,42.094875,127.50612,86-439-6987777,https://www.ihg.com/holidayinnexpress/hotels/us/en/changbaishan/nbsex/hoteldetail,https://www.ihg.com/holidayinnexpress/hotels/cn/zh/changbaishan/nbsex/hoteldetail,,,,,
IHG-CGQHZ,Holiday Inn Changchun High Tech Zone,,Holiday Inn,假日酒店,ihg-holiday-inn,FULLY_BOOKABLE,Hotel,Hotel,Changchun,,Jilin,,"No.633, Zhenyu Road, Chaoyang District, Changchun, Jilin, 130012, Mainland China",,130012,43.82133,125.29391,86-0431-85553333,https://www.ihg.com/holidayinn/hotels/us/en/changchun/cgqhz/hoteldetail,https://www.ihg.com/holidayinn/hotels/cn/zh/changchun/cgqhz/hoteldetail,,,,,
IHG-CGQCJ,Holiday Inn Changchun Jingyue,,Holiday Inn,假日酒店,ihg-holiday-inn,FULLY_BOOKABLE,Hotel,Hotel,Changchun,,Jilin,,"No. 3070 Jingyue Road, Nan Guan District, Changchun, Jilin, 130000, Mainland China",,130000,43.82633,125.437836,86-0431-86586888,https://www.ihg.com/holidayinn/hotels/us/en/changchun/cgqcj/hoteldetail,https://www.ihg.com/holidayinn/hotels/cn/zh/changchun/cgqcj/hoteldetail,,,,,
IHG-CGQCO,Holiday Inn Changchun Oriental Plaza,,Holiday Inn,假日酒店,ihg-holiday-inn,FULLY_BOOKABLE,Hotel,Hotel,Changchun,,Jilin,,"No. 6066 Jilin Road, Changchun, Jilin, 130000, Mainland China",,130000,43.880608,125.42395,86-0431-87929888,https://www.ihg.com/holidayinn/hotels/us/en/changchun/cgqco/hoteldetail,https://www.ihg.com/holidayinn/hotels/cn/zh/changchun/cgqco/hoteldetail,,,,,
IHG-CGQCE,Holiday Inn Express Changchun Ecological Square,,Holiday Inn Express,智选假日酒店,ihg-holiday-inn-express,FULLY_BOOKABLE,Hotel,Hotel,Changchun,,Jilin,,"No.88 Yiye Street, Jingyue District, Changchun, Jilin, 130119, Mainland China",,130119,43.82394,125.39158,86-431-81137666,https://www.ihg.com/holidayinnexpress/hotels/us/en/changchun/cgqce/hoteldetail,https://www.ihg.com/holidayinnexpress/hotels/cn/zh/changchun/cgqce/hoteldetail,,,,,
IHG-CGQHT,Holiday Inn Express Changchun High-Tech Zone,,Holiday Inn Express,智选假日酒店,ihg-holiday-inn-express,FULLY_BOOKABLE,Hotel,Hotel,Changchun,,Jilin,,"No. 177 South Pan Gu Road, Changchun, Jilin, 130012, Mainland China",,130012,43.82107,125.252625,86-431-89247666,https://www.ihg.com/holidayinnexpress/hotels/us/en/changchun/cgqht/hoteldetail,https://www.ihg.com/holidayinnexpress/hotels/cn/zh/changchun/cgqht/hoteldetail,,,,,
IHG-CGQJI,Holiday Inn Express Changchun Jingyue,,Holiday Inn Express,智选假日酒店,ihg-holiday-inn-express,FULLY_BOOKABLE,Hotel,Hotel,Changchun,,Jilin,,"No. 3070 Jingyue Road, Nan Guan District, Changchun, Jilin, 130000, Mainland China",,130000,43.82633,125.437836,86-431-81353999,https://www.ihg.com/holidayinnexpress/hotels/us/en/changchun/cgqji/hoteldetail,https://www.ihg.com/holidayinnexpress/hotels/cn/zh/changchun/cgqji/hoteldetail,,,,,
IHG-CGQTZ,InterContinental Changchun High Tech Zone,,InterContinental,洲际酒店及度假村,ihg-intercontinental,FULLY_BOOKABLE,Hotel,Hotel,Changchun,,Jilin,,"No.333, Huoju Road, Chaoyang District, Changchun, Jilin, 130012, Mainland China",,130012,43.821827,125.29349,86-0431-85558888x6508,https://www.ihg.com/intercontinental/hotels/us/en/changchun/cgqtz/hoteldetail,https://www.ihg.com/intercontinental/hotels/cn/zh/changchun/cgqtz/hoteldetail,,,,,
IHG-CSXDZ,Crowne Plaza Changsha Development Zone,,Crowne Plaza,皇冠假日酒店,ihg-crowne-plaza,FULLY_BOOKABLE,Hotel,Hotel,Changsha,,Hunan,,"Building A No.192 Kaiyuan Road, Changsha, Hunan, 410100, Mainland China",,410100,28.245201,113.09712,86-731-82949999,https://www.ihg.com/crowneplaza/hotels/us/en/changsha/csxdz/hoteldetail,https://www.ihg.com/crowneplaza/hotels/cn/zh/changsha/csxdz/hoteldetail,,,,,
IHG-CSXDS,Holiday Inn Changsha Dawangshan,,Holiday Inn,假日酒店,ihg-holiday-inn,FULLY_BOOKABLE,Hotel,Hotel,Changsha,,Hunan,,"No.31, Tongxi Road, Pingtang Street, Yuelu District,, Changsha, Hunan, 410000, Mainland China",,410000,28.07843,112.91867,86-731-81878888,https://www.ihg.com/holidayinn/hotels/us/en/changsha/csxds/hoteldetail,https://www.ihg.com/holidayinn/hotels/cn/zh/changsha/csxds/hoteldetail,,,,,
IHG-CSXCM,Holiday Inn Changsha Malanshan,,Holiday Inn,假日酒店,ihg-holiday-inn,FULLY_BOOKABLE,Hotel,Hotel,Changsha,,Hunan,,"NO.280 Binhe North Road Yuehu Street Kaifu District, Changsha, Hunan, 410000, Mainland China",,410000,28.227852,113.02532,86-731-81855555,https://www.ihg.com/holidayinn/hotels/us/en/changsha/csxcm/hoteldetail,https://www.ihg.com/holidayinn/hotels/cn/zh/changsha/csxcm/hoteldetail,,,,,
IHG-CSXCD,Holiday Inn Express Changsha Development Zone,,Holiday Inn Express,智选假日酒店,ihg-holiday-inn-express,FULLY_BOOKABLE,Hotel,Hotel,Changsha,,Hunan,,"Building B No.192 Kaiyuan Road, Changsha, Hunan, 410100, Mainland China",,410100,28.245012,113.09922,86-731-82917777,https://www.ihg.com/holidayinnexpress/hotels/us/en/changsha/csxcd/hoteldetail,https://www.ihg.com/holidayinnexpress/hotels/cn/zh/changsha/csxcd/hoteldetail,,,,,
IHG-CSXFF,Holiday Inn Express Changsha Hunan Museum,,Holiday Inn Express,智选假日酒店,ihg-holiday-inn-express,FULLY_BOOKABLE,Hotel,Hotel,Changsha,,Hunan,,"Fuxing Financial Center, Changsha, Hunan, 410005, Mainland China",,410005,28.216404,112.98906,86-731-89506666x0,https://www.ihg.com/holidayinnexpress/hotels/us/en/changsha/csxff/hoteldetail,https://www.ihg.com/holidayinnexpress/hotels/cn/zh/changsha/csxff/hoteldetail,,,,,
IHG-CSXKA,Holiday Inn Express Changsha Kaifu,,Holiday Inn Express,智选假日酒店,ihg-holiday-inn-express,FULLY_BOOKABLE,Hotel,Hotel,Changsha,,Hunan,,"508 Fuyuan Xi Lu, Kaifu District, Changsha, Hunan, 410011, Mainland China",,410011,28.251362,113.010895,86-0731-88700888,https://www.ihg.com/holidayinnexpress/hotels/us/en/changsha/csxka/hoteldetail,https://www.ihg.com/holidayinnexpress/hotels/cn/zh/changsha/csxka/hoteldetail,,,,,
IHG-CSXTX,Holiday Inn Express Changsha Shengfu,,Holiday Inn Express,智选假日酒店,ihg-holiday-inn-express,FULLY_BOOKABLE,Hotel,Hotel,Changsha,,Hunan,,"No. 197, Zhengtangpo Road, Qingyuan Street, Changsha, Hunan, 410000, Mainland China",,410000,28.116966,112.99691,86-731-82769000,https://www.ihg.com/holidayinnexpress/hotels/us/en/changsha/csxtx/hoteldetail,https://www.ihg.com/holidayinnexpress/hotels/cn/zh/changsha/csxtx/hoteldetail,,,,,
IHG-CSXCS,Holiday Inn Express Changsha Shifu,,Holiday Inn Express,智选假日酒店,ihg-holiday-inn-express,FULLY_BOOKABLE,Hotel,Hotel,Changsha,,Hunan,,"Building B, JitaiYuan, No.72, Xianjiahu West Road, Changsha, Hunan, 410004, Mainland China",,410004,28.212967,112.9307,86-731-89501888,https://www.ihg.com/holidayinnexpress/hotels/us/en/changsha/csxcs/hoteldetail,https://www.ihg.com/holidayinnexpress/hotels/cn/zh/changsha/csxcs/hoteldetail,,,,,
IHG-CSXRS,Holiday Inn Express Changsha South Railway Station,,Holiday Inn Express,智选假日酒店,ihg-holiday-inn-express,FULLY_BOOKABLE,Hotel,Hotel,Changsha,,Hunan,,"Building 10, Xinyu Taihe Garden, Yuhua District, Changsha, Hunan, 410000, Mainland China",,410000,28.138403,113.06297,86-731-82969988x0,https://www.ihg.com/holidayinnexpress/hotels/us/en/changsha/csxrs/hoteldetail,https://www.ihg.com/holidayinnexpress/hotels/cn/zh/changsha/csxrs/hoteldetail,,,,,
IHG-CSXTC,Holiday Inn Express Changsha University City,,Holiday Inn Express,智选假日酒店,ihg-holiday-inn-express,FULLY_BOOKABLE,Hotel,Hotel,Changsha,,Hunan,,"No. 26, Lianfeng Road., Yuelu District, Changsha, Hunan, 410000, Mainland China",,410000,28.13782,112.928406,86-0731-81811111x0,https://www.ihg.com/holidayinnexpress/hotels/us/en/changsha/csxtc/hoteldetail,https://www.ihg.com/holidayinnexpress/hotels/cn/zh/changsha/csxtc/hoteldetail,,,,,
IHG-CSXYH,Holiday Inn Express Changsha Yuhua,,Holiday Inn Express,智选假日酒店,ihg-holiday-inn-express,FULLY_BOOKABLE,Hotel,Hotel,Changsha,,Hunan,,"1st and 22-26th Floor, Building 1, 1-1 and 1-2, Changsha, Hunan, 410019, Mainland China",,410019,28.130928,113.0448,86-731-82478888,https://www.ihg.com/holidayinnexpress/hotels/us/en/changsha/csxyh/hoteldetail,https://www.ihg.com/holidayinnexpress/hotels/cn/zh/changsha/csxyh/hoteldetail,,,,,
IHG-CSXHR,Hotel Indigo Changsha Meixi Lake,,Hotel Indigo,英迪格酒店,ihg-hotel-indigo,FULLY_BOOKABLE,Hotel,Hotel,Changsha,,Hunan,,"No.745 Huanhu Road, Yuelu District, Changsha, Hunan, 410205, Mainland China",,410205,28.184631,112.884,86-731-82283999,https://www.ihg.com/hotelindigo/hotels/us/en/changsha/csxhr/hoteldetail,https://www.ihg.com/hotelindigo/hotels/cn/zh/changsha/csxhr/hoteldetail,,,,,
IHG-CSXIC,InterContinental Changsha,,InterContinental,洲际酒店及度假村,ihg-intercontinental,FULLY_BOOKABLE,Hotel,Hotel,Changsha,,Hunan,,"No. 1500 Xiangjiang North Road, Kaifu District, Changsha, Hunan, 410000, Mainland China",,410000,28.239252,112.97855,86-731-89668866,https://www.ihg.com/intercontinental/hotels/us/en/changsha/csxic/hoteldetail,https://www.ihg.com/intercontinental/hotels/cn/zh/changsha/csxic/hoteldetail,,,,,
IHG-CSXCA,voco Changsha Airport,,voco,voco 酒店,ihg-voco,FULLY_BOOKABLE,Hotel,Hotel,Changsha,,Hunan,,"No. 81 Dayuan East Road, Changsha, Hunan, 410100, Mainland China",,410100,28.193697,113.21477,86-731-86186666,https://www.ihg.com/voco/hotels/us/en/changsha/csxca/hoteldetail,https://www.ihg.com/voco/hotels/cn/zh/changsha/csxca/hoteldetail,,,,,
IHG-CZXFD,Fudu Grand Hotel Changzhou,,Independent (SPHC),IHG 独立酒店,ihg-independent-sphc,FULLY_BOOKABLE,Hotel,Hotel,Changzhou,,Jiangsu,,"No. 398, Tong Jiang Middle Rd., Changzhou, Jiangsu, 213022, Mainland China",,213022,31.829342,119.97741,86-519-85168888,https://www.ihg.com/spnd/hotels/us/en/changzhou/czxfd/hoteldetail,https://www.ihg.com/spnd/hotels/cn/zh/changzhou/czxfd/hoteldetail,,,,,
IHG-CZXWJ,Holiday Inn Changzhou Wujin,,Holiday Inn,假日酒店,ihg-holiday-inn,FULLY_BOOKABLE,Hotel,Hotel,Changzhou,,Jiangsu,,"No.59 Middle Yanzheng Avenue,Wujin District, Changzhou, Jiangsu, 213161, Mainland China",,213161,31.694368,119.94293,86-519-86313888x8003,https://www.ihg.com/holidayinn/hotels/us/en/changzhou/czxwj/hoteldetail,https://www.ihg.com/holidayinn/hotels/cn/zh/changzhou/czxwj/hoteldetail,,,,,
IHG-CZXCC,Holiday Inn Express Changzhou Center,,Holiday Inn Express,智选假日酒店,ihg-holiday-inn-express,FULLY_BOOKABLE,Hotel,Hotel,Changzhou,,Jiangsu,,"No.7-401 Lai Meng Du Hui Commercial Street, Changzhou, Jiangsu, 213003, Mainland China",,213003,31.778263,119.95348,86-519-89896888,https://www.ihg.com/holidayinnexpress/hotels/us/en/changzhou/czxcc/hoteldetail,https://www.ihg.com/holidayinnexpress/hotels/cn/zh/changzhou/czxcc/hoteldetail,,,,,
IHG-CZXHG,Holiday Inn Express Changzhou Henglin,,Holiday Inn Express,智选假日酒店,ihg-holiday-inn-express,FULLY_BOOKABLE,Hotel,Hotel,Changzhou,,Jiangsu,,"Building #3, Chaoyuehui Business Plaza, 151 Shuntong Rd, Changzhou, Jiangsu, 213101, Mainland China",,213101,31.68339,120.097984,86-519-83369999,https://www.ihg.com/holidayinnexpress/hotels/us/en/changzhou/czxhg/hoteldetail,https://www.ihg.com/holidayinnexpress/hotels/cn/zh/changzhou/czxhg/hoteldetail,,,,,
IHG-CZXLN,Holiday Inn Express Changzhou Lanling,,Holiday Inn Express,智选假日酒店,ihg-holiday-inn-express,FULLY_BOOKABLE,Hotel,Hotel,Changzhou,,Jiangsu,,"No.999, Lanling North Road, Tianning District, Changzhou, Jiangsu, 213000, Mainland China",,213000,31.764267,119.94927,86-519-81280888,https://www.ihg.com/holidayinnexpress/hotels/us/en/changzhou/czxln/hoteldetail,https://www.ihg.com/holidayinnexpress/hotels/cn/zh/changzhou/czxln/hoteldetail,,,,,
IHG-CZXCX,Holiday Inn Express Changzhou Xinbei,,Holiday Inn Express,智选假日酒店,ihg-holiday-inn-express,FULLY_BOOKABLE,Hotel,Hotel,Changzhou,,Jiangsu,,"No.319, TongJiangZhong Road, XinBei District,, Changzhou, Jiangsu, 213002, Mainland China",,213002,31.827139,119.97794,86-519-88559588,https://www.ihg.com/holidayinnexpress/hotels/us/en/changzhou/czxcx/hoteldetail,https://www.ihg.com/holidayinnexpress/hotels/cn/zh/changzhou/czxcx/hoteldetail,,,,,
IHG-CZXCZ,InterContinental Changzhou,,InterContinental,洲际酒店及度假村,ihg-intercontinental,FULLY_BOOKABLE,Hotel,Hotel,Changzhou,,Jiangsu,,"No. 2 Xihu Road, Wujin Hi-Tech Industrial Park, Changzhou, Jiangsu, 213164, Mainland China",,213164,31.664845,119.95823,86-519-68898888,https://www.ihg.com/intercontinental/hotels/us/en/changzhou/czxcz/hoteldetail,https://www.ihg.com/intercontinental/hotels/cn/zh/changzhou/czxcz/hoteldetail,,,,,
IHG-SWACG,Crowne Plaza Chaozhou Riverside,,Crowne Plaza,皇冠假日酒店,ihg-crowne-plaza,FULLY_BOOKABLE,Hotel,Hotel,Chaozhou,,Guangdong,,"North Area of Hanjiang River Bridge East Part, Chaozhou, Guangdong, 521021, Mainland China",,521021,23.652933,116.65906,86-768-2223388x6388,https://www.ihg.com/crowneplaza/hotels/us/en/chaozhou/swacg/hoteldetail,https://www.ihg.com/crowneplaza/hotels/cn/zh/chaozhou/swacg/hoteldetail,,,,,
IHG-CDEYM,Holiday Inn Chengde Park View,,Holiday Inn,假日酒店,ihg-holiday-inn,FULLY_BOOKABLE,Hotel,Hotel,Chengde,,Hebei,,"No. 397 Yuanbaoshan Street, Shuangluan District, Chengde, Hebei, 067001, Mainland China",,067001,40.981384,117.84032,86-314-4359999,https://www.ihg.com/holidayinn/hotels/us/en/chengde/cdeym/hoteldetail,https://www.ihg.com/holidayinn/hotels/cn/zh/chengde/cdeym/hoteldetail,,,,,
IHG-CHDDT,Holiday Inn Express Chengde Downtown,,Holiday Inn Express,智选假日酒店,ihg-holiday-inn-express,FULLY_BOOKABLE,Hotel,Hotel,Chengde,,Hebei,,"No.06 South Cuiqiao Road, Shuangqiao District, Chengde, Hebei, 067000, Mainland China",,067000,40.96567,117.936295,86-0314-2068888x1,https://www.ihg.com/holidayinnexpress/hotels/us/en/chengde/chddt/hoteldetail,https://www.ihg.com/holidayinnexpress/hotels/cn/zh/chengde/chddt/hoteldetail,,,,,
IHG-CDECR,Holiday Inn Express Chengde Park View,,Holiday Inn Express,智选假日酒店,ihg-holiday-inn-express,FULLY_BOOKABLE,Hotel,Hotel,Chengde,,Hebei,,"No. 399 Yuanbaoshan avenue Shuangluan District, Chengde, Hebei, 067001, Mainland China",,067001,40.9815,117.84064,86-314-4353999,https://www.ihg.com/holidayinnexpress/hotels/us/en/chengde/cdecr/hoteldetail,https://www.ihg.com/holidayinnexpress/hotels/cn/zh/chengde/cdecr/hoteldetail,,,,,
IHG-CDECX,Holiday Inn Resort Chengde Xinglong,,Holiday Inn Resort,假日度假酒店,ihg-holiday-inn-resort,FULLY_BOOKABLE,Hotel,Hotel,Chengde,,Hebei,,"Hongshila Village, Xinglong County, Chengde, Hebei, Mainland China",,,40.39939,117.521454,,https://www.ihg.com/holidayinnresorts/hotels/us/en/chengde/cdecx/hoteldetail,https://www.ihg.com/holidayinnresorts/hotels/cn/zh/chengde/cdecx/hoteldetail,,,,,
IHG-CTUCH,Crowne Plaza Chengdu City Center,,Crowne Plaza,皇冠假日酒店,ihg-crowne-plaza,FULLY_BOOKABLE,Hotel,Hotel,Chengdu,,Sichuan,,"No. 31 Zongfu Street, Chengdu, Sichuan, 610016, Mainland China",,610016,30.659273,104.07762,86-28-86786666x8588,https://www.ihg.com/crowneplaza/hotels/us/en/chengdu/ctuch/hoteldetail,https://www.ihg.com/crowneplaza/hotels/cn/zh/chengdu/ctuch/hoteldetail,,,,,
IHG-CTUPG,Crowne Plaza Chengdu Panda Garden,,Crowne Plaza,皇冠假日酒店,ihg-crowne-plaza,FULLY_BOOKABLE,Hotel,Hotel,Chengdu,,Sichuan,,"Poly Park 198, No. 1980 ShuLong Avenue,Xindu District, Chengdu, Sichuan, 610503, Mainland China",,610503,30.752615,104.14473,86-28-61798888x8136,https://www.ihg.com/crowneplaza/hotels/us/en/chengdu/ctupg/hoteldetail,https://www.ihg.com/crowneplaza/hotels/cn/zh/chengdu/ctupg/hoteldetail,,,,,
IHG-CTUTI,Crowne Plaza Chengdu Tianfu New Area,,Crowne Plaza,皇冠假日酒店,ihg-crowne-plaza,FULLY_BOOKABLE,Hotel,Hotel,Chengdu,,Sichuan,,"No.669 South Section Jiannan Avenue Tianfu New Area, Chengdu, Sichuan, 610213, Mainland China",,610213,30.532867,104.04707,86-028-81516666x0,https://www.ihg.com/crowneplaza/hotels/us/en/chengdu/ctuti/hoteldetail,https://www.ihg.com/crowneplaza/hotels/cn/zh/chengdu/ctuti/hoteldetail,,,,,
IHG-CTUBC,Crowne Plaza Chengdu Wenjiang,,Crowne Plaza,皇冠假日酒店,ihg-crowne-plaza,FULLY_BOOKABLE,Hotel,Hotel,Chengdu,,Sichuan,,"No.619A North Phoenix Street, Wenjiang District, Chengdu, Sichuan, 611130, Mainland China",,611130,30.685566,103.89008,86-28-82628888x6601,https://www.ihg.com/crowneplaza/hotels/us/en/chengdu/ctubc/hoteldetail,https://www.ihg.com/crowneplaza/hotels/cn/zh/chengdu/ctubc/hoteldetail,,,,,
IHG-CTUCP,Crowne Plaza Chengdu West,,Crowne Plaza,皇冠假日酒店,ihg-crowne-plaza,FULLY_BOOKABLE,Hotel,Hotel,Chengdu,,Sichuan,,"No.1 Xixin Avenue, High-Technology West Zone, Chengdu, Sichuan, 610041, Mainland China",,610041,30.728449,103.97354,86-28-87826666,https://www.ihg.com/crowneplaza/hotels/us/en/chengdu/ctucp/hoteldetail,https://www.ihg.com/crowneplaza/hotels/cn/zh/chengdu/ctucp/hoteldetail,,,,,
IHG-CTUZA,Crowne Plaza Chengdu Wuhou,,Crowne Plaza,皇冠假日酒店,ihg-crowne-plaza,FULLY_BOOKABLE,Hotel,Hotel,Chengdu,,Sichuan,,"No2. Chaoyin Road, Wuhou District, Chengdu, Sichuan, 610014, Mainland China",,610014,30.645166,103.98242,86-28-88866677x2068,https://www.ihg.com/crowneplaza/hotels/us/en/chengdu/ctuza/hoteldetail,https://www.ihg.com/crowneplaza/hotels/cn/zh/chengdu/ctuza/hoteldetail,,,,,
IHG-CTUTH,EVEN Hotel Chengdu High-Tech Zone,,EVEN Hotel,逸衡酒店,ihg-even-hotel,FULLY_BOOKABLE,Hotel,Hotel,Chengdu,,Sichuan,,"Tower 1 No. 619 3rd Tianfu Street, Chengdu, Sichuan, 610041, Mainland China",,610041,30.546326,104.05403,86-28-81376868,https://www.ihg.com/evenhotels/hotels/us/en/chengdu/ctuth/hoteldetail,https://www.ihg.com/evenhotels/hotels/cn/zh/chengdu/ctuth/hoteldetail,,,,,
IHG-CTUEN,EVEN Hotel Chengdu Jinniu,,EVEN Hotel,逸衡酒店,ihg-even-hotel,FULLY_BOOKABLE,Hotel,Hotel,Chengdu,,Sichuan,,"NO.399 Xishun Street, Huazhaobi Jinniu District, Chengdu, Sichuan, 610036, Mainland China",,610036,30.69877,104.0322,86-28-65092888x6066,https://www.ihg.com/evenhotels/hotels/us/en/chengdu/ctuen/hoteldetail,https://www.ihg.com/evenhotels/hotels/cn/zh/chengdu/ctuen/hoteldetail,,,,,
IHG-CTUPX,EVEN Hotel Chengdu Phoenix Mountain,,EVEN Hotel,逸衡酒店,ihg-even-hotel,FULLY_BOOKABLE,Hotel,Hotel,Chengdu,,Sichuan,,"Floor 13-20,Building 1, No. 148, Fujia 1st Road, Chengdu, Sichuan, 610000, Mainland China",,610000,30.75533,104.07509,86-199-3462x6085,https://www.ihg.com/evenhotels/hotels/us/en/chengdu/ctupx/hoteldetail,https://www.ihg.com/evenhotels/hotels/cn/zh/chengdu/ctupx/hoteldetail,,,,,
IHG-CTUAP,Holiday Inn Chengdu Airport,,Holiday Inn,假日酒店,ihg-holiday-inn,FULLY_BOOKABLE,Hotel,Hotel,Chengdu,,Sichuan,,"No.62, Airport South Fourth Road, Shuangliu District, Chengdu, Sichuan, 610200, Mainland China",,610200,30.567667,103.967354,86-28-62289999x8505,https://www.ihg.com/holidayinn/hotels/us/en/chengdu/ctuap/hoteldetail,https://www.ihg.com/holidayinn/hotels/cn/zh/chengdu/ctuap/hoteldetail,,,,,
IHG-CTUCC,Holiday Inn Chengdu Century City-EastTower,,Holiday Inn,假日酒店,ihg-holiday-inn,FULLY_BOOKABLE,Hotel,Hotel,Chengdu,,Sichuan,,"No.198 East Tower, Century City Boulevard, Chengdu, Sichuan, 610041, Mainland China",,610041,30.560263,104.07491,86-28-85348888,https://www.ihg.com/holidayinn/hotels/us/en/chengdu/ctucc/hoteldetail,https://www.ihg.com/holidayinn/hotels/cn/zh/chengdu/ctucc/hoteldetail,,,,,
IHG-CTUHI,Holiday Inn Chengdu Century City-WestTower,,Holiday Inn,假日酒店,ihg-holiday-inn,FULLY_BOOKABLE,Hotel,Hotel,Chengdu,,Sichuan,,"No.208 West Tower, Century City Boulevard, Chengdu, Sichuan, 610041, Mainland China",,610041,30.557673,104.07361,86-028-85348888x6401,https://www.ihg.com/holidayinn/hotels/us/en/chengdu/ctuhi/hoteldetail,https://www.ihg.com/holidayinn/hotels/cn/zh/chengdu/ctuhi/hoteldetail,,,,,
IHG-CTUET,Holiday Inn Chengdu East,,Holiday Inn,假日酒店,ihg-holiday-inn,FULLY_BOOKABLE,Hotel,Hotel,Chengdu,,Sichuan,,"No.666 Tenglong Road, Eastern New Area, Chengdu, Sichuan, 641402, Mainland China",,641402,30.503817,104.477776,86-028-81318888,https://www.ihg.com/holidayinn/hotels/us/en/chengdu/ctuet/hoteldetail,https://www.ihg.com/holidayinn/hotels/cn/zh/chengdu/ctuet/hoteldetail,,,,,
IHG-CTUHT,Holiday Inn Chengdu High-Tech Center,,Holiday Inn,假日酒店,ihg-holiday-inn,FULLY_BOOKABLE,Hotel,Hotel,Chengdu,,Sichuan,,"No. 1-1 Xi Xin Avenue, Hi-tech Development Zone, Chengdu, Sichuan, 611731, Mainland China",,611731,30.728449,103.97354,86-28-82822222,https://www.ihg.com/holidayinn/hotels/us/en/chengdu/ctuht/hoteldetail,https://www.ihg.com/holidayinn/hotels/cn/zh/chengdu/ctuht/hoteldetail,,,,,
IHG-CTUOP,Holiday Inn Chengdu Oriental Plaza,,Holiday Inn,假日酒店,ihg-holiday-inn,FULLY_BOOKABLE,Hotel,Hotel,Chengdu,,Sichuan,,"231 Zhiquanduan, East Avenue, Jinjiang District, Chengdu, Sichuan, 610061, Mainland China",,610061,30.648027,104.08892,86-28-61306688,https://www.ihg.com/holidayinn/hotels/us/en/chengdu/ctuop/hoteldetail,https://www.ihg.com/holidayinn/hotels/cn/zh/chengdu/ctuop/hoteldetail,,,,,
IHG-CTUCQ,Holiday Inn Chengdu Qinhuang,,Holiday Inn,假日酒店,ihg-holiday-inn,FULLY_BOOKABLE,Hotel,Hotel,Chengdu,,Sichuan,,"No. 999 Hanzhou Road, Next to West China Int'L Center, Chengdu, Sichuan, 610218, Mainland China",,610218,30.425081,104.08279,86-28-67098888x1500,https://www.ihg.com/holidayinn/hotels/us/en/chengdu/ctucq/hoteldetail,https://www.ihg.com/holidayinn/hotels/cn/zh/chengdu/ctucq/hoteldetail,,,,,
IHG-CTUCX,Holiday Inn Chengdu Xindu,,Holiday Inn,假日酒店,ihg-holiday-inn,FULLY_BOOKABLE,Hotel,Hotel,Chengdu,,Sichuan,,"No. 280 Ma Chao East Road, Xindu District, Chengdu, Sichuan, 610500, Mainland China",,610500,30.809923,104.18068,86-28-88885888x8588,https://www.ihg.com/holidayinn/hotels/us/en/chengdu/ctucx/hoteldetail,https://www.ihg.com/holidayinn/hotels/cn/zh/chengdu/ctucx/hoteldetail,,,,,
IHG-CTUCS,Holiday Inn Express Chengdu Airport Zone,,Holiday Inn Express,智选假日酒店,ihg-holiday-inn-express,FULLY_BOOKABLE,Hotel,Hotel,Chengdu,,Sichuan,,"No.39 Beijiao Road Shuangliu, Chengdu, Sichuan, 610200, Mainland China",,610200,30.582102,103.92733,86-028-67096666x8088,https://www.ihg.com/holidayinnexpress/hotels/us/en/chengdu/ctucs/hoteldetail,https://www.ihg.com/holidayinnexpress/hotels/cn/zh/chengdu/ctucs/hoteldetail,,,,,
IHG-CTUEA,Holiday Inn Express Chengdu East,,Holiday Inn Express,智选假日酒店,ihg-holiday-inn-express,FULLY_BOOKABLE,Hotel,Hotel,Chengdu,,Sichuan,,"No.329 Yeshu Street, Jinjiang District, Chengdu, Sichuan, 610011, Mainland China",,610011,30.582972,104.15096,86-028-69602888x6882,https://www.ihg.com/holidayinnexpress/hotels/us/en/chengdu/ctuea/hoteldetail,https://www.ihg.com/holidayinnexpress/hotels/cn/zh/chengdu/ctuea/hoteldetail,,,,,
IHG-CTUGL,Holiday Inn Express Chengdu Gulou,,Holiday Inn Express,智选假日酒店,ihg-holiday-inn-express,FULLY_BOOKABLE,Hotel,Hotel,Chengdu,,Sichuan,,"No.72 Daqiang West Street, Qingyang District, Chengdu, Sichuan, 610015, Mainland China",,610015,30.66373,104.072815,86-28-86785666x7111,https://www.ihg.com/holidayinnexpress/hotels/us/en/chengdu/ctugl/hoteldetail,https://www.ihg.com/holidayinnexpress/hotels/cn/zh/chengdu/ctugl/hoteldetail,,,,,
IHG-CTUCZ,Holiday Inn Express Chengdu High-Tech Zone,,Holiday Inn Express,智选假日酒店,ihg-holiday-inn-express,FULLY_BOOKABLE,Hotel,Hotel,Chengdu,,Sichuan,,"Building C, Boya City Plaza, No.501, Xinyu Road, Chengdu, Sichuan, 610041, Mainland China",,610041,30.514917,104.076866,86-028-60116333,https://www.ihg.com/holidayinnexpress/hotels/us/en/chengdu/ctucz/hoteldetail,https://www.ihg.com/holidayinnexpress/hotels/cn/zh/chengdu/ctucz/hoteldetail,,,,,
IHG-CTUHE,Holiday Inn Express Chengdu Huanhuaxi,,Holiday Inn Express,智选假日酒店,ihg-holiday-inn-express,FULLY_BOOKABLE,Hotel,Hotel,Chengdu,,Sichuan,,"No. 124 Jinyang Road, Wuhou District, Chengdu, Sichuan, 610041, Mainland China",,610041,30.651981,104.0045,86-028-85298888,https://www.ihg.com/holidayinnexpress/hotels/us/en/chengdu/ctuhe/hoteldetail,https://www.ihg.com/holidayinnexpress/hotels/cn/zh/chengdu/ctuhe/hoteldetail,,,,,
IHG-CTURJ,Holiday Inn Express Chengdu Jinniu,,Holiday Inn Express,智选假日酒店,ihg-holiday-inn-express,FULLY_BOOKABLE,Hotel,Hotel,Chengdu,,Sichuan,,"No.46 Shuxi Road, Jinniu district, Chengdu, Sichuan, 610037, Mainland China",,610037,30.716171,103.99001,86-28-82816666,https://www.ihg.com/holidayinnexpress/hotels/us/en/chengdu/cturj/hoteldetail,https://www.ihg.com/holidayinnexpress/hotels/cn/zh/chengdu/cturj/hoteldetail,,,,,
IHG-CTULN,Holiday Inn Express Chengdu Longquanyi North,,Holiday Inn Express,智选假日酒店,ihg-holiday-inn-express,FULLY_BOOKABLE,Hotel,Hotel,Chengdu,,Sichuan,,"NO.4555 Chengluo Road, Xihe Town, Longquanyi District, Chengdu, Sichuan, 610107, Mainland China",,610107,30.648403,104.2455,86-28-63238999,https://www.ihg.com/holidayinnexpress/hotels/us/en/chengdu/ctuln/hoteldetail,https://www.ihg.com/holidayinnexpress/hotels/cn/zh/chengdu/ctuln/hoteldetail,,,,,
IHG-CTUBB,Holiday Inn Express Chengdu North Railway Station,,Holiday Inn Express,智选假日酒店,ihg-holiday-inn-express,FULLY_BOOKABLE,Hotel,Hotel,Chengdu,,Sichuan,,"No.26 North Station East 1 Road, Jinniu District, Chengdu, Sichuan, 610081, Mainland China",,610081,30.694246,104.07439,,https://www.ihg.com/holidayinnexpress/hotels/us/en/chengdu/ctubb/hoteldetail,https://www.ihg.com/holidayinnexpress/hotels/cn/zh/chengdu/ctubb/hoteldetail,,,,,
IHG-CTUCM,Holiday Inn Express Chengdu Phoenix Mountain,,Holiday Inn Express,智选假日酒店,ihg-holiday-inn-express,FULLY_BOOKABLE,Hotel,Hotel,Chengdu,,Sichuan,,"Floor 5-12,Building 1, No. 148, Fujia 1st Road, Chengdu, Sichuan, 610000, Mainland China",,610000,30.75544,104.07503,86-199-3462x6085,https://www.ihg.com/holidayinnexpress/hotels/us/en/chengdu/ctucm/hoteldetail,https://www.ihg.com/holidayinnexpress/hotels/cn/zh/chengdu/ctucm/hoteldetail,,,,,
IHG-CTUPD,Holiday Inn Express Chengdu Pidu,,Holiday Inn Express,智选假日酒店,ihg-holiday-inn-express,FULLY_BOOKABLE,Hotel,Hotel,Chengdu,,Sichuan,,"No.1007 Section 1 of Shuxin Road, Pidu District, Chengdu, Sichuan, 611730, Mainland China",,611730,30.792744,103.88524,86-028-69388899,https://www.ihg.com/holidayinnexpress/hotels/us/en/chengdu/ctupd/hoteldetail,https://www.ihg.com/holidayinnexpress/hotels/cn/zh/chengdu/ctupd/hoteldetail,,,,,
IHG-CTUQG,Holiday Inn Express Chengdu Qionglai,,Holiday Inn Express,智选假日酒店,ihg-holiday-inn-express,FULLY_BOOKABLE,Hotel,Hotel,Chengdu,,Sichuan,,"No. 1 Pingyuan Road, Qionglai City, Chengdu, Sichuan, Mainland China",,,30.389631,103.46959,,https://www.ihg.com/holidayinnexpress/hotels/us/en/chengdu/ctuqg/hoteldetail,https://www.ihg.com/holidayinnexpress/hotels/cn/zh/chengdu/ctuqg/hoteldetail,,,,,
IHG-CTUSL,Holiday Inn Express Chengdu Shuangliu Airport,,Holiday Inn Express,智选假日酒店,ihg-holiday-inn-express,FULLY_BOOKABLE,Hotel,Hotel,Chengdu,,Sichuan,,"No. 17, Changle Section 1,, Chengdu, Sichuan, 610000, Mainland China",,610000,30.571062,103.98001,,https://www.ihg.com/holidayinnexpress/hotels/us/en/chengdu/ctusl/hoteldetail,https://www.ihg.com/holidayinnexpress/hotels/cn/zh/chengdu/ctusl/hoteldetail,,,,,
IHG-CTUSC,Holiday Inn Express Chengdu Shuangliu Chuanda Road,,Holiday Inn Express,智选假日酒店,ihg-holiday-inn-express,FULLY_BOOKABLE,Hotel,Hotel,Chengdu,,Sichuan,,"No. 623, Baijia Section, Dajian Road, Chengdu, Sichuan, 610200, Mainland China",,610200,30.56522,104.00573,86-28-81967888,https://www.ihg.com/holidayinnexpress/hotels/us/en/chengdu/ctusc/hoteldetail,https://www.ihg.com/holidayinnexpress/hotels/cn/zh/chengdu/ctusc/hoteldetail,,,,,
IHG-CTUTA,Holiday Inn Express Chengdu Tianfu Airport Zone,,Holiday Inn Express,智选假日酒店,ihg-holiday-inn-express,FULLY_BOOKABLE,Hotel,Hotel,Chengdu,,Sichuan,,"Wanhui Center, Zhanxi Avenue, Jianyang City, Chengdu, Sichuan, 641400, Mainland China",,641400,30.350351,104.51613,86-28-81328888,https://www.ihg.com/holidayinnexpress/hotels/us/en/chengdu/ctuta/hoteldetail,https://www.ihg.com/holidayinnexpress/hotels/cn/zh/chengdu/ctuta/hoteldetail,,,,,
IHG-CTUTS,Holiday Inn Express Chengdu Tianfu square,,Holiday Inn Express,智选假日酒店,ihg-holiday-inn-express,FULLY_BOOKABLE,Hotel,Hotel,Chengdu,,Sichuan,,"No. 52, Jindun Road, Qingyang District, Chengdu, Sichuan, 611730, Mainland China",,611730,30.653885,104.061516,,https://www.ihg.com/holidayinnexpress/hotels/us/en/chengdu/ctuts/hoteldetail,https://www.ihg.com/holidayinnexpress/hotels/cn/zh/chengdu/ctuts/hoteldetail,,,,,
IHG-CTUWZ,Holiday Inn Express Chengdu Tianhe,,Holiday Inn Express,智选假日酒店,ihg-holiday-inn-express,FULLY_BOOKABLE,Hotel,Hotel,Chengdu,,Sichuan,,"No. 169 Lianghe West Road, Xipu District, Chengdu, Sichuan, 610097, Mainland China",,610097,30.74568,103.97741,86-28-61681188,https://www.ihg.com/holidayinnexpress/hotels/us/en/chengdu/ctuwz/hoteldetail,https://www.ihg.com/holidayinnexpress/hotels/cn/zh/chengdu/ctuwz/hoteldetail,,,,,
IHG-CTUWD,Holiday Inn Express Chengdu Wenjiang Hotspring,,Holiday Inn Express,智选假日酒店,ihg-holiday-inn-express,FULLY_BOOKABLE,Hotel,Hotel,Chengdu,,Sichuan,,"No.619B North Phoenix Street,Wenjiang District, Chengdu, Sichuan, 611130, Mainland China",,611130,30.68658,103.89029,86-028-82626666,https://www.ihg.com/holidayinnexpress/hotels/us/en/chengdu/ctuwd/hoteldetail,https://www.ihg.com/holidayinnexpress/hotels/cn/zh/chengdu/ctuwd/hoteldetail,,,,,
IHG-CTUEX,Holiday Inn Express Chengdu West Gate,,Holiday Inn Express,智选假日酒店,ihg-holiday-inn-express,FULLY_BOOKABLE,Hotel,Hotel,Chengdu,,Sichuan,,"2nd Building, Xin Xi Men, Chengdu, Sichuan, 610003, Mainland China",,610003,30.683569,104.04629,86-28-89992222x1,https://www.ihg.com/holidayinnexpress/hotels/us/en/chengdu/ctuex/hoteldetail,https://www.ihg.com/holidayinnexpress/hotels/cn/zh/chengdu/ctuex/hoteldetail,,,,,
IHG-CTUWH,Holiday Inn Express Chengdu Wuhou,,Holiday Inn Express,智选假日酒店,ihg-holiday-inn-express,FULLY_BOOKABLE,Hotel,Hotel,Chengdu,,Sichuan,,"No.5, The 1st Section of Western, Chengdu, Sichuan, 610041, Mainland China",,610041,30.636871,104.02983,86-28-85060888x8712,https://www.ihg.com/holidayinnexpress/hotels/us/en/chengdu/ctuwh/hoteldetail,https://www.ihg.com/holidayinnexpress/hotels/cn/zh/chengdu/ctuwh/hoteldetail,,,,,
IHG-CTUWC,Holiday Inn Express Chengdu Wuhou New City,,Holiday Inn Express,智选假日酒店,ihg-holiday-inn-express,FULLY_BOOKABLE,Hotel,Hotel,Chengdu,,Sichuan,,"No. 188, Wuke West 2nd Road, Wuhou District, Chengdu, Sichuan, 610041, Mainland China",,610041,30.625225,103.97487,86-1830-2825747,https://www.ihg.com/holidayinnexpress/hotels/us/en/chengdu/ctuwc/hoteldetail,https://www.ihg.com/holidayinnexpress/hotels/cn/zh/chengdu/ctuwc/hoteldetail,,,,,
IHG-CTUXC,Holiday Inn Express Chengdu Xindu,,Holiday Inn Express,智选假日酒店,ihg-holiday-inn-express,FULLY_BOOKABLE,Hotel,Hotel,Chengdu,,Sichuan,,"No. 228 West Tianxiang Road, Chengdu, Sichuan, 610500, Mainland China",,610500,30.81514,104.18325,86-28-62609888,https://www.ihg.com/holidayinnexpress/hotels/us/en/chengdu/ctuxc/hoteldetail,https://www.ihg.com/holidayinnexpress/hotels/cn/zh/chengdu/ctuxc/hoteldetail,,,,,
IHG-CTUFC,Hotel Indigo Chengdu Financial City,,Hotel Indigo,英迪格酒店,ihg-hotel-indigo,FULLY_BOOKABLE,Hotel,Hotel,Chengdu,,Sichuan,,"No. 99, Jinyun East Third Lane, High-Tech District, Chengdu, Sichuan, 610095, Mainland China",,610095,30.581247,104.074684,86-028-83368888,https://www.ihg.com/hotelindigo/hotels/us/en/chengdu/ctufc/hoteldetail,https://www.ihg.com/hotelindigo/hotels/cn/zh/chengdu/ctufc/hoteldetail,,,,,
IHG-CTUHA,InterContinental Century City Chengdu,,InterContinental,洲际酒店及度假村,ihg-intercontinental,FULLY_BOOKABLE,Hotel,Hotel,Chengdu,,Sichuan,,"No. 88 CENTURY CITY BOULEVARD, Chengdu, Sichuan, 610041, Mainland China",,610041,30.559748,104.07214,86-28-85349999,https://www.ihg.com/intercontinental/hotels/us/en/chengdu/ctuha/hoteldetail,https://www.ihg.com/intercontinental/hotels/cn/zh/chengdu/ctuha/hoteldetail,,,,,
IHG-CTUIC,InterContinental Chengdu Global Center,,InterContinental,洲际酒店及度假村,ihg-intercontinental,FULLY_BOOKABLE,Hotel,Hotel,Chengdu,,Sichuan,,"No. 1700 Tianfu Avenue North, Chengdu, Sichuan, 610041, Mainland China",,610041,30.56874,104.0634,86-28-62758888,https://www.ihg.com/intercontinental/hotels/us/en/chengdu/ctuic/hoteldetail,https://www.ihg.com/intercontinental/hotels/cn/zh/chengdu/ctuic/hoteldetail,,,,,
IHG-CTUPS,Vignette Collection Palm Springs Hotel Chengdu,,Vignette Collection,Vignette Collection,ihg-vignette-collection,FULLY_BOOKABLE,Hotel,Hotel,Chengdu,,Sichuan,,"No. 269 Tianfu Middle Avenue, Hi-Tech District, Chengdu, Sichuan, 610041, Mainland China",,610041,30.553122,104.06986,86-28-88003333,https://www.ihg.com/vignettecollection/hotels/us/en/chengdu/ctups/hoteldetail,https://www.ihg.com/vignettecollection/hotels/cn/zh/chengdu/ctups/hoteldetail,,,,,
IHG-CTUCU,voco Chengdu Chunxi Road,,voco,voco 酒店,ihg-voco,FULLY_BOOKABLE,Hotel,Hotel,Chengdu,,Sichuan,,"No. 9, Shangdongdajie Section, Dongda Street, Chengdu, Sichuan, 610000, Mainland China",,610000,30.656164,104.0717,86-028-61319999,https://www.ihg.com/voco/hotels/us/en/chengdu/ctucu/hoteldetail,https://www.ihg.com/voco/hotels/cn/zh/chengdu/ctucu/hoteldetail,,,,,
IHG-CTUTC,voco Chengdu High-Tech Zone,,voco,voco 酒店,ihg-voco,FULLY_BOOKABLE,Hotel,Hotel,Chengdu,,Sichuan,,"No. 461 Jiqing 1st Road, High-tech Zone, Chengdu, Sichuan, 610000, Mainland China",,610000,30.557766,104.058495,86-28-60990999,https://www.ihg.com/voco/hotels/us/en/chengdu/ctutc/hoteldetail,https://www.ihg.com/voco/hotels/cn/zh/chengdu/ctutc/hoteldetail,,,,,
IHG-CTUJQ,voco Chengdu Jiuyanqiao,,voco,voco 酒店,ihg-voco,FULLY_BOOKABLE,Hotel,Hotel,Chengdu,,Sichuan,,"No.161 Qunzhong Road, Wuhou District, Chengdu, Sichuan, 610044, Mainland China",,610044,30.638025,104.08323,86-028-66818888,https://www.ihg.com/voco/hotels/us/en/chengdu/ctujq/hoteldetail,https://www.ihg.com/voco/hotels/cn/zh/chengdu/ctujq/hoteldetail,,,,,
IHG-CTUMM,voco Chengdu Movie Metropolis,,voco,voco 酒店,ihg-voco,FULLY_BOOKABLE,Hotel,Hotel,Chengdu,,Sichuan,,"No. 3 Community, Yongding Village, Pidu District, Chengdu, Sichuan, 610000, Mainland China",,610000,30.808422,103.967,,https://www.ihg.com/voco/hotels/us/en/chengdu/ctumm/hoteldetail,https://www.ihg.com/voco/hotels/cn/zh/chengdu/ctumm/hoteldetail,,,,,
IHG-HCZCS,Holiday Inn Express Chenzhou Suxian,,Holiday Inn Express,智选假日酒店,ihg-holiday-inn-express,FULLY_BOOKABLE,Hotel,Hotel,Chenzhou,,Hunan,,"Suxian Talent Innovation Park, No. 177 Chenxian Road, Chenzhou, Hunan, 423038, Mainland China",,423038,25.796873,113.11393,86-735-7608888,https://www.ihg.com/holidayinnexpress/hotels/us/en/chenzhou/hczcs/hoteldetail,https://www.ihg.com/holidayinnexpress/hotels/cn/zh/chenzhou/hczcs/hoteldetail,,,,,
IHG-CIFCH,Holiday Inn Express Chifeng Hongshan,,Holiday Inn Express,智选假日酒店,ihg-holiday-inn-express,FULLY_BOOKABLE,Hotel,Hotel,Chifeng,,Nei Mongol,,"Building 5, Area A Wanda Plaza, Xilamulun Street, Chifeng, Nei Mongol, 024000, Mainland China",,024000,42.25078,118.91326,86-476-8307777x6655,https://www.ihg.com/holidayinnexpress/hotels/us/en/chifeng/cifch/hoteldetail,https://www.ihg.com/holidayinnexpress/hotels/cn/zh/chifeng/cifch/hoteldetail,,,,,
IHG-JUHJI,Holiday Inn Jiuhua Mountain Hot Spring,,Holiday Inn,假日酒店,ihg-holiday-inn,FULLY_BOOKABLE,Hotel,Hotel,Chizhou,,Anhui,,"Intersection of Xingci Road and Xiaoxian Road, Chizhou, Anhui, 242809, Mainland China",,242809,30.552458,117.77445,86-0566-6026666x6666,https://www.ihg.com/holidayinn/hotels/us/en/chizhou/juhji/hoteldetail,https://www.ihg.com/holidayinn/hotels/cn/zh/chizhou/juhji/hoteldetail,,,,,
IHG-CKGHI,Crowne Plaza Chongqing New North Zone,,Crowne Plaza,皇冠假日酒店,ihg-crowne-plaza,FULLY_BOOKABLE,Hotel,Hotel,Chongqing,,Chongqing,,"No.1 Longhuai Street, Economic & Technological Dev Park, Chongqing, Chongqing, 401122, Mainland China",,401122,29.664286,106.570465,86-23-88899999x6130,https://www.ihg.com/crowneplaza/hotels/us/en/chongqing/ckghi/hoteldetail,https://www.ihg.com/crowneplaza/hotels/cn/zh/chongqing/ckghi/hoteldetail,,,,,
IHG-CKGNN,Holiday Inn & Suites Chongqing Nanan,,Holiday Inn & Suites,假日套房酒店,ihg-holiday-inn-and-suites,FULLY_BOOKABLE,Hotel,Hotel,Chongqing,,Chongqing,,"No.9 Feng Lin road, Nan An district, Chongqing, Chongqing, 400069, Mainland China",,400069,29.5272,106.53968,86-023-86776666,https://www.ihg.com/holidayinn/hotels/us/en/chongqing/ckgnn/hoteldetail,https://www.ihg.com/holidayinn/hotels/cn/zh/chongqing/ckgnn/hoteldetail,,,,,
IHG-CKGDV,Holiday Inn Chongqing Data Valley,,Holiday Inn,假日酒店,ihg-holiday-inn,FULLY_BOOKABLE,Hotel,Hotel,Chongqing,,Chongqing,,"No. 1 Xiangu Road, Xian Tao Data Valley, Chongqing, Chongqing, 401120, Mainland China",,401120,29.746471,106.554085,86-023-67386666,https://www.ihg.com/holidayinn/hotels/us/en/chongqing/ckgdv/hoteldetail,https://www.ihg.com/holidayinn/hotels/cn/zh/chongqing/ckgdv/hoteldetail,,,,,
IHG-CKGCN,Holiday Inn Chongqing Guanyinqiao,,Holiday Inn,假日酒店,ihg-holiday-inn,FULLY_BOOKABLE,Hotel,Hotel,Chongqing,,Chongqing,,"No.96, Wuhong Road, Longta Street,Yubei District, Chongqing, Chongqing, 400020, Mainland China",,400020,29.58538,106.54722,86-023-86568888,https://www.ihg.com/holidayinn/hotels/us/en/chongqing/ckgcn/hoteldetail,https://www.ihg.com/holidayinn/hotels/cn/zh/chongqing/ckgcn/hoteldetail,,,,,
IHG-CKGSC,Holiday Inn Chongqing Science Hall,,Holiday Inn,假日酒店,ihg-holiday-inn,FULLY_BOOKABLE,Hotel,Hotel,Chongqing,,Chongqing,,"No.7, Huixi 1st Road, High-tech Zone, Chongqing, Chongqing, 401329, Mainland China",,401329,29.515451,106.34782,86-023-61666666,https://www.ihg.com/holidayinn/hotels/us/en/chongqing/ckgsc/hoteldetail,https://www.ihg.com/holidayinn/hotels/cn/zh/chongqing/ckgsc/hoteldetail,,,,,
IHG-CKGCS,Holiday Inn Chongqing Shuangfu,,Holiday Inn,假日酒店,ihg-holiday-inn,FULLY_BOOKABLE,Hotel,Hotel,Chongqing,,Chongqing,,"1-13-1, Building 21, Xiangrui Xicheng Center, Chongqing, Chongqing, 402247, Mainland China",,402247,29.412333,106.308586,86-23-65896666,https://www.ihg.com/holidayinn/hotels/us/en/chongqing/ckgcs/hoteldetail,https://www.ihg.com/holidayinn/hotels/cn/zh/chongqing/ckgcs/hoteldetail,,,,,
IHG-CHGUT,Holiday Inn Chongqing University Town,,Holiday Inn,假日酒店,ihg-holiday-inn,FULLY_BOOKABLE,Hotel,Hotel,Chongqing,,Chongqing,,"No. 26 South Road University Town, Shapingba District, Chongqing, Chongqing, 401331, Mainland China",,401331,29.599264,106.30462,86-023-88616666x6606,https://www.ihg.com/holidayinn/hotels/us/en/chongqing/chgut/hoteldetail,https://www.ihg.com/holidayinn/hotels/cn/zh/chongqing/chgut/hoteldetail,,,,,
IHG-CKGAP,Holiday Inn Express Chongqing Airport Zone,,Holiday Inn Express,智选假日酒店,ihg-holiday-inn-express,FULLY_BOOKABLE,Hotel,Hotel,Chongqing,,Chongqing,,"NO.199 Lianggang Avenue Yubei District, Chongqing, Chongqing, Chongqing, 401120, Mainland China",,401120,29.675802,106.63131,86-23-65959666,https://www.ihg.com/holidayinnexpress/hotels/us/en/chongqing/ckgap/hoteldetail,https://www.ihg.com/holidayinnexpress/hotels/cn/zh/chongqing/ckgap/hoteldetail,,,,,
IHG-CKGCC,Holiday Inn Express Chongqing Caiyun Lake,,Holiday Inn Express,智选假日酒店,ihg-holiday-inn-express,FULLY_BOOKABLE,Hotel,Hotel,Chongqing,,Chongqing,,"NO.108 Kecheng Road, Jiulongpo District, Chongqing, Chongqing, 400039, Mainland China",,400039,29.511066,106.46528,86-023-86158888,https://www.ihg.com/holidayinnexpress/hotels/us/en/chongqing/ckgcc/hoteldetail,https://www.ihg.com/holidayinnexpress/hotels/cn/zh/chongqing/ckgcc/hoteldetail,,,,,
IHG-CKGCP,Holiday Inn Express Chongqing Central Park,,Holiday Inn Express,智选假日酒店,ihg-holiday-inn-express,FULLY_BOOKABLE,Hotel,Hotel,Chongqing,,Chongqing,,"No.35 Jiaye Road, Yubei district, Chongqing, Chongqing, 401120, Mainland China",,401120,29.717201,106.57473,86-23-62497777,https://www.ihg.com/holidayinnexpress/hotels/us/en/chongqing/ckgcp/hoteldetail,https://www.ihg.com/holidayinnexpress/hotels/cn/zh/chongqing/ckgcp/hoteldetail,,,,,
IHG-CKGCK,Holiday Inn Express Chongqing Ciqikou Ancient Town,,Holiday Inn Express,智选假日酒店,ihg-holiday-inn-express,FULLY_BOOKABLE,Hotel,Hotel,Chongqing,,Chongqing,,"Building 7, No 261 Shijingpo Street, Shapingba District, Chongqing, Chongqing, 400032, Mainland China",,400032,29.591753,106.44752,86-23-86222888,https://www.ihg.com/holidayinnexpress/hotels/us/en/chongqing/ckgck/hoteldetail,https://www.ihg.com/holidayinnexpress/hotels/cn/zh/chongqing/ckgck/hoteldetail,,,,,
IHG-CKGJC,Holiday Inn Express Chongqing Guanyinqiao,,Holiday Inn Express,智选假日酒店,ihg-holiday-inn-express,FULLY_BOOKABLE,Hotel,Hotel,Chongqing,,Chongqing,,"No.111, Longxi St, Songpai Rd, Liangjiang New District, Chongqing, Chongqing, 401147, Mainland China",,401147,29.592869,106.5151,86-23-86009999,https://www.ihg.com/holidayinnexpress/hotels/us/en/chongqing/ckgjc/hoteldetail,https://www.ihg.com/holidayinnexpress/hotels/cn/zh/chongqing/ckgjc/hoteldetail,,,,,
IHG-CKGXP,Holiday Inn Express Chongqing Hongya Cave,,Holiday Inn Express,智选假日酒店,ihg-holiday-inn-express,FULLY_BOOKABLE,Hotel,Hotel,Chongqing,,Chongqing,,"113 Jialin River Binjiang Road, Yuzhong District, Chongqing, Chongqing, Mainland China",,,29.561377,106.57326,,https://www.ihg.com/holidayinnexpress/hotels/us/en/chongqing/ckgxp/hoteldetail,https://www.ihg.com/holidayinnexpress/hotels/cn/zh/chongqing/ckgxp/hoteldetail,,,,,
IHG-CKGCJ,Holiday Inn Express Chongqing Jiulongpo,,Holiday Inn Express,智选假日酒店,ihg-holiday-inn-express,FULLY_BOOKABLE,Hotel,Hotel,Chongqing,,Chongqing,,"NO.62 Yuzhou Road, Jiulongpo District, Chongqing, Chongqing, Mainland China",,,29.53329,106.48876,,https://www.ihg.com/holidayinnexpress/hotels/us/en/chongqing/ckgcj/hoteldetail,https://www.ihg.com/holidayinnexpress/hotels/cn/zh/chongqing/ckgcj/hoteldetail,,,,,
IHG-CKGLI,Holiday Inn Express Chongqing Liangjiang Yufu,,Holiday Inn Express,智选假日酒店,ihg-holiday-inn-express,FULLY_BOOKABLE,Hotel,Hotel,Chongqing,,Chongqing,,"No.118 Hexu Road, Chongqing, Chongqing, 401133, Mainland China",,401133,29.621748,106.751724,86-23-61369369,https://www.ihg.com/holidayinnexpress/hotels/us/en/chongqing/ckgli/hoteldetail,https://www.ihg.com/holidayinnexpress/hotels/cn/zh/chongqing/ckgli/hoteldetail,,,,,
IHG-CKGCR,Holiday Inn Express Chongqing Nanbin Road,,Holiday Inn Express,智选假日酒店,ihg-holiday-inn-express,FULLY_BOOKABLE,Hotel,Hotel,Chongqing,,Chongqing,,"No. 148 Nanbin Road, Nan'an District, Chongqing, Chongqing, 400064, Mainland China",,400064,29.582012,106.58464,86-23-61902266,https://www.ihg.com/holidayinnexpress/hotels/us/en/chongqing/ckgcr/hoteldetail,https://www.ihg.com/holidayinnexpress/hotels/cn/zh/chongqing/ckgcr/hoteldetail,,,,,
IHG-CHGCQ,Holiday Inn Express Chongqing University Town,,Holiday Inn Express,智选假日酒店,ihg-holiday-inn-express,FULLY_BOOKABLE,Hotel,Hotel,Chongqing,,Chongqing,,"No.16,Jingyang Road,Shapingba District, Chongqing, Chongqing, 401331, Mainland China",,401331,29.588938,106.31201,86-23-65550666x0,https://www.ihg.com/holidayinnexpress/hotels/us/en/chongqing/chgcq/hoteldetail,https://www.ihg.com/holidayinnexpress/hotels/cn/zh/chongqing/chgcq/hoteldetail,,,,,
IHG-CKGGQ,Hotel Indigo Chongqing Chaotianmen,,Hotel Indigo,英迪格酒店,ihg-hotel-indigo,FULLY_BOOKABLE,Hotel,Hotel,Chongqing,,Chongqing,,"Floors 24F to 32F and 34F to 40F, No. 2 Jiesheng Street, Chongqing, Chongqing, 400011, Mainland China",,400011,29.565245,106.587,86-23-86588888,https://www.ihg.com/hotelindigo/hotels/us/en/chongqing/ckggq/hoteldetail,https://www.ihg.com/hotelindigo/hotels/cn/zh/chongqing/ckggq/hoteldetail,,,,,
IHG-CKGHL,HUALUXE Chongqing Science Hall,,HUALUXE,华邑酒店及度假村,ihg-hualuxe,FULLY_BOOKABLE,Hotel,Hotel,Chongqing,,Chongqing,,"No.9, Huixi 1st Road, High-tech Zone, Chongqing, Chongqing, 401329, Mainland China",,401329,29.515453,106.34782,86-023-61888888,https://www.ihg.com/hotels/us/en/chongqing/ckghl/hoteldetail,https://www.ihg.com/hotels/cn/zh/chongqing/ckghl/hoteldetail,,,,,
IHG-CHGHB,InterContinental Chongqing Raffles City,,InterContinental,洲际酒店及度假村,ihg-intercontinental,FULLY_BOOKABLE,Hotel,Hotel,Chongqing,,Chongqing,,"No. 2 Changjiang Binjiang Road, Yuzhong District, Chongqing, Chongqing, 400010, Mainland China",,400010,29.566242,106.58746,86-023-89888888x6500,https://www.ihg.com/intercontinental/hotels/us/en/chongqing/chghb/hoteldetail,https://www.ihg.com/intercontinental/hotels/cn/zh/chongqing/chghb/hoteldetail,,,,,
IHG-CKGRH,Regent Chongqing,,Regent,丽晶酒店及度假村,ihg-regent,FULLY_BOOKABLE,Hotel,Hotel,Chongqing,,Chongqing,,"66th Jinshamen Road, Jiangbei District, Chongqing, Chongqing, 400021, Mainland China",,400021,29.571272,106.570816,86-023-89088888x6188,https://www.ihg.com/regent/hotels/us/en/chongqing/ckgrh/hoteldetail,https://www.ihg.com/regent/hotels/cn/zh/chongqing/ckgrh/hoteldetail,,,,,
IHG-CKGJH,Vignette Collection TFT Chongqing,,Vignette Collection,Vignette Collection,ihg-vignette-collection,FULLY_BOOKABLE,Hotel,Hotel,Chongqing,,Chongqing,,"55 Dongshengmen Road, Chongqing, Chongqing, 400000, Mainland China",,400000,29.57458,106.57111,86-023-88568888x6988,https://www.ihg.com/vignettecollection/hotels/us/en/chongqing/ckgjh/hoteldetail,https://www.ihg.com/vignettecollection/hotels/cn/zh/chongqing/ckgjh/hoteldetail,,,,,
IHG-CKGCT,voco Chongqing Chaotianmen,,voco,voco 酒店,ihg-voco,FULLY_BOOKABLE,Hotel,Hotel,Chongqing,,Chongqing,,"No. 1 Xinhua Road, Yuzhong District, Chongqing, Chongqing, 400011, Mainland China",,400011,29.563513,106.58583,86-23-89188888,https://www.ihg.com/voco/hotels/us/en/chongqing/ckgct/hoteldetail,https://www.ihg.com/voco/hotels/cn/zh/chongqing/ckgct/hoteldetail,,,,,
IHG-DLUAN,Holiday Inn Express Dali Ancient Town,,Holiday Inn Express,智选假日酒店,ihg-holiday-inn-express,FULLY_BOOKABLE,Hotel,Hotel,Dali,,Yunnan,,"West of Shangmo Village, Dali, Yunnan, Mainland China",,,25.65678,100.1877,,https://www.ihg.com/holidayinnexpress/hotels/us/en/dali/dluan/hoteldetail,https://www.ihg.com/holidayinnexpress/hotels/cn/zh/dali/dluan/hoteldetail,,,,,
IHG-BSDXG,Holiday Inn Express Dali Xiaguan,,Holiday Inn Express,智选假日酒店,ihg-holiday-inn-express,FULLY_BOOKABLE,Hotel,Hotel,Dali,,Yunnan,,"B2 Building Dianxi Commercial Center, Dali, Yunnan, 671000, Mainland China",,671000,25.5918,100.23,86-872-8869999,https://www.ihg.com/holidayinnexpress/hotels/us/en/dali/bsdxg/hoteldetail,https://www.ihg.com/holidayinnexpress/hotels/cn/zh/dali/bsdxg/hoteldetail,,,,,
IHG-DLUDE,Hotel Indigo Dali Erhai,,Hotel Indigo,英迪格酒店,ihg-hotel-indigo,FULLY_BOOKABLE,Hotel,Hotel,Dali,,Yunnan,,"No.15 Binhai Avenue, Dali, Yunnan, 671000, Mainland China",,671000,25.605015,100.249695,86-872-2222222x5,https://www.ihg.com/hotelindigo/hotels/us/en/dali/dlude/hoteldetail,https://www.ihg.com/hotelindigo/hotels/cn/zh/dali/dlude/hoteldetail,,,,,
IHG-DLCKH,Crowne Plaza Dalian Kerren,,Crowne Plaza,皇冠假日酒店,ihg-crowne-plaza,FULLY_BOOKABLE,Hotel,Hotel,Dalian,,Liaoning,,"No. 186 Jinma Road Development Area, Dalian, Liaoning, 116600, Mainland China",,116600,39.048172,121.775604,,https://www.ihg.com/crowneplaza/hotels/us/en/dalian/dlckh/hoteldetail,https://www.ihg.com/crowneplaza/hotels/cn/zh/dalian/dlckh/hoteldetail,,,,,
IHG-DLCSP,Crowne Plaza Dalian Sports Center,,Crowne Plaza,皇冠假日酒店,ihg-crowne-plaza,FULLY_BOOKABLE,Hotel,Hotel,Dalian,,Liaoning,,"No.26 Sports Center Ganjingzi District, Dalian, Liaoning, 116000, Mainland China",,116000,39.022896,121.56385,86-411-84826608,https://www.ihg.com/crowneplaza/hotels/us/en/dalian/dlcsp/hoteldetail,https://www.ihg.com/crowneplaza/hotels/cn/zh/dalian/dlcsp/hoteldetail,,,,,
IHG-DLCXP,Crowne Plaza Dalian Xinghai,,Crowne Plaza,皇冠假日酒店,ihg-crowne-plaza,FULLY_BOOKABLE,Hotel,Hotel,Dalian,,Liaoning,,"60-1 Binhe Street, Shahekou District, Dalian, Liaoning, 116001, Mainland China",,116001,38.89601,121.59361,86-0411-86483333,https://www.ihg.com/crowneplaza/hotels/us/en/dalian/dlcxp/hoteldetail,https://www.ihg.com/crowneplaza/hotels/cn/zh/dalian/dlcxp/hoteldetail,,,,,
IHG-DLCDN,Holiday Inn Dalian Hot Spring,,Holiday Inn,假日酒店,ihg-holiday-inn,FULLY_BOOKABLE,Hotel,Hotel,Dalian,,Liaoning,,"A-1, Jinshi Hot Sping Resort, Jinshitan, Dalian, Liaoning, 116650, Mainland China",,116650,39.07602,121.99639,86-411-87901111,https://www.ihg.com/holidayinn/hotels/us/en/dalian/dlcdn/hoteldetail,https://www.ihg.com/holidayinn/hotels/cn/zh/dalian/dlcdn/hoteldetail,,,,,
IHG-DLCCC,Holiday Inn Express Dalian City Center,,Holiday Inn Express,智选假日酒店,ihg-holiday-inn-express,FULLY_BOOKABLE,Hotel,Hotel,Dalian,,Liaoning,,"No. 189 Tianjin Street, Zhongshan District, Dalian, Liaoning, 116001, Mainland China",,116001,38.92379,121.64102,86-411-88138888x6207,https://www.ihg.com/holidayinnexpress/hotels/us/en/dalian/dlccc/hoteldetail,https://www.ihg.com/holidayinnexpress/hotels/cn/zh/dalian/dlccc/hoteldetail,,,,,
IHG-DLCPB,Holiday Inn Express Dalian Golden Pebble Beach,,Holiday Inn Express,智选假日酒店,ihg-holiday-inn-express,FULLY_BOOKABLE,Hotel,Hotel,Dalian,,Liaoning,,"No. 73-14, Haibin West Road,, Dalian, Liaoning, 116600, Mainland China",,116600,39.078766,122.00499,86-411-39077888,https://www.ihg.com/holidayinnexpress/hotels/us/en/dalian/dlcpb/hoteldetail,https://www.ihg.com/holidayinnexpress/hotels/cn/zh/dalian/dlcpb/hoteldetail,,,,,
IHG-DLCHA,InterContinental Dalian,,InterContinental,洲际酒店及度假村,ihg-intercontinental,FULLY_BOOKABLE,Hotel,Hotel,Dalian,,Liaoning,,"No.6 Youhao Square, Zhongshan District, Dalian, Liaoning, 116001, Mainland China",,116001,38.92007,121.64071,86-411-82366666x6988,https://www.ihg.com/intercontinental/hotels/us/en/dalian/dlcha/hoteldetail,https://www.ihg.com/intercontinental/hotels/cn/zh/dalian/dlcha/hoteldetail,,,,,
IHG-DDGCC,Holiday Inn Express Dandong City Center,,Holiday Inn Express,智选假日酒店,ihg-holiday-inn-express,FULLY_BOOKABLE,Hotel,Hotel,Dandong,,Liaoning,,"NO.22 Qijing Street, Zhenxing District, Dandong, Liaoning, 118000, Mainland China",,118000,40.12913,124.39145,,https://www.ihg.com/holidayinnexpress/hotels/us/en/dandong/ddgcc/hoteldetail,https://www.ihg.com/holidayinnexpress/hotels/cn/zh/dandong/ddgcc/hoteldetail,,,,,
IHG-CZXYT,Holiday Inn Express Danyang,,Holiday Inn Express,智选假日酒店,ihg-holiday-inn-express,FULLY_BOOKABLE,Hotel,Hotel,Danyang,,Jiangsu,,"No. 178 Danfeng North Road, Yunyang Town, Danyang, Jiangsu, 212300, Mainland China",,212300,31.999226,119.58136,,https://www.ihg.com/holidayinnexpress/hotels/us/en/danyang/czxyt/hoteldetail,https://www.ihg.com/holidayinnexpress/hotels/cn/zh/danyang/czxyt/hoteldetail,,,,,
IHG-DATSO,Holiday Inn Datong,,Holiday Inn,假日酒店,ihg-holiday-inn,FULLY_BOOKABLE,Hotel,Hotel,Datong,,Shanxi,,"No. 188 Yunzhou St. Pingcheng District, Datong, Shanxi, 037000, Mainland China",,037000,40.10302,113.341774,86-0352-5926666,https://www.ihg.com/holidayinn/hotels/us/en/datong/datso/hoteldetail,https://www.ihg.com/holidayinn/hotels/cn/zh/datong/datso/hoteldetail,,,,,
IHG-DATPC,Holiday Inn Express Datong Pingcheng,,Holiday Inn Express,智选假日酒店,ihg-holiday-inn-express,FULLY_BOOKABLE,Hotel,Hotel,Datong,,Shanxi,,"NO.13 Dongfangmingcheng, Haowangjiao, Datong, Shanxi, 037008, Mainland China",,037008,40.072636,113.35183,86-352-8088888,https://www.ihg.com/holidayinnexpress/hotels/us/en/datong/datpc/hoteldetail,https://www.ihg.com/holidayinnexpress/hotels/cn/zh/datong/datpc/hoteldetail,,,,,
IHG-CGOSS,Holiday Inn Express Dengfeng Songshan,,Holiday Inn Express,智选假日酒店,ihg-holiday-inn-express,FULLY_BOOKABLE,Hotel,Hotel,Dengfeng,,Henan,,"C. Centre For Cultural Sports Tourism, Dengfeng, Henan, 452470, Mainland China",,452470,34.447117,113.01533,86-371-62958555,https://www.ihg.com/holidayinnexpress/hotels/us/en/dengfeng/cgoss/hoteldetail,https://www.ihg.com/holidayinnexpress/hotels/cn/zh/dengfeng/cgoss/hoteldetail,,,,,
IHG-HGHDQ,Crowne Plaza Deqing Moganshan,,Crowne Plaza,皇冠假日酒店,ihg-crowne-plaza,FULLY_BOOKABLE,Hotel,Hotel,Deqing,,Zhejiang,,"818 East Beihu St,Wukang, Deqing, Deqing, Zhejiang, 313200, Mainland China",,313200,30.547443,119.98156,86-572-8819999,https://www.ihg.com/crowneplaza/hotels/us/en/deqing/hghdq/hoteldetail,https://www.ihg.com/crowneplaza/hotels/cn/zh/deqing/hghdq/hoteldetail,,,,,
IHG-HZCDZ,Holiday Inn Deqing Xinshi Ancient Town,,Holiday Inn,假日酒店,ihg-holiday-inn,FULLY_BOOKABLE,Hotel,Hotel,Deqing,,Zhejiang,,"No.9 Xiaonanshan Road, Xinshi Town, Deqing, Zhejiang, 313201, Mainland China",,313201,30.612328,120.28681,86-572-8818999,https://www.ihg.com/holidayinn/hotels/us/en/deqing/hzcdz/hoteldetail,https://www.ihg.com/holidayinn/hotels/cn/zh/deqing/hzcdz/hoteldetail,,,,,
IHG-DIGDQ,Hotel Indigo Diqing Moonlight City,,Hotel Indigo,英迪格酒店,ihg-hotel-indigo,FULLY_BOOKABLE,Hotel,Hotel,Diqing,,Yunnan,,"No. 1000 East Corridor Jinlong Community, Diqing, Yunnan, 674400, Mainland China",,674400,27.807716,99.70371,86-887-3086666,https://www.ihg.com/hotelindigo/hotels/us/en/diqing/digdq/hoteldetail,https://www.ihg.com/hotelindigo/hotels/cn/zh/diqing/digdq/hoteldetail,,,,,
IHG-XHOST,Holiday Inn Express Dongguan Shatian,,Holiday Inn Express,智选假日酒店,ihg-holiday-inn-express,FULLY_BOOKABLE,Hotel,Hotel,Dongguan,,Guangdong,,"61 Shatian Avenue, Shatian Town, Dongguan, Guangdong, 523860, Mainland China",,523860,22.900127,113.618515,86-769-88662988,https://www.ihg.com/holidayinnexpress/hotels/us/en/dongguan/xhost/hoteldetail,https://www.ihg.com/holidayinnexpress/hotels/cn/zh/dongguan/xhost/hoteldetail,,,,,
IHG-XHODG,InterContinental Dongguan,,InterContinental,洲际酒店及度假村,ihg-intercontinental,FULLY_BOOKABLE,Hotel,Hotel,Dongguan,,Guangdong,,"T4 Guo Mao Center, No.1 East Hong Fu Road, Dongguan, Guangdong, 523000, Mainland China",,523000,23.012554,113.76189,86-769-88996666,https://www.ihg.com/intercontinental/hotels/us/en/dongguan/xhodg/hoteldetail,https://www.ihg.com/intercontinental/hotels/cn/zh/dongguan/xhodg/hoteldetail,,,,,
IHG-DOYCR,Crowne Plaza Dongying,,Crowne Plaza,皇冠假日酒店,ihg-crowne-plaza,FULLY_BOOKABLE,Hotel,Hotel,Dongying,,Shandong,,"NO.66 Dongwu Road, Dongying District, Dongying, Shandong, 257000, Mainland China",,257000,37.435856,118.71467,86-546-7056666,https://www.ihg.com/crowneplaza/hotels/us/en/dongying/doycr/hoteldetail,https://www.ihg.com/crowneplaza/hotels/cn/zh/dongying/doycr/hoteldetail,,,,,
IHG-CTUDU,Crowne Plaza Dujiangyan,,Crowne Plaza,皇冠假日酒店,ihg-crowne-plaza,FULLY_BOOKABLE,Hotel,Hotel,Dujiangyan,,Sichuan,,"No. 388 Dujiangyan Avenue, Dujiangyan, Sichuan, 611830, Mainland China",,611830,30.98437,103.6606,86-028-87266666x6822,https://www.ihg.com/crowneplaza/hotels/us/en/dujiangyan-chengdu/ctudu/hoteldetail,https://www.ihg.com/crowneplaza/hotels/cn/zh/dujiangyan-chengdu/ctudu/hoteldetail,,,,,
IHG-CTUAN,Holiday Inn Dujiangyan Ancient Town,,Holiday Inn,假日酒店,ihg-holiday-inn,FULLY_BOOKABLE,Hotel,Hotel,Dujiangyan,,Sichuan,,"Taiping Road, Dujiangyan, Sichuan, 611800, Mainland China",,611800,30.99273,103.62476,86-028-67688888,https://www.ihg.com/holidayinn/hotels/us/en/dujiangyan-chengdu/ctuan/hoteldetail,https://www.ihg.com/holidayinn/hotels/cn/zh/dujiangyan-chengdu/ctuan/hoteldetail,,,,,
IHG-CTUEM,Holiday Inn Express Emei Mountain,,Holiday Inn Express,智选假日酒店,ihg-holiday-inn-express,FULLY_BOOKABLE,Hotel,Hotel,Emeishan,,Sichuan,,"No.21, Danran Street, Huangwan Town, Emeishan, Sichuan, 614200, Mainland China",,614200,29.580997,103.44372,86-833-5058555x1,https://www.ihg.com/holidayinnexpress/hotels/us/en/emeishan/ctuem/hoteldetail,https://www.ihg.com/holidayinnexpress/hotels/cn/zh/emeishan/ctuem/hoteldetail,,,,,
IHG-ERDCH,Crowne Plaza Ordos,,Crowne Plaza,皇冠假日酒店,ihg-crowne-plaza,FULLY_BOOKABLE,Hotel,Hotel,Erdos City,,Nei Mongol,,"No.1 Yingbin Road, Etuoke West Street, Erdos City, Nei Mongol, 017000, Mainland China",,017000,39.83066,109.96538,86-477-8380888x8106,https://www.ihg.com/crowneplaza/hotels/us/en/erdos-city/erdch/hoteldetail,https://www.ihg.com/crowneplaza/hotels/cn/zh/erdos-city/erdch/hoteldetail,,,,,
IHG-EHUCR,Crowne Plaza Ezhou,,Crowne Plaza,皇冠假日酒店,ihg-crowne-plaza,FULLY_BOOKABLE,Hotel,Hotel,Ezhou,,Hubei,,"No.39 Linkong Avenue, Airport Economic Zone, Ezhou, Hubei, 436000, Mainland China",,436000,30.368973,114.96102,86-0711-2718888,https://www.ihg.com/crowneplaza/hotels/us/en/ezhou/ehucr/hoteldetail,https://www.ihg.com/crowneplaza/hotels/cn/zh/ezhou/ehucr/hoteldetail,,,,,
IHG-ZCPCH,Crowne Plaza Foshan,,Crowne Plaza,皇冠假日酒店,ihg-crowne-plaza,FULLY_BOOKABLE,Hotel,Hotel,Foshan,,Guangdong,,"118 Fenjiangzhong Road, Chancheng District, Foshan, Guangdong, 528000, Mainland China",,528000,23.025255,113.10901,86-0757-82368888x2048,https://www.ihg.com/crowneplaza/hotels/us/en/foshan/zcpch/hoteldetail,https://www.ihg.com/crowneplaza/hotels/cn/zh/foshan/zcpch/hoteldetail,,,,,
IHG-ZCPNN,Crowne Plaza Foshan Nanhai,,Crowne Plaza,皇冠假日酒店,ihg-crowne-plaza,FULLY_BOOKABLE,Hotel,Hotel,Foshan,,Guangdong,,"No. 20 Huandao South Road, Nanhai District, Foshan, Guangdong, 528000, Mainland China",,528000,23.016172,113.241425,86-757-66818888,https://www.ihg.com/crowneplaza/hotels/us/en/foshan/zcpnn/hoteldetail,https://www.ihg.com/crowneplaza/hotels/cn/zh/foshan/zcpnn/hoteldetail,,,,,
IHG-CANFS,Holiday Inn Express Foshan Chancheng,,Holiday Inn Express,智选假日酒店,ihg-holiday-inn-express,FULLY_BOOKABLE,Hotel,Hotel,Foshan,,Guangdong,,"Block 2 No.9 Kuiqi No.1 Road, chancheng district, Foshan, Guangdong, 528000, Mainland China",,528000,22.994225,113.10719,86-0757-66608988,https://www.ihg.com/holidayinnexpress/hotels/us/en/foshan/canfs/hoteldetail,https://www.ihg.com/holidayinnexpress/hotels/cn/zh/foshan/canfs/hoteldetail,,,,,
IHG-FUOFS,Holiday Inn Express Foshan Sanshui,,Holiday Inn Express,智选假日酒店,ihg-holiday-inn-express,FULLY_BOOKABLE,Hotel,Hotel,Foshan,,Guangdong,,"Building 2, Block 6, No.34 Leping Avenue, Foshan, Guangdong, 528137, Mainland China",,528137,23.25539,113.01674,86-757-88752888,https://www.ihg.com/holidayinnexpress/hotels/us/en/foshan/fuofs/hoteldetail,https://www.ihg.com/holidayinnexpress/hotels/cn/zh/foshan/fuofs/hoteldetail,,,,,
IHG-FUOBE,Holiday Inn Express Foshan Shunde Beijiao,,Holiday Inn Express,智选假日酒店,ihg-holiday-inn-express,FULLY_BOOKABLE,Hotel,Hotel,Foshan,,Guangdong,,"No.1 Building of Midea Plaza, No.1 Chengde Road, Foshan, Guangdong, 528311, Mainland China",,528311,22.932568,113.217316,86-757-26661188x6302,https://www.ihg.com/holidayinnexpress/hotels/us/en/foshan/fuobe/hoteldetail,https://www.ihg.com/holidayinnexpress/hotels/cn/zh/foshan/fuobe/hoteldetail,,,,,
IHG-ZCPLC,Holiday Inn Express Foshan Shunde Lecong,,Holiday Inn Express,智选假日酒店,ihg-holiday-inn-express,FULLY_BOOKABLE,Hotel,Hotel,Foshan,,Guangdong,,"NE of Chuangxing 1st Road and Huanzhen South Road, Foshan, Guangdong, 528315, Mainland China",,528315,22.907104,113.09097,86-757-1562501862,https://www.ihg.com/holidayinnexpress/hotels/us/en/foshan-city/zcplc/hoteldetail,https://www.ihg.com/holidayinnexpress/hotels/cn/zh/foshan-city/zcplc/hoteldetail,,,,,
IHG-FUOFR,Holiday Inn Express Foshan Shunde Ronggui,,Holiday Inn Express,智选假日酒店,ihg-holiday-inn-express,FULLY_BOOKABLE,Hotel,Hotel,Foshan,,Guangdong,,"No. 17, Zhanye Road, Ronggui Street, Shunde District, Foshan, Guangdong, 528305, Mainland China",,528305,22.75065,113.26397,86-757-29973668,https://www.ihg.com/holidayinnexpress/hotels/us/en/foshan/fuofr/hoteldetail,https://www.ihg.com/holidayinnexpress/hotels/cn/zh/foshan/fuofr/hoteldetail,,,,,
IHG-FUOSD,Holiday Inn Express Shunde Daliang,,Holiday Inn Express,智选假日酒店,ihg-holiday-inn-express,FULLY_BOOKABLE,Hotel,Hotel,Foshan,,Guangdong,,"No. 62 Huanshi East Road Daliang, Foshan, Guangdong, 528300, Mainland China",,528300,22.82307,113.26499,86-757-22269888,https://www.ihg.com/holidayinnexpress/hotels/us/en/foshan/fuosd/hoteldetail,https://www.ihg.com/holidayinnexpress/hotels/cn/zh/foshan/fuosd/hoteldetail,,,,,
IHG-ZCPNC,Holiday Inn Foshan Nanhai Central,,Holiday Inn,假日酒店,ihg-holiday-inn,FULLY_BOOKABLE,Hotel,Hotel,Foshan,,Guangdong,,"Le An, Guidan Road, Nanhai District, Foshan, Guangdong, 528000, Mainland China",,528000,23.063927,113.0995,86-757-66688666,https://www.ihg.com/holidayinn/hotels/us/en/foshan/zcpnc/hoteldetail,https://www.ihg.com/holidayinn/hotels/cn/zh/foshan/zcpnc/hoteldetail,,,,,
IHG-ZCPSD,Holiday Inn Shunde,,Holiday Inn,假日酒店,ihg-holiday-inn,FULLY_BOOKABLE,Hotel,Hotel,Foshan,,Guangdong,,"Li Xiang Road, Lunjiao, Shunde, Foshan, Guangdong, 528308, Mainland China",,528308,22.866331,113.22604,86-0757-28986888,https://www.ihg.com/holidayinn/hotels/us/en/foshan/zcpsd/hoteldetail,https://www.ihg.com/holidayinn/hotels/cn/zh/foshan/zcpsd/hoteldetail,,,,,
IHG-ZCPNH,InterContinental Foshan,,InterContinental,洲际酒店及度假村,ihg-intercontinental,FULLY_BOOKABLE,Hotel,Hotel,Foshan,,Guangdong,,"No.20 Denghu East Road, Foshan, Guangdong, 528200, Mainland China",,528200,23.056606,113.14808,86-757-86268888x6610,https://www.ihg.com/intercontinental/hotels/us/en/foshan/zcpnh/hoteldetail,https://www.ihg.com/intercontinental/hotels/cn/zh/foshan/zcpnh/hoteldetail,,,,,
IHG-ZCPFD,InterContinental Foshan Dongping,,InterContinental,洲际酒店及度假村,ihg-intercontinental,FULLY_BOOKABLE,Hotel,Hotel,Foshan,,Guangdong,,"8 Wenhua South Road, Lecong, Shunde District,, Foshan, Guangdong, 528300, Mainland China",,528300,22.965967,113.13058,86-757-86188888,https://www.ihg.com/intercontinental/hotels/us/en/foshan/zcpfd/hoteldetail,https://www.ihg.com/intercontinental/hotels/cn/zh/foshan/zcpfd/hoteldetail,,,,,
IHG-FOCFA,Holiday Inn Fu'an,,Holiday Inn,假日酒店,ihg-holiday-inn,FULLY_BOOKABLE,Hotel,Hotel,Fu'an,,Fujian,,"NO.17 Fuchun Road, Fuan, Ningde, Fu'an, Fujian, 355000, Mainland China",,355000,27.07848,119.63406,86-593-6269888,https://www.ihg.com/holidayinn/hotels/us/en/fuan/focfa/hoteldetail,https://www.ihg.com/holidayinn/hotels/cn/zh/fuan/focfa/hoteldetail,,,,,
IHG-FUGFY,Holiday Inn Fuyang,,Holiday Inn,假日酒店,ihg-holiday-inn,FULLY_BOOKABLE,Hotel,Hotel,Fuyang,,Anhui,,"No. 511 Sanqing Road, Yingzhou District, Fuyang, Anhui, 236000, Mainland China",,236000,32.863155,115.80158,86-558-6959999x6000,https://www.ihg.com/holidayinn/hotels/us/en/fuyang/fugfy/hoteldetail,https://www.ihg.com/holidayinn/hotels/cn/zh/fuyang/fugfy/hoteldetail,,,,,
IHG-FOCCP,Crowne Plaza Fuzhou Riverside,,Crowne Plaza,皇冠假日酒店,ihg-crowne-plaza,FULLY_BOOKABLE,Hotel,Hotel,Fuzhou,,Fujian,,"100-1, Jiangbin West Avenue,Taijiang District, Fuzhou, Fujian, 350002, Mainland China",,350002,26.060375,119.27708,86-591-87248888,https://www.ihg.com/crowneplaza/hotels/us/en/fuzhou/foccp/hoteldetail,https://www.ihg.com/crowneplaza/hotels/cn/zh/fuzhou/foccp/hoteldetail,,,,,
IHG-FOCFS,Crowne Plaza Fuzhou South,,Crowne Plaza,皇冠假日酒店,ihg-crowne-plaza,FULLY_BOOKABLE,Hotel,Hotel,Fuzhou,,Fujian,,"No.167 Minjiang Avenue Cangshan District, Fuzhou, Fujian, Mainland China",,,26.05335,119.27115,86-591-88266666,https://www.ihg.com/crowneplaza/hotels/us/en/fuzhou/focfs/hoteldetail,https://www.ihg.com/crowneplaza/hotels/cn/zh/fuzhou/focfs/hoteldetail,,,,,
IHG-FOCHR,Holiday Inn Express Fuzhou Downtown,,Holiday Inn Express,智选假日酒店,ihg-holiday-inn-express,FULLY_BOOKABLE,Hotel,Hotel,Fuzhou,,Fujian,,"No. 39, Yangtouwei Road, Yuefeng Town, Fuzhou, Fujian, 350011, Mainland China",,350011,26.090372,119.34003,86-591-88559988x860,https://www.ihg.com/holidayinnexpress/hotels/us/en/fuzhou/fochr/hoteldetail,https://www.ihg.com/holidayinnexpress/hotels/cn/zh/fuzhou/fochr/hoteldetail,,,,,
IHG-FOCEC,Holiday Inn Fuzhou Exhibition Center,,Holiday Inn,假日酒店,ihg-holiday-inn,FULLY_BOOKABLE,Hotel,Hotel,Fuzhou,,Fujian,,"No. 7, Puxiazhou Road, Gaishan Town, Fuzhou, Fujian, 350026, Mainland China",,350026,26.031721,119.36223,86-0591-37998888,https://www.ihg.com/holidayinn/hotels/us/en/fuzhou/focec/hoteldetail,https://www.ihg.com/holidayinn/hotels/cn/zh/fuzhou/focec/hoteldetail,,,,,
IHG-FOCJE,Holiday Inn Fuzhou New Port,,Holiday Inn,假日酒店,ihg-holiday-inn,FULLY_BOOKABLE,Hotel,Hotel,Fuzhou,,Fujian,,"Gangqian Road, Jiangyin Economic Development Zone, Fuzhou, Fujian, 350309, Mainland China",,350309,25.426447,119.29795,86-0591-85655555,https://www.ihg.com/holidayinn/hotels/us/en/fuzhou/focje/hoteldetail,https://www.ihg.com/holidayinn/hotels/cn/zh/fuzhou/focje/hoteldetail,,,,,
IHG-FOCHA,InterContinental Fuzhou,,InterContinental,洲际酒店及度假村,ihg-intercontinental,FULLY_BOOKABLE,Hotel,Hotel,Fuzhou,,Fujian,,"No.108 Guangda Road, Taijiang District, Fuzhou, Fujian, 350005, Mainland China",,350005,26.0686,119.30656,86-591-86128888,https://www.ihg.com/intercontinental/hotels/us/en/fuzhou/focha/hoteldetail,https://www.ihg.com/intercontinental/hotels/cn/zh/fuzhou/focha/hoteldetail,,,,,
IHG-FOCFJ,voco Fuzhou Jinhui,,voco,voco 酒店,ihg-voco,FULLY_BOOKABLE,Hotel,Hotel,Fuzhou,,Fujian,,"No.492 Hualin Road, Jin'an District, Fuzhou, Fujian, Mainland China",,,26.111633,119.31835,,https://www.ihg.com/voco/hotels/us/en/fuzhou/focfj/hoteldetail,https://www.ihg.com/voco/hotels/cn/zh/fuzhou/focfj/hoteldetail,,,,,
IHG-KOWGQ,Crowne Plaza Ganzhou,,Crowne Plaza,皇冠假日酒店,ihg-crowne-plaza,FULLY_BOOKABLE,Hotel,Hotel,Ganzhou,,Jiangxi,,"No.188 Qiandong Road, Shuidong Town, Zhanggong District, Ganzhou, Jiangxi, 341000, Mainland China",,341000,25.849438,114.98643,86-797-2138888,https://www.ihg.com/crowneplaza/hotels/us/en/ganzhou/kowgq/hoteldetail,https://www.ihg.com/crowneplaza/hotels/cn/zh/ganzhou/kowgq/hoteldetail,,,,,
IHG-YUSBT,Holiday Inn Batang,,Holiday Inn,假日酒店,ihg-holiday-inn,FULLY_BOOKABLE,Hotel,Hotel,Ganzi,,Sichuan,,"No.281 Ankang Avenue, Xia Qiong, Batang, Ganzi, Ganzi, Sichuan, 627650, Mainland China",,627650,30.006702,99.10816,86-836-8899999,https://www.ihg.com/holidayinn/hotels/us/en/batang/yusbt/hoteldetail,https://www.ihg.com/holidayinn/hotels/cn/zh/batang/yusbt/hoteldetail,,,,,
IHG-GZGLD,Holiday Inn Express Luding,,Holiday Inn Express,智选假日酒店,ihg-holiday-inn-express,FULLY_BOOKABLE,Hotel,Hotel,Garze,,Sichuan,,"No. 26 Huining Road, Luding County, Garze, Sichuan, 626100, Mainland China",,626100,29.888157,102.2213,86-836-2266666,https://www.ihg.com/holidayinnexpress/hotels/us/en/ganzi/gzgld/hoteldetail,https://www.ihg.com/holidayinnexpress/hotels/cn/zh/ganzi/gzgld/hoteldetail,,,,,
IHG-TNHGH,Holiday Inn Express Gongyi City Center,,Holiday Inn Express,智选假日酒店,ihg-holiday-inn-express,FULLY_BOOKABLE,Hotel,Hotel,Gonyi,,Henan,,"Block 2, No. 52, Dufu Road, Gonyi, Henan, 451299, Mainland China",,451299,34.740334,113.02633,86-371-89609999,https://www.ihg.com/holidayinnexpress/hotels/us/en/gongyi/tnhgh/hoteldetail,https://www.ihg.com/holidayinnexpress/hotels/cn/zh/gongyi/tnhgh/hoteldetail,,,,,
IHG-GUHHR,Crowne Plaza Guangzhou City Centre,,Crowne Plaza,皇冠假日酒店,ihg-crowne-plaza,FULLY_BOOKABLE,Hotel,Hotel,Guangzhou,广州,Guangdong,,"339 Huanshi Road East,Yuexiu District, Guangzhou, Guangdong, 510098, Mainland China",,510098,23.138393,113.28254,86-20-83638888x88908,https://www.ihg.com/crowneplaza/hotels/us/en/guangzhou/guhhr/hoteldetail,https://www.ihg.com/crowneplaza/hotels/cn/zh/guangzhou/guhhr/hoteldetail,,,,,
IHG-GUHGH,Crowne Plaza Guangzhou Huadu,,Crowne Plaza,皇冠假日酒店,ihg-crowne-plaza,FULLY_BOOKABLE,Hotel,Hotel,Guangzhou,广州,Guangdong,,"No. 189 Ying Bin Da Dao, Huadu District, Guangzhou, Guangdong, 510800, Mainland China",,510800,23.373981,113.26174,86-20-36900888x8168,https://www.ihg.com/crowneplaza/hotels/us/en/guangzhou/guhgh/hoteldetail,https://www.ihg.com/crowneplaza/hotels/cn/zh/guangzhou/guhgh/hoteldetail,,,,,
IHG-CANWI,Crowne Plaza Guangzhou Window of Canton,,Crowne Plaza,皇冠假日酒店,ihg-crowne-plaza,FULLY_BOOKABLE,Hotel,Hotel,Guangzhou,广州,Guangdong,,"No. 328 & 330 Lijiao Road, Haizhu District, Guangzhou, Guangdong, 510290, Mainland China",,510290,23.054262,113.30839,86-020-86366860,https://www.ihg.com/crowneplaza/hotels/us/en/guangzhou/canwi/hoteldetail,https://www.ihg.com/crowneplaza/hotels/cn/zh/guangzhou/canwi/hoteldetail,,,,,
IHG-CANBS,EVEN Hotel Guangzhou Baiyun Station,,EVEN Hotel,逸衡酒店,ihg-even-hotel,FULLY_BOOKABLE,Hotel,Hotel,Guangzhou,广州,Guangdong,,"Zone D, ASIAN CROSS CENTER, Guangzhou, Guangdong, 510080, Mainland China",,510080,23.193586,113.24482,86-020-62926688,https://www.ihg.com/evenhotels/hotels/us/en/guangzhou/canbs/hoteldetail,https://www.ihg.com/evenhotels/hotels/cn/zh/guangzhou/canbs/hoteldetail,,,,,
IHG-CANSS,Holiday Inn & Suites Guangzhou South Station,,Holiday Inn & Suites,假日套房酒店,ihg-holiday-inn-and-suites,FULLY_BOOKABLE,Hotel,Hotel,Guangzhou,广州,Guangdong,,"Hualing Centre, No.1 Bohong 7th Road, Panyu District, Guangzhou, Guangdong, 511400, Mainland China",,511400,22.98609,113.30416,,https://www.ihg.com/holidayinn/hotels/us/en/guangzhou/canss/hoteldetail,https://www.ihg.com/holidayinn/hotels/cn/zh/guangzhou/canss/hoteldetail,,,,,
IHG-CANBY,Holiday Inn Express Guangzhou Baiyun Airport T2,,Holiday Inn Express,智选假日酒店,ihg-holiday-inn-express,FULLY_BOOKABLE,Hotel,Hotel,Guangzhou,广州,Guangdong,,"Block 2, No.3, Konggang Avenue, Huadu District, Guangzhou, Guangdong, 510890, Mainland China",,510890,23.433344,113.31573,86-20-86760888,https://www.ihg.com/holidayinnexpress/hotels/us/en/guangzhou/canby/hoteldetail,https://www.ihg.com/holidayinnexpress/hotels/cn/zh/guangzhou/canby/hoteldetail,,,,,
IHG-CANYU,Holiday Inn Express Guangzhou Panyu,,Holiday Inn Express,智选假日酒店,ihg-holiday-inn-express,FULLY_BOOKABLE,Hotel,Hotel,Guangzhou,广州,Guangdong,,"No.357, Yushan West Road, Panyu District, Guangzhou, Guangdong, 511400, Mainland China",,511400,22.9358,113.3341,86-020-23889988,https://www.ihg.com/holidayinnexpress/hotels/us/en/guangzhou/canyu/hoteldetail,https://www.ihg.com/holidayinnexpress/hotels/cn/zh/guangzhou/canyu/hoteldetail,,,,,
IHG-CANGG,Holiday Inn Express Guangzhou Panyu Dashi,,Holiday Inn Express,智选假日酒店,ihg-holiday-inn-express,FULLY_BOOKABLE,Hotel,Hotel,Guangzhou,广州,Guangdong,,"No. 29, Xinzhi Road, Dashi Street, Panyu District, Guangzhou, Guangdong, 510500, Mainland China",,510500,23.015842,113.32233,86-20-84882088,https://www.ihg.com/holidayinnexpress/hotels/us/en/guangzhou/cangg/hoteldetail,https://www.ihg.com/holidayinnexpress/hotels/cn/zh/guangzhou/cangg/hoteldetail,,,,,
IHG-CANUT,Holiday Inn Express Guangzhou University Town,,Holiday Inn Express,智选假日酒店,ihg-holiday-inn-express,FULLY_BOOKABLE,Hotel,Hotel,Guangzhou,广州,Guangdong,,"Building 4, No. 833 Xingye Avenue East,, Guangzhou, Guangdong, 511436, Mainland China",,511436,23.0126,113.413155,86-20-39903888,https://www.ihg.com/holidayinnexpress/hotels/us/en/guangzhou/canut/hoteldetail,https://www.ihg.com/holidayinnexpress/hotels/cn/zh/guangzhou/canut/hoteldetail,,,,,
IHG-CANZX,Holiday Inn Express Guangzhou Zengcheng Xintang,,Holiday Inn Express,智选假日酒店,ihg-holiday-inn-express,FULLY_BOOKABLE,Hotel,Hotel,Guangzhou,广州,Guangdong,,"No. 298 Guangshen Avenue, Guangzhou, Guangdong, Mainland China",,,23.12725,113.57634,,https://www.ihg.com/holidayinnexpress/hotels/us/en/guangzhou/canzx/hoteldetail,https://www.ihg.com/holidayinnexpress/hotels/cn/zh/guangzhou/canzx/hoteldetail,,,,,
IHG-CANAG,Holiday Inn Guangzhou Airport Zone,,Holiday Inn,假日酒店,ihg-holiday-inn,FULLY_BOOKABLE,Hotel,Hotel,Guangzhou,广州,Guangdong,,"No. 11 Jin'gu North Road, Huadong Town, Huadu District, Guangzhou, Guangdong, 510890, Mainland China",,510890,23.455606,113.35887,86-20-36916888x8128,https://www.ihg.com/holidayinn/hotels/us/en/guangzhou/canag/hoteldetail,https://www.ihg.com/holidayinn/hotels/cn/zh/guangzhou/canag/hoteldetail,,,,,
IHG-CANLE,Holiday Inn Guangzhou South Lake,,Holiday Inn,假日酒店,ihg-holiday-inn,FULLY_BOOKABLE,Hotel,Hotel,Guangzhou,广州,Guangdong,,"No. 320 Tonghe Road, Baiyun District,Guangzhou, Guangzhou, Guangdong, 510515, Mainland China",,510515,23.206894,113.33013,86-020-86566888x8505,https://www.ihg.com/holidayinn/hotels/us/en/guangzhou/canle/hoteldetail,https://www.ihg.com/holidayinn/hotels/cn/zh/guangzhou/canle/hoteldetail,,,,,
IHG-CANNT,Holiday Inn Guangzhou Zhujiang New Town,,Holiday Inn,假日酒店,ihg-holiday-inn,FULLY_BOOKABLE,Hotel,Hotel,Guangzhou,广州,Guangdong,,"62 Jinsui Road, Tianhe District, Guangzhou, Guangdong, 516000, Mainland China",,516000,23.122263,113.32266,86-020-38917333x2,https://www.ihg.com/holidayinn/hotels/us/en/guangzhou/cannt/hoteldetail,https://www.ihg.com/holidayinn/hotels/cn/zh/guangzhou/cannt/hoteldetail,,,,,
IHG-CANRS,Holiday Inn Resort Guangzhou Wangzi Mountain,,Holiday Inn Resort,假日度假酒店,ihg-holiday-inn-resort,FULLY_BOOKABLE,Hotel,Hotel,Guangzhou,广州,Guangdong,,"Xikeng Village, Timian Town, Huadu District, Guangzhou, Guangdong, Mainland China",,,23.579,113.219,,https://www.ihg.com/holidayinnresorts/hotels/us/en/guangzhou/canrs/hoteldetail,https://www.ihg.com/holidayinnresorts/hotels/cn/zh/guangzhou/canrs/hoteldetail,,,,,
IHG-CANEH,Hotel Indigo Guangzhou Haixinsha,,Hotel Indigo,英迪格酒店,ihg-hotel-indigo,FULLY_BOOKABLE,Hotel,Hotel,Guangzhou,广州,Guangdong,,"No. 32 Linjiang Road, Tianhe District, Guangzhou, Guangdong, 510623, Mainland China",,510623,23.111288,113.329475,86-20-38611888,https://www.ihg.com/hotelindigo/hotels/us/en/guangzhou/caneh/hoteldetail,https://www.ihg.com/hotelindigo/hotels/cn/zh/guangzhou/caneh/hoteldetail,,,,,
IHG-CANEC,InterContinental Guangzhou Exhibition Center,,InterContinental,洲际酒店及度假村,ihg-intercontinental,FULLY_BOOKABLE,Hotel,Hotel,Guangzhou,广州,Guangdong,,"No. 828, Yuejiang Middle Road, Haizhu District, Guangzhou, Guangdong, 510308, Mainland China",,510308,23.104046,113.384224,86-020-89228888x6203,https://www.ihg.com/intercontinental/hotels/us/en/guangzhou/canec/hoteldetail,https://www.ihg.com/intercontinental/hotels/cn/zh/guangzhou/canec/hoteldetail,,,,,
IHG-CANXH,Vignette Collection The Xanadu Guangzhou,,Vignette Collection,Vignette Collection,ihg-vignette-collection,FULLY_BOOKABLE,Hotel,Hotel,Guangzhou,广州,Guangdong,,"No.1 Xing Dao Huan Nan Road, International Bio Island, Guangzhou, Guangdong, 510308, Mainland China",,510308,23.073328,113.38602,86-20-89068888,https://www.ihg.com/vignettecollection/hotels/us/en/guangzhou/canxh/hoteldetail,https://www.ihg.com/vignettecollection/hotels/cn/zh/guangzhou/canxh/hoteldetail,,,,,
IHG-CANVC,voco Guangzhou Shifu,,voco,voco 酒店,ihg-voco,FULLY_BOOKABLE,Hotel,Hotel,Guangzhou,广州,Guangdong,,"No.188, Di Shi Fu Road, Liwan District, Guangzhou, Guangdong, 510140, Mainland China",,510140,23.113129,113.24545,86-20-81380088x8009,https://www.ihg.com/voco/hotels/us/en/guangzhou/canvc/hoteldetail,https://www.ihg.com/voco/hotels/cn/zh/guangzhou/canvc/hoteldetail,,,,,
IHG-KWLGY,Holiday Inn Express Guian Yungu,,Holiday Inn Express,智选假日酒店,ihg-holiday-inn-express,FULLY_BOOKABLE,Hotel,Hotel,Guian,,Guizhou,,"Qianzhong Road Guian Yungu A1, Guizhou, Guian, Guizhou, 550025, Mainland China",,550025,26.348274,106.50868,86-0851-88587777,https://www.ihg.com/holidayinnexpress/hotels/us/en/guian/kwlgy/hoteldetail,https://www.ihg.com/holidayinnexpress/hotels/cn/zh/guian/kwlgy/hoteldetail,,,,,
IHG-KWLCC,Holiday Inn Express Guilin City Center,,Holiday Inn Express,智选假日酒店,ihg-holiday-inn-express,FULLY_BOOKABLE,Hotel,Hotel,Guilin,,Guangxi,,"No. 30 Yiren Road, Xiufeng District, Guilin, Guangxi, Guilin, Guangxi, 541002, Mainland China",,541002,25.275854,110.29665,86-0773-6795666,https://www.ihg.com/holidayinnexpress/hotels/us/en/guilin/kwlcc/hoteldetail,https://www.ihg.com/holidayinnexpress/hotels/cn/zh/guilin/kwlcc/hoteldetail,,,,,
IHG-KWLHT,Holiday Inn Express Guilin High-Tech Zone,,Holiday Inn Express,智选假日酒店,ihg-holiday-inn-express,FULLY_BOOKABLE,Hotel,Hotel,Guilin,,Guangxi,,"Hexin Building, No.3 Hexin Avenue, Qixing District, Guilin, Guangxi, Mainland China",,,25.255812,110.33264,,https://www.ihg.com/holidayinnexpress/hotels/us/en/guilin/kwlht/hoteldetail,https://www.ihg.com/holidayinnexpress/hotels/cn/zh/guilin/kwlht/hoteldetail,,,,,
IHG-KWLGQ,Holiday Inn Guilin Qixing,,Holiday Inn,假日酒店,ihg-holiday-inn,FULLY_BOOKABLE,Hotel,Hotel,Guilin,,Guangxi,,"No. 17 Lijiang Road, Qingxing District, Guilin, Guangxi, 541004, Mainland China",,541004,25.25936,110.3136,86-0773-5555588x6666,https://www.ihg.com/holidayinn/hotels/us/en/guilin/kwlgq/hoteldetail,https://www.ihg.com/holidayinn/hotels/cn/zh/guilin/kwlgq/hoteldetail,,,,,
IHG-KWLYN,voco Guilin Yangshuo,,voco,voco 酒店,ihg-voco,FULLY_BOOKABLE,Hotel,Hotel,Guilin,,Guangxi,,"Room 2, No. 72, Jiwo Du Village,, Guilin, Guangxi, 541900, Mainland China",,541900,24.724857,110.495926,,https://www.ihg.com/voco/hotels/us/en/yangshuo/kwlyn/hoteldetail,https://www.ihg.com/voco/hotels/cn/zh/yangshuo/kwlyn/hoteldetail,,,,,
IHG-KWEJA,Holiday Inn Express Guiyang Century City Mall,,Holiday Inn Express,智选假日酒店,ihg-holiday-inn-express,FULLY_BOOKABLE,Hotel,Hotel,Guiyang,,Guizhou,,"No17 Blocking Venkeyuecheng, Guiyang, Guizhou, 550081, Mainland China",,550081,26.590958,106.63351,86-851-88540888x8888,https://www.ihg.com/holidayinnexpress/hotels/us/en/guiyang/kweja/hoteldetail,https://www.ihg.com/holidayinnexpress/hotels/cn/zh/guiyang/kweja/hoteldetail,,,,,
IHG-KWEDT,Holiday Inn Express Guiyang Downtown,,Holiday Inn Express,智选假日酒店,ihg-holiday-inn-express,FULLY_BOOKABLE,Hotel,Hotel,Guiyang,,Guizhou,,"No. 219 Baoshan North Road, Guiyang, Guizhou, 550001, Mainland China",,550001,26.586498,106.71834,86-851-88511999,https://www.ihg.com/holidayinnexpress/hotels/us/en/guiyang/kwedt/hoteldetail,https://www.ihg.com/holidayinnexpress/hotels/cn/zh/guiyang/kwedt/hoteldetail,,,,,
IHG-KWEGS,Holiday Inn Express Guiyang Guanshanhu,,Holiday Inn Express,智选假日酒店,ihg-holiday-inn-express,FULLY_BOOKABLE,Hotel,Hotel,Guiyang,,Guizhou,,"No. 437 Qianlingshan Road, High-Tech Zone, Guiyang, Guizhou, 550000, Mainland China",,550000,26.612179,106.654015,,https://www.ihg.com/holidayinnexpress/hotels/us/en/guiyang/kwegs/hoteldetail,https://www.ihg.com/holidayinnexpress/hotels/cn/zh/guiyang/kwegs/hoteldetail,,,,,
IHG-KWEGQ,Holiday Inn Express Guiyang Qingyan,,Holiday Inn Express,智选假日酒店,ihg-holiday-inn-express,FULLY_BOOKABLE,Hotel,Hotel,Guiyang,,Guizhou,,"No.191B, Longjing Village, Qingyan Town, Huaxi District, Guiyang, Guizhou, 550027, Mainland China",,550027,26.333637,106.67508,86-851-88665666x5599,https://www.ihg.com/holidayinnexpress/hotels/us/en/guiyang/kwegq/hoteldetail,https://www.ihg.com/holidayinnexpress/hotels/cn/zh/guiyang/kwegq/hoteldetail,,,,,
IHG-KWEAP,Holiday Inn Guiyang Airport,,Holiday Inn,假日酒店,ihg-holiday-inn,FULLY_BOOKABLE,Hotel,Hotel,Guiyang,,Guizhou,,"Between Hangxi No.1 Road and Hangxi No.2 Road, Guiyang, Guizhou, 550002, Mainland China",,550002,26.546835,106.798386,86-0851-85498888,https://www.ihg.com/holidayinn/hotels/us/en/guiyang/kweap/hoteldetail,https://www.ihg.com/holidayinn/hotels/cn/zh/guiyang/kweap/hoteldetail,,,,,
IHG-KWECC,Holiday Inn Guiyang City Center,,Holiday Inn,假日酒店,ihg-holiday-inn,FULLY_BOOKABLE,Hotel,Hotel,Guiyang,,Guizhou,,"No.22 Nanchang Road, Nanming District, Guiyang, Guizhou, 550002, Mainland China",,550002,26.560196,106.719215,86-0851-86858888x8509,https://www.ihg.com/holidayinn/hotels/us/en/guiyang/kwecc/hoteldetail,https://www.ihg.com/holidayinn/hotels/cn/zh/guiyang/kwecc/hoteldetail,,,,,
IHG-KWEQY,Holiday Inn Resort Guiyang Qingyan,,Holiday Inn Resort,假日度假酒店,ihg-holiday-inn-resort,FULLY_BOOKABLE,Hotel,Hotel,Guiyang,,Guizhou,,"No.191A, Longjing Village, Qingyan Town, Huaxi District, Guiyang, Guizhou, 550027, Mainland China",,550027,26.333637,106.67508,86-851-88665666x5599,https://www.ihg.com/holidayinnresorts/hotels/us/en/guiyang/kweqy/hoteldetail,https://www.ihg.com/holidayinnresorts/hotels/cn/zh/guiyang/kweqy/hoteldetail,,,,,
IHG-KWEFC,HUALUXE Guiyang Financial City,,HUALUXE,华邑酒店及度假村,ihg-hualuxe,FULLY_BOOKABLE,Hotel,Hotel,Guiyang,,Guizhou,,"903, Yunbo Road, Shubo Avenue, Baiyun District, Guiyang, Guizhou, 550014, Mainland China",,550014,26.67764,106.65378,86-0851-87879999x8301,https://www.ihg.com/hotels/us/en/guiyang/kwefc/hoteldetail,https://www.ihg.com/hotels/cn/zh/guiyang/kwefc/hoteldetail,,,,,
IHG-HAKDF,Holiday Inn Express Haikou Int'l Duty Free City,,Holiday Inn Express,智选假日酒店,ihg-holiday-inn-express,FULLY_BOOKABLE,Hotel,Hotel,Haikou,,Hainan,,"Building B of Block 1 Yueling Bay, No. 3 Yueming Road, Haikou, Hainan, 571000, Mainland China",,571000,20.050901,110.16297,86-898-31077999,https://www.ihg.com/holidayinnexpress/hotels/us/en/haikou/hakdf/hoteldetail,https://www.ihg.com/holidayinnexpress/hotels/cn/zh/haikou/hakdf/hoteldetail,,,,,
IHG-HAKML,Holiday Inn Express Haikou Meilan,,Holiday Inn Express,智选假日酒店,ihg-holiday-inn-express,FULLY_BOOKABLE,Hotel,Hotel,Haikou,,Hainan,,"Qingnian Road, Meilan District, Haikou, Hainan, Mainland China",,,20.02394,110.37831,,https://www.ihg.com/holidayinnexpress/hotels/us/en/haikou/hakml/hoteldetail,https://www.ihg.com/holidayinnexpress/hotels/cn/zh/haikou/hakml/hoteldetail,,,,,
IHG-HAKEX,Holiday Inn Express Haikou West Coast,,Holiday Inn Express,智选假日酒店,ihg-holiday-inn-express,FULLY_BOOKABLE,Hotel,Hotel,Haikou,,Hainan,,"No.197 Binhai Avenue, Xiuying District, Haikou, Hainan, 570311, Mainland China",,570311,20.050247,110.21245,86-898-65630999,https://www.ihg.com/holidayinnexpress/hotels/us/en/haikou/hakex/hoteldetail,https://www.ihg.com/holidayinnexpress/hotels/cn/zh/haikou/hakex/hoteldetail,,,,,
IHG-HAKXH,Holiday Inn Express Haikou World Trade Center,,Holiday Inn Express,智选假日酒店,ihg-holiday-inn-express,FULLY_BOOKABLE,Hotel,Hotel,Haikou,,Hainan,,"No. 4 Qiuhai Avenue, Haikou, Hainan, 570105, Mainland China",,570105,20.02016,110.29408,86-898-31076666,https://www.ihg.com/holidayinnexpress/hotels/us/en/haikou/hakxh/hoteldetail,https://www.ihg.com/holidayinnexpress/hotels/cn/zh/haikou/hakxh/hoteldetail,,,,,
IHG-HAKBH,Holiday Inn Haikou West Coast,,Holiday Inn,假日酒店,ihg-holiday-inn,FULLY_BOOKABLE,Hotel,Hotel,Haikou,,Hainan,,"No. 191 Binhai West Road, Xiuying District, Haikou, Hainan, 570100, Mainland China",,570100,20.049294,110.21668,86-898-31396666x6600,https://www.ihg.com/holidayinn/hotels/us/en/haikou/hakbh/hoteldetail,https://www.ihg.com/holidayinn/hotels/cn/zh/haikou/hakbh/hoteldetail,,,,,
IHG-HAKUL,InterContinental Haikou Seaview,,InterContinental,洲际酒店及度假村,ihg-intercontinental,FULLY_BOOKABLE,Hotel,Hotel,Haikou,,Hainan,,"No. 21 Bihai Road,Meilan District, Haikou, Hainan, 570208, Mainland China",,570208,20.055094,110.31572,86-898-36303333,https://www.ihg.com/intercontinental/hotels/us/en/haikou/hakul/hoteldetail,https://www.ihg.com/intercontinental/hotels/cn/zh/haikou/hakul/hoteldetail,,,,,
IHG-HAKHY,Vignette Collection Haikou Yatter Hotel,,Vignette Collection,Vignette Collection,ihg-vignette-collection,FULLY_BOOKABLE,Hotel,Hotel,Haikou,,Hainan,,"No.7 Changbin 1st Road, Xiuying District, Haikou, Hainan, 570000, Mainland China",,570000,20.042152,110.203545,86-3630-6666x7666,https://www.ihg.com/vignettecollection/hotels/us/en/haikou/hakhy/hoteldetail,https://www.ihg.com/vignettecollection/hotels/cn/zh/haikou/hakhy/hoteldetail,,,,,
IHG-TVXUX,HUALUXE Haining,,HUALUXE,华邑酒店及度假村,ihg-hualuxe,FULLY_BOOKABLE,Hotel,Hotel,Haining,,Zhejiang,,"No. 218 Qian Jiang West Road, Haining, Zhejiang, 314400, Mainland China",,314400,30.500917,120.67622,86-0573-87898888,https://www.ihg.com/hotels/us/en/haining/tvxux/hoteldetail,https://www.ihg.com/hotels/cn/zh/haining/tvxux/hoteldetail,,,,,
IHG-HDGHE,Holiday Inn Express Handan East,,Holiday Inn Express,智选假日酒店,ihg-holiday-inn-express,FULLY_BOOKABLE,Hotel,Hotel,Handan,,Hebei,,"No. 1 Weijiu Road, Congtai District, Handan, Hebei, 056000, Mainland China",,056000,36.617603,114.56313,86-310-8083966,https://www.ihg.com/holidayinnexpress/hotels/us/en/handan/hdghe/hoteldetail,https://www.ihg.com/holidayinnexpress/hotels/cn/zh/handan/hdghe/hoteldetail,,,,,
IHG-HDGLX,HUALUXE Handan,,HUALUXE,华邑酒店及度假村,ihg-hualuxe,FULLY_BOOKABLE,Hotel,Hotel,Handan,,Hebei,,"No. 26 Shiji Avenue, Economic Development Zone, Handan, Hebei, 056008, Mainland China",,056008,36.62362,114.54581,86-0310-5760666,https://www.ihg.com/hotels/us/en/handan/hdglx/hoteldetail,https://www.ihg.com/hotels/cn/zh/handan/hdglx/hoteldetail,,,,,
IHG-HGHLI,Crowne Plaza Hangzhou Linping,,Crowne Plaza,皇冠假日酒店,ihg-crowne-plaza,FULLY_BOOKABLE,Hotel,Hotel,Hangzhou,,Zhejiang,,"No.121,Heyu Road, Linping Street, Linping District, Hangzhou, Zhejiang, 311100, Mainland China",,311100,30.435078,120.28355,86-571-26290888,https://www.ihg.com/crowneplaza/hotels/us/en/hangzhou/hghli/hoteldetail,https://www.ihg.com/crowneplaza/hotels/cn/zh/hangzhou/hghli/hoteldetail,,,,,
IHG-HGHHH,Crowne Plaza Hangzhou Qiantang,,Crowne Plaza,皇冠假日酒店,ihg-crowne-plaza,FULLY_BOOKABLE,Hotel,Hotel,Hangzhou,,Zhejiang,,"No.381 Shangsha Road, Qiantang District, Hangzhou, Zhejiang, 310018, Mainland China",,310018,30.308899,120.328094,86-0571-28072888x0,https://www.ihg.com/crowneplaza/hotels/us/en/hangzhou/hghhh/hoteldetail,https://www.ihg.com/crowneplaza/hotels/cn/zh/hangzhou/hghhh/hoteldetail,,,,,
IHG-HGHJR,Crowne Plaza Hangzhou Riverside,,Crowne Plaza,皇冠假日酒店,ihg-crowne-plaza,FULLY_BOOKABLE,Hotel,Hotel,Hangzhou,,Zhejiang,,"No.888 Ke Ji Guan Street, Binjiang District, Hangzhou, Zhejiang, 310051, Mainland China",,310051,30.217802,120.21326,86-571-86939999x7520,https://www.ihg.com/crowneplaza/hotels/us/en/hangzhou/hghjr/hoteldetail,https://www.ihg.com/crowneplaza/hotels/cn/zh/hangzhou/hghjr/hoteldetail,,,,,
IHG-HGHCT,Crowne Plaza Hangzhou Science City,,Crowne Plaza,皇冠假日酒店,ihg-crowne-plaza,FULLY_BOOKABLE,Hotel,Hotel,Hangzhou,,Zhejiang,,"Chuangjing Road and Yuhangtang Road intersection, Hangzhou, Zhejiang, 310000, Mainland China",,310000,30.280474,119.99756,86-571-89138888x6603,https://www.ihg.com/crowneplaza/hotels/us/en/hangzhou/hghct/hoteldetail,https://www.ihg.com/crowneplaza/hotels/cn/zh/hangzhou/hghct/hoteldetail,,,,,
IHG-HGHWL,EVEN Hotel Hangzhou West Lake,,EVEN Hotel,逸衡酒店,ihg-even-hotel,FULLY_BOOKABLE,Hotel,Hotel,Hangzhou,,Zhejiang,,"Building B, Dongfang Jinzuo, Shangcheng District, Hangzhou, Zhejiang, 310000, Mainland China",,310000,30.253183,120.16962,86-571-88165588,https://www.ihg.com/evenhotels/hotels/us/en/hangzhou/hghwl/hoteldetail,https://www.ihg.com/evenhotels/hotels/cn/zh/hangzhou/hghwl/hoteldetail,,,,,
IHG-HGHGD,EVEN Hotel Hangzhou Yintai City,,EVEN Hotel,逸衡酒店,ihg-even-hotel,FULLY_BOOKABLE,Hotel,Hotel,Hangzhou,,Zhejiang,,"No. 380, Fengtan Road, Hangzhou, Zhejiang, 310011, Mainland China",,310011,30.29915,120.109,,https://www.ihg.com/evenhotels/hotels/us/en/hangzhou/hghgd/hoteldetail,https://www.ihg.com/evenhotels/hotels/cn/zh/hangzhou/hghgd/hoteldetail,,,,,
IHG-HGHAP,Holiday Inn Express Hangzhou Airport,,Holiday Inn Express,智选假日酒店,ihg-holiday-inn-express,FULLY_BOOKABLE,Hotel,Hotel,Hangzhou,,Zhejiang,,"Building 19, Dexin Airport City, Guali Town, Hangzhou, Zhejiang, 311200, Mainland China",,311200,30.221052,120.408226,86-571-28006333,https://www.ihg.com/holidayinnexpress/hotels/us/en/hangzhou/hghap/hoteldetail,https://www.ihg.com/holidayinnexpress/hotels/cn/zh/hangzhou/hghap/hoteldetail,,,,,
IHG-HGHBJ,Holiday Inn Express Hangzhou Binjiang,,Holiday Inn Express,智选假日酒店,ihg-holiday-inn-express,FULLY_BOOKABLE,Hotel,Hotel,Hangzhou,,Zhejiang,,"Building C, HaiweiXinjie,, Hangzhou, Zhejiang, 310000, Mainland China",,310000,30.211166,120.22497,86-0571-58087888,https://www.ihg.com/holidayinnexpress/hotels/us/en/hangzhou/hghbj/hoteldetail,https://www.ihg.com/holidayinnexpress/hotels/cn/zh/hangzhou/hghbj/hoteldetail,,,,,
IHG-HGHST,Holiday Inn Express Hangzhou East Station,,Holiday Inn Express,智选假日酒店,ihg-holiday-inn-express,FULLY_BOOKABLE,Hotel,Hotel,Hangzhou,,Zhejiang,,"Block C, East Station Xizi International, Hangzhou, Zhejiang, 310017, Mainland China",,310017,30.296747,120.21834,86-0571-87678677,https://www.ihg.com/holidayinnexpress/hotels/us/en/hangzhou/hghst/hoteldetail,https://www.ihg.com/holidayinnexpress/hotels/cn/zh/hangzhou/hghst/hoteldetail,,,,,
IHG-HGHHG,Holiday Inn Express Hangzhou Gongshu,,Holiday Inn Express,智选假日酒店,ihg-holiday-inn-express,FULLY_BOOKABLE,Hotel,Hotel,Hangzhou,,Zhejiang,,"No. 220 Hangxing Road, Gongshu District, Hangzhou, Zhejiang, 310015, Mainland China",,310015,30.3245,120.120094,86-571-28203888x6688,https://www.ihg.com/holidayinnexpress/hotels/us/en/hangzhou/hghhg/hoteldetail,https://www.ihg.com/holidayinnexpress/hotels/cn/zh/hangzhou/hghhg/hoteldetail,,,,,
IHG-HGHEX,Holiday Inn Express Hangzhou Huanglong,,Holiday Inn Express,智选假日酒店,ihg-holiday-inn-express,FULLY_BOOKABLE,Hotel,Hotel,Hangzhou,,Zhejiang,,"No.28 Xueyuan Road, Xihu District, Hangzhou, Zhejiang, 310063, Mainland China",,310063,30.273228,120.13165,86-571-81969666,https://www.ihg.com/holidayinnexpress/hotels/us/en/hangzhou/hghex/hoteldetail,https://www.ihg.com/holidayinnexpress/hotels/cn/zh/hangzhou/hghex/hoteldetail,,,,,
IHG-HGHBS,Holiday Inn Express Hangzhou Jiangnan,,Holiday Inn Express,智选假日酒店,ihg-holiday-inn-express,FULLY_BOOKABLE,Hotel,Hotel,Hangzhou,,Zhejiang,,"Building A, No.1076, Jianye Road, Binjiang District,, Hangzhou, Zhejiang, 310052, Mainland China",,310052,30.195866,120.17891,86-571-86681888,https://www.ihg.com/holidayinnexpress/hotels/us/en/hangzhou/hghbs/hoteldetail,https://www.ihg.com/holidayinnexpress/hotels/cn/zh/hangzhou/hghbs/hoteldetail,,,,,
IHG-HGHJU,Holiday Inn Express Hangzhou Jiuzhou,,Holiday Inn Express,智选假日酒店,ihg-holiday-inn-express,FULLY_BOOKABLE,Hotel,Hotel,Hangzhou,,Zhejiang,,"No.8 Jiuchang Road,Runguang Building,JiangGan District, Hangzhou, Zhejiang, Mainland China",,,30.31642,120.26322,86-0571-28072777,https://www.ihg.com/holidayinnexpress/hotels/us/en/hangzhou/hghju/hoteldetail,https://www.ihg.com/holidayinnexpress/hotels/cn/zh/hangzhou/hghju/hoteldetail,,,,,
IHG-HGHCC,Holiday Inn Express Hangzhou Qianjiang CenturyCity,,Holiday Inn Express,智选假日酒店,ihg-holiday-inn-express,FULLY_BOOKABLE,Hotel,Hotel,Hangzhou,,Zhejiang,,"No. 708 Shixin North Road, Xiaoshan District, Hangzhou, Zhejiang, 310000, Mainland China",,310000,30.216042,120.270134,86-0571-82808388,https://www.ihg.com/holidayinnexpress/hotels/us/en/hangzhou/hghcc/hoteldetail,https://www.ihg.com/holidayinnexpress/hotels/cn/zh/hangzhou/hghcc/hoteldetail,,,,,
IHG-HGHWE,Holiday Inn Express Hangzhou Westlake East,,Holiday Inn Express,智选假日酒店,ihg-holiday-inn-express,FULLY_BOOKABLE,Hotel,Hotel,Hangzhou,,Zhejiang,,"No.2 Westlake Avenue Shangcheng District, Hangzhou, Zhejiang, 310009, Mainland China",,310009,30.245564,120.18188,86-571-56111666,https://www.ihg.com/holidayinnexpress/hotels/us/en/hangzhou/hghwe/hoteldetail,https://www.ihg.com/holidayinnexpress/hotels/cn/zh/hangzhou/hghwe/hoteldetail,,,,,
IHG-HGHXX,Holiday Inn Express Hangzhou Xixi,,Holiday Inn Express,智选假日酒店,ihg-holiday-inn-express,FULLY_BOOKABLE,Hotel,Hotel,Hangzhou,,Zhejiang,,"No.616, Xixi Road, Xihu District, Hangzhou, Hangzhou, Zhejiang, 310002, Mainland China",,310002,30.260763,120.09675,86-571-56190788,https://www.ihg.com/holidayinnexpress/hotels/us/en/hangzhou/hghxx/hoteldetail,https://www.ihg.com/holidayinnexpress/hotels/cn/zh/hangzhou/hghxx/hoteldetail,,,,,
IHG-HGHAZ,Holiday Inn Hangzhou Airport Zone,,Holiday Inn,假日酒店,ihg-holiday-inn,FULLY_BOOKABLE,Hotel,Hotel,Hangzhou,,Zhejiang,,"Building 1# Airport Zone, 1111, Qingliu South Road,, Hangzhou, Zhejiang, 311223, Mainland China",,311223,30.23538,120.47281,86-0571-82526888x6886,https://www.ihg.com/holidayinn/hotels/us/en/hangzhou/hghaz/hoteldetail,https://www.ihg.com/holidayinn/hotels/cn/zh/hangzhou/hghaz/hoteldetail,,,,,
IHG-HGHCG,Holiday Inn Hangzhou GCEC,,Holiday Inn,假日酒店,ihg-holiday-inn,FULLY_BOOKABLE,Hotel,Hotel,Hangzhou,,Zhejiang,,"Building 1, Skyey Land, Nanyang Street, Hangzhou, Zhejiang, 311227, Mainland China",,311227,30.267708,120.415726,86-571-57158888x8088,https://www.ihg.com/holidayinn/hotels/us/en/hangzhou/hghcg/hoteldetail,https://www.ihg.com/holidayinn/hotels/cn/zh/hangzhou/hghcg/hoteldetail,,,,,
IHG-HGHHZ,Holiday Inn Hangzhou Gongshu,,Holiday Inn,假日酒店,ihg-holiday-inn,FULLY_BOOKABLE,Hotel,Hotel,Hangzhou,,Zhejiang,,"No. 218 Hangxing Road, Gongshu District, Hangzhou, Zhejiang, 310015, Mainland China",,310015,30.32492,120.120255,86-571-28101888x6001,https://www.ihg.com/holidayinn/hotels/us/en/hangzhou/hghhz/hoteldetail,https://www.ihg.com/holidayinn/hotels/cn/zh/hangzhou/hghhz/hoteldetail,,,,,
IHG-HGHLK,Holiday Inn Hangzhou West Lake,,Holiday Inn,假日酒店,ihg-holiday-inn,FULLY_BOOKABLE,Hotel,Hotel,Hangzhou,,Zhejiang,,"No. 348 Yan'an Road, Gongshu District, Hangzhou, Zhejiang, 310000, Mainland China",,310000,30.260626,120.164185,86-571-87033111,https://www.ihg.com/holidayinn/hotels/us/en/hangzhou/hghlk/hoteldetail,https://www.ihg.com/holidayinn/hotels/cn/zh/hangzhou/hghlk/hoteldetail,,,,,
IHG-HGHXS,Holiday Inn Hangzhou Xiaoshan,,Holiday Inn,假日酒店,ihg-holiday-inn,FULLY_BOOKABLE,Hotel,Hotel,Hangzhou,,Zhejiang,,"No.688 Shanyin Rd,Xiaoshan District, Hangzhou, Zhejiang, 311202, Mainland China",,311202,30.177883,120.26338,86-571-82977777x6158,https://www.ihg.com/holidayinn/hotels/us/en/hangzhou/hghxs/hoteldetail,https://www.ihg.com/holidayinn/hotels/cn/zh/hangzhou/hghxs/hoteldetail,,,,,
IHG-HGHTM,Hotel Indigo Hangzhou Tianmushan,,Hotel Indigo,英迪格酒店,ihg-hotel-indigo,FULLY_BOOKABLE,Hotel,Hotel,Hangzhou,,Zhejiang,,"No.66 of Baihe Street, Tianmushan Town, Lin'an, Hangzhou, Zhejiang, 311311, Mainland China",,311311,30.256433,119.47856,86-571-63928888x7605,https://www.ihg.com/hotelindigo/hotels/us/en/hangzhou/hghtm/hoteldetail,https://www.ihg.com/hotelindigo/hotels/cn/zh/hangzhou/hghtm/hoteldetail,,,,,
IHG-HGHNE,Hotel Indigo Hangzhou Uptown,,Hotel Indigo,英迪格酒店,ihg-hotel-indigo,FULLY_BOOKABLE,Hotel,Hotel,Hangzhou,,Zhejiang,,"No. 8 North Shui Cheng Road, Shang Cheng District, Hangzhou, Zhejiang, 310008, Mainland China",,310008,30.20446,120.15141,86-571-88166688x1601,https://www.ihg.com/hotelindigo/hotels/us/en/hangzhou/hghne/hoteldetail,https://www.ihg.com/hotelindigo/hotels/cn/zh/hangzhou/hghne/hoteldetail,,,,,
IHG-HGHHA,InterContinental Hangzhou ICC,,InterContinental,洲际酒店及度假村,ihg-intercontinental,FULLY_BOOKABLE,Hotel,Hotel,Hangzhou,,Zhejiang,,"No. 2 Jiefang East Road, Hangzhou, Zhejiang, 310016, Mainland China",,310016,30.242048,120.21419,86-571-89810000x10202,https://www.ihg.com/intercontinental/hotels/us/en/hangzhou/hghha/hoteldetail,https://www.ihg.com/intercontinental/hotels/cn/zh/hangzhou/hghha/hoteldetail,,,,,
IHG-HGHHL,InterContinental Hangzhou Liangzhu,,InterContinental,洲际酒店及度假村,ihg-intercontinental,FULLY_BOOKABLE,Hotel,Hotel,Hangzhou,,Zhejiang,,"No. 18 Yuniao Street, Yuhang District, Hangzhou, Hangzhou, Zhejiang, 311113, Mainland China",,311113,30.362642,120.05723,86-571-88685999,https://www.ihg.com/intercontinental/hotels/us/en/hangzhou/hghhl/hoteldetail,https://www.ihg.com/intercontinental/hotels/cn/zh/hangzhou/hghhl/hoteldetail,,,,,
IHG-HGHWS,InterContinental Hangzhou Wulin,,InterContinental,洲际酒店及度假村,ihg-intercontinental,FULLY_BOOKABLE,Hotel,Hotel,Hangzhou,,Zhejiang,,"No.333 Tiyuchang Road, Hangzhou, Zhejiang, 310005, Mainland China",,310005,30.269104,120.16203,86-571-85158888,https://www.ihg.com/intercontinental/hotels/us/en/hangzhou/hghws/hoteldetail,https://www.ihg.com/intercontinental/hotels/cn/zh/hangzhou/hghws/hoteldetail,,,,,
IHG-HGHHU,Vignette Collection Hangzhou Huaxia Center Hotel,,Vignette Collection,Vignette Collection,ihg-vignette-collection,FULLY_BOOKABLE,Hotel,Hotel,Hangzhou,,Zhejiang,,"2499 Yuhangtang Road, Cangqian Street, Yuhang District, Hangzhou, Zhejiang, 311100, Mainland China",,311100,30.28364,120.00219,86-571-88668877,https://www.ihg.com/vignettecollection/hotels/us/en/hangzhou/hghhu/hoteldetail,https://www.ihg.com/vignettecollection/hotels/cn/zh/hangzhou/hghhu/hoteldetail,,,,,
IHG-HGHBM,voco Hangzhou Binjiang Minghao,,voco,voco 酒店,ihg-voco,FULLY_BOOKABLE,Hotel,Hotel,Hangzhou,,Zhejiang,,"No.558,Jiangnan Avenue,Binjiang District, Hangzhou, Zhejiang, 310051, Mainland China",,310051,30.202602,120.2029,86-571-56662888,https://www.ihg.com/voco/hotels/us/en/hangzhou/hghbm/hoteldetail,https://www.ihg.com/voco/hotels/cn/zh/hangzhou/hghbm/hoteldetail,,,,,
IHG-HGHTH,voco Thousand Island Lake,,voco,voco 酒店,ihg-voco,FULLY_BOOKABLE,Hotel,Hotel,Hangzhou,,Zhejiang,,"289 Yangguang Road, Qiandaohu Town, Chun'an County, Hangzhou, Zhejiang, 311700, Mainland China",,311700,29.621626,119.0327,86-571-64826888x8877,https://www.ihg.com/voco/hotels/us/en/hangzhou/hghth/hoteldetail,https://www.ihg.com/voco/hotels/cn/zh/hangzhou/hghth/hoteldetail,,,,,
IHG-HRBSG,Crowne Plaza Harbin Songbei,,Crowne Plaza,皇冠假日酒店,ihg-crowne-plaza,FULLY_BOOKABLE,Hotel,Hotel,Harbin,,Heilongjiang,,"No. 233 Feng Yuan Street Songbei District, Harbin, Heilongjiang, 150028, Mainland China",,150028,45.801872,126.49515,86-451-87152666x6101,https://www.ihg.com/crowneplaza/hotels/us/en/harbin/hrbsg/hoteldetail,https://www.ihg.com/crowneplaza/hotels/cn/zh/harbin/hrbsg/hoteldetail,,,,,
IHG-HRBCL,Holiday Inn Express Harbin Central Avenue,,Holiday Inn Express,智选假日酒店,ihg-holiday-inn-express,FULLY_BOOKABLE,Hotel,Hotel,Harbin,,Heilongjiang,,"No.6, West 4th Street, Central Street, Daoli District, Harbin, Heilongjiang, 150016, Mainland China",,150016,45.775303,126.62024,86-451-57653888,https://www.ihg.com/holidayinnexpress/hotels/us/en/harbin/hrbcl/hoteldetail,https://www.ihg.com/holidayinnexpress/hotels/cn/zh/harbin/hrbcl/hoteldetail,,,,,
IHG-HRBEC,Holiday Inn Express Harbin Exhibition Center,,Holiday Inn Express,智选假日酒店,ihg-holiday-inn-express,FULLY_BOOKABLE,Hotel,Hotel,Harbin,,Heilongjiang,,"No. 249 Nanhi Road, Harbin City, Harbin, Heilongjiang, 150000, Mainland China",,150000,45.759346,126.71255,86-451-56186000,https://www.ihg.com/holidayinnexpress/hotels/us/en/harbin/hrbec/hoteldetail,https://www.ihg.com/holidayinnexpress/hotels/cn/zh/harbin/hrbec/hoteldetail,,,,,
IHG-HRBHQ,Holiday Inn Express Harbin Qunli,,Holiday Inn Express,智选假日酒店,ihg-holiday-inn-express,FULLY_BOOKABLE,Hotel,Hotel,Harbin,,Heilongjiang,,"No.199 Qunli Fourth Avenue, Daoli District, Harbin, Harbin, Heilongjiang, 150070, Mainland China",,150070,45.740967,126.57263,,https://www.ihg.com/holidayinnexpress/hotels/us/en/harbin/hrbhq/hoteldetail,https://www.ihg.com/holidayinnexpress/hotels/cn/zh/harbin/hrbhq/hoteldetail,,,,,
IHG-HRBND,Holiday Inn Express Harbin Songbei New District,,Holiday Inn Express,智选假日酒店,ihg-holiday-inn-express,FULLY_BOOKABLE,Hotel,Hotel,Harbin,,Heilongjiang,,"No.1793 Chuangxin1st Road, Harbin, Heilongjiang, 150028, Mainland China",,150028,45.78992,126.50333,,https://www.ihg.com/holidayinnexpress/hotels/us/en/harbin/hrbnd/hoteldetail,https://www.ihg.com/holidayinnexpress/hotels/cn/zh/harbin/hrbnd/hoteldetail,,,,,
IHG-HRBCA,Hotel Indigo Harbin Central Avenue,,Hotel Indigo,英迪格酒店,ihg-hotel-indigo,FULLY_BOOKABLE,Hotel,Hotel,Harbin,,Heilongjiang,,"No. 259 Central Avenue, Daoli District, Harbin, Heilongjiang, 150010, Mainland China",,150010,45.779926,126.61764,86-0451-86770000x8010,https://www.ihg.com/hotelindigo/hotels/us/en/harbin/hrbca/hoteldetail,https://www.ihg.com/hotelindigo/hotels/cn/zh/harbin/hrbca/hoteldetail,,,,,
IHG-HFETR,Atwell Suites Hefei City Center,,Atwell Suites,Atwell Suites,ihg-atwell-suites,FULLY_BOOKABLE,Hotel,Hotel,Hefei,,Anhui,,"No. 317 Tunxi Road, ,Baohe District, Hefei, Anhui, 230009, Mainland China",,230009,31.846918,117.28031,86-551-62230000,https://www.ihg.com/atwellsuites/hotels/us/en/hefei/hfetr/hoteldetail,https://www.ihg.com/atwellsuites/hotels/cn/zh/hefei/hfetr/hoteldetail,,,,,
IHG-HFESD,Crowne Plaza Hefei,,Crowne Plaza,皇冠假日酒店,ihg-crowne-plaza,FULLY_BOOKABLE,Hotel,Hotel,Hefei,,Anhui,,"Building A, 598 Huangshan Road, Hefei, Anhui, 230088, Mainland China",,230088,31.841204,117.21561,86-551-62971888x6801,https://www.ihg.com/crowneplaza/hotels/us/en/hefei/hfesd/hoteldetail,https://www.ihg.com/crowneplaza/hotels/cn/zh/hefei/hfesd/hoteldetail,,,,,
IHG-HFEFT,Holiday Inn Express Hefei FTZ,,Holiday Inn Express,智选假日酒店,ihg-holiday-inn-express,FULLY_BOOKABLE,Hotel,Hotel,Hefei,,Anhui,,"Intersection of Xiangzhang Avenue and Haitang Road, Hefei, Anhui, 230088, Mainland China",,230088,31.817492,117.1932,86-551-62587666,https://www.ihg.com/holidayinnexpress/hotels/us/en/hefei/hfeft/hoteldetail,https://www.ihg.com/holidayinnexpress/hotels/cn/zh/hefei/hfeft/hoteldetail,,,,,
IHG-HFEHT,Holiday Inn Express Hefei High Tech,,Holiday Inn Express,智选假日酒店,ihg-holiday-inn-express,FULLY_BOOKABLE,Hotel,Hotel,Hefei,,Anhui,,"Intersection of Chuangxin Rd & Rainbow Rd, Hefei, Anhui, 230088, Mainland China",,230088,31.841469,117.1351,86-551-68164666,https://www.ihg.com/holidayinnexpress/hotels/us/en/hefei/hfeht/hoteldetail,https://www.ihg.com/holidayinnexpress/hotels/cn/zh/hefei/hfeht/hoteldetail,,,,,
IHG-HFEEX,Holiday Inn Express Hefei Huaihe Road,,Holiday Inn Express,智选假日酒店,ihg-holiday-inn-express,FULLY_BOOKABLE,Hotel,Hotel,Hefei,,Anhui,,"No. 279 Changjiang Zhong Road, Hefei, Anhui, 230061, Mainland China",,230061,31.861046,117.281525,86-551-65706888,https://www.ihg.com/holidayinnexpress/hotels/us/en/hefei/hfeex/hoteldetail,https://www.ihg.com/holidayinnexpress/hotels/cn/zh/hefei/hfeex/hoteldetail,,,,,
IHG-HFESH,Holiday Inn Express Hefei South,,Holiday Inn Express,智选假日酒店,ihg-holiday-inn-express,FULLY_BOOKABLE,Hotel,Hotel,Hefei,,Anhui,,"No.157 Jinzhai South Road, Hefei, Anhui, 230022, Mainland China",,230022,31.791979,117.23389,86-551-62252888,https://www.ihg.com/holidayinnexpress/hotels/us/en/hefei/hfesh/hoteldetail,https://www.ihg.com/holidayinnexpress/hotels/cn/zh/hefei/hfesh/hoteldetail,,,,,
IHG-HFESS,Holiday Inn Express Hefei West Railway Station,,Holiday Inn Express,智选假日酒店,ihg-holiday-inn-express,FULLY_BOOKABLE,Hotel,Hotel,Hefei,,Anhui,,"No. 656 Changjiang West Road, Shushan District, Hefei, Anhui, 230000, Mainland China",,230000,31.85688,117.2202,86-0551-62913319,https://www.ihg.com/holidayinnexpress/hotels/us/en/hefei/hfess/hoteldetail,https://www.ihg.com/holidayinnexpress/hotels/cn/zh/hefei/hfess/hoteldetail,,,,,
IHG-HFECH,Holiday Inn Hefei,,Holiday Inn,假日酒店,ihg-holiday-inn,FULLY_BOOKABLE,Hotel,Hotel,Hefei,,Anhui,,"No.1104 Chang Jiang Dong Road, Hefei, Anhui, 230011, Mainland China",,230011,31.86459,117.30171,86-551-62206666x6180,https://www.ihg.com/holidayinn/hotels/us/en/hefei/hfech/hoteldetail,https://www.ihg.com/holidayinn/hotels/cn/zh/hefei/hfech/hoteldetail,,,,,
IHG-HFECC,Holiday Inn Hefei City Center,,Holiday Inn,假日酒店,ihg-holiday-inn,FULLY_BOOKABLE,Hotel,Hotel,Hefei,,Anhui,,"Building B, No.598 Huangshan Road, Shushan District, Hefei, Anhui, 230000, Mainland China",,230000,31.842625,117.2148,86-0551-62971888,https://www.ihg.com/holidayinn/hotels/us/en/hefei/hfecc/hoteldetail,https://www.ihg.com/holidayinn/hotels/cn/zh/hefei/hfecc/hoteldetail,,,,,
IHG-HFEHA,InterContinental Hefei,,InterContinental,洲际酒店及度假村,ihg-intercontinental,FULLY_BOOKABLE,Hotel,Hotel,Hefei,,Anhui,,"No. 888 Qianshan Road, Zhengwu Distric, Hefei, Anhui, 230031, Mainland China",,230031,31.81157,117.23244,86-551-62665888x6199,https://www.ihg.com/intercontinental/hotels/us/en/hefei/hfeha/hoteldetail,https://www.ihg.com/intercontinental/hotels/cn/zh/hefei/hfeha/hoteldetail,,,,,
IHG-HFEBH,voco Hefei Binhu,,voco,voco 酒店,ihg-voco,FULLY_BOOKABLE,Hotel,Hotel,Hefei,,Anhui,,"Building A7, Yungu Innovation Park, Baohe District, Hefei, Anhui, 230000, Mainland China",,230000,31.705503,117.2765,86-551-66337777,https://www.ihg.com/voco/hotels/us/en/hefei/hfebh/hoteldetail,https://www.ihg.com/voco/hotels/cn/zh/hefei/hfebh/hoteldetail,,,,,
IHG-SJWHR,Holiday Inn Express Hengshui Railway Station,,Holiday Inn Express,智选假日酒店,ihg-holiday-inn-express,FULLY_BOOKABLE,Hotel,Hotel,Hengshui,,Hebei,,"South of Zhanqian Road and West of Zhongxin Street, Hengshui, Hebei, 053000, Mainland China",,053000,37.741955,115.68986,86-0318-5551666,https://www.ihg.com/holidayinnexpress/hotels/us/en/hengshui/sjwhr/hoteldetail,https://www.ihg.com/holidayinnexpress/hotels/cn/zh/hengshui/sjwhr/hoteldetail,,,,,
IHG-HNYHZ,Holiday Inn Express Hengyang High-Tech Zone,,Holiday Inn Express,智选假日酒店,ihg-holiday-inn-express,FULLY_BOOKABLE,Hotel,Hotel,Hengyang,,Hunan,,"Guanghui Street, Zhengxiang District, Hengyang, Hunan, 421001, Mainland China",,421001,26.877234,112.56232,86-734-2889999,https://www.ihg.com/holidayinnexpress/hotels/us/en/hengyang/hnyhz/hoteldetail,https://www.ihg.com/holidayinnexpress/hotels/cn/zh/hengyang/hnyhz/hoteldetail,,,,,
IHG-HETCC,Crowne Plaza Hohhot City Center,,Crowne Plaza,皇冠假日酒店,ihg-crowne-plaza,FULLY_BOOKABLE,Hotel,Hotel,Hohhot,,Nei Mongol,,"No.216 South Gongyuan Road, Yuquan District, Hohhot, Hohhot, Nei Mongol, 010010, Mainland China",,010010,40.802235,111.66556,86-471-3278888,https://www.ihg.com/crowneplaza/hotels/us/en/hohhot/hetcc/hoteldetail,https://www.ihg.com/crowneplaza/hotels/cn/zh/hohhot/hetcc/hoteldetail,,,,,
IHG-HETHH,Holiday Inn Express Hohhot East Station,,Holiday Inn Express,智选假日酒店,ihg-holiday-inn-express,FULLY_BOOKABLE,Hotel,Hotel,Hohhot,,Nei Mongol,,"Block B, Qiushi Zhixing Square, Horqin Expressway, Hohhot, Nei Mongol, 010070, Mainland China",,010070,40.842148,111.77681,86-0471-3371111x0,https://www.ihg.com/holidayinnexpress/hotels/us/en/hohhot/hethh/hoteldetail,https://www.ihg.com/holidayinnexpress/hotels/cn/zh/hohhot/hethh/hoteldetail,,,,,
IHG-YINOS,Holiday Inn Express Horgos,,Holiday Inn Express,智选假日酒店,ihg-holiday-inn-express,FULLY_BOOKABLE,Hotel,Hotel,Horgos,,Xinjiang,,"No. 15 Nanjing Road, Horgos, Xinjiang, 835221, Mainland China",,835221,44.17485,80.42502,86-999-8963333,https://www.ihg.com/holidayinnexpress/hotels/us/en/horgos/yinos/hoteldetail,https://www.ihg.com/holidayinnexpress/hotels/cn/zh/horgos/yinos/hoteldetail,,,,,
IHG-SUZHC,Holiday Inn Express Huaibei City Center,,Holiday Inn Express,智选假日酒店,ihg-holiday-inn-express,FULLY_BOOKABLE,Hotel,Hotel,Huaibei,,Anhui,,"Block 11 Xintiandi Plaza, Huaibei, Anhui, 235000, Mainland China",,235000,33.9436,116.7943,86-0561-5613333,https://www.ihg.com/holidayinnexpress/hotels/us/en/huaibei/suzhc/hoteldetail,https://www.ihg.com/holidayinnexpress/hotels/cn/zh/huaibei/suzhc/hoteldetail,,,,,
IHG-HJJUA,Crowne Plaza Huaihua,,Crowne Plaza,皇冠假日酒店,ihg-crowne-plaza,FULLY_BOOKABLE,Hotel,Hotel,Huaihua,,Hunan,,"160m SE of, Huaihua, Hunan, 418000, Mainland China",,418000,27.550377,109.98759,86-745-2388888,https://www.ihg.com/crowneplaza/hotels/us/en/huaihua/hjjua/hoteldetail,https://www.ihg.com/crowneplaza/hotels/cn/zh/huaihua/hjjua/hoteldetail,,,,,
IHG-TXNCP,Crowne Plaza Huangshan Yucheng,,Crowne Plaza,皇冠假日酒店,ihg-crowne-plaza,FULLY_BOOKABLE,Hotel,Hotel,Huangshan,,Anhui,,"No.1 Huizhou Road, Tunxi, Huangshan, Anhui, 245000, Mainland China",,245000,29.70448,118.336365,86-559-2591888,https://www.ihg.com/crowneplaza/hotels/us/en/huangshan/txncp/hoteldetail,https://www.ihg.com/crowneplaza/hotels/cn/zh/huangshan/txncp/hoteldetail,,,,,
IHG-TXNSG,Holiday Inn Express Huangshan Mountain South Gate,,Holiday Inn Express,智选假日酒店,ihg-holiday-inn-express,FULLY_BOOKABLE,Hotel,Hotel,Huangshan,,Anhui,,"No.111, Tangchuan Road, Tangkou Town,Huangshan District, Huangshan, Anhui, 245051, Mainland China",,245051,30.067179,118.17839,86-559-5566666,https://www.ihg.com/holidayinnexpress/hotels/us/en/huangshan/txnsg/hoteldetail,https://www.ihg.com/holidayinnexpress/hotels/cn/zh/huangshan/txnsg/hoteldetail,,,,,
IHG-TXNQR,Holiday Inn Express Huangshan Tunxi High-Tech Zone,,Holiday Inn Express,智选假日酒店,ihg-holiday-inn-express,FULLY_BOOKABLE,Hotel,Hotel,Huangshan,,Anhui,,"Room 201, Gaoxin Anzhi Technology Building, Huangshan, Anhui, 245000, Mainland China",,245000,29.78272,118.26407,,https://www.ihg.com/holidayinnexpress/hotels/us/en/huangshan/txnqr/hoteldetail,https://www.ihg.com/holidayinnexpress/hotels/cn/zh/huangshan/txnqr/hoteldetail,,,,,
IHG-HSDCL,Holiday Inn Express Huangshi Cihu Lake,,Holiday Inn Express,智选假日酒店,ihg-holiday-inn-express,FULLY_BOOKABLE,Hotel,Hotel,Huangshi,,Hubei,,"No. 6 Guangzhou Road, Xialu District, Huangshi, Hubei, 435000, Mainland China",,435000,30.183111,115.03263,86-714-3099998,https://www.ihg.com/holidayinnexpress/hotels/us/en/huangshi/hsdcl/hoteldetail,https://www.ihg.com/holidayinnexpress/hotels/cn/zh/huangshi/hsdcl/hoteldetail,,,,,
IHG-HUZSK,Crowne Plaza Huizhou,,Crowne Plaza,皇冠假日酒店,ihg-crowne-plaza,FULLY_BOOKABLE,Hotel,Hotel,Huizhou,,Guangdong,,"NO.8 HUANGGUAN RD SHUIKOU AVE, Huicheng District, Huizhou, Guangdong, 516002, Mainland China",,516002,23.098217,114.4636,86-752-2282222x8211,https://www.ihg.com/crowneplaza/hotels/us/en/huizhou/huzsk/hoteldetail,https://www.ihg.com/crowneplaza/hotels/cn/zh/huizhou/huzsk/hoteldetail,,,,,
IHG-JNZHS,Holiday Inn Express Huludao Seaview,,Holiday Inn Express,智选假日酒店,ihg-holiday-inn-express,FULLY_BOOKABLE,Hotel,Hotel,Huludao,,Liaoning,,"South of Haiyun Road, Huludao, Liaoning, 125000, Mainland China",,125000,40.676792,120.8262,86-158-5858x8506,https://www.ihg.com/holidayinnexpress/hotels/us/en/huludao/jnzhs/hoteldetail,https://www.ihg.com/holidayinnexpress/hotels/cn/zh/huludao/jnzhs/hoteldetail,,,,,
IHG-HZCHZ,Crowne Plaza Huzhou,,Crowne Plaza,皇冠假日酒店,ihg-crowne-plaza,FULLY_BOOKABLE,Hotel,Hotel,Huzhou,,Zhejiang,,"No. 1515, Xishan Road, Wuxing District, Huzhou, Zhejiang, 313000, Mainland China",,313000,30.858858,120.18121,86-572-2987777,https://www.ihg.com/crowneplaza/hotels/us/en/huzhou/hzchz/hoteldetail,https://www.ihg.com/crowneplaza/hotels/cn/zh/huzhou/hzchz/hoteldetail,,,,,
IHG-HZCHA,InterContinental Huzhou Taihu South,,InterContinental,洲际酒店及度假村,ihg-intercontinental,FULLY_BOOKABLE,Hotel,Hotel,Huzhou,,Zhejiang,,"666 Meizhou Road, Taihu South District, Huzhou, Zhejiang, 313000, Mainland China",,313000,30.94498,120.12611,86-572-2978888,https://www.ihg.com/intercontinental/hotels/us/en/huzhou/hzcha/hoteldetail,https://www.ihg.com/intercontinental/hotels/cn/zh/huzhou/hzcha/hoteldetail,,,,,
IHG-YINNL,Hotel Indigo Nalati,,Hotel Indigo,英迪格酒店,ihg-hotel-indigo,FULLY_BOOKABLE,Hotel,Hotel,Ili,,Xinjiang,,"006 Nalati East Street, Nalati Village, Nalati Town, Ili, Xinjiang, 835805, Mainland China",,835805,43.324955,84.04277,86-0999-8628888,https://www.ihg.com/hotelindigo/hotels/us/en/kazak-autonomous-prefectu/yinnl/hoteldetail,https://www.ihg.com/hotelindigo/hotels/cn/zh/kazak-autonomous-prefectu/yinnl/hoteldetail,,,,,
IHG-ZBDJB,Crowne Plaza Jiangmen Binjiang,,Crowne Plaza,皇冠假日酒店,ihg-crowne-plaza,FULLY_BOOKABLE,Hotel,Hotel,Jiangmen,,Guangdong,,"106 Hebin New Road, Binjiang New District, Jiangmen, Guangdong, 529085, Mainland China",,529085,22.65841,113.072365,86-0750-3766666,https://www.ihg.com/crowneplaza/hotels/us/en/jiangmen/zbdjb/hoteldetail,https://www.ihg.com/crowneplaza/hotels/cn/zh/jiangmen/zbdjb/hoteldetail,,,,,
IHG-ZBDEA,Holiday Inn Express Jiangmen East Station,,Holiday Inn Express,智选假日酒店,ihg-holiday-inn-express,FULLY_BOOKABLE,Hotel,Hotel,Jiangmen,,Guangdong,,"No.40, Zhanqianyi Road, Jianghai District, Jiangmen, Guangdong, 529000, Mainland China",,529000,22.560081,113.104744,86-750-3989988,https://www.ihg.com/holidayinnexpress/hotels/us/en/jiangmen/zbdea/hoteldetail,https://www.ihg.com/holidayinnexpress/hotels/cn/zh/jiangmen/zbdea/hoteldetail,,,,,
IHG-ZBDJM,Holiday Inn Express Jiangmen Jianghai,,Holiday Inn Express,智选假日酒店,ihg-holiday-inn-express,FULLY_BOOKABLE,Hotel,Hotel,Jiangmen,,Guangdong,,"NO. 46 Donghai Road, Jianghai District, Jiangmen, Guangdong, 529000, Mainland China",,529000,22.570807,113.10275,86-0750-8229888,https://www.ihg.com/holidayinnexpress/hotels/us/en/jiangmen/zbdjm/hoteldetail,https://www.ihg.com/holidayinnexpress/hotels/cn/zh/jiangmen/zbdjm/hoteldetail,,,,,
IHG-ZBDJX,Holiday Inn Express Jiangmen Yinhu Bay,,Holiday Inn Express,智选假日酒店,ihg-holiday-inn-express,FULLY_BOOKABLE,Hotel,Hotel,Jiangmen,,Guangdong,,"No. 86 Zhongxing Road, Binhai New District, Jiangmen, Guangdong, 529100, Mainland China",,529100,22.156923,113.05487,86-750-8233333,https://www.ihg.com/holidayinnexpress/hotels/us/en/jiangmen/zbdjx/hoteldetail,https://www.ihg.com/holidayinnexpress/hotels/cn/zh/jiangmen/zbdjx/hoteldetail,,,,,
IHG-JXSJS,Holiday Inn Jiashan,,Holiday Inn,假日酒店,ihg-holiday-inn,FULLY_BOOKABLE,Hotel,Hotel,Jiashan,,Zhejiang,,"No. 150, Sanxian East Road, Ganyao Town, Jiashan, Zhejiang, 314107, Mainland China",,314107,30.882675,120.90517,86-573-84161888,https://www.ihg.com/holidayinn/hotels/us/en/jiashan/jxsjs/hoteldetail,https://www.ihg.com/holidayinn/hotels/cn/zh/jiashan/jxsjs/hoteldetail,,,,,
IHG-JXSHZ,Holiday Inn & Suites Jiaxing Hangzhou Bay,,Holiday Inn & Suites,假日套房酒店,ihg-holiday-inn-and-suites,FULLY_BOOKABLE,Hotel,Hotel,Jiaxing,,Zhejiang,,"No 1188, Binhai Road, Zhapu, Jiaxing, Zhejiang, 314201, Mainland China",,314201,30.599436,121.08873,86-573-85588888,https://www.ihg.com/holidayinn/hotels/us/en/jiaxing/jxshz/hoteldetail,https://www.ihg.com/holidayinn/hotels/cn/zh/jiaxing/jxshz/hoteldetail,,,,,
IHG-JXSHY,Holiday Inn Express Haiyan,,Holiday Inn Express,智选假日酒店,ihg-holiday-inn-express,FULLY_BOOKABLE,Hotel,Hotel,Jiaxing,,Zhejiang,,"No. 1833 Binhai Road, Xitangqiao Street, Haiyan County, Jiaxing, Zhejiang, 314300, Mainland China",,314300,30.58665,121.013954,86-573-86866777,https://www.ihg.com/holidayinnexpress/hotels/us/en/jiaxing/jxshy/hoteldetail,https://www.ihg.com/holidayinnexpress/hotels/cn/zh/jiaxing/jxshy/hoteldetail,,,,,
IHG-JXSNH,Holiday Inn Jiaxing Nanhu,,Holiday Inn,假日酒店,ihg-holiday-inn,FULLY_BOOKABLE,Hotel,Hotel,Jiaxing,,Zhejiang,,"No. 616 Zhonghuanxi Road, Nanhu District, Jiaxing, Zhejiang, 314000, Mainland China",,314000,30.75317,120.72479,,https://www.ihg.com/holidayinn/hotels/us/en/jiaxing/jxsnh/hoteldetail,https://www.ihg.com/holidayinn/hotels/cn/zh/jiaxing/jxsnh/hoteldetail,,,,,
IHG-JXSTO,Holiday Inn Tongxiang,,Holiday Inn,假日酒店,ihg-holiday-inn,FULLY_BOOKABLE,Hotel,Hotel,Jiaxing,,Zhejiang,,"No.1 North Century Avenue, Tongxiang, Jiaxing, Zhejiang, 314500, Mainland China",,314500,30.655027,120.56118,86-573-80880520,https://www.ihg.com/holidayinn/hotels/us/en/jiaxing/jxsto/hoteldetail,https://www.ihg.com/holidayinn/hotels/cn/zh/jiaxing/jxsto/hoteldetail,,,,,
IHG-JXSXT,voco Xitang,,voco,voco 酒店,ihg-voco,FULLY_BOOKABLE,Hotel,Hotel,Jiaxing,,Zhejiang,,"No. 168, Huanxiu Street, Xitang Town, Jiaxing, Zhejiang, 314100, Mainland China",,314100,30.944088,120.889435,,https://www.ihg.com/voco/hotels/us/en/jiaxing/jxsxt/hoteldetail,https://www.ihg.com/voco/hotels/cn/zh/jiaxing/jxsxt/hoteldetail,,,,,
IHG-JILJC,Holiday Inn Express Jilin City Center,,Holiday Inn Express,智选假日酒店,ihg-holiday-inn-express,FULLY_BOOKABLE,Hotel,Hotel,Jilin,,Jilin,,"No.65 Jiefang Road, Xiangyang Street,Chuanying District, Jilin, Jilin, Mainland China",,,43.84524,126.55264,,https://www.ihg.com/holidayinnexpress/hotels/us/en/jilin/jiljc/hoteldetail,https://www.ihg.com/holidayinnexpress/hotels/cn/zh/jilin/jiljc/hoteldetail,,,,,
IHG-JILBH,Holiday Inn Jilin Beidahu,,Holiday Inn,假日酒店,ihg-holiday-inn,FULLY_BOOKABLE,Hotel,Hotel,Jilin,,Jilin,,"No. 24-12-10-117, Beidahu Ski Resort, Jilin, Jilin, 132224, Mainland China",,132224,43.41949,126.612946,86-0432-65025888,https://www.ihg.com/holidayinn/hotels/us/en/jilin/jilbh/hoteldetail,https://www.ihg.com/holidayinn/hotels/cn/zh/jilin/jilbh/hoteldetail,,,,,
IHG-TNAWJ,Crowne Plaza Jinan Runhua,,Crowne Plaza,皇冠假日酒店,ihg-crowne-plaza,FULLY_BOOKABLE,Hotel,Hotel,Jinan,,Shandong,,"No.100 Rizhao Road, Huaiyin District, Jinan, Shandong, 250000, Mainland China",,250000,36.664856,116.9257,86-531-88119999,https://www.ihg.com/crowneplaza/hotels/us/en/jinan/tnawj/hoteldetail,https://www.ihg.com/crowneplaza/hotels/cn/zh/jinan/tnawj/hoteldetail,,,,,
IHG-TNAJA,Holiday Inn Express Jinan Airport Zone,,Holiday Inn Express,智选假日酒店,ihg-holiday-inn-express,FULLY_BOOKABLE,Hotel,Hotel,Jinan,,Shandong,,"Northern Building No. 3966 Airport Road Gaoxin District, Jinan, Shandong, 250107, Mainland China",,250107,36.815758,117.21078,86-531-88705577,https://www.ihg.com/holidayinnexpress/hotels/us/en/jinan/tnaja/hoteldetail,https://www.ihg.com/holidayinnexpress/hotels/cn/zh/jinan/tnaja/hoteldetail,,,,,
IHG-TNAJS,Holiday Inn Express Jinan High-Tech Zone,,Holiday Inn Express,智选假日酒店,ihg-holiday-inn-express,FULLY_BOOKABLE,Hotel,Hotel,Jinan,,Shandong,,"No. 6599 Jing Shi Road High-Tech Zone, Jinan, Shandong, 250101, Mainland China",,250101,36.65987,117.13339,86-531-58526666,https://www.ihg.com/holidayinnexpress/hotels/us/en/jinan/tnajs/hoteldetail,https://www.ihg.com/holidayinnexpress/hotels/cn/zh/jinan/tnajs/hoteldetail,,,,,
IHG-TNAJJ,Holiday Inn Express Jinan Qianfo Mountain,,Holiday Inn Express,智选假日酒店,ihg-holiday-inn-express,FULLY_BOOKABLE,Hotel,Hotel,Jinan,,Shandong,,"No.16262 Jingshi Road, Lixia District, Jinan, Shandong, 250000, Mainland China",,250000,36.64817,117.047516,86-0531-88921118,https://www.ihg.com/holidayinnexpress/hotels/us/en/jinan/tnajj/hoteldetail,https://www.ihg.com/holidayinnexpress/hotels/cn/zh/jinan/tnajj/hoteldetail,,,,,
IHG-TNAQS,Holiday Inn Express Jinan Quancheng Square,,Holiday Inn Express,智选假日酒店,ihg-holiday-inn-express,FULLY_BOOKABLE,Hotel,Hotel,Jinan,,Shandong,,"No. 53-7, Luoyuan Avenue, Lixia District, Jinan, Shandong, 250012, Mainland China",,250012,36.660507,117.03048,86-531-62305588,https://www.ihg.com/holidayinnexpress/hotels/us/en/jinan/tnaqs/hoteldetail,https://www.ihg.com/holidayinnexpress/hotels/cn/zh/jinan/tnaqs/hoteldetail,,,,,
IHG-TNADL,Holiday Inn Jinan Daming Lake,,Holiday Inn,假日酒店,ihg-holiday-inn,FULLY_BOOKABLE,Hotel,Hotel,Jinan,,Shandong,,"No. 68 Tongyuanjuqianjiei Road, Tianqiao District, Jinan, Shandong, 250031, Mainland China",,250031,36.66866,117.01539,86-531-56093333,https://www.ihg.com/holidayinn/hotels/us/en/jinan/tnadl/hoteldetail,https://www.ihg.com/holidayinn/hotels/cn/zh/jinan/tnadl/hoteldetail,,,,,
IHG-TNATB,Holiday Inn Jinan Thousand Buddha Mountain,,Holiday Inn,假日酒店,ihg-holiday-inn,FULLY_BOOKABLE,Hotel,Hotel,Jinan,,Shandong,,"No. 20, Shungeng Road, Lixia District, Jinan, Shandong, 250000, Mainland China",,250000,36.63809,117.02355,86-531-67878888x6602,https://www.ihg.com/holidayinn/hotels/us/en/jinan/tnatb/hoteldetail,https://www.ihg.com/holidayinn/hotels/cn/zh/jinan/tnatb/hoteldetail,,,,,
IHG-TNACH,InterContinental Jinan City Center,,InterContinental,洲际酒店及度假村,ihg-intercontinental,FULLY_BOOKABLE,Hotel,Hotel,Jinan,,Shandong,,"No.3 Tian Di Tan Road, Li Xia District, Jinan, Shandong, 250011, Mainland China",,250011,36.66451,117.02557,86-531-86029999x6042,https://www.ihg.com/intercontinental/hotels/us/en/jinan/tnach/hoteldetail,https://www.ihg.com/intercontinental/hotels/cn/zh/jinan/tnach/hoteldetail,,,,,
IHG-CIHJD,Holiday Inn Express Jincheng New District,,Holiday Inn Express,智选假日酒店,ihg-holiday-inn-express,FULLY_BOOKABLE,Hotel,Hotel,Jincheng,,Shanxi,,"Yunshu Apartment A, No.199 Longtan Road, Jincheng, Shanxi, 048000, Mainland China",,048000,35.472588,112.88325,86-356-2269999,https://www.ihg.com/holidayinnexpress/hotels/us/en/jincheng/cihjd/hoteldetail,https://www.ihg.com/holidayinnexpress/hotels/cn/zh/jincheng/cihjd/hoteldetail,,,,,
IHG-CGOJD,voco Jincheng Danhe,,voco,voco 酒店,ihg-voco,FULLY_BOOKABLE,Hotel,Hotel,Jincheng,,Shanxi,,"No.88 Jianzhou Road and Bishui Street, Jincheng, Shanxi, 048000, Mainland China",,048000,35.535404,112.95106,86-356-8086666,https://www.ihg.com/voco/hotels/us/en/jincheng/cgojd/hoteldetail,https://www.ihg.com/voco/hotels/cn/zh/jincheng/cgojd/hoteldetail,,,,,
IHG-JDZTX,EVEN Hotel Jingdezhen Taoxichuan,,EVEN Hotel,逸衡酒店,ihg-even-hotel,FULLY_BOOKABLE,Hotel,Hotel,Jingdezhen,,Jiangxi,,"Plaza B Taoxichuan Road, Zhushan District, Jingdezhen, Jiangxi, 333000, Mainland China",,333000,29.301086,117.237236,86-798-8718888,https://www.ihg.com/evenhotels/hotels/us/en/jingdezhen/jdztx/hoteldetail,https://www.ihg.com/evenhotels/hotels/cn/zh/jingdezhen/jdztx/hoteldetail,,,,,
IHG-JDZJA,Holiday Inn Express Jingdezhen Ancient Town,,Holiday Inn Express,智选假日酒店,ihg-holiday-inn-express,FULLY_BOOKABLE,Hotel,Hotel,Jingdezhen,,Jiangxi,,"No. 2-1, West of Zhonghua North Road, Zhushan District, Jingdezhen, Jiangxi, 333000, Mainland China",,333000,29.31091,117.205284,86-0798-8388666,https://www.ihg.com/holidayinnexpress/hotels/us/en/jingdezhen/jdzja/hoteldetail,https://www.ihg.com/holidayinnexpress/hotels/cn/zh/jingdezhen/jdzja/hoteldetail,,,,,
IHG-JDZTC,Holiday Inn Express Jingdezhen City Center,,Holiday Inn Express,智选假日酒店,ihg-holiday-inn-express,FULLY_BOOKABLE,Hotel,Hotel,Jingdezhen,,Jiangxi,,"No. 578 Zhushan Street, Zhushan District, Jingdezhen, Jiangxi, 333000, Mainland China",,333000,29.30098,117.24516,86-0798-8266888,https://www.ihg.com/holidayinnexpress/hotels/us/en/jingdezhen/jdztc/hoteldetail,https://www.ihg.com/holidayinnexpress/hotels/cn/zh/jingdezhen/jdztc/hoteldetail,,,,,
IHG-JDZJD,Holiday Inn Jingdezhen,,Holiday Inn,假日酒店,ihg-holiday-inn,FULLY_BOOKABLE,Hotel,Hotel,Jingdezhen,,Jiangxi,,"Building A, Taoxichuan Cultural and Creative Incubation, Jingdezhen, Jiangxi, 333000, Mainland China",,333000,29.316545,117.24121,,https://www.ihg.com/holidayinn/hotels/us/en/jingdezhen/jdzjd/hoteldetail,https://www.ihg.com/holidayinn/hotels/cn/zh/jingdezhen/jdzjd/hoteldetail,,,,,
IHG-JDZJT,Hotel Indigo Jingdezhen Taoxichuan,,Hotel Indigo,英迪格酒店,ihg-hotel-indigo,FULLY_BOOKABLE,Hotel,Hotel,Jingdezhen,,Jiangxi,,"Plaza A Taoxichuan Road, Zhushan District, Jingdezhen, Jiangxi, Mainland China",,,29.30121,117.23722,86-798-8718888,https://www.ihg.com/hotelindigo/hotels/us/en/jingdezhen/jdzjt/hoteldetail,https://www.ihg.com/hotelindigo/hotels/cn/zh/jingdezhen/jdzjt/hoteldetail,,,,,
IHG-JJLJH,Crowne Plaza Jingmen,,Crowne Plaza,皇冠假日酒店,ihg-crowne-plaza,FULLY_BOOKABLE,Hotel,Hotel,Jingmen,,Hubei,,"No.12 Zhanghe Avenue, Zhanghe New District, Jingmen, Hubei, 448000, Mainland China",,448000,31.003237,112.18169,86-0724-6069999,https://www.ihg.com/crowneplaza/hotels/us/en/jingmen/jjljh/hoteldetail,https://www.ihg.com/crowneplaza/hotels/cn/zh/jingmen/jjljh/hoteldetail,,,,,
IHG-HGHDH,Holiday Inn Express Dongyang Hengdian,,Holiday Inn Express,智选假日酒店,ihg-holiday-inn-express,FULLY_BOOKABLE,Hotel,Hotel,Jinhua,,Zhejiang,,"1159 Yingying Dadao, Hengdian Town, Dongyang City, Jinhua, Zhejiang, 322100, Mainland China",,322100,29.131214,120.315445,86-0579-86830999,https://www.ihg.com/holidayinnexpress/hotels/us/en/jinhua/hghdh/hoteldetail,https://www.ihg.com/holidayinnexpress/hotels/cn/zh/jinhua/hghdh/hoteldetail,,,,,
IHG-HGHUA,Holiday Inn Express Yiwu International Trade City,,Holiday Inn Express,智选假日酒店,ihg-holiday-inn-express,FULLY_BOOKABLE,Hotel,Hotel,Jinhua,,Zhejiang,,"No.217, Binwang Road, Jinhua, Zhejiang, 322000, Mainland China",,322000,29.314545,120.09489,,https://www.ihg.com/holidayinnexpress/hotels/us/en/jinhua/hghua/hoteldetail,https://www.ihg.com/holidayinnexpress/hotels/cn/zh/jinhua/hghua/hoteldetail,,,,,
IHG-HGHYK,Holiday Inn Yongkang,,Holiday Inn,假日酒店,ihg-holiday-inn,FULLY_BOOKABLE,Hotel,Hotel,Jinhua,,Zhejiang,,"No.199 Huangchengnan Road, Jinhua, Zhejiang, 321300, Mainland China",,321300,28.901953,120.06497,86-579-87066688,https://www.ihg.com/holidayinn/hotels/us/en/jinhua/hghyk/hoteldetail,https://www.ihg.com/holidayinn/hotels/cn/zh/jinhua/hghyk/hoteldetail,,,,,
IHG-JNGJC,Holiday Inn Express Jining Cultural Center,,Holiday Inn Express,智选假日酒店,ihg-holiday-inn-express,FULLY_BOOKABLE,Hotel,Hotel,Jining,,Shandong,,"No.99 Hedu Road,Rencheng District, Jining, Shandong, 272113, Mainland China",,272113,35.345566,116.6049,86-0537-3801111x8188,https://www.ihg.com/holidayinnexpress/hotels/us/en/jining/jngjc/hoteldetail,https://www.ihg.com/holidayinnexpress/hotels/cn/zh/jining/jngjc/hoteldetail,,,,,
IHG-JJNAH,Holiday Inn Express Jinjiang Anhai,,Holiday Inn Express,智选假日酒店,ihg-holiday-inn-express,FULLY_BOOKABLE,Hotel,Hotel,Jinjiang,,Fujian,,"No. 88, Feifeng Road, Anhai Town, Jinjiang, Fujian, 362000, Mainland China",,362000,24.711678,118.49506,86-595-82012999,https://www.ihg.com/holidayinnexpress/hotels/us/en/jinjiang/jjnah/hoteldetail,https://www.ihg.com/holidayinnexpress/hotels/cn/zh/jinjiang/jjnah/hoteldetail,,,,,
IHG-XMNDS,Holiday Inn Express Jinjiang Dihao Square,,Holiday Inn Express,智选假日酒店,ihg-holiday-inn-express,FULLY_BOOKABLE,Hotel,Hotel,Jinjiang,,Fujian,,"NO.662. Quanan Middle Road, Jinjiang, Fujian, 362299, Mainland China",,362299,24.81473,118.585594,,https://www.ihg.com/holidayinnexpress/hotels/us/en/quanzhou/xmnds/hoteldetail,https://www.ihg.com/holidayinnexpress/hotels/cn/zh/quanzhou/xmnds/hoteldetail,,,,,
IHG-JJNJA,Holiday Inn Quanzhou Jinjiang Airport,,Holiday Inn,假日酒店,ihg-holiday-inn,FULLY_BOOKABLE,Hotel,Hotel,Jinjiang,,Fujian,,"Building 1, No. 160 Lianxi Road, Jinjiang, Fujian, 362200, Mainland China",,362200,24.80607,118.59318,,https://www.ihg.com/holidayinn/hotels/us/en/jinjiang/jjnja/hoteldetail,https://www.ihg.com/holidayinn/hotels/cn/zh/jinjiang/jjnja/hoteldetail,,,,,
IHG-JIHHA,Holiday Inn Express Jiuzhaigou,,Holiday Inn Express,智选假日酒店,ihg-holiday-inn-express,FULLY_BOOKABLE,Hotel,Hotel,Jiuzhaigou,,Sichuan,,"No. 4, Pengfeng Village, Zhangzha Town, Jiuzhaigou, Sichuan, 623402, Mainland China",,623402,33.26792,103.91105,86-837-7777733x1,https://www.ihg.com/holidayinnexpress/hotels/us/en/jiuzhaigou/jihha/hoteldetail,https://www.ihg.com/holidayinnexpress/hotels/cn/zh/jiuzhaigou/jihha/hoteldetail,,,,,
IHG-LNLJH,Hotel Indigo Jiuzhai,,Hotel Indigo,英迪格酒店,ihg-hotel-indigo,FULLY_BOOKABLE,Hotel,Hotel,Jiuzhaigou,,Sichuan,,"Zhangzha Town,Jiuzhai County, Aba Autonomous Prefecture, Jiuzhaigou, Sichuan, 623402, Mainland China",,623402,33.30206,103.81567,86-837-7777700x8700,https://www.ihg.com/hotelindigo/hotels/us/en/jiuzhaigou/lnljh/hoteldetail,https://www.ihg.com/hotelindigo/hotels/cn/zh/jiuzhaigou/lnljh/hoteldetail,,,,,
IHG-JZHHA,InterContinental Resort Jiuzhai Paradise,,InterContinental,洲际酒店及度假村,ihg-intercontinental,FULLY_BOOKABLE,Hotel,Hotel,Jiuzhaigou,,Sichuan,,"Ganhaizi, Zhangzha Town, Jiuzhaigou, Sichuan, 623402, Mainland China",,623402,33.262947,103.771484,86-837-7789999x1007,https://www.ihg.com/intercontinental/hotels/us/en/jiuzhaigou/jzhha/hoteldetail,https://www.ihg.com/intercontinental/hotels/cn/zh/jiuzhaigou/jzhha/hoteldetail,,,,,
IHG-NKGMS,Holiday Inn Resort Maoshan Hot-Spring,,Holiday Inn Resort,假日度假酒店,ihg-holiday-inn-resort,FULLY_BOOKABLE,Hotel,Hotel,Jurong,,Jiangsu,,"No 88 Jumao Avenue, Jurong, Jiangsu, 212446, Mainland China",,212446,31.80665,119.28969,86-0511-80988888,https://www.ihg.com/holidayinnresorts/hotels/us/en/jurong/nkgms/hoteldetail,https://www.ihg.com/holidayinnresorts/hotels/cn/zh/jurong/nkgms/hoteldetail,,,,,
IHG-CGOKC,Holiday Inn Express Kaifeng City Center,,Holiday Inn Express,智选假日酒店,ihg-holiday-inn-express,FULLY_BOOKABLE,Hotel,Hotel,Kaifeng,,Henan,,"No.28 Zhengkai Avenue Deson World EXPO Plaza, Kaifeng, Henan, 475000, Mainland China",,475000,34.8029,114.2943,86-371-57005222,https://www.ihg.com/holidayinnexpress/hotels/us/en/kaifeng/cgokc/hoteldetail,https://www.ihg.com/holidayinnexpress/hotels/cn/zh/kaifeng/cgokc/hoteldetail,,,,,
IHG-CGOCC,Holiday Inn Kaifeng City Center,,Holiday Inn,假日酒店,ihg-holiday-inn,FULLY_BOOKABLE,Hotel,Hotel,Kaifeng,,Henan,,"Crossroad of Jinming Avenue and Zhengkai Avenue, Kaifeng, Henan, Mainland China",,,34.802666,114.30155,,https://www.ihg.com/holidayinn/hotels/us/en/zhengzhou/cgocc/hoteldetail,https://www.ihg.com/holidayinn/hotels/cn/zh/zhengzhou/cgocc/hoteldetail,,,,,
IHG-AKUKG,Holiday Inn Express Kashgar Downtown,,Holiday Inn Express,智选假日酒店,ihg-holiday-inn-express,FULLY_BOOKABLE,Hotel,Hotel,Kashgar,,Xinjiang,,"Building G17,Haitian Zhonghua Mingyuan,, Kashgar, Xinjiang, 844099, Mainland China",,844099,39.45508,75.97354,86-998-5760888,https://www.ihg.com/holidayinnexpress/hotels/us/en/kashgar/akukg/hoteldetail,https://www.ihg.com/holidayinnexpress/hotels/cn/zh/kashgar/akukg/hoteldetail,,,,,
IHG-KHGKE,Holiday Inn Kashgar East,,Holiday Inn,假日酒店,ihg-holiday-inn,FULLY_BOOKABLE,Hotel,Hotel,Kashgar,,Xinjiang,,"Building 1, Yuanfang Yuehao International Center, Kashgar, Xinjiang, 844000, Mainland China",,844000,39.455833,76.09521,86-998-6879999,https://www.ihg.com/holidayinn/hotels/us/en/kashgar/khgke/hoteldetail,https://www.ihg.com/holidayinn/hotels/cn/zh/kashgar/khgke/hoteldetail,,,,,
IHG-KMGDT,Crowne Plaza Kunming Ancient Dian Town,,Crowne Plaza,皇冠假日酒店,ihg-crowne-plaza,FULLY_BOOKABLE,Hotel,Hotel,Kunming,,Yunnan,,"No.18 Huanhu South Road, Jinning District, Kunming, Yunnan, 650600, Mainland China",,650600,24.770386,102.73386,86-0871-67891000x6603,https://www.ihg.com/crowneplaza/hotels/us/en/kunming/kmgdt/hoteldetail,https://www.ihg.com/crowneplaza/hotels/cn/zh/kunming/kmgdt/hoteldetail,,,,,
IHG-KMGCC,Crowne Plaza Kunming City Centre,,Crowne Plaza,皇冠假日酒店,ihg-crowne-plaza,FULLY_BOOKABLE,Hotel,Hotel,Kunming,,Yunnan,,"No.399 QingNian Rd, Wuhua District, Kunming, Yunnan, 650011, Mainland China",,650011,25.03457,102.71703,86-871-63158888x1230,https://www.ihg.com/crowneplaza/hotels/us/en/kunming/kmgcc/hoteldetail,https://www.ihg.com/crowneplaza/hotels/cn/zh/kunming/kmgcc/hoteldetail,,,,,
IHG-KMGDL,EVEN Hotel Kunming Dianchi Lake,,EVEN Hotel,逸衡酒店,ihg-even-hotel,FULLY_BOOKABLE,Hotel,Hotel,Kunming,,Yunnan,,"No. 97 Haiwen Road, Xishan District, Kunming, Yunnan, 650103, Mainland China",,650103,24.964773,102.69476,,https://www.ihg.com/evenhotels/hotels/us/en/kunming/kmgdl/hoteldetail,https://www.ihg.com/evenhotels/hotels/cn/zh/kunming/kmgdl/hoteldetail,,,,,
IHG-KMGAP,Holiday Inn Express Kunming Changshui Airport,,Holiday Inn Express,智选假日酒店,ihg-holiday-inn-express,FULLY_BOOKABLE,Hotel,Hotel,Kunming,,Yunnan,,"No. 5088, New 320 National Highway, Kunming, Yunnan, 650211, Mainland China",,650211,25.070538,102.92516,86-871-68060899,https://www.ihg.com/holidayinnexpress/hotels/us/en/kunming-city/kmgap/hoteldetail,https://www.ihg.com/holidayinnexpress/hotels/cn/zh/kunming-city/kmgap/hoteldetail,,,,,
IHG-KMGDR,Holiday Inn Express Kunming Dianchi Rixin Road,,Holiday Inn Express,智选假日酒店,ihg-holiday-inn-express,FULLY_BOOKABLE,Hotel,Hotel,Kunming,,Yunnan,,"No. 489, Rixin Middle Road, Building 4, Kunming, Yunnan, 650228, Mainland China",,650228,24.996464,102.6906,86-871-68136666,https://www.ihg.com/holidayinnexpress/hotels/us/en/kunming/kmgdr/hoteldetail,https://www.ihg.com/holidayinnexpress/hotels/cn/zh/kunming/kmgdr/hoteldetail,,,,,
IHG-KMGCD,Holiday Inn Express Kunming Economic Dev Zone,,Holiday Inn Express,智选假日酒店,ihg-holiday-inn-express,FULLY_BOOKABLE,Hotel,Hotel,Kunming,,Yunnan,,"No. 10, Jinning Street,, Kunming, Yunnan, 650500, Mainland China",,650500,24.961613,102.87826,86-871-68875789,https://www.ihg.com/holidayinnexpress/hotels/us/en/kunming/kmgcd/hoteldetail,https://www.ihg.com/holidayinnexpress/hotels/cn/zh/kunming/kmgcd/hoteldetail,,,,,
IHG-KMGHE,Holiday Inn Express Kunming Horti-Expo Garden,,Holiday Inn Express,智选假日酒店,ihg-holiday-inn-express,FULLY_BOOKABLE,Hotel,Hotel,Kunming,,Yunnan,,"No. 9, Shibo Li, No. 8, Shibo Road, Panlong District, Kunming, Yunnan, 650000, Mainland China",,650000,25.076561,102.75906,86-151-84455569,https://www.ihg.com/holidayinnexpress/hotels/us/en/kunming/kmghe/hoteldetail,https://www.ihg.com/holidayinnexpress/hotels/cn/zh/kunming/kmghe/hoteldetail,,,,,
IHG-KMGPL,Holiday Inn Express Kunming Panlong,,Holiday Inn Express,智选假日酒店,ihg-holiday-inn-express,FULLY_BOOKABLE,Hotel,Hotel,Kunming,,Yunnan,,"No.999 Jinwa Road, Panlong District, Kunming, Yunnan, 650051, Mainland China",,650051,25.039701,102.755974,86-0871-68279519,https://www.ihg.com/holidayinnexpress/hotels/us/en/kunming/kmgpl/hoteldetail,https://www.ihg.com/holidayinnexpress/hotels/cn/zh/kunming/kmgpl/hoteldetail,,,,,
IHG-KMGRW,Holiday Inn Express Kunming Railway Station,,Holiday Inn Express,智选假日酒店,ihg-holiday-inn-express,FULLY_BOOKABLE,Hotel,Hotel,Kunming,,Yunnan,,"No. 8, Yongping Road, Taihe Street, Guandu District, Kunming, Yunnan, 650000, Mainland China",,650000,25.01899,102.72414,86-871-68276667,https://www.ihg.com/holidayinnexpress/hotels/us/en/kunming/kmgrw/hoteldetail,https://www.ihg.com/holidayinnexpress/hotels/cn/zh/kunming/kmgrw/hoteldetail,,,,,
IHG-KMGKW,Holiday Inn Express Kunming West,,Holiday Inn Express,智选假日酒店,ihg-holiday-inn-express,FULLY_BOOKABLE,Hotel,Hotel,Kunming,,Yunnan,,"No.451 Renmin Road (West), Xishan District, Kunming, Yunnan, 650018, Mainland China",,650018,25.044489,102.67318,86-871-68187999,https://www.ihg.com/holidayinnexpress/hotels/us/en/kunming/kmgkw/hoteldetail,https://www.ihg.com/holidayinnexpress/hotels/cn/zh/kunming/kmgkw/hoteldetail,,,,,
IHG-KMGYC,Holiday Inn Express Kunming Yiliang Center,,Holiday Inn Express,智选假日酒店,ihg-holiday-inn-express,FULLY_BOOKABLE,Hotel,Hotel,Kunming,,Yunnan,,"Block A, Ruilinglong Qingchuang Building, Kunming, Yunnan, 652100, Mainland China",,652100,24.924343,103.140656,86-871-66388333,https://www.ihg.com/holidayinnexpress/hotels/us/en/kunming/kmgyc/hoteldetail,https://www.ihg.com/holidayinnexpress/hotels/cn/zh/kunming/kmgyc/hoteldetail,,,,,
IHG-KMGDF,Holiday Inn Kunming City Centre,,Holiday Inn,假日酒店,ihg-holiday-inn,FULLY_BOOKABLE,Hotel,Hotel,Kunming,,Yunnan,,"No. 29 East Dong Feng Road, Panlong District, Kunming, Yunnan, 650011, Mainland China",,650011,25.03775,102.72487,86-871-63165888,https://www.ihg.com/holidayinn/hotels/us/en/kunming/kmgdf/hoteldetail,https://www.ihg.com/holidayinn/hotels/cn/zh/kunming/kmgdf/hoteldetail,,,,,
IHG-KMGLX,HUALUXE Kunming,,HUALUXE,华邑酒店及度假村,ihg-hualuxe,FULLY_BOOKABLE,Hotel,Hotel,Kunming,,Yunnan,,"No.5 West Hongta Road, Xishan District, Kunming, Yunnan, 650228, Mainland China",,650228,24.972677,102.6633,86-871-65558888,https://www.ihg.com/hotels/us/en/kunming/kmglx/hoteldetail,https://www.ihg.com/hotels/cn/zh/kunming/kmglx/hoteldetail,,,,,
IHG-KMGYR,InterContinental Kunming,,InterContinental,洲际酒店及度假村,ihg-intercontinental,FULLY_BOOKABLE,Hotel,Hotel,Kunming,,Yunnan,,"No. 5 Yijing Road, Xishan District, Kunming, Yunnan, 650228, Mainland China",,650228,24.979103,102.65541,86-871-63188888x6219,https://www.ihg.com/intercontinental/hotels/us/en/kunming/kmgyr/hoteldetail,https://www.ihg.com/intercontinental/hotels/cn/zh/kunming/kmgyr/hoteldetail,,,,,
IHG-KVNKS,Crowne Plaza Kunshan,,Crowne Plaza,皇冠假日酒店,ihg-crowne-plaza,FULLY_BOOKABLE,Hotel,Hotel,Kunshan,,Jiangsu,,"No. 699 Zizhu Road, Yushan Town, Kunshan, Jiangsu, 215300, Mainland China",,215300,31.40452,120.95793,86-512-55556999,https://www.ihg.com/crowneplaza/hotels/us/en/kunshan/kvnks/hoteldetail,https://www.ihg.com/crowneplaza/hotels/cn/zh/kunshan/kvnks/hoteldetail,,,,,
IHG-KVNDV,Crowne Plaza Kunshan East,,Crowne Plaza,皇冠假日酒店,ihg-crowne-plaza,FULLY_BOOKABLE,Hotel,Hotel,Kunshan,,Jiangsu,,"No.333 Qianjin East Road, Kunshan, Jiangsu, 215335, Mainland China",,215335,31.383844,121.04913,86-0512-57129777x6012,https://www.ihg.com/crowneplaza/hotels/us/en/kunshan/kvndv/hoteldetail,https://www.ihg.com/crowneplaza/hotels/cn/zh/kunshan/kvndv/hoteldetail,,,,,
IHG-SHAHQ,Holiday Inn & Suites Kunshan Huaqiao,,Holiday Inn & Suites,假日套房酒店,ihg-holiday-inn-and-suites,FULLY_BOOKABLE,Hotel,Hotel,Kunshan,,Jiangsu,,"Huaqiao Int'l Business District, Kunshan, Jiangsu, 215332, Mainland China",,215332,31.291466,121.114296,86-512-50882288,https://www.ihg.com/holidayinn/hotels/us/en/kunshan/shahq/hoteldetail,https://www.ihg.com/holidayinn/hotels/cn/zh/kunshan/shahq/hoteldetail,,,,,
IHG-KVNHT,Holiday Inn Express Kunshan High-Tech Zone,,Holiday Inn Express,智选假日酒店,ihg-holiday-inn-express,FULLY_BOOKABLE,Hotel,Hotel,Kunshan,,Jiangsu,,"No.1233 Qianjin West Road, Kunshan, Jiangsu, 215300, Mainland China",,215300,31.379354,120.92909,86-512-82626666,https://www.ihg.com/holidayinnexpress/hotels/us/en/kunshan/kvnht/hoteldetail,https://www.ihg.com/holidayinnexpress/hotels/cn/zh/kunshan/kvnht/hoteldetail,,,,,
IHG-SZVJG,Holiday Inn Express Kunshan Yushan,,Holiday Inn Express,智选假日酒店,ihg-holiday-inn-express,FULLY_BOOKABLE,Hotel,Hotel,Kunshan,,Jiangsu,,"Building 82, No.18 Senlin Road, Kunshan, Jiangsu, 215300, Mainland China",,215300,31.393948,120.895775,86-512-81866777,https://www.ihg.com/holidayinnexpress/hotels/us/en/suzhou/szvjg/hoteldetail,https://www.ihg.com/holidayinnexpress/hotels/cn/zh/suzhou/szvjg/hoteldetail,,,,,
IHG-KVNSK,Holiday Inn Kunshan,,Holiday Inn,假日酒店,ihg-holiday-inn,FULLY_BOOKABLE,Hotel,Hotel,Kunshan,,Jiangsu,,"No.1188 Chuangye Road, Kunshan Development Zone,, Kunshan, Jiangsu, 215300, Mainland China",,215300,31.352901,120.95434,86-512-50136868x5108,https://www.ihg.com/holidayinn/hotels/us/en/kunshan/kvnsk/hoteldetail,https://www.ihg.com/holidayinn/hotels/cn/zh/kunshan/kvnsk/hoteldetail,,,,,
IHG-KVNDZ,Holiday Inn Kunshan East,,Holiday Inn,假日酒店,ihg-holiday-inn,FULLY_BOOKABLE,Hotel,Hotel,Kunshan,,Jiangsu,,"7-17 Floor No.333 Qianjin East Road, Kunshan, Jiangsu, 215335, Mainland China",,215335,31.383844,121.04913,86-0512-57129777x6012,https://www.ihg.com/holidayinn/hotels/us/en/kunshan/kvndz/hoteldetail,https://www.ihg.com/holidayinn/hotels/cn/zh/kunshan/kvndz/hoteldetail,,,,,
IHG-KVNQE,Holiday Inn Kunshan Huaqiao,,Holiday Inn,假日酒店,ihg-holiday-inn,FULLY_BOOKABLE,Hotel,Hotel,Kunshan,,Jiangsu,,"No.2088-12, Yanhu Avenue, Kunshan, Jiangsu, 215332, Mainland China",,215332,31.332026,121.10103,86-512-36831818,https://www.ihg.com/holidayinn/hotels/us/en/kunshan/kvnqe/hoteldetail,https://www.ihg.com/holidayinn/hotels/cn/zh/kunshan/kvnqe/hoteldetail,,,,,
IHG-SHAKH,HUALUXE Kunshan Huaqiao,,HUALUXE,华邑酒店及度假村,ihg-hualuxe,FULLY_BOOKABLE,Hotel,Hotel,Kunshan,,Jiangsu,,"Building A, No.888 Shangyin Road, Huaqiao Town, Kunshan, Jiangsu, 215332, Mainland China",,215332,31.291464,121.114296,86-512-55138888,https://www.ihg.com/hotels/us/en/kunshan/shakh/hoteldetail,https://www.ihg.com/hotels/cn/zh/kunshan/shakh/hoteldetail,,,,,
IHG-PEGLF,Holiday Inn & Suites Langfang New Chaoyang,,Holiday Inn & Suites,假日套房酒店,ihg-holiday-inn-and-suites,FULLY_BOOKABLE,Hotel,Hotel,Langfang,,Hebei,,"No.82 Heping Road (12-22 Floor), Guangyang District, Langfang, Hebei, 065000, Mainland China",,065000,39.534058,116.73175,86-0316-2682222,https://www.ihg.com/holidayinn/hotels/us/en/langfang/peglf/hoteldetail,https://www.ihg.com/holidayinn/hotels/cn/zh/langfang/peglf/hoteldetail,,,,,
IHG-PEGNC,Holiday Inn Express Langfang New Chaoyang,,Holiday Inn Express,智选假日酒店,ihg-holiday-inn-express,FULLY_BOOKABLE,Hotel,Hotel,Langfang,,Hebei,,"No.82 Heping Road(5-11 Floor), Guangyang District, Langfang, Hebei, 065000, Mainland China",,065000,39.534058,116.73175,86-0316-2682222,https://www.ihg.com/holidayinnexpress/hotels/us/en/langfang/pegnc/hoteldetail,https://www.ihg.com/holidayinnexpress/hotels/cn/zh/langfang/pegnc/hoteldetail,,,,,
IHG-LFAEX,Holiday Inn Express Langfang Park View,,Holiday Inn Express,智选假日酒店,ihg-holiday-inn-express,FULLY_BOOKABLE,Hotel,Hotel,Langfang,,Hebei,,"No.195 Jinguang West Road, Anci District, Langfang, Hebei, 065000, Mainland China",,065000,39.516155,116.66448,86-316-7666999,https://www.ihg.com/holidayinnexpress/hotels/us/en/langfang/lfaex/hoteldetail,https://www.ihg.com/holidayinnexpress/hotels/cn/zh/langfang/lfaex/hoteldetail,,,,,
IHG-LFALY,Holiday Inn Express Langfang Yanjiao,,Holiday Inn Express,智选假日酒店,ihg-holiday-inn-express,FULLY_BOOKABLE,Hotel,Hotel,Langfang,,Hebei,,"No. 455, Xinggong East Avenue, Langfang, Hebei, 065200, Mainland China",,065200,39.950684,116.841484,86-316-5161666,https://www.ihg.com/holidayinnexpress/hotels/us/en/langfang/lfaly/hoteldetail,https://www.ihg.com/holidayinnexpress/hotels/cn/zh/langfang/lfaly/hoteldetail,,,,,
IHG-LHWCP,Crowne Plaza Lanzhou,,Crowne Plaza,皇冠假日酒店,ihg-crowne-plaza,FULLY_BOOKABLE,Hotel,Hotel,Lanzhou,,Gansu,,"No.1 Beibinhe Road East, Chengguan District, Lanzhou, Gansu, 730046, Mainland China",,730046,36.070114,103.85354,86-931-8711111,https://www.ihg.com/crowneplaza/hotels/us/en/lanzhou/lhwcp/hoteldetail,https://www.ihg.com/crowneplaza/hotels/cn/zh/lanzhou/lhwcp/hoteldetail,,,,,
IHG-LHWLN,Crowne Plaza Lanzhou New Area,,Crowne Plaza,皇冠假日酒店,ihg-crowne-plaza,FULLY_BOOKABLE,Hotel,Hotel,Lanzhou,,Gansu,,"No. 1020 Huanghe Avenue, Lanzhou New District, Lanzhou, Gansu, 730300, Mainland China",,730300,36.48687,103.689545,86-0931-6651111,https://www.ihg.com/crowneplaza/hotels/us/en/lanzhou/lhwln/hoteldetail,https://www.ihg.com/crowneplaza/hotels/cn/zh/lanzhou/lhwln/hoteldetail,,,,,
IHG-LHWDT,Holiday Inn Express Lanzhou Downtown,,Holiday Inn Express,智选假日酒店,ihg-holiday-inn-express,FULLY_BOOKABLE,Hotel,Hotel,Lanzhou,,Gansu,,"No. 1006 Tianshui North Road, Chengguan District, Lanzhou, Gansu, 730030, Mainland China",,730030,36.06933,103.86446,86-931-2903333,https://www.ihg.com/holidayinnexpress/hotels/us/en/lanzhou/lhwdt/hoteldetail,https://www.ihg.com/holidayinnexpress/hotels/cn/zh/lanzhou/lhwdt/hoteldetail,,,,,
IHG-LHWLJ,Holiday Inn Express Lanzhou Jianlan,,Holiday Inn Express,智选假日酒店,ihg-holiday-inn-express,FULLY_BOOKABLE,Hotel,Hotel,Lanzhou,,Gansu,,"NO.18 Xijing West Road Qilihe District, Lanzhou, Gansu, 730000, Mainland China",,730000,36.068302,103.773125,86-0931-2355888x0,https://www.ihg.com/holidayinnexpress/hotels/us/en/lanzhou/lhwlj/hoteldetail,https://www.ihg.com/holidayinnexpress/hotels/cn/zh/lanzhou/lhwlj/hoteldetail,,,,,
IHG-LHWLZ,Holiday Inn Express Lanzhou Zhengning Road,,Holiday Inn Express,智选假日酒店,ihg-holiday-inn-express,FULLY_BOOKABLE,Hotel,Hotel,Lanzhou,,Gansu,,"No. 25 Baiyin Road Yongchang Road First New Village, Lanzhou, Gansu, 730050, Mainland China",,730050,36.0497,103.8191,86-931-5116111,https://www.ihg.com/holidayinnexpress/hotels/us/en/lanzhou/lhwlz/hoteldetail,https://www.ihg.com/holidayinnexpress/hotels/cn/zh/lanzhou/lhwlz/hoteldetail,,,,,
IHG-CTULS,Holiday Inn Express Leshan City Square,,Holiday Inn Express,智选假日酒店,ihg-holiday-inn-express,FULLY_BOOKABLE,Hotel,Hotel,Leshan,,Sichuan,,"No. 399 West Baiyang Road, Shizhong District, Leshan, Sichuan, 614000, Mainland China",,614000,29.594275,103.734535,86-833-2401888x6111,https://www.ihg.com/holidayinnexpress/hotels/us/en/leshan/ctuls/hoteldetail,https://www.ihg.com/holidayinnexpress/hotels/cn/zh/leshan/ctuls/hoteldetail,,,,,
IHG-CTULE,HUALUXE Leshan,,HUALUXE,华邑酒店及度假村,ihg-hualuxe,FULLY_BOOKABLE,Hotel,Hotel,Leshan,,Sichuan,,"No.888 West Baiyang Road, City Center District,, Leshan, Sichuan, 614000, Mainland China",,614000,29.598557,103.72796,86-833-2655888x6501,https://www.ihg.com/hotels/us/en/leshan/ctule/hoteldetail,https://www.ihg.com/hotels/cn/zh/leshan/ctule/hoteldetail,,,,,
IHG-LXANB,Holiday Inn Express Lhasa Potala Palace,,Holiday Inn Express,智选假日酒店,ihg-holiday-inn-express,FULLY_BOOKABLE,Hotel,Hotel,Lhasa,,Xizang,,"No. 5 West Beijing Road, Chengguan District, Lhasa, Xizang, 850000, Mainland China",,850000,29.659409,91.09577,86-891-6468888,https://www.ihg.com/holidayinnexpress/hotels/us/en/lhasa/lxanb/hoteldetail,https://www.ihg.com/holidayinnexpress/hotels/cn/zh/lhasa/lxanb/hoteldetail,,,,,
IHG-LXAHA,InterContinental Lhasa Paradise,,InterContinental,洲际酒店及度假村,ihg-intercontinental,FULLY_BOOKABLE,Hotel,Hotel,Lhasa,,Xizang,,"No.1 Jiangsu Avenue, Lhasa, Xizang, 850000, Mainland China",,850000,29.651728,91.18903,86-891-6569999,https://www.ihg.com/intercontinental/hotels/us/en/lhasa/lxaha/hoteldetail,https://www.ihg.com/intercontinental/hotels/cn/zh/lhasa/lxaha/hoteldetail,,,,,
IHG-LXALC,voco Lhasa Chengguan,,voco,voco 酒店,ihg-voco,FULLY_BOOKABLE,Hotel,Hotel,Lhasa,,Xizang,,"No. 1 Gangkuo Road, Chengguan District, Lhasa, Xizang, 850011, Mainland China",,850011,29.648731,91.185104,,https://www.ihg.com/voco/hotels/us/en/lasah/lxalc/hoteldetail,https://www.ihg.com/voco/hotels/cn/zh/lasah/lxalc/hoteldetail,,,,,
IHG-LYGHB,voco Lianyungang Haizhou Bay,,voco,voco 酒店,ihg-voco,FULLY_BOOKABLE,Hotel,Hotel,Lianyungang,,Jiangsu,,"No. 188, Haitang North Road, Lianyungang, Jiangsu, 222042, Mainland China",,222042,34.75214,119.37259,86-0518-87089999,https://www.ihg.com/voco/hotels/us/en/lianyungang/lyghb/hoteldetail,https://www.ihg.com/voco/hotels/cn/zh/lianyungang/lyghb/hoteldetail,,,,,
IHG-LYGSH,voco Lianyungang Star of HaizhouBay,,voco,voco 酒店,ihg-voco,FULLY_BOOKABLE,Hotel,Hotel,Lianyungang,,Jiangsu,,"800 meters to the South of West Embankment, Lianyungang, Jiangsu, 222041, Mainland China",,222041,34.76188,119.38131,86-518-87086666,https://www.ihg.com/voco/hotels/us/en/lianyungang/lygsh/hoteldetail,https://www.ihg.com/voco/hotels/cn/zh/lianyungang/lygsh/hoteldetail,,,,,
IHG-LIALC,Holiday Inn Express Liaocheng Chiping,,Holiday Inn Express,智选假日酒店,ihg-holiday-inn-express,FULLY_BOOKABLE,Hotel,Hotel,Liaocheng,,Shandong,,"Yingbin Avenue and Jianshe Road interchange, Liaocheng, Shandong, 252100, Mainland China",,252100,36.563873,116.261055,86-0635-7016789x1,https://www.ihg.com/holidayinnexpress/hotels/us/en/liaocheng/lialc/hoteldetail,https://www.ihg.com/holidayinnexpress/hotels/cn/zh/liaocheng/lialc/hoteldetail,,,,,
IHG-TNALI,Holiday Inn Express Liaocheng ETDZ,,Holiday Inn Express,智选假日酒店,ihg-holiday-inn-express,FULLY_BOOKABLE,Hotel,Hotel,Liaocheng,,Shandong,,"Liaocheng Economic and Technological Development Zone, Liaocheng, Shandong, 252001, Mainland China",,252001,36.454025,116.02204,86-635-8262888,https://www.ihg.com/holidayinnexpress/hotels/us/en/liaocheng/tnali/hoteldetail,https://www.ihg.com/holidayinnexpress/hotels/cn/zh/liaocheng/tnali/hoteldetail,,,,,
IHG-TNHLE,Holiday Inn Express Liaoyuan Economic Dev Zone,,Holiday Inn Express,智选假日酒店,ihg-holiday-inn-express,FULLY_BOOKABLE,Hotel,Hotel,Liaoyuan,,Jilin,,"No. 800, South Second Ring Road, Liaoyuan, Jilin, 136200, Mainland China",,136200,42.897526,125.09771,86-0437-5222555,https://www.ihg.com/holidayinnexpress/hotels/us/en/liaoyuan/tnhle/hoteldetail,https://www.ihg.com/holidayinnexpress/hotels/cn/zh/liaoyuan/tnhle/hoteldetail,,,,,
IHG-CGQLI,Holiday Inn Liaoyuan City Center,,Holiday Inn,假日酒店,ihg-holiday-inn,FULLY_BOOKABLE,Hotel,Hotel,Liaoyuan,,Jilin,,"No.2677 Nan Ren Min Avenue, Longshan District, Liaoyuan, Jilin, 136200, Mainland China",,136200,42.86472,125.13816,86-437-6168888x6606,https://www.ihg.com/holidayinn/hotels/us/en/liaoyuan/cgqli/hoteldetail,https://www.ihg.com/holidayinn/hotels/cn/zh/liaoyuan/cgqli/hoteldetail,,,,,
IHG-LJGLT,Holiday Inn Express Lijiang Ancient Town,,Holiday Inn Express,智选假日酒店,ihg-holiday-inn-express,FULLY_BOOKABLE,Hotel,Hotel,Lijiang,,Yunnan,,"1285 Shangri-La Avenue, Lijiang, Yunnan, 674100, Mainland China",,674100,26.867659,100.222206,86-888-3019888,https://www.ihg.com/holidayinnexpress/hotels/us/en/lijiang/ljglt/hoteldetail,https://www.ihg.com/holidayinnexpress/hotels/cn/zh/lijiang/ljglt/hoteldetail,,,,,
IHG-LJGIN,Hotel Indigo Lijiang Ancient Town,,Hotel Indigo,英迪格酒店,ihg-hotel-indigo,FULLY_BOOKABLE,Hotel,Hotel,Lijiang,,Yunnan,,"No. 111 Xing Wen Alley, Qi Yi Street, Old Town District, Lijiang, Yunnan, 674100, Mainland China",,674100,26.865602,100.23872,86-888-558888,https://www.ihg.com/hotelindigo/hotels/us/en/lijiang/ljgin/hoteldetail,https://www.ihg.com/hotelindigo/hotels/cn/zh/lijiang/ljgin/hoteldetail,,,,,
IHG-LJGLL,Hotel Indigo Lugu Lake,,Hotel Indigo,英迪格酒店,ihg-hotel-indigo,FULLY_BOOKABLE,Hotel,Hotel,Lijiang,,Yunnan,,"Mosuo town, Zhudi village, Lugu Lake, Ninglang County, Lijiang, Yunnan, 674309, Mainland China",,674309,27.735432,100.740234,86-0888-6611888,https://www.ihg.com/hotelindigo/hotels/us/en/lijiang/ljgll/hoteldetail,https://www.ihg.com/hotelindigo/hotels/cn/zh/lijiang/ljgll/hoteldetail,,,,,
IHG-LJGAC,InterContinental Lijiang Ancient Town Resort,,InterContinental,洲际酒店及度假村,ihg-intercontinental,FULLY_BOOKABLE,Hotel,Hotel,Lijiang,,Yunnan,,"276 Xianghe Road, Old Town District, Lijiang, Yunnan, 674100, Mainland China",,674100,26.865997,100.237526,86-0888-5588888,https://www.ihg.com/intercontinental/hotels/us/en/lijiang/ljgac/hoteldetail,https://www.ihg.com/intercontinental/hotels/cn/zh/lijiang/ljgac/hoteldetail,,,,,
IHG-LQSHX,Holiday Inn Hainan Xiangshui Bay,,Holiday Inn,假日酒店,ihg-holiday-inn,FULLY_BOOKABLE,Hotel,Hotel,Lingshui,,Hainan,,"1 Xiangshui Bay Avenue, Lingshui, Hainan, 572400, Mainland China",,572400,18.568615,110.14947,86-898-3738x9999,https://www.ihg.com/holidayinn/hotels/us/en/lingshui/lqshx/hoteldetail,https://www.ihg.com/holidayinn/hotels/cn/zh/lingshui/lqshx/hoteldetail,,,,,
IHG-LQSWB,Hotel Indigo Hainan Clear Water Bay,,Hotel Indigo,英迪格酒店,ihg-hotel-indigo,FULLY_BOOKABLE,Hotel,Hotel,Lingshui,,Hainan,,"No. 3-2, Haisi Road, Clear Water Bay Avenue, Lingshui, Hainan, 572400, Mainland China",,572400,18.40748,109.88672,86-0898-38330217,https://www.ihg.com/hotelindigo/hotels/us/en/lingshui/lqswb/hoteldetail,https://www.ihg.com/hotelindigo/hotels/cn/zh/lingshui/lqswb/hoteldetail,,,,,
IHG-LQSCL,Kimpton Aqeos Hainan,,Kimpton,金普顿酒店及餐厅,ihg-kimpton,FULLY_BOOKABLE,Hotel,Hotel,Lingshui,,Hainan,,"No. 3-1, 3 Haisi Road, Clear Water Bay Avenue, Lingshui, Hainan, 572400, Mainland China",,572400,18.40748,109.88672,,https://www.ihg.com/kimptonhotels/hotels/us/en/hainan-clear-water-bay-lingshui-china/lqscl/hoteldetail,https://www.ihg.com/kimptonhotels/hotels/cn/zh/hainan-clear-water-bay-lingshui-china/lqscl/hoteldetail,,,,,
IHG-LYISC,Crowne Plaza Linyi Olympic Sports Centre,,Crowne Plaza,皇冠假日酒店,ihg-crowne-plaza,FULLY_BOOKABLE,Hotel,Hotel,Linyi,,Shandong,,"No.20 Lanzhou Road, Lanshan District, Linyi, Shandong, 276000, Mainland China",,276000,35.149242,118.3633,86-0539-6181234x8001,https://www.ihg.com/crowneplaza/hotels/us/en/linyi/lyisc/hoteldetail,https://www.ihg.com/crowneplaza/hotels/cn/zh/linyi/lyisc/hoteldetail,,,,,
IHG-LYINN,Holiday Inn Express Linyi North New District,,Holiday Inn Express,智选假日酒店,ihg-holiday-inn-express,FULLY_BOOKABLE,Hotel,Hotel,Linyi,,Shandong,,"No 91 2, Wenhe Road, Liuqing Block, Lanshan District, Linyi, Shandong, Mainland China",,,35.10765,118.3575,86-539-2372888,https://www.ihg.com/holidayinnexpress/hotels/us/en/linyi/lyinn/hoteldetail,https://www.ihg.com/holidayinnexpress/hotels/cn/zh/linyi/lyinn/hoteldetail,,,,,
IHG-LYIRS,Holiday Inn Express Linyi Riverside,,Holiday Inn Express,智选假日酒店,ihg-holiday-inn-express,FULLY_BOOKABLE,Hotel,Hotel,Linyi,,Shandong,,"East Qinghe South Road, Luozhuang District, Linyi, Shandong, 276017, Mainland China",,276017,35.024265,118.37604,86-539-7708888,https://www.ihg.com/holidayinnexpress/hotels/us/en/linyi/lyirs/hoteldetail,https://www.ihg.com/holidayinnexpress/hotels/cn/zh/linyi/lyirs/hoteldetail,,,,,
IHG-LYILW,Holiday Inn Express Linyi West,,Holiday Inn Express,智选假日酒店,ihg-holiday-inn-express,FULLY_BOOKABLE,Hotel,Hotel,Linyi,,Shandong,,"Shuangling Rd and Gucheng Rd intersection Southwest, Linyi, Shandong, 276013, Mainland China",,276013,35.153984,118.22789,86-0539-7500888,https://www.ihg.com/holidayinnexpress/hotels/us/en/linyi/lyilw/hoteldetail,https://www.ihg.com/holidayinnexpress/hotels/cn/zh/linyi/lyilw/hoteldetail,,,,,
IHG-LYILL,Holiday Inn Linyi Lanshan,,Holiday Inn,假日酒店,ihg-holiday-inn,FULLY_BOOKABLE,Hotel,Hotel,Linyi,,Shandong,,"Houpu Li, Langya Wang Road, Lanshan District, Linyi, Shandong, Mainland China",,,35.06359,118.36064,86-539-29088888,https://www.ihg.com/holidayinn/hotels/us/en/linyi/lyill/hoteldetail,https://www.ihg.com/holidayinn/hotels/cn/zh/linyi/lyill/hoteldetail,,,,,
IHG-LZYAI,Holiday Inn Express Linzhi Airport,,Holiday Inn Express,智选假日酒店,ihg-holiday-inn-express,FULLY_BOOKABLE,Hotel,Hotel,Linzhi,,Xizang,,"Huafa (Linzhi) Aviatic Trade Tourist Town, Linzhi, Xizang, 860500, Mainland China",,860500,29.306822,94.3334,86-0894-5898888x1,https://www.ihg.com/holidayinnexpress/hotels/us/en/linzhi/lzyai/hoteldetail,https://www.ihg.com/holidayinnexpress/hotels/cn/zh/linzhi/lzyai/hoteldetail,,,,,
IHG-WNZQL,Holiday Inn Express Zhejiang Qianxia Lake,,Holiday Inn Express,智选假日酒店,ihg-holiday-inn-express,FULLY_BOOKABLE,Hotel,Hotel,Lishui,,Zhejiang,,"Beishan Town, Qingtian County, Lishui, Zhejiang, 323900, Mainland China",,323900,28.07971,120.01403,86-578-6716888x8103,https://www.ihg.com/holidayinnexpress/hotels/us/en/lishui/wnzql/hoteldetail,https://www.ihg.com/holidayinnexpress/hotels/cn/zh/lishui/wnzql/hoteldetail,,,,,
IHG-LIUIB,Holiday Inn Express Liuyang Development Zone,,Holiday Inn Express,智选假日酒店,ihg-holiday-inn-express,FULLY_BOOKABLE,Hotel,Hotel,Liuyang,,Hunan,,"Boda Central Plaza, Yongming Road,, Liuyang, Hunan, 410323, Mainland China",,410323,28.212881,113.29985,86-731-83338222,https://www.ihg.com/holidayinnexpress/hotels/us/en/liuyang/liuib/hoteldetail,https://www.ihg.com/holidayinnexpress/hotels/cn/zh/liuyang/liuib/hoteldetail,,,,,
IHG-CSXLY,Holiday Inn Liuyang City Center,,Holiday Inn,假日酒店,ihg-holiday-inn,FULLY_BOOKABLE,Hotel,Hotel,Liuyang,,Hunan,,"South of Baisha Road, West of Qiushou Road, Liuyang, Hunan, 410300, Mainland China",,410300,28.156622,113.65473,86-731-82807777x8888,https://www.ihg.com/holidayinn/hotels/us/en/changsha/csxly/hoteldetail,https://www.ihg.com/holidayinn/hotels/cn/zh/changsha/csxly/hoteldetail,,,,,
IHG-IYALI,Holiday Inn Express Liyang Huafu,,Holiday Inn Express,智选假日酒店,ihg-holiday-inn-express,FULLY_BOOKABLE,Hotel,Hotel,Liyang,,Jiangsu,,"No. 620 South Avenue Street, Liyang, Jiangsu, 213300, Mainland China",,213300,31.400501,119.48601,,https://www.ihg.com/holidayinnexpress/hotels/us/en/liyang/iyali/hoteldetail,https://www.ihg.com/holidayinnexpress/hotels/cn/zh/liyang/iyali/hoteldetail,,,,,
IHG-LCXLC,Holiday Inn Express Longyan Liancheng,,Holiday Inn Express,智选假日酒店,ihg-holiday-inn-express,FULLY_BOOKABLE,Hotel,Hotel,Longyan,,Fujian,,"No. 56 ZhongShang Road, West Street, Lianfeng Town, Longyan, Fujian, 366299, Mainland China",,366299,25.709549,116.7527,,https://www.ihg.com/holidayinnexpress/hotels/us/en/liancheng/lcxlc/hoteldetail,https://www.ihg.com/holidayinnexpress/hotels/cn/zh/liancheng/lcxlc/hoteldetail,,,,,
IHG-LYALC,Holiday Inn Express Luanchuan,,Holiday Inn Express,智选假日酒店,ihg-holiday-inn-express,FULLY_BOOKABLE,Hotel,Hotel,Luoyang,,Henan,,"Nianpangou Mouth, Fangpi Road, Chengguan Town, Luoyang, Henan, 471500, Mainland China",,471500,33.774734,111.61932,86-0379-66618888,https://www.ihg.com/holidayinnexpress/hotels/us/en/luoyang/lyalc/hoteldetail,https://www.ihg.com/holidayinnexpress/hotels/cn/zh/luoyang/lyalc/hoteldetail,,,,,
IHG-LYAEX,Holiday Inn Express Luoyang City Center,,Holiday Inn Express,智选假日酒店,ihg-holiday-inn-express,FULLY_BOOKABLE,Hotel,Hotel,Luoyang,,Henan,,"No.28, Jinchengzhai Street, Luolong District, Luoyang, Henan, 471000, Mainland China",,471000,34.618027,112.44556,86-0379-69958888x6776,https://www.ihg.com/holidayinnexpress/hotels/us/en/luoyang/lyaex/hoteldetail,https://www.ihg.com/holidayinnexpress/hotels/cn/zh/luoyang/lyaex/hoteldetail,,,,,
IHG-LYALG,Holiday Inn Express Luoyang Longmen,,Holiday Inn Express,智选假日酒店,ihg-holiday-inn-express,FULLY_BOOKABLE,Hotel,Hotel,Luoyang,,Henan,,"Southwest corner of Houzaimen St and Tongqu Rd, Luolong, Luoyang, Henan, 471000, Mainland China",,471000,34.595146,112.4634,86-379-62868888,https://www.ihg.com/holidayinnexpress/hotels/us/en/luoyang/lyalg/hoteldetail,https://www.ihg.com/holidayinnexpress/hotels/cn/zh/luoyang/lyalg/hoteldetail,,,,,
IHG-LYALN,Holiday Inn Express Luoyang Nanchang Road,,Holiday Inn Express,智选假日酒店,ihg-holiday-inn-express,FULLY_BOOKABLE,Hotel,Hotel,Luoyang,,Henan,,"No. 1, Leishan Road, Jianxi District, Luoyang, Henan, 471003, Mainland China",,471003,34.638992,112.406906,86-379-65708888,https://www.ihg.com/holidayinnexpress/hotels/us/en/luoyang/lyaln/hoteldetail,https://www.ihg.com/holidayinnexpress/hotels/cn/zh/luoyang/lyaln/hoteldetail,,,,,
IHG-LYALY,Holiday Inn Express Luoyang Yichuan,,Holiday Inn Express,智选假日酒店,ihg-holiday-inn-express,FULLY_BOOKABLE,Hotel,Hotel,Luoyang,,Henan,,"Yugang Avenue and Riverside Avenue Intersection, Luoyang, Henan, 471300, Mainland China",,471300,34.424984,112.44853,86-0379-62738888x6755,https://www.ihg.com/holidayinnexpress/hotels/us/en/luoyang/lyaly/hoteldetail,https://www.ihg.com/holidayinnexpress/hotels/cn/zh/luoyang/lyaly/hoteldetail,,,,,
IHG-LZOLJ,Holiday Inn Luzhou Longjian,,Holiday Inn,假日酒店,ihg-holiday-inn,FULLY_BOOKABLE,Hotel,Hotel,Luzhou,,Sichuan,,"No.6 Changqiao Road, Longmatan District, Luzhou, Sichuan, 646000, Mainland China",,646000,28.919825,105.403015,86-830-3333888x6666,https://www.ihg.com/holidayinn/hotels/us/en/luzhou/lzolj/hoteldetail,https://www.ihg.com/holidayinn/hotels/cn/zh/luzhou/lzolj/hoteldetail,,,,,
IHG-CTUMD,Holiday Inn Express Meishan Dongpo,,Holiday Inn Express,智选假日酒店,ihg-holiday-inn-express,FULLY_BOOKABLE,Hotel,Hotel,Meishan,,Sichuan,,"No. 171 Tongyun Street Dongpo Conuntry, Meishan, Sichuan, 620000, Mainland China",,620000,30.066582,103.84609,86-028-38388888x88809,https://www.ihg.com/holidayinnexpress/hotels/us/en/meishan/ctumd/hoteldetail,https://www.ihg.com/holidayinnexpress/hotels/cn/zh/meishan/ctumd/hoteldetail,,,,,
IHG-CTUMS,Holiday Inn Express Wawu Mountain,,Holiday Inn Express,智选假日酒店,ihg-holiday-inn-express,FULLY_BOOKABLE,Hotel,Hotel,Meishan,,Sichuan,,"No. 196 Shushan Road, Wawushan Town, Hongya County, Meishan, Sichuan, 652036, Mainland China",,652036,29.670649,103.00957,86-28-37696666,https://www.ihg.com/holidayinnexpress/hotels/us/en/meishan/ctums/hoteldetail,https://www.ihg.com/holidayinnexpress/hotels/cn/zh/meishan/ctums/hoteldetail,,,,,
IHG-CTUHL,Hotel Indigo Heilong Lake,,Hotel Indigo,英迪格酒店,ihg-hotel-indigo,FULLY_BOOKABLE,Hotel,Hotel,Meishan,,Sichuan,,"No.5 Xihu Avenue, Si Hai Community,Heilongtan Town, Meishan, Sichuan, 620561, Mainland China",,620561,30.107126,104.01718,86-028-36069999,https://www.ihg.com/hotelindigo/hotels/us/en/meishan/ctuhl/hoteldetail,https://www.ihg.com/hotelindigo/hotels/cn/zh/meishan/ctuhl/hoteldetail,,,,,
IHG-CTUMN,InterContinental Heilong Lake,,InterContinental,洲际酒店及度假村,ihg-intercontinental,FULLY_BOOKABLE,Hotel,Hotel,Meishan,,Sichuan,,"No1 Xi Hu Avenue, Si Hai Community, Meishan, Sichuan, 620561, Mainland China",,620561,30.10258,104.015854,86-28-36689999,https://www.ihg.com/intercontinental/hotels/us/en/meishan/ctumn/hoteldetail,https://www.ihg.com/intercontinental/hotels/cn/zh/meishan/ctumn/hoteldetail,,,,,
IHG-MIGHT,Holiday Inn Express Mianyang High-Tech Zone,,Holiday Inn Express,智选假日酒店,ihg-holiday-inn-express,FULLY_BOOKABLE,Hotel,Hotel,Mianyang,,Sichuan,,"Dongchen City Outlets Plaza No.209 Middle Mianxing Road, Mianyang, Sichuan, 621000, Mainland China",,621000,31.459389,104.649864,86-816-7908888x8808,https://www.ihg.com/holidayinnexpress/hotels/us/en/mianyang/might/hoteldetail,https://www.ihg.com/holidayinnexpress/hotels/cn/zh/mianyang/might/hoteldetail,,,,,
IHG-MIGST,Holiday Inn Express Mianyang Sci-Tech City,,Holiday Inn Express,智选假日酒店,ihg-holiday-inn-express,FULLY_BOOKABLE,Hotel,Hotel,Mianyang,,Sichuan,,"Building 1, Shangmahuijin, Caiyuan Road, Mianyang, Sichuan, 621000, Mainland China",,621000,31.487331,104.69753,86-816-5029999,https://www.ihg.com/holidayinnexpress/hotels/us/en/mianyang/migst/hoteldetail,https://www.ihg.com/holidayinnexpress/hotels/cn/zh/mianyang/migst/hoteldetail,,,,,
IHG-MIIEQ,Holiday Inn Express Qiliping,,Holiday Inn Express,智选假日酒店,ihg-holiday-inn-express,FULLY_BOOKABLE,Hotel,Hotel,Mount Emei,,Sichuan,,"Group 2,Qili Village,Qiliping Town, Mount Emei, Sichuan, 620010, Mainland China",,620010,29.560877,103.25498,86-028-35075555,https://www.ihg.com/holidayinnexpress/hotels/us/en/meishan/miieq/hoteldetail,https://www.ihg.com/holidayinnexpress/hotels/cn/zh/meishan/miieq/hoteldetail,,,,,
IHG-MDGMJ,Holiday Inn Mudanjiang,,Holiday Inn,假日酒店,ihg-holiday-inn,FULLY_BOOKABLE,Hotel,Hotel,Mudanjiang,,Heilongjiang,,"No.1 West Diming Street, Mudanjiang, Heilongjiang, 157011, Mainland China",,157011,44.603256,129.59462,86-453-8293288x7288,https://www.ihg.com/holidayinn/hotels/us/en/mudanjiang/mdgmj/hoteldetail,https://www.ihg.com/holidayinn/hotels/cn/zh/mudanjiang/mdgmj/hoteldetail,,,,,
IHG-KHNRS,Crowne Plaza Nanchang Riverside,,Crowne Plaza,皇冠假日酒店,ihg-crowne-plaza,FULLY_BOOKABLE,Hotel,Hotel,Nanchang,,Jiangxi,,"266 Yan Jiang Zhong Avenue, Nanchang, Jiangxi, 330025, Mainland China",,330025,28.65827,115.87456,86-791-86699999,https://www.ihg.com/crowneplaza/hotels/us/en/nanchang/khnrs/hoteldetail,https://www.ihg.com/crowneplaza/hotels/cn/zh/nanchang/khnrs/hoteldetail,,,,,
IHG-KHNCP,Crowne Plaza Nanchang Wanli,,Crowne Plaza,皇冠假日酒店,ihg-crowne-plaza,FULLY_BOOKABLE,Hotel,Hotel,Nanchang,,Jiangxi,,"No.66 Hongwan Avenue, Nanchang, Jiangxi, 330004, Mainland China",,330004,28.710543,115.76091,86-791-83056666,https://www.ihg.com/crowneplaza/hotels/us/en/nanchang/khncp/hoteldetail,https://www.ihg.com/crowneplaza/hotels/cn/zh/nanchang/khncp/hoteldetail,,,,,
IHG-KHNBS,Holiday Inn Express Nanchang Bayi Square,,Holiday Inn Express,智选假日酒店,ihg-holiday-inn-express,FULLY_BOOKABLE,Hotel,Hotel,Nanchang,,Jiangxi,,"NO.1428 Jinggangshan Street Xihu District, Nanchang, Jiangxi, 330000, Mainland China",,330000,28.661526,115.90924,86-791-87369999,https://www.ihg.com/holidayinnexpress/hotels/us/en/nanchang/khnbs/hoteldetail,https://www.ihg.com/holidayinnexpress/hotels/cn/zh/nanchang/khnbs/hoteldetail,,,,,
IHG-KHNHT,Holiday Inn Express Nanchang High-Tech Zone,,Holiday Inn Express,智选假日酒店,ihg-holiday-inn-express,FULLY_BOOKABLE,Hotel,Hotel,Nanchang,,Jiangxi,,"Building No.1, China Energy Conservation Int'l Center, Nanchang, Jiangxi, 330000, Mainland China",,330000,28.688616,115.99382,86-791-87656688,https://www.ihg.com/holidayinnexpress/hotels/us/en/nanchang/khnht/hoteldetail,https://www.ihg.com/holidayinnexpress/hotels/cn/zh/nanchang/khnht/hoteldetail,,,,,
IHG-KHNQL,Holiday Inn Express Nanchang Qingshan Lake View,,Holiday Inn Express,智选假日酒店,ihg-holiday-inn-express,FULLY_BOOKABLE,Hotel,Hotel,Nanchang,,Jiangxi,,"Building B, Guozi Lanhu Square, Nanchang, Jiangxi, 330077, Mainland China",,330077,28.705816,115.920494,86-0791-87118888,https://www.ihg.com/holidayinnexpress/hotels/us/en/nanchang/khnql/hoteldetail,https://www.ihg.com/holidayinnexpress/hotels/cn/zh/nanchang/khnql/hoteldetail,,,,,
IHG-KHNNR,Holiday Inn Express Nanchang Riverside,,Holiday Inn Express,智选假日酒店,ihg-holiday-inn-express,FULLY_BOOKABLE,Hotel,Hotel,Nanchang,,Jiangxi,,"No. 1516, Ganjiang North Avenue, Nanchang, Jiangxi, 330000, Mainland China",,330000,28.720087,115.887344,86-791-82081188x0,https://www.ihg.com/holidayinnexpress/hotels/us/en/nanchang/khnnr/hoteldetail,https://www.ihg.com/holidayinnexpress/hotels/cn/zh/nanchang/khnnr/hoteldetail,,,,,
IHG-KHNWS,Holiday Inn Express Nanchang West Station,,Holiday Inn Express,智选假日酒店,ihg-holiday-inn-express,FULLY_BOOKABLE,Hotel,Hotel,Nanchang,,Jiangxi,,"NO.1818 West Station Street, Honggutan New District, Nanchang, Jiangxi, 330000, Mainland China",,330000,28.629274,115.78836,86-0791-87339666x0,https://www.ihg.com/holidayinnexpress/hotels/us/en/nanchang/khnws/hoteldetail,https://www.ihg.com/holidayinnexpress/hotels/cn/zh/nanchang/khnws/hoteldetail,,,,,
IHG-KHNPS,Holiday Inn Nanchang Riverside,,Holiday Inn,假日酒店,ihg-holiday-inn,FULLY_BOOKABLE,Hotel,Hotel,Nanchang,,Jiangxi,,"No. 8 Chun Hui Road, Honggutan New District, Nanchang, Jiangxi, 330038, Mainland China",,330038,28.689674,115.86748,86-791-82066888x8999,https://www.ihg.com/holidayinn/hotels/us/en/nanchang/khnps/hoteldetail,https://www.ihg.com/holidayinn/hotels/cn/zh/nanchang/khnps/hoteldetail,,,,,
IHG-KHNNJ,InterContinental Nanchang,,InterContinental,洲际酒店及度假村,ihg-intercontinental,FULLY_BOOKABLE,Hotel,Hotel,Nanchang,,Jiangxi,,"No. 2, Shengfu West 1st Road, Nanchang, Jiangxi, Mainland China",,,28.675358,115.9077,,https://www.ihg.com/intercontinental/hotels/us/en/nanchang/khnnj/hoteldetail,https://www.ihg.com/intercontinental/hotels/cn/zh/nanchang/khnnj/hoteldetail,,,,,
IHG-NKGNJ,Crowne Plaza Nanjing Jiangning,,Crowne Plaza,皇冠假日酒店,ihg-crowne-plaza,FULLY_BOOKABLE,Hotel,Hotel,Nanjing,,Jiangsu,,"9 Jiahu East Road, Jiangning District, Nanjing, Jiangsu, 211100, Mainland China",,211100,31.942198,118.81865,86-25-81038888x8605,https://www.ihg.com/crowneplaza/hotels/us/en/nanjing/nkgnj/hoteldetail,https://www.ihg.com/crowneplaza/hotels/cn/zh/nanjing/nkgnj/hoteldetail,,,,,
IHG-NKGYT,EVEN Hotel Nanjing Yangtze River,,EVEN Hotel,逸衡酒店,ihg-even-hotel,FULLY_BOOKABLE,Hotel,Hotel,Nanjing,,Jiangsu,,"No.504, Binjiang Avenue, Jiangbei New Area, Nanjing, Jiangsu, 21000, Mainland China",,21000,32.045074,118.66611,86-25-68989118,https://www.ihg.com/evenhotels/hotels/us/en/nanjing/nkgyt/hoteldetail,https://www.ihg.com/evenhotels/hotels/cn/zh/nanjing/nkgyt/hoteldetail,,,,,
IHG-NKGCT,Holiday Inn Express Nanjing Confucius Temple,,Holiday Inn Express,智选假日酒店,ihg-holiday-inn-express,FULLY_BOOKABLE,Hotel,Hotel,Nanjing,,Jiangsu,,"Xinanli Block, Qinhuai District, Nanjing, Jiangsu, Mainland China",,,32.028,118.78,,https://www.ihg.com/holidayinnexpress/hotels/us/en/nanjing/nkgct/hoteldetail,https://www.ihg.com/holidayinnexpress/hotels/cn/zh/nanjing/nkgct/hoteldetail,,,,,
IHG-NKGND,Holiday Inn Express Nanjing Dongshan,,Holiday Inn Express,智选假日酒店,ihg-holiday-inn-express,FULLY_BOOKABLE,Hotel,Hotel,Nanjing,,Jiangsu,,"Nanjing Dongshan, Nanjing, Jiangsu, 211100, Mainland China",,211100,31.98425,118.87721,,https://www.ihg.com/holidayinnexpress/hotels/us/en/nanjing/nkgnd/hoteldetail,https://www.ihg.com/holidayinnexpress/hotels/cn/zh/nanjing/nkgnd/hoteldetail,,,,,
IHG-NKGHV,Holiday Inn Express Nanjing Happy Valley,,Holiday Inn Express,智选假日酒店,ihg-holiday-inn-express,FULLY_BOOKABLE,Hotel,Hotel,Nanjing,,Jiangsu,,"No. 8 Guanyaoshan Road, Nanjing, Jiangsu, 210008, Mainland China",,210008,32.15547,119.00043,86-25-86801088x8822,https://www.ihg.com/holidayinnexpress/hotels/us/en/nanjing/nkghv/hoteldetail,https://www.ihg.com/holidayinnexpress/hotels/cn/zh/nanjing/nkghv/hoteldetail,,,,,
IHG-NKGNT,Holiday Inn Express Nanjing Jiangbei Wonhall Mall,,Holiday Inn Express,智选假日酒店,ihg-holiday-inn-express,FULLY_BOOKABLE,Hotel,Hotel,Nanjing,,Jiangsu,,"No.8 Pukou Avenue, Jiangbei New District, Nanjing, Jiangsu, 211899, Mainland China",,211899,32.063267,118.65662,86-25-58103399,https://www.ihg.com/holidayinnexpress/hotels/us/en/nanjing/nkgnt/hoteldetail,https://www.ihg.com/holidayinnexpress/hotels/cn/zh/nanjing/nkgnt/hoteldetail,,,,,
IHG-NKGJS,Holiday Inn Express Nanjing Jiangbei Yushan,,Holiday Inn Express,智选假日酒店,ihg-holiday-inn-express,FULLY_BOOKABLE,Hotel,Hotel,Nanjing,,Jiangsu,,"Building C, No. 12 Zhuoxi Road, Pukou District, Nanjing, Jiangsu, 211800, Mainland China",,211800,32.046658,118.598305,86-25-58281166,https://www.ihg.com/holidayinnexpress/hotels/us/en/zhenjiang/nkgjs/hoteldetail,https://www.ihg.com/holidayinnexpress/hotels/cn/zh/zhenjiang/nkgjs/hoteldetail,,,,,
IHG-NKGRS,Holiday Inn Express Nanjing Riverside,,Holiday Inn Express,智选假日酒店,ihg-holiday-inn-express,FULLY_BOOKABLE,Hotel,Hotel,Nanjing,,Jiangsu,,"No. 18 Gonggong Road, Gulou District, Nanjing, Jiangsu, 210011, Mainland China",,210011,32.09012,118.73766,86-25-69783888,https://www.ihg.com/holidayinnexpress/hotels/us/en/nanjing/nkgrs/hoteldetail,https://www.ihg.com/holidayinnexpress/hotels/cn/zh/nanjing/nkgrs/hoteldetail,,,,,
IHG-NKGXM,Holiday Inn Express Nanjing Xi'anmen,,Holiday Inn Express,智选假日酒店,ihg-holiday-inn-express,FULLY_BOOKABLE,Hotel,Hotel,Nanjing,,Jiangsu,,"No. 518 Zhongshan East Road, Qinhuai District, Nanjing, Jiangsu, 210000, Mainland China",,210000,32.03957,118.806015,86-25-57666555,https://www.ihg.com/holidayinnexpress/hotels/us/en/nanjing/nkgxm/hoteldetail,https://www.ihg.com/holidayinnexpress/hotels/cn/zh/nanjing/nkgxm/hoteldetail,,,,,
IHG-NKGXW,Holiday Inn Express Nanjing Xuanwu Lake,,Holiday Inn Express,智选假日酒店,ihg-holiday-inn-express,FULLY_BOOKABLE,Hotel,Hotel,Nanjing,,Jiangsu,,"No. 2 East Taipingmen Street, Xuanwu District, Nanjing, Jiangsu, 210016, Mainland China",,210016,32.057316,118.813385,86-025-69596666x60007,https://www.ihg.com/holidayinnexpress/hotels/us/en/nanjing/nkgxw/hoteldetail,https://www.ihg.com/holidayinnexpress/hotels/cn/zh/nanjing/nkgxw/hoteldetail,,,,,
IHG-NKGZR,Holiday Inn Nanjing Aqua City,,Holiday Inn,假日酒店,ihg-holiday-inn,FULLY_BOOKABLE,Hotel,Hotel,Nanjing,,Jiangsu,,"No.1 Jiankang Road, Nanjing, Jiangsu, 210001, Mainland China",,210001,32.024216,118.786,86-25-82233888x2602,https://www.ihg.com/holidayinn/hotels/us/en/nanjing/nkgzr/hoteldetail,https://www.ihg.com/holidayinn/hotels/cn/zh/nanjing/nkgzr/hoteldetail,,,,,
IHG-NKGNH,Holiday Inn Nanjing Harbour,,Holiday Inn,假日酒店,ihg-holiday-inn,FULLY_BOOKABLE,Hotel,Hotel,Nanjing,,Jiangsu,,"No. 88, Xingang Avenue, Qixia District, Nanjing, Jiangsu, 210038, Mainland China",,210038,32.16317,118.868065,86-25-69578888x0,https://www.ihg.com/holidayinn/hotels/us/en/nanjing/nkgnh/hoteldetail,https://www.ihg.com/holidayinn/hotels/cn/zh/nanjing/nkgnh/hoteldetail,,,,,
IHG-NKGWM,Holiday Inn Nanjing Jiangbei New District,,Holiday Inn,假日酒店,ihg-holiday-inn,FULLY_BOOKABLE,Hotel,Hotel,Nanjing,,Jiangsu,,"No. 23, Daqiao North Road, Jiangbei New District, Nanjing, Jiangsu, 210031, Mainland China",,210031,32.13319,118.72726,,https://www.ihg.com/holidayinn/hotels/us/en/nanjing/nkgwm/hoteldetail,https://www.ihg.com/holidayinn/hotels/cn/zh/nanjing/nkgwm/hoteldetail,,,,,
IHG-NKGNQ,Holiday Inn Nanjing Qinhuai South,,Holiday Inn,假日酒店,ihg-holiday-inn,FULLY_BOOKABLE,Hotel,Hotel,Nanjing,,Jiangsu,,"NO.21 Mozhou East Road, Jiangning District, Nanjing, Jiangsu, 211111, Mainland China",,211111,31.86992,118.83011,86-025-84908888x8911,https://www.ihg.com/holidayinn/hotels/us/en/nanjing/nkgnq/hoteldetail,https://www.ihg.com/holidayinn/hotels/cn/zh/nanjing/nkgnq/hoteldetail,,,,,
IHG-NKGHI,Holiday Inn Nanjing Qinhuai South Suites,,Holiday Inn,假日酒店,ihg-holiday-inn,FULLY_BOOKABLE,Hotel,Hotel,Nanjing,,Jiangsu,,"No. 12 Mozhou East Road, Jiangning District, Nanjing, Jiangsu, 211111, Mainland China",,211111,31.868153,118.82838,86-025-84918888,https://www.ihg.com/holidayinn/hotels/us/en/nanjing/nkghi/hoteldetail,https://www.ihg.com/holidayinn/hotels/cn/zh/nanjing/nkghi/hoteldetail,,,,,
IHG-NKGSS,Holiday Inn Nanjing South Station,,Holiday Inn,假日酒店,ihg-holiday-inn,FULLY_BOOKABLE,Hotel,Hotel,Nanjing,,Jiangsu,,"No.9 Minzhi Road, Yuhuatai District, Nanjing, Jiangsu, 210012, Mainland China",,210012,31.96681,118.80339,86-25-69567888x6802,https://www.ihg.com/holidayinn/hotels/us/en/nanjing/nkgss/hoteldetail,https://www.ihg.com/holidayinn/hotels/cn/zh/nanjing/nkgss/hoteldetail,,,,,
IHG-NKGXL,Holiday Inn Nanjing Xuanwu Lake,,Holiday Inn,假日酒店,ihg-holiday-inn,FULLY_BOOKABLE,Hotel,Hotel,Nanjing,,Jiangsu,,"No. 199, Longpan Road, Xuanwu District, Nanjing, Jiangsu, 210042, Mainland China",,210042,32.066612,118.815704,86-025-84270888x8601,https://www.ihg.com/holidayinn/hotels/us/en/nanjing/nkgxl/hoteldetail,https://www.ihg.com/holidayinn/hotels/cn/zh/nanjing/nkgxl/hoteldetail,,,,,
IHG-NKGGO,Hotel Indigo Nanjing Garden Expo,,Hotel Indigo,英迪格酒店,ihg-hotel-indigo,FULLY_BOOKABLE,Hotel,Hotel,Nanjing,,Jiangsu,,"No.8 Linxiu Road, Tangshan Street, Jiangning District, Nanjing, Jiangsu, 211131, Mainland China",,211131,32.07397,118.99998,86-25-87130000x6602,https://www.ihg.com/hotelindigo/hotels/us/en/nanjing/nkggo/hoteldetail,https://www.ihg.com/hotelindigo/hotels/cn/zh/nanjing/nkggo/hoteldetail,,,,,
IHG-NKGYR,HUALUXE Nanjing Yangtze River,,HUALUXE,华邑酒店及度假村,ihg-hualuxe,FULLY_BOOKABLE,Hotel,Hotel,Nanjing,,Jiangsu,,"No.504, Binjiang Avenue, Jiangbei New Area, Nanjing, Jiangsu, Mainland China",,,32.045074,118.66611,86-25-68981111,https://www.ihg.com/hotels/us/en/nanjing/nkgyr/hoteldetail,https://www.ihg.com/hotels/cn/zh/nanjing/nkgyr/hoteldetail,,,,,
IHG-NKGVO,voco Nanjing Garden Expo,,voco,voco 酒店,ihg-voco,FULLY_BOOKABLE,Hotel,Hotel,Nanjing,,Jiangsu,,"No.9 Shenghu Road, Tangshan Street, Jiangning District, Nanjing, Jiangsu, 211131, Mainland China",,211131,32.080673,119.01147,86-25-87120000,https://www.ihg.com/voco/hotels/us/en/nanjing/nkgvo/hoteldetail,https://www.ihg.com/voco/hotels/cn/zh/nanjing/nkgvo/hoteldetail,,,,,
IHG-NKGOP,voco Nanjing Oriental Pearl,,voco,voco 酒店,ihg-voco,FULLY_BOOKABLE,Hotel,Hotel,Nanjing,,Jiangsu,,"389 Zhujiang Road, Xuanwu District, Nanjing, Nanjing, Jiangsu, 210018, Mainland China",,210018,32.048954,118.79533,86-25-86883888x8100,https://www.ihg.com/voco/hotels/us/en/nanjing/nkgop/hoteldetail,https://www.ihg.com/voco/hotels/cn/zh/nanjing/nkgop/hoteldetail,,,,,
IHG-NKGHA,InterContinental Nanjing,,InterContinental,洲际酒店及度假村,ihg-intercontinental,FULLY_BOOKABLE,Hotel,Hotel,NANJING,,Jiangsu,,"No. 1 Zhong Yang Road, Gulou District, NANJING, Jiangsu, 210008, Mainland China",,210008,32.060753,118.783035,86-25-83538888x0,https://www.ihg.com/intercontinental/hotels/us/en/nanjing/nkgha/hoteldetail,https://www.ihg.com/intercontinental/hotels/cn/zh/nanjing/nkgha/hoteldetail,,,,,
IHG-NNGCC,Crowne Plaza Nanning City Center,,Crowne Plaza,皇冠假日酒店,ihg-crowne-plaza,FULLY_BOOKABLE,Hotel,Hotel,Nanning,,Guangxi,,"No.148 Minzu Avence,Qingxiu District,Nanning City, Nanning, Guangxi, 530022, Mainland China",,530022,22.811823,108.39807,86-0771-5958888,https://www.ihg.com/crowneplaza/hotels/us/en/nanning/nngcc/hoteldetail,https://www.ihg.com/crowneplaza/hotels/cn/zh/nanning/nngcc/hoteldetail,,,,,
IHG-NNGCT,Holiday Inn Express Nanning City Center,,Holiday Inn Express,智选假日酒店,ihg-holiday-inn-express,FULLY_BOOKABLE,Hotel,Hotel,Nanning,,Guangxi,,"No. 120, Minzu Avenue, Qingxiu District, Nanning, Guangxi, Mainland China",,,22.812319,108.3889,,https://www.ihg.com/holidayinnexpress/hotels/us/en/nanning/nngct/hoteldetail,https://www.ihg.com/holidayinnexpress/hotels/cn/zh/nanning/nngct/hoteldetail,,,,,
IHG-NNGCE,Holiday Inn Express Nanning Convention&Exhibition,,Holiday Inn Express,智选假日酒店,ihg-holiday-inn-express,FULLY_BOOKABLE,Hotel,Hotel,Nanning,,Guangxi,,"No.108, Floor 1, Building B, Jinyue Building, Nanning, Guangxi, 530022, Mainland China",,530022,22.807323,108.36691,86-0771-2332666,https://www.ihg.com/holidayinnexpress/hotels/us/en/nanning/nngce/hoteldetail,https://www.ihg.com/holidayinnexpress/hotels/cn/zh/nanning/nngce/hoteldetail,,,,,
IHG-NNGJI,Holiday Inn Express Nanning Jiangnan,,Holiday Inn Express,智选假日酒店,ihg-holiday-inn-express,FULLY_BOOKABLE,Hotel,Hotel,Nanning,,Guangxi,,"58 Tinghong Road, Jiangnan District, Nanning, Guangxi, 530031, Mainland China",,530031,22.78938,108.31023,86-0771-5059888,https://www.ihg.com/holidayinnexpress/hotels/us/en/nanning/nngji/hoteldetail,https://www.ihg.com/holidayinnexpress/hotels/cn/zh/nanning/nngji/hoteldetail,,,,,
IHG-SQJWU,Holiday Inn Wuyi Mountain Water Village,,Holiday Inn,假日酒店,ihg-holiday-inn,FULLY_BOOKABLE,Hotel,Hotel,Nanping,,Fujian,,"No. 666 Jiaoting Street, Wuyi Mountain Water Village, Nanping, Fujian, 354302, Mainland China",,354302,27.675007,118.00078,86-0599-5118888,https://www.ihg.com/holidayinn/hotels/us/en/nanping/sqjwu/hoteldetail,https://www.ihg.com/holidayinn/hotels/cn/zh/nanping/sqjwu/hoteldetail,,,,,
IHG-NTGHM,Holiday Inn Express Haimen City Center,,Holiday Inn Express,智选假日酒店,ihg-holiday-inn-express,FULLY_BOOKABLE,Hotel,Hotel,Nantong,,Jiangsu,,"No.1000 Nanhai Road, Haimen Street, Nantong, Jiangsu, 226113, Mainland China",,226113,31.879627,121.176476,86-513-82205888,https://www.ihg.com/holidayinnexpress/hotels/us/en/haimen/ntghm/hoteldetail,https://www.ihg.com/holidayinnexpress/hotels/cn/zh/haimen/ntghm/hoteldetail,,,,,
IHG-NTGNA,Holiday Inn Express Nantong North Gateway,,Holiday Inn Express,智选假日酒店,ihg-holiday-inn-express,FULLY_BOOKABLE,Hotel,Hotel,Nantong,,Jiangsu,,"NO.9 Gongnong North Road, Chongchuan District, Nantong, Jiangsu, 226007, Mainland China",,226007,32.04497,120.87768,86-513-81065555x8023,https://www.ihg.com/holidayinnexpress/hotels/us/en/nantong/ntgna/hoteldetail,https://www.ihg.com/holidayinnexpress/hotels/cn/zh/nantong/ntgna/hoteldetail,,,,,
IHG-NTGTC,Holiday Inn Express Nantong Textile City,,Holiday Inn Express,智选假日酒店,ihg-holiday-inn-express,FULLY_BOOKABLE,Hotel,Hotel,Nantong,,Jiangsu,,"No.1688 Chuandie Road, Nantong, Jiangsu, 226100, Mainland China",,226100,31.955154,121.06714,86-513-86519999,https://www.ihg.com/holidayinnexpress/hotels/us/en/nantong/ntgtc/hoteldetail,https://www.ihg.com/holidayinnexpress/hotels/cn/zh/nantong/ntgtc/hoteldetail,,,,,
IHG-NTGXA,Holiday Inn Express Nantong Xinghu,,Holiday Inn Express,智选假日酒店,ihg-holiday-inn-express,FULLY_BOOKABLE,Hotel,Hotel,Nantong,,Jiangsu,,"1101 Xinghu Avenue, Nantong, Jiangsu, 226009, Mainland China",,226009,31.921074,120.94217,86-513-81181111,https://www.ihg.com/holidayinnexpress/hotels/us/en/nantong/ntgxa/hoteldetail,https://www.ihg.com/holidayinnexpress/hotels/cn/zh/nantong/ntgxa/hoteldetail,,,,,
IHG-NTGRB,Holiday Inn Express Rugao Baipu,,Holiday Inn Express,智选假日酒店,ihg-holiday-inn-express,FULLY_BOOKABLE,Hotel,Hotel,Nantong,,Jiangsu,,"No. 9 Baisui Road, Baipu Town, Rugao, Nantong, Jiangsu, 223660, Mainland China",,223660,32.239983,120.76989,,https://www.ihg.com/holidayinnexpress/hotels/us/en/nantong/ntgrb/hoteldetail,https://www.ihg.com/holidayinnexpress/hotels/cn/zh/nantong/ntgrb/hoteldetail,,,,,
IHG-RUGCC,Holiday Inn Express Rugao City Center,,Holiday Inn Express,智选假日酒店,ihg-holiday-inn-express,FULLY_BOOKABLE,Hotel,Hotel,Nantong,,Jiangsu,,"Building B, No.168 Jiefang Road, Rugao, Nantong, Jiangsu, 226500, Mainland China",,226500,32.374664,120.57316,86-0513-80999999,https://www.ihg.com/holidayinnexpress/hotels/us/en/rugao/rugcc/hoteldetail,https://www.ihg.com/holidayinnexpress/hotels/cn/zh/rugao/rugcc/hoteldetail,,,,,
IHG-NTGOC,Holiday Inn Nantong Oasis International,,Holiday Inn,假日酒店,ihg-holiday-inn,FULLY_BOOKABLE,Hotel,Hotel,Nantong,,Jiangsu,,"199 North Avenue, Nantong, Jiangsu, 226000, Mainland China",,226000,32.055145,120.85925,86-513-68588888x8660,https://www.ihg.com/holidayinn/hotels/us/en/nantong/ntgoc/hoteldetail,https://www.ihg.com/holidayinn/hotels/cn/zh/nantong/ntgoc/hoteldetail,,,,,
IHG-NTGTB,Holiday Inn Nantong Tongzhou Bay,,Holiday Inn,假日酒店,ihg-holiday-inn,FULLY_BOOKABLE,Hotel,Hotel,Nantong,,Jiangsu,,"No.100 Binhai Avenue, Tongzhou Bay Demonstration Zone, Nantong, Jiangsu, Mainland China",,,32.148247,121.43977,86-513-86689999,https://www.ihg.com/holidayinn/hotels/us/en/nantong/ntgtb/hoteldetail,https://www.ihg.com/holidayinn/hotels/cn/zh/nantong/ntgtb/hoteldetail,,,,,
IHG-NTGHA,InterContinental Nantong,,InterContinental,洲际酒店及度假村,ihg-intercontinental,FULLY_BOOKABLE,Hotel,Hotel,Nantong,,Jiangsu,,"No. 508 Yuelong South Road, Chongchuan District, Nantong, Jiangsu, 226004, Mainland China",,226004,31.962317,120.87438,86-513-80565555x6800,https://www.ihg.com/intercontinental/hotels/us/en/nantong/ntgha/hoteldetail,https://www.ihg.com/intercontinental/hotels/cn/zh/nantong/ntgha/hoteldetail,,,,,
IHG-NNYHI,Holiday Inn Nanyang,,Holiday Inn,假日酒店,ihg-holiday-inn,FULLY_BOOKABLE,Hotel,Hotel,Nanyang,,Henan,,"2000 Xinchen Road, Wancheng District, Nanyang, Henan, 473000, Mainland China",,473000,33.023457,112.606636,86-377-60218888,https://www.ihg.com/holidayinn/hotels/us/en/nanyang/nnyhi/hoteldetail,https://www.ihg.com/holidayinn/hotels/cn/zh/nanyang/nnyhi/hoteldetail,,,,,
IHG-LZOJI,Holiday Inn Neijiang Riverside,,Holiday Inn,假日酒店,ihg-holiday-inn,FULLY_BOOKABLE,Hotel,Hotel,Neijiang,,Sichuan,,"No.18 Heba Street, Shizhong District, Neijiang, Sichuan, 641000, Mainland China",,641000,29.586666,105.07091,86-832-2226666,https://www.ihg.com/holidayinn/hotels/us/en/neijiang/lzoji/hoteldetail,https://www.ihg.com/holidayinn/hotels/cn/zh/neijiang/lzoji/hoteldetail,,,,,
IHG-NJBHT,Holiday Inn Express Neijiang High-Tech Zone,,Holiday Inn Express,智选假日酒店,ihg-holiday-inn-express,FULLY_BOOKABLE,Hotel,Hotel,NeiJiang,,Sichuan,,"No. 952, Zhimao Road, Central District, NeiJiang, Sichuan, 641005, Mainland China",,641005,29.541056,105.011,86-832-2277999,https://www.ihg.com/holidayinnexpress/hotels/us/en/neijiang/njbht/hoteldetail,https://www.ihg.com/holidayinnexpress/hotels/cn/zh/neijiang/njbht/hoteldetail,,,,,
IHG-NGBHR,Crowne Plaza City Center Ningbo,,Crowne Plaza,皇冠假日酒店,ihg-crowne-plaza,FULLY_BOOKABLE,Hotel,Hotel,Ningbo,,Zhejiang,,"No. 129 Yaohang Street, Ningbo, Zhejiang, 315010, Mainland China",,315010,29.866444,121.55375,86-574-56199999x2233,https://www.ihg.com/crowneplaza/hotels/us/en/ningbo/ngbhr/hoteldetail,https://www.ihg.com/crowneplaza/hotels/cn/zh/ningbo/ngbhr/hoteldetail,,,,,
IHG-NGBSV,Crowne Plaza Ningbo Xiangshan Sea View,,Crowne Plaza,皇冠假日酒店,ihg-crowne-plaza,FULLY_BOOKABLE,Hotel,Hotel,Ningbo,,Zhejiang,,"Donghai Banbianshan Tourist Zone, Shipu Town, Xiangshan, Ningbo, Zhejiang, 315732, Mainland China",,315732,29.260641,121.97017,86-574-65938888x6661,https://www.ihg.com/crowneplaza/hotels/us/en/ningbo/ngbsv/hoteldetail,https://www.ihg.com/crowneplaza/hotels/cn/zh/ningbo/ngbsv/hoteldetail,,,,,
IHG-NGBCC,Holiday Inn Express Ningbo City Center,,Holiday Inn Express,智选假日酒店,ihg-holiday-inn-express,FULLY_BOOKABLE,Hotel,Hotel,Ningbo,,Zhejiang,,"NO.16,Lane25,Qizha Street, Haishu District, Ningbo, Zhejiang, 315000, Mainland China",,315000,29.866144,121.55297,86-574-56199999,https://www.ihg.com/holidayinnexpress/hotels/us/en/ningbo/ngbcc/hoteldetail,https://www.ihg.com/holidayinnexpress/hotels/cn/zh/ningbo/ngbcc/hoteldetail,,,,,
IHG-NGBFH,Holiday Inn Express Ningbo Fenghua,,Holiday Inn Express,智选假日酒店,ihg-holiday-inn-express,FULLY_BOOKABLE,Hotel,Hotel,Ningbo,,Zhejiang,,"Floor 18-25 and 101, 1st floor, Huayuan Joy City Hotel, Ningbo, Zhejiang, 315500, Mainland China",,315500,29.67109,121.42982,86-0574-88778888,https://www.ihg.com/holidayinnexpress/hotels/us/en/ningbo/ngbfh/hoteldetail,https://www.ihg.com/holidayinnexpress/hotels/cn/zh/ningbo/ngbfh/hoteldetail,,,,,
IHG-NGBYI,Holiday Inn Express Ningbo Yinzhou,,Holiday Inn Express,智选假日酒店,ihg-holiday-inn-express,FULLY_BOOKABLE,Hotel,Hotel,Ningbo,,Zhejiang,,"No. 518 MaoCheng East Road, Yinzhou District, Ningbo, Zhejiang, Mainland China",,,29.823008,121.57239,,https://www.ihg.com/holidayinnexpress/hotels/us/en/ningbo/ngbyi/hoteldetail,https://www.ihg.com/holidayinnexpress/hotels/cn/zh/ningbo/ngbyi/hoteldetail,,,,,
IHG-NGBBE,Holiday Inn Ningbo Beilun,,Holiday Inn,假日酒店,ihg-holiday-inn,FULLY_BOOKABLE,Hotel,Hotel,Ningbo,,Zhejiang,,"No.789 Mingzhou Road, Beilun District, Ningbo, Zhejiang, 315899, Mainland China",,315899,29.90978,121.85656,,https://www.ihg.com/holidayinn/hotels/us/en/ningbo/ngbbe/hoteldetail,https://www.ihg.com/holidayinn/hotels/cn/zh/ningbo/ngbbe/hoteldetail,,,,,
IHG-NGBGO,Hotel Indigo Ningbo,,Hotel Indigo,英迪格酒店,ihg-hotel-indigo,FULLY_BOOKABLE,Hotel,Hotel,Ningbo,,Zhejiang,,"No. 545 Ningdong Road, Ningbo, Zhejiang, 315040, Mainland China",,315040,29.86465,121.61788,86-0574-2890x8008,https://www.ihg.com/hotelindigo/hotels/us/en/ningbo/ngbgo/hoteldetail,https://www.ihg.com/hotelindigo/hotels/cn/zh/ningbo/ngbgo/hoteldetail,,,,,
IHG-NGBRV,Hotel Indigo Ningbo Riverside,,Hotel Indigo,英迪格酒店,ihg-hotel-indigo,FULLY_BOOKABLE,Hotel,Hotel,Ningbo,,Zhejiang,,"No.588 Dingying Road, Ningbo, Zhejiang, 315021, Mainland China",,315021,29.892729,121.573906,86-574-56622222,https://www.ihg.com/hotelindigo/hotels/us/en/ningbo/ngbrv/hoteldetail,https://www.ihg.com/hotelindigo/hotels/cn/zh/ningbo/ngbrv/hoteldetail,,,,,
IHG-NGBUL,HUALUXE Ningbo Harbor City,,HUALUXE,华邑酒店及度假村,ihg-hualuxe,FULLY_BOOKABLE,Hotel,Hotel,Ningbo,,Zhejiang,,"No. 1199 Changjiang Road, Beilun District, Ningbo, Ningbo, Zhejiang, 315800, Mainland China",,315800,29.8935,121.846725,86-574-86799999,https://www.ihg.com/hotels/us/en/ningbo/ngbul/hoteldetail,https://www.ihg.com/hotels/cn/zh/ningbo/ngbul/hoteldetail,,,,,
IHG-NGBHA,Vignette Collection The Azure Ningbo,,Vignette Collection,Vignette Collection,ihg-vignette-collection,FULLY_BOOKABLE,Hotel,Hotel,Ningbo,,Zhejiang,,"777 Xin Hui Road, National Hi-tech Industrial, Ningbo, Zhejiang, 315048, Mainland China",,315048,29.885399,121.626015,86-574-89077777,https://www.ihg.com/vignettecollection/hotels/us/en/ningbo/ngbha/hoteldetail,https://www.ihg.com/vignettecollection/hotels/cn/zh/ningbo/ngbha/hoteldetail,,,,,
IHG-NGBDO,voco Ningbo Dongqian Lake,,voco,voco 酒店,ihg-voco,FULLY_BOOKABLE,Hotel,Hotel,Ningbo,,Zhejiang,,"No. 98, East Huanyu Road, Yinzhou District, Ningbo, Zhejiang, 315122, Mainland China",,315122,29.780157,121.68874,86-0574-89060999,https://www.ihg.com/voco/hotels/us/en/ningbo/ngbdo/hoteldetail,https://www.ihg.com/voco/hotels/cn/zh/ningbo/ngbdo/hoteldetail,,,,,
IHG-FOCNX,Holiday Inn Ningde Dijing,,Holiday Inn,假日酒店,ihg-holiday-inn,FULLY_BOOKABLE,Hotel,Hotel,Ningde,,Fujian,,"No.365,Taikang Road, Xiapu County, Ningde, Fujian, 355100, Mainland China",,355100,26.885033,120.0226,86-0593-8799999,https://www.ihg.com/holidayinn/hotels/us/en/xiapu/focnx/hoteldetail,https://www.ihg.com/holidayinn/hotels/cn/zh/xiapu/focnx/hoteldetail,,,,,
IHG-FOCNJ,Holiday Inn Ningde Jiaocheng,,Holiday Inn,假日酒店,ihg-holiday-inn,FULLY_BOOKABLE,Hotel,Hotel,Ningde,,Fujian,,"Building 7, No. 7, Jinzhang Road, Ningde, Fujian, 352100, Mainland China",,352100,26.693209,119.53828,86-0593-6168888,https://www.ihg.com/holidayinn/hotels/us/en/ningde/focnj/hoteldetail,https://www.ihg.com/holidayinn/hotels/cn/zh/ningde/focnj/hoteldetail,,,,,
IHG-DSNOD,Holiday Inn Express Ordos Dongsheng,,Holiday Inn Express,智选假日酒店,ihg-holiday-inn-express,FULLY_BOOKABLE,Hotel,Hotel,Ordos,,Nei Mongol,,"No.20 Jingzhihuan Road, Dongsheng District, Ordos, Nei Mongol, 017000, Mainland China",,017000,39.822124,109.93259,86-477-3157666,https://www.ihg.com/holidayinnexpress/hotels/us/en/ordos/dsnod/hoteldetail,https://www.ihg.com/holidayinnexpress/hotels/cn/zh/ordos/dsnod/hoteldetail,,,,,
IHG-PJNSA,Holiday Inn Express Panjin Downtown,,Holiday Inn Express,智选假日酒店,ihg-holiday-inn-express,FULLY_BOOKABLE,Hotel,Hotel,Panjin,,Liaoning,,"No.41 Heming Road, Xinglongtai District, Panjin, Liaoning, 124010, Mainland China",,124010,41.122414,122.07133,86-427-2876666x1,https://www.ihg.com/holidayinnexpress/hotels/us/en/panjin/pjnsa/hoteldetail,https://www.ihg.com/holidayinnexpress/hotels/cn/zh/panjin/pjnsa/hoteldetail,,,,,
IHG-JNZPA,Holiday Inn Panjin Aqua City,,Holiday Inn,假日酒店,ihg-holiday-inn,FULLY_BOOKABLE,Hotel,Hotel,Panjin,,Liaoning,,"No.163, Shuangxing South Road,Xinglongtai District, Panjin, Liaoning, 124000, Mainland China",,124000,41.125042,122.07663,86-427-3266888x8911,https://www.ihg.com/holidayinn/hotels/us/en/panjin/jnzpa/hoteldetail,https://www.ihg.com/holidayinn/hotels/cn/zh/panjin/jnzpa/hoteldetail,,,,,
IHG-CTUPZ,Holiday Inn Express Pengzhou Downtown,,Holiday Inn Express,智选假日酒店,ihg-holiday-inn-express,FULLY_BOOKABLE,Hotel,Hotel,Pengzhou,,Sichuan,,"No 161 Fanjiang South Road Tianpeng Town, Pengzhou, Sichuan, 611930, Mainland China",,611930,30.974924,103.93724,86-28-68393666x0,https://www.ihg.com/holidayinnexpress/hotels/us/en/pengzhou/ctupz/hoteldetail,https://www.ihg.com/holidayinnexpress/hotels/cn/zh/pengzhou/ctupz/hoteldetail,,,,,
IHG-JXSPH,Holiday Inn Express Pinghu,,Holiday Inn Express,智选假日酒店,ihg-holiday-inn-express,FULLY_BOOKABLE,Hotel,Hotel,Pinghu,,Zhejiang,,"No 3099 Zhongxi Road, Zhongdai Street, Pinghu, Zhejiang, 314299, Mainland China",,314299,30.7615,120.9935,86-0573-85278888x8606,https://www.ihg.com/holidayinnexpress/hotels/us/en/pinghu/jxsph/hoteldetail,https://www.ihg.com/holidayinnexpress/hotels/cn/zh/pinghu/jxsph/hoteldetail,,,,,
IHG-PXGWU,voco Wugong Mountain Jiangxi,,voco,voco 酒店,ihg-voco,FULLY_BOOKABLE,Hotel,Hotel,Pingxiang,,Jiangxi,,"No.1 International Mountain Sports Valley, Pingxiang, Jiangxi, 337000, Mainland China",,337000,27.494062,114.13573,,https://www.ihg.com/voco/hotels/us/en/pingxiang/pxgwu/hoteldetail,https://www.ihg.com/voco/hotels/cn/zh/pingxiang/pxgwu/hoteldetail,,,,,
IHG-JHGPS,Holiday Inn Express Puer Simao,,Holiday Inn Express,智选假日酒店,ihg-holiday-inn-express,FULLY_BOOKABLE,Hotel,Hotel,Puer,,Yunnan,,"No.9 Baiyun Road, Simao District, Puer, Yunnan, 665099, Mainland China",,665099,22.797823,100.97671,86-879-3029399,https://www.ihg.com/holidayinnexpress/hotels/us/en/puer/jhgps/hoteldetail,https://www.ihg.com/holidayinnexpress/hotels/cn/zh/puer/jhgps/hoteldetail,,,,,
IHG-FOCPT,Crowne Plaza Putian,,Crowne Plaza,皇冠假日酒店,ihg-crowne-plaza,FULLY_BOOKABLE,Hotel,Hotel,Putian,,Fujian,,"No 85, Lipu Road, Zhenhai Street, Licheng District, Putian, Fujian, 351100, Mainland China",,351100,25.424288,119.04377,86-594-2590091,https://www.ihg.com/crowneplaza/hotels/us/en/putian/focpt/hoteldetail,https://www.ihg.com/crowneplaza/hotels/cn/zh/putian/focpt/hoteldetail,,,,,
IHG-FOCCT,Holiday Inn Express Putian City Center,,Holiday Inn Express,智选假日酒店,ihg-holiday-inn-express,FULLY_BOOKABLE,Hotel,Hotel,Putian,,Fujian,,"No. 1, Nanyuan East Road, Fenghuangshan Street, Putian, Fujian, 351199, Mainland China",,351199,25.42171,119.01173,86-594-2676666,https://www.ihg.com/holidayinnexpress/hotels/us/en/putian/focct/hoteldetail,https://www.ihg.com/holidayinnexpress/hotels/cn/zh/putian/focct/hoteldetail,,,,,
IHG-FOCPU,Holiday Inn Putian Xiuyu,,Holiday Inn,假日酒店,ihg-holiday-inn,FULLY_BOOKABLE,Hotel,Hotel,Putian,,Fujian,,"No. 108 Qingtang Road, Xiuyu District, Putian, Fujian, 351146, Mainland China",,351146,25.325584,119.09238,86-594-5932222x6200,https://www.ihg.com/holidayinn/hotels/us/en/putian/focpu/hoteldetail,https://www.ihg.com/holidayinn/hotels/cn/zh/putian/focpu/hoteldetail,,,,,
IHG-SHAQD,Crowne Plaza Qidong,,Crowne Plaza,皇冠假日酒店,ihg-crowne-plaza,FULLY_BOOKABLE,Hotel,Hotel,Qidong,,Jiangsu,,"NO. 377 Linyang South Road, Huilong Town, Qidong, Jiangsu, 226200, Mainland China",,226200,31.800945,121.62536,86-0513-81368888,https://www.ihg.com/crowneplaza/hotels/us/en/qidong/shaqd/hoteldetail,https://www.ihg.com/crowneplaza/hotels/cn/zh/qidong/shaqd/hoteldetail,,,,,
IHG-NTGQD,Holiday Inn Express Qidong Economic Zone,,Holiday Inn Express,智选假日酒店,ihg-holiday-inn-express,FULLY_BOOKABLE,Hotel,Hotel,Qidong,,Jiangsu,,"Building 8, Qirui Industrial Center, Qidong, Jiangsu, 226200, Mainland China",,226200,31.801018,121.62029,86-513-80795555,https://www.ihg.com/holidayinnexpress/hotels/us/en/qidong/ntgqd/hoteldetail,https://www.ihg.com/holidayinnexpress/hotels/cn/zh/qidong/ntgqd/hoteldetail,,,,,
IHG-NTGQI,Holiday Inn Qidong Lvsi Port,,Holiday Inn,假日酒店,ihg-holiday-inn,FULLY_BOOKABLE,Hotel,Hotel,Qidong,,Jiangsu,,"No. 999 He Fei Road, Qidong, Jiangsu, Mainland China",,,32.066437,121.60571,,https://www.ihg.com/holidayinn/hotels/us/en/qidong/ntgqi/hoteldetail,https://www.ihg.com/holidayinn/hotels/cn/zh/qidong/ntgqi/hoteldetail,,,,,
IHG-NTGQG,HUALUXE Qidong,,HUALUXE,华邑酒店及度假村,ihg-hualuxe,FULLY_BOOKABLE,Hotel,Hotel,Qidong,,Jiangsu,,"No. 989, Xin'anjiang Middle Road, Huilong Town, Qidong, Jiangsu, 226200, Mainland China",,226200,31.773703,121.640816,86-0513-83738888,https://www.ihg.com/hotels/us/en/qidong/ntgqg/hoteldetail,https://www.ihg.com/hotels/cn/zh/qidong/ntgqg/hoteldetail,,,,,
IHG-DAOCH,Crowne Plaza Qingdao,,Crowne Plaza,皇冠假日酒店,ihg-crowne-plaza,FULLY_BOOKABLE,Hotel,Hotel,Qingdao,,Shandong,,"No.76 Xiang Gang Zhong Rd, Qingdao, Shandong, 266071, Mainland China",,266071,36.064213,120.39967,86-532-85718888x8288,https://www.ihg.com/crowneplaza/hotels/us/en/qingdao/daoch/hoteldetail,https://www.ihg.com/crowneplaza/hotels/cn/zh/qingdao/daoch/hoteldetail,,,,,
IHG-TAOJN,Crowne Plaza Qingdao Jinshui,,Crowne Plaza,皇冠假日酒店,ihg-crowne-plaza,FULLY_BOOKABLE,Hotel,Hotel,Qingdao,,Shandong,,"No.175-2 Jufeng Road, Licang District, Qingdao, Shandong, 266199, Mainland China",,266199,36.165363,120.43645,86-532-82689999x0,https://www.ihg.com/crowneplaza/hotels/us/en/qingdao/taojn/hoteldetail,https://www.ihg.com/crowneplaza/hotels/cn/zh/qingdao/taojn/hoteldetail,,,,,
IHG-TAOJC,Crowne Plaza Qingdao Ocean Spring Resort,,Crowne Plaza,皇冠假日酒店,ihg-crowne-plaza,FULLY_BOOKABLE,Hotel,Hotel,Qingdao,,Shandong,,"No.188 of Binhai Road, Jimo, Qingdao, Shandong, 266200, Mainland China",,266200,36.406258,120.70562,86-0532-89068888x6915,https://www.ihg.com/crowneplaza/hotels/us/en/qingdao/taojc/hoteldetail,https://www.ihg.com/crowneplaza/hotels/cn/zh/qingdao/taojc/hoteldetail,,,,,
IHG-TAOMM,Crowne Plaza QingdaoOrientalMovieMetropolis,,Crowne Plaza,皇冠假日酒店,ihg-crowne-plaza,FULLY_BOOKABLE,Hotel,Hotel,Qingdao,,Shandong,,"No. 818, Xinghaiwan Street, West Coast New District, Qingdao, Shandong, 266000, Mainland China",,266000,35.899017,120.11731,86-532-86180888,https://www.ihg.com/crowneplaza/hotels/us/en/qingdao/taomm/hoteldetail,https://www.ihg.com/crowneplaza/hotels/cn/zh/qingdao/taomm/hoteldetail,,,,,
IHG-TAOQI,EVEN Hotel Qingdao Laoshan,,EVEN Hotel,逸衡酒店,ihg-even-hotel,FULLY_BOOKABLE,Hotel,Hotel,Qingdao,,Shandong,,"No.101 Shenzhen Road, Laoshan District, Qingdao, Shandong, 266000, Mainland China",,266000,36.117382,120.44844,86-532-57768888,https://www.ihg.com/evenhotels/hotels/us/en/qingdao/taoqi/hoteldetail,https://www.ihg.com/evenhotels/hotels/cn/zh/qingdao/taoqi/hoteldetail,,,,,
IHG-TAOJI,Holiday Inn & Suites Qingdao Jinshui,,Holiday Inn & Suites,假日套房酒店,ihg-holiday-inn-and-suites,FULLY_BOOKABLE,Hotel,Hotel,Qingdao,,Shandong,,"No.175-3 Jufeng Road, Licang District, Qingdao, Shandong, 266199, Mainland China",,266199,36.165363,120.43645,86-532-82689999x0,https://www.ihg.com/holidayinn/hotels/us/en/qingdao/taoji/hoteldetail,https://www.ihg.com/holidayinn/hotels/cn/zh/qingdao/taoji/hoteldetail,,,,,
IHG-TAOCC,Holiday Inn Express Qingdao Chengyang Central,,Holiday Inn Express,智选假日酒店,ihg-holiday-inn-express,FULLY_BOOKABLE,Hotel,Hotel,Qingdao,,Shandong,,"197-25 Changcheng Road, Chengyang District, Qingdao, Shandong, 266109, Mainland China",,266109,36.304935,120.40274,86-0532-89081666,https://www.ihg.com/holidayinnexpress/hotels/us/en/qingdao/taocc/hoteldetail,https://www.ihg.com/holidayinnexpress/hotels/cn/zh/qingdao/taocc/hoteldetail,,,,,
IHG-TAOCB,Holiday Inn Express Qingdao City Balcony,,Holiday Inn Express,智选假日酒店,ihg-holiday-inn-express,FULLY_BOOKABLE,Hotel,Hotel,Qingdao,,Shandong,,"1st Floor, Building 5, No. 7, Huang Dunshan Road, Qingdao, Shandong, 266499, Mainland China",,266499,35.862026,120.03503,86-532-55586555,https://www.ihg.com/holidayinnexpress/hotels/us/en/qingdao/taocb/hoteldetail,https://www.ihg.com/holidayinnexpress/hotels/cn/zh/qingdao/taocb/hoteldetail,,,,,
IHG-DAOCC,Holiday Inn Express Qingdao City Center,,Holiday Inn Express,智选假日酒店,ihg-holiday-inn-express,FULLY_BOOKABLE,Hotel,Hotel,Qingdao,,Shandong,,"No.56 Hong Kong Middle Road, Shinan District, Qingdao, Shandong, 266071, Mainland China",,266071,36.06512,120.3933,86-532-85736688x6002,https://www.ihg.com/holidayinnexpress/hotels/us/en/qingdao/daocc/hoteldetail,https://www.ihg.com/holidayinnexpress/hotels/cn/zh/qingdao/daocc/hoteldetail,,,,,
IHG-TAOQZ,Holiday Inn Express Qingdao Downtown,,Holiday Inn Express,智选假日酒店,ihg-holiday-inn-express,FULLY_BOOKABLE,Hotel,Hotel,Qingdao,,Shandong,,"No. 6, Guantao Road, Shibei District, Qingdao, Shandong, 266011, Mainland China",,266011,36.076847,120.320274,86-532-58662888,https://www.ihg.com/holidayinnexpress/hotels/us/en/qingdao/taoqz/hoteldetail,https://www.ihg.com/holidayinnexpress/hotels/cn/zh/qingdao/taoqz/hoteldetail,,,,,
IHG-TAOQH,Holiday Inn Express Qingdao Hongdao Station,,Holiday Inn Express,智选假日酒店,ihg-holiday-inn-express,FULLY_BOOKABLE,Hotel,Hotel,Qingdao,,Shandong,,"No 888,Longhai Road, Chengyang Distirct, Qingdao, Shandong, 266113, Mainland China",,266113,36.25697,120.15522,86-532-57758888,https://www.ihg.com/holidayinnexpress/hotels/us/en/qingdao/taoqh/hoteldetail,https://www.ihg.com/holidayinnexpress/hotels/cn/zh/qingdao/taoqh/hoteldetail,,,,,
IHG-TAOIP,Holiday Inn Express Qingdao Innovation Park,,Holiday Inn Express,智选假日酒店,ihg-holiday-inn-express,FULLY_BOOKABLE,Hotel,Hotel,Qingdao,,Shandong,,"No. 179 Songling Road, Laoshan District, Qingdao, Shandong, 266101, Mainland China",,266101,36.152523,120.48844,86-532-58218888,https://www.ihg.com/holidayinnexpress/hotels/us/en/qingdao/taoip/hoteldetail,https://www.ihg.com/holidayinnexpress/hotels/cn/zh/qingdao/taoip/hoteldetail,,,,,
IHG-TAOJM,Holiday Inn Express Qingdao Jimo,,Holiday Inn Express,智选假日酒店,ihg-holiday-inn-express,FULLY_BOOKABLE,Hotel,Hotel,Qingdao,,Shandong,,"No. 35, Wenfeng Road, Jimo District, Qingdao, Shandong, Mainland China",,,36.37996,120.49591,,https://www.ihg.com/holidayinnexpress/hotels/us/en/qingdao/taojm/hoteldetail,https://www.ihg.com/holidayinnexpress/hotels/cn/zh/qingdao/taojm/hoteldetail,,,,,
IHG-TAOJS,Holiday Inn Express Qingdao Jinshui,,Holiday Inn Express,智选假日酒店,ihg-holiday-inn-express,FULLY_BOOKABLE,Hotel,Hotel,Qingdao,,Shandong,,"175-3 Jufeng Road, Licang District, Qingdao, Shandong, 266199, Mainland China",,266199,36.165367,120.43645,86-532-82689999,https://www.ihg.com/holidayinnexpress/hotels/us/en/qingdao/taojs/hoteldetail,https://www.ihg.com/holidayinnexpress/hotels/cn/zh/qingdao/taojs/hoteldetail,,,,,
IHG-TAONW,Holiday Inn Express Qingdao Northern West Coast,,Holiday Inn Express,智选假日酒店,ihg-holiday-inn-express,FULLY_BOOKABLE,Hotel,Hotel,Qingdao,,Shandong,,"228 Yutai Road, Huangdao District, Qingdao, Shandong, 266425, Mainland China",,266425,36.067833,120.00901,86-0532-83138888,https://www.ihg.com/holidayinnexpress/hotels/us/en/qingdao/taonw/hoteldetail,https://www.ihg.com/holidayinnexpress/hotels/cn/zh/qingdao/taonw/hoteldetail,,,,,
IHG-TAOSB,Holiday Inn Express Qingdao Shibei,,Holiday Inn Express,智选假日酒店,ihg-holiday-inn-express,FULLY_BOOKABLE,Hotel,Hotel,Qingdao,,Shandong,,"No.30, Hangzhou road, Shibei district, Qingdao, Shandong, 266000, Mainland China",,266000,36.114906,120.35219,86-532-89077666,https://www.ihg.com/holidayinnexpress/hotels/us/en/qingdao/taosb/hoteldetail,https://www.ihg.com/holidayinnexpress/hotels/cn/zh/qingdao/taosb/hoteldetail,,,,,
IHG-TAOQW,Holiday Inn Express Qingdao West Coast,,Holiday Inn Express,智选假日酒店,ihg-holiday-inn-express,FULLY_BOOKABLE,Hotel,Hotel,Qingdao,,Shandong,,"No. 596, Zhujiang Road, Huangdao District, Qingdao, Shandong, 266555, Mainland China",,266555,35.95187,120.2037,86-0532-86109777,https://www.ihg.com/holidayinnexpress/hotels/us/en/qingdao/taoqw/hoteldetail,https://www.ihg.com/holidayinnexpress/hotels/cn/zh/qingdao/taoqw/hoteldetail,,,,,
IHG-TAOQD,Holiday Inn Qingdao CBD,,Holiday Inn,假日酒店,ihg-holiday-inn,FULLY_BOOKABLE,Hotel,Hotel,Qingdao,,Shandong,,"No.37 Yanji Road, Shibei District, Qingdao, Shandong, 266000, Mainland China",,266000,36.085896,120.36624,86-532-88989777x6005,https://www.ihg.com/holidayinn/hotels/us/en/qingdao/taoqd/hoteldetail,https://www.ihg.com/holidayinn/hotels/cn/zh/qingdao/taoqd/hoteldetail,,,,,
IHG-DAOXR,Holiday Inn Qingdao City Centre,,Holiday Inn,假日酒店,ihg-holiday-inn,FULLY_BOOKABLE,Hotel,Hotel,Qingdao,,Shandong,,"No.1 Xuzhou Road, Qingdao, Shandong, 266071, Mainland China",,266071,36.06762,120.388535,86-532-66708888,https://www.ihg.com/holidayinn/hotels/us/en/qingdao/daoxr/hoteldetail,https://www.ihg.com/holidayinn/hotels/cn/zh/qingdao/daoxr/hoteldetail,,,,,
IHG-TAOLC,HUALUXE Qingdao Licang,,HUALUXE,华邑酒店及度假村,ihg-hualuxe,FULLY_BOOKABLE,Hotel,Hotel,Qingdao,,Shandong,,"No.168 Jinshui Road, Licang District, Qingdao, Shandong, 266199, Mainland China",,266199,36.17785,120.4848,86-532-88836888,https://www.ihg.com/hotels/us/en/qingdao/taolc/hoteldetail,https://www.ihg.com/hotels/cn/zh/qingdao/taolc/hoteldetail,,,,,
IHG-DAOHA,InterContinental Qingdao,,InterContinental,洲际酒店及度假村,ihg-intercontinental,FULLY_BOOKABLE,Hotel,Hotel,Qingdao,,Shandong,,"No.98 Ao Men Road, Qingdao, Shandong, 266071, Mainland China",,266071,36.056973,120.398476,86-532-66566666,https://www.ihg.com/intercontinental/hotels/us/en/qingdao/daoha/hoteldetail,https://www.ihg.com/intercontinental/hotels/cn/zh/qingdao/daoha/hoteldetail,,,,,
IHG-TAOVC,voco Qingdao Licang,,voco,voco 酒店,ihg-voco,FULLY_BOOKABLE,Hotel,Hotel,Qingdao,,Shandong,,"South Building, No.168 Jinshui Road Licang District, Qingdao, Shandong, 266199, Mainland China",,266199,36.177902,120.48465,,https://www.ihg.com/voco/hotels/us/en/qingdao/taovc/hoteldetail,https://www.ihg.com/voco/hotels/cn/zh/qingdao/taovc/hoteldetail,,,,,
IHG-TAOWQ,voco Qingdao West Coast,,voco,voco 酒店,ihg-voco,FULLY_BOOKABLE,Hotel,Hotel,Qingdao,,Shandong,,"No 1158 LijiangXi Road, Qingdao, Shandong, 266071, Mainland China",,266071,35.930695,120.17022,,https://www.ihg.com/voco/hotels/us/en/qingdao/taowq/hoteldetail,https://www.ihg.com/voco/hotels/cn/zh/qingdao/taowq/hoteldetail,,,,,
IHG-BPEQI,Holiday Inn Express Qinhuangdao Haigang,,Holiday Inn Express,智选假日酒店,ihg-holiday-inn-express,FULLY_BOOKABLE,Hotel,Hotel,Qinhuangdao,,Hebei,,"No. 309, Xigang Road, Haigang District, Qinhuangdao, Hebei, 066001, Mainland China",,066001,39.944134,119.57547,86-335-5695678,https://www.ihg.com/holidayinnexpress/hotels/us/en/qinhuangdao/bpeqi/hoteldetail,https://www.ihg.com/holidayinnexpress/hotels/cn/zh/qinhuangdao/bpeqi/hoteldetail,,,,,
IHG-BPEHN,Holiday Inn Qinhuangdao Haigang,,Holiday Inn,假日酒店,ihg-holiday-inn,FULLY_BOOKABLE,Hotel,Hotel,Qinhuangdao,,Hebei,,"No.40-1 Wenchang Road, Haigang District, Qinhuangdao, Hebei, 066000, Mainland China",,066000,39.908897,119.54586,86-0335-5303888x6102,https://www.ihg.com/holidayinn/hotels/us/en/qinhuangdao/bpehn/hoteldetail,https://www.ihg.com/holidayinn/hotels/cn/zh/qinhuangdao/bpehn/hoteldetail,,,,,
IHG-BPEBH,Hotel Indigo Beidaihe,,Hotel Indigo,英迪格酒店,ihg-hotel-indigo,FULLY_BOOKABLE,Hotel,Hotel,Qinhuangdao,,Hebei,,"Resea Coastal Resort, Beidaihe New Area, Qinhuangdao, Hebei, 066311, Mainland China",,066311,39.62636,119.30002,86-0335-5689999x6602,https://www.ihg.com/hotelindigo/hotels/us/en/qinghuangdao/bpebh/hoteldetail,https://www.ihg.com/hotelindigo/hotels/cn/zh/qinghuangdao/bpebh/hoteldetail,,,,,
IHG-BPEBR,Vignette Collection Resea Hotel Beidaihe,,Vignette Collection,Vignette Collection,ihg-vignette-collection,FULLY_BOOKABLE,Hotel,Hotel,Qinhuangdao,,Hebei,,"Resea Coastal Resort, Beidaihe New Area, Qinhuangdao, Hebei, 066311, Mainland China",,066311,39.620846,119.306885,86-0335-5698888,https://www.ihg.com/vignettecollection/hotels/us/en/qinhuangdao/bpebr/hoteldetail,https://www.ihg.com/vignettecollection/hotels/cn/zh/qinhuangdao/bpebr/hoteldetail,,,,,
IHG-QHXML,Holiday Inn Resort Qionghai Guantang,,Holiday Inn Resort,假日度假酒店,ihg-holiday-inn-resort,FULLY_BOOKABLE,Hotel,Hotel,Qionghai,,Hainan,,"Baishi Ridge Scenic Zone, Guantang, Jiaji Town, Qionghai, Hainan, 571400, Mainland China",,571400,19.179268,110.398254,86-898-36869999x7001,https://www.ihg.com/holidayinnresorts/hotels/us/en/qionghai/qhxml/hoteldetail,https://www.ihg.com/holidayinnresorts/hotels/cn/zh/qionghai/qhxml/hoteldetail,,,,,
IHG-CTUQI,InterContinental Chengdu Qionglai,,InterContinental,洲际酒店及度假村,ihg-intercontinental,FULLY_BOOKABLE,Hotel,Hotel,Qionglai,,Sichuan,,"Qiongyao Road South, Shifangtang District, Qionglai, Sichuan, 611530, Mainland China",,611530,30.399273,103.44088,,https://www.ihg.com/intercontinental/hotels/us/en/qionglai/ctuqi/hoteldetail,https://www.ihg.com/intercontinental/hotels/cn/zh/qionglai/ctuqi/hoteldetail,,,,,
IHG-JJNRQ,Crowne Plaza Quanzhou Riverview,,Crowne Plaza,皇冠假日酒店,ihg-crowne-plaza,FULLY_BOOKABLE,Hotel,Hotel,Quanzhou,,Fujian,,"No.2233 Jiangbin South Road, Licheng District, Quanzhou, Fujian, 362000, Mainland China",,362000,24.931175,118.55946,86-595-36018888x6707,https://www.ihg.com/crowneplaza/hotels/us/en/quanzhou/jjnrq/hoteldetail,https://www.ihg.com/crowneplaza/hotels/cn/zh/quanzhou/jjnrq/hoteldetail,,,,,
IHG-JJNCQ,EVEN Hotel Quanzhou City Center,,EVEN Hotel,逸衡酒店,ihg-even-hotel,FULLY_BOOKABLE,Hotel,Hotel,Quanzhou,,Fujian,,"No.262 Lantai Road,Fengze District, Quanzhou, Fujian, 362000, Mainland China",,362000,24.908682,118.61237,,https://www.ihg.com/evenhotels/hotels/us/en/quanzhou/jjncq/hoteldetail,https://www.ihg.com/evenhotels/hotels/cn/zh/quanzhou/jjncq/hoteldetail,,,,,
IHG-JJNCC,Holiday Inn Express Quanzhou City Center,,Holiday Inn Express,智选假日酒店,ihg-holiday-inn-express,FULLY_BOOKABLE,Hotel,Hotel,Quanzhou,,Fujian,,"597 Wenling North Road, Quanzhou, Fujian, 362000, Mainland China",,362000,24.912418,118.60319,86-595-28989999,https://www.ihg.com/holidayinnexpress/hotels/us/en/quanzhou/jjncc/hoteldetail,https://www.ihg.com/holidayinnexpress/hotels/cn/zh/quanzhou/jjncc/hoteldetail,,,,,
IHG-XMNQF,Holiday Inn Express Quanzhou Licheng,,Holiday Inn Express,智选假日酒店,ihg-holiday-inn-express,FULLY_BOOKABLE,Hotel,Hotel,Quanzhou,,Fujian,,"No.4 Zhongjun Commercial Building, No.770 Nanhuan Road, Quanzhou, Fujian, 362013, Mainland China",,362013,24.905804,118.546875,,https://www.ihg.com/holidayinnexpress/hotels/us/en/quanzhou/xmnqf/hoteldetail,https://www.ihg.com/holidayinnexpress/hotels/cn/zh/quanzhou/xmnqf/hoteldetail,,,,,
IHG-JJNQT,Holiday Inn Express Quanzhou Taishang District,,Holiday Inn Express,智选假日酒店,ihg-holiday-inn-express,FULLY_BOOKABLE,Hotel,Hotel,Quanzhou,,Fujian,,"203 Binhu South Road, Houhai Village, Baiqi Town, Quanzhou, Fujian, 362000, Mainland China",,362000,24.885212,118.73998,86-595-22889889,https://www.ihg.com/holidayinnexpress/hotels/us/en/quanzhou/jjnqt/hoteldetail,https://www.ihg.com/holidayinnexpress/hotels/cn/zh/quanzhou/jjnqt/hoteldetail,,,,,
IHG-JJNQD,Holiday Inn Quanzhou Donghai,,Holiday Inn,假日酒店,ihg-holiday-inn,FULLY_BOOKABLE,Hotel,Hotel,Quanzhou,,Fujian,,"No.999 Binhai Road, Fengze District, Quanzhou, Fujian, 362020, Mainland China",,362020,24.864222,118.67284,86-595-36728888,https://www.ihg.com/holidayinn/hotels/us/en/quanzhou/jjnqd/hoteldetail,https://www.ihg.com/holidayinn/hotels/cn/zh/quanzhou/jjnqd/hoteldetail,,,,,
IHG-JJNQA,Hotel Indigo Quanzhou Ancient Town,,Hotel Indigo,英迪格酒店,ihg-hotel-indigo,FULLY_BOOKABLE,Hotel,Hotel,Quanzhou,,Fujian,,"No. 158-1 Jiuyi Road, Licheng District, Quanzhou, Fujian, Mainland China",,,24.904434,118.59715,,https://www.ihg.com/hotelindigo/hotels/us/en/quanzhou/jjnqa/hoteldetail,https://www.ihg.com/hotelindigo/hotels/cn/zh/quanzhou/jjnqa/hoteldetail,,,,,
IHG-JJNQC,InterContinental Quanzhou,,InterContinental,洲际酒店及度假村,ihg-intercontinental,FULLY_BOOKABLE,Hotel,Hotel,Quanzhou,,Fujian,,"No.1005 Fenghai Road, Fengze District, Quanzhou, Fujian, 362000, Mainland China",,362000,24.87135,118.63934,86-0595-65218888x6088,https://www.ihg.com/intercontinental/hotels/us/en/quanzhou/jjnqc/hoteldetail,https://www.ihg.com/intercontinental/hotels/cn/zh/quanzhou/jjnqc/hoteldetail,,,,,
IHG-JUZQZ,Crowne Plaza Quzhou,,Crowne Plaza,皇冠假日酒店,ihg-crowne-plaza,FULLY_BOOKABLE,Hotel,Hotel,Quzhou,,Zhejiang,,"Building 11, Zone 1, No.1 Chengdian Road,Kecheng Dist., Quzhou, Zhejiang, 324000, Mainland China",,324000,28.945232,118.84132,86-570-8088888x0,https://www.ihg.com/crowneplaza/hotels/us/en/quzhou/juzqz/hoteldetail,https://www.ihg.com/crowneplaza/hotels/cn/zh/quzhou/juzqz/hoteldetail,,,,,
IHG-HGHNT,Holiday Inn Quzhou,,Holiday Inn,假日酒店,ihg-holiday-inn,FULLY_BOOKABLE,Hotel,Hotel,Quzhou,,Zhejiang,,"No. 99 Zheda Road, Kecheng District, Quzhou, Zhejiang, 324000, Mainland China",,324000,28.944181,118.82672,86-570-8238888,https://www.ihg.com/holidayinn/hotels/us/en/quzhou/hghnt/hoteldetail,https://www.ihg.com/holidayinn/hotels/cn/zh/quzhou/hghnt/hoteldetail,,,,,
IHG-ZYIMT,InterContinental Maotai Town,,InterContinental,洲际酒店及度假村,ihg-intercontinental,FULLY_BOOKABLE,Hotel,Hotel,Renhuai,,Guizhou,,"Chunshu village, Maotai Town, Renhuai City, Renhuai, Guizhou, 564501, Mainland China",,564501,27.880093,106.365585,86-0851-22309999x0,https://www.ihg.com/intercontinental/hotels/us/en/renhuai/zyimt/hoteldetail,https://www.ihg.com/intercontinental/hotels/cn/zh/renhuai/zyimt/hoteldetail,,,,,
IHG-RIZRD,Holiday Inn Express Rizhao Oriental Colorful City,,Holiday Inn Express,智选假日酒店,ihg-holiday-inn-express,FULLY_BOOKABLE,Hotel,Hotel,Rizhao,,Shandong,,"No.159 Qingdao Road, Rizhao, Shandong, 276800, Mainland China",,276800,35.44843,119.5531,86-633-7081888,https://www.ihg.com/holidayinnexpress/hotels/us/en/rizhao/rizrd/hoteldetail,https://www.ihg.com/holidayinnexpress/hotels/cn/zh/rizhao/rizrd/hoteldetail,,,,,
IHG-RIZRV,Holiday Inn Rizhao Seaview,,Holiday Inn,假日酒店,ihg-holiday-inn,FULLY_BOOKABLE,Hotel,Hotel,Rizhao,,Shandong,,"No. 779, Qingdao Road, Donggang District, Rizhao, Shandong, Mainland China",,,35.409878,119.54744,,https://www.ihg.com/holidayinn/hotels/us/en/rizhao/rizrv/hoteldetail,https://www.ihg.com/holidayinn/hotels/cn/zh/rizhao/rizrv/hoteldetail,,,,,
IHG-SYXBA,Crowne Plaza Resort Sanya Bay,,Crowne Plaza,皇冠假日酒店,ihg-crowne-plaza,FULLY_BOOKABLE,Hotel,Hotel,Sanya,,Hainan,,"No. 228 Sanya Bay Road, Sanya, Hainan, 572000, Mainland China",,572000,18.288858,109.38026,86-898-88258888,https://www.ihg.com/crowneplaza/hotels/us/en/sanya/syxba/hoteldetail,https://www.ihg.com/crowneplaza/hotels/cn/zh/sanya/syxba/hoteldetail,,,,,
IHG-SYXCC,Crowne Plaza Sanya City Center,,Crowne Plaza,皇冠假日酒店,ihg-crowne-plaza,FULLY_BOOKABLE,Hotel,Hotel,Sanya,,Hainan,,"No. 3 Yuya Road, Sanya, Hainan, 572000, Mainland China",,572000,18.234571,109.514854,86-898-38818888x8009,https://www.ihg.com/crowneplaza/hotels/us/en/sanya/syxcc/hoteldetail,https://www.ihg.com/crowneplaza/hotels/cn/zh/sanya/syxcc/hoteldetail,,,,,
IHG-SYXCR,Crowne Plaza Sanya Haitang Bay Resort,,Crowne Plaza,皇冠假日酒店,ihg-crowne-plaza,FULLY_BOOKABLE,Hotel,Hotel,Sanya,,Hainan,,"No. 98 North Haitang Road, Haitang Bay, Sanya, Hainan, 572013, Mainland China",,572013,18.363146,109.747955,86-898-88759888,https://www.ihg.com/crowneplaza/hotels/us/en/sanya/syxcr/hoteldetail,https://www.ihg.com/crowneplaza/hotels/cn/zh/sanya/syxcr/hoteldetail,,,,,
IHG-SYXYA,Crowne Plaza Sanya Yazhou Bay,,Crowne Plaza,皇冠假日酒店,ihg-crowne-plaza,FULLY_BOOKABLE,Hotel,Hotel,Sanya,,Hainan,,"NO. 1 Xindao Street Yazhou Bay District, Sanya, Hainan, 572025, Mainland China",,572025,18.333155,109.15222,86-898-38269999,https://www.ihg.com/crowneplaza/hotels/us/en/sanya/syxya/hoteldetail,https://www.ihg.com/crowneplaza/hotels/cn/zh/sanya/syxya/hoteldetail,,,,,
IHG-SYXYY,Holiday Inn & Suites Sanya Yalong Bay,,Holiday Inn & Suites,假日套房酒店,ihg-holiday-inn-and-suites,FULLY_BOOKABLE,Hotel,Hotel,Sanya,,Hainan,,"NO. 14, Longtan Road, Yalong Bay, Resort District, Sanya, Hainan, 572016, Mainland China",,572016,18.235155,109.65586,86-898-31252888,https://www.ihg.com/holidayinn/hotels/us/en/sanya/syxyy/hoteldetail,https://www.ihg.com/holidayinn/hotels/cn/zh/sanya/syxyy/hoteldetail,,,,,
IHG-SYXSA,Holiday Inn Express Sanya Bay,,Holiday Inn Express,智选假日酒店,ihg-holiday-inn-express,FULLY_BOOKABLE,Hotel,Hotel,Sanya,,Hainan,,"No. 580 Jiefang Road, Tianya District, Sanya, Hainan, 572000, Mainland China",,572000,18.253609,109.50429,86-898-88657777,https://www.ihg.com/holidayinnexpress/hotels/us/en/sanya/syxsa/hoteldetail,https://www.ihg.com/holidayinnexpress/hotels/cn/zh/sanya/syxsa/hoteldetail,,,,,
IHG-SYXSB,Holiday Inn Resort Sanya Bay,,Holiday Inn Resort,假日度假酒店,ihg-holiday-inn-resort,FULLY_BOOKABLE,Hotel,Hotel,Sanya,,Hainan,,"207 Sanya Bay Road, Tianya District, Sanya, Sanya, Hainan, 572000, Mainland China",,572000,18.290228,109.40834,86-898-88339988x8107,https://www.ihg.com/holidayinnresorts/hotels/us/en/sanya-bay/syxsb/hoteldetail,https://www.ihg.com/holidayinnresorts/hotels/cn/zh/sanya-bay/syxsb/hoteldetail,,,,,
IHG-SYXYL,HUALUXE Sanya Yalong Bay Resort,,HUALUXE,华邑酒店及度假村,ihg-hualuxe,FULLY_BOOKABLE,Hotel,Hotel,Sanya,,Hainan,,"NO. 4, Longhai Road, Yalong Bay, Jiyang District, Sanya, Hainan, 572016, Mainland China",,572016,18.233809,109.655334,86-0898-31253888,https://www.ihg.com/hotels/us/en/sanya/syxyl/hoteldetail,https://www.ihg.com/hotels/cn/zh/sanya/syxyl/hoteldetail,,,,,
IHG-SYXIC,InterContinental Sanya Haitang Bay Resort,,InterContinental,洲际酒店及度假村,ihg-intercontinental,FULLY_BOOKABLE,Hotel,Hotel,Sanya,,Hainan,,"No.128 North Haitang Road, Haitang Bay, Sanya, Hainan, 572013, Mainland China",,572013,18.373926,109.753876,86-898-88658888x7668,https://www.ihg.com/intercontinental/hotels/us/en/sanya/syxic/hoteldetail,https://www.ihg.com/intercontinental/hotels/cn/zh/sanya/syxic/hoteldetail,,,,,
IHG-SYXHA,InterContinental Sanya Resort,,InterContinental,洲际酒店及度假村,ihg-intercontinental,FULLY_BOOKABLE,Hotel,Hotel,Sanya,,Hainan,,"No. 1 Zhouji Road, Sanya, Hainan, 572000, Mainland China",,572000,18.211224,109.50287,86-898-88618888x8306,https://www.ihg.com/intercontinental/hotels/us/en/sanya/syxha/hoteldetail,https://www.ihg.com/intercontinental/hotels/cn/zh/sanya/syxha/hoteldetail,,,,,
IHG-SYXBM,Vignette Collection Tiancheng Belmont Hotel Sanya,,Vignette Collection,Vignette Collection,ihg-vignette-collection,FULLY_BOOKABLE,Hotel,Hotel,Sanya,,Hainan,,"No.6 Sanya Bay Road, Tianya District, Sanya, Hainan, 572000, Mainland China",,572000,18.239721,109.50294,,https://www.ihg.com/vignettecollection/hotels/us/en/sanya/syxbm/hoteldetail,https://www.ihg.com/vignettecollection/hotels/cn/zh/sanya/syxbm/hoteldetail,,,,,
IHG-SYXVO,voco Sanya Bay,,voco,voco 酒店,ihg-voco,FULLY_BOOKABLE,Hotel,Hotel,Sanya,,Hainan,,"No. 190, Sanya Bay Road, Tianya District, Sanya, Hainan, 572000, Mainland China",,572000,18.288733,109.43795,86-0898-32387777,https://www.ihg.com/voco/hotels/us/en/sanya/syxvo/hoteldetail,https://www.ihg.com/voco/hotels/cn/zh/sanya/syxvo/hoteldetail,,,,,
IHG-SYXDA,voco Sanya Dadonghai,,voco,voco 酒店,ihg-voco,FULLY_BOOKABLE,Hotel,Hotel,Sanya,,Hainan,,"No.32, Luling road, Jiyang district, Sanya, Hainan, 572022, Mainland China",,572022,18.221172,109.51372,86-898-88228888,https://www.ihg.com/voco/hotels/us/en/sanya/syxda/hoteldetail,https://www.ihg.com/voco/hotels/cn/zh/sanya/syxda/hoteldetail,,,,,
IHG-SHAPO,Atwell Suites Shanghai Wuning,,Atwell Suites,Atwell Suites,ihg-atwell-suites,FULLY_BOOKABLE,Hotel,Hotel,Shanghai,上海,Shanghai,上海,"Floor 21-28, No. 501 Wuning Road, Putuo District, Shanghai, Shanghai, 200333, Mainland China",,200333,31.243698,121.41571,86-21-62188281,https://www.ihg.com/atwellsuites/hotels/us/en/shanghai/shapo/hoteldetail,https://www.ihg.com/atwellsuites/hotels/cn/zh/shanghai/shapo/hoteldetail,,,,,
IHG-SHGCH,Crowne Plaza Shanghai,,Crowne Plaza,皇冠假日酒店,ihg-crowne-plaza,FULLY_BOOKABLE,Hotel,Hotel,Shanghai,上海,Shanghai,上海,"400 Pan Yu Road, Shanghai, Shanghai, 200052, Mainland China",,200052,31.202784,121.429596,86-21-61458888x11027,https://www.ihg.com/crowneplaza/hotels/us/en/shanghai/shgch/hoteldetail,https://www.ihg.com/crowneplaza/hotels/cn/zh/shanghai/shgch/hoteldetail,,,,,
IHG-SHGAT,Crowne Plaza Shanghai Anting,,Crowne Plaza,皇冠假日酒店,ihg-crowne-plaza,FULLY_BOOKABLE,Hotel,Hotel,Shanghai,上海,Shanghai,上海,"No. 6555 Boyuan Road, Jiading District, Shanghai, Shanghai, 201804, Mainland China",,201804,31.272442,121.19155,86-21-60568888x66008,https://www.ihg.com/crowneplaza/hotels/us/en/shanghai/shgat/hoteldetail,https://www.ihg.com/crowneplaza/hotels/cn/zh/shanghai/shgat/hoteldetail,,,,,
IHG-SHGFD,Crowne Plaza Shanghai Fudan,,Crowne Plaza,皇冠假日酒店,ihg-crowne-plaza,FULLY_BOOKABLE,Hotel,Hotel,Shanghai,上海,Shanghai,上海,"199 Handan Road, Shanghai, Shanghai, 200433, Mainland China",,200433,31.295073,121.50213,86-21-55529999x3302,https://www.ihg.com/crowneplaza/hotels/us/en/shanghai/shgfd/hoteldetail,https://www.ihg.com/crowneplaza/hotels/cn/zh/shanghai/shgfd/hoteldetail,,,,,
IHG-SHALS,Crowne Plaza Shanghai Hongqiao,,Crowne Plaza,皇冠假日酒店,ihg-crowne-plaza,FULLY_BOOKABLE,Hotel,Hotel,Shanghai,上海,Shanghai,上海,"No.1-3, Lane 630, Shenchang Road, Minhang District, Shanghai, Shanghai, 201107, Mainland China",,201107,31.19004,121.31579,86-21-52635888x6602,https://www.ihg.com/crowneplaza/hotels/us/en/shanghai/shals/hoteldetail,https://www.ihg.com/crowneplaza/hotels/cn/zh/shanghai/shals/hoteldetail,,,,,
IHG-SHAJS,Crowne Plaza Shanghai Jinshan,,Crowne Plaza,皇冠假日酒店,ihg-crowne-plaza,FULLY_BOOKABLE,Hotel,Hotel,Shanghai,上海,Shanghai,上海,"No. 808 Zhiwei Road, Jinshan District, Shanghai, Shanghai, 201506, Mainland China",,201506,30.835209,121.3107,86-21-60608888,https://www.ihg.com/crowneplaza/hotels/us/en/shanghai/shajs/hoteldetail,https://www.ihg.com/crowneplaza/hotels/cn/zh/shanghai/shajs/hoteldetail,,,,,
IHG-SHGJP,Crowne Plaza Shanghai Jinxiu,,Crowne Plaza,皇冠假日酒店,ihg-crowne-plaza,FULLY_BOOKABLE,Hotel,Hotel,Shanghai,上海,Shanghai,上海,"399 Jin Zun Road, Pudong New Area, Shanghai, Shanghai, 200125, Mainland China",,200125,31.180918,121.53283,86-21-50559888x0,https://www.ihg.com/crowneplaza/hotels/us/en/shanghai/shgjp/hoteldetail,https://www.ihg.com/crowneplaza/hotels/cn/zh/shanghai/shgjp/hoteldetail,,,,,
IHG-SHAHD,Crowne Plaza Shanghai Nanjing Road,,Crowne Plaza,皇冠假日酒店,ihg-crowne-plaza,FULLY_BOOKABLE,Hotel,Hotel,Shanghai,上海,Shanghai,上海,"No. 700 Jiujiang Road / No.719 East Nanjing Road, Shanghai, Shanghai, 200001, Mainland China",,200001,31.234411,121.47706,86-21-63500000x101,https://www.ihg.com/crowneplaza/hotels/us/en/shanghai/shahd/hoteldetail,https://www.ihg.com/crowneplaza/hotels/cn/zh/shanghai/shahd/hoteldetail,,,,,
IHG-SHGNS,Crowne Plaza Shanghai Noah Square,,Crowne Plaza,皇冠假日酒店,ihg-crowne-plaza,FULLY_BOOKABLE,Hotel,Hotel,Shanghai,上海,Shanghai,上海,"No.1699, Jinshajiang Road, Putuo District, Shanghai, Shanghai, 200333, Mainland China",,200333,31.23249,121.37741,86-21-22138888x6388,https://www.ihg.com/crowneplaza/hotels/us/en/shanghai/shgns/hoteldetail,https://www.ihg.com/crowneplaza/hotels/cn/zh/shanghai/shgns/hoteldetail,,,,,
IHG-SHGPU,Crowne Plaza Shanghai Pujiang,,Crowne Plaza,皇冠假日酒店,ihg-crowne-plaza,FULLY_BOOKABLE,Hotel,Hotel,Shanghai,上海,Shanghai,上海,"No. 3701, Chenhang, Minhang District, Shanghai, Shanghai, 201114, Mainland China",,201114,31.089794,121.48934,86-21-33293688x6010,https://www.ihg.com/crowneplaza/hotels/us/en/shanghai/shgpu/hoteldetail,https://www.ihg.com/crowneplaza/hotels/cn/zh/shanghai/shgpu/hoteldetail,,,,,
IHG-SHGQR,Crowne Plaza Shanghai Xiayang Lake,,Crowne Plaza,皇冠假日酒店,ihg-crowne-plaza,FULLY_BOOKABLE,Hotel,Hotel,Shanghai,上海,Shanghai,上海,"No. 303 Qingzhou Road, QingPu District, Shanghai, Shanghai, 201700, Mainland China",,201700,31.150822,121.138535,86-21-22130000x6001,https://www.ihg.com/crowneplaza/hotels/us/en/shanghai/shgqr/hoteldetail,https://www.ihg.com/crowneplaza/hotels/cn/zh/shanghai/shgqr/hoteldetail,,,,,
IHG-SHASE,EVEN Hotel Shanghai Expo,,EVEN Hotel,逸衡酒店,ihg-even-hotel,FULLY_BOOKABLE,Hotel,Hotel,Shanghai,上海,Shanghai,上海,"No. 269 Boqing Road, Pudong New District, Shanghai, Shanghai, 200125, Mainland China",,200125,31.189098,121.4997,,https://www.ihg.com/evenhotels/hotels/us/en/shanghai/shase/hoteldetail,https://www.ihg.com/evenhotels/hotels/cn/zh/shanghai/shase/hoteldetail,,,,,
IHG-SHAEV,EVEN Hotel Shanghai Hongqiao CBD,,EVEN Hotel,逸衡酒店,ihg-even-hotel,FULLY_BOOKABLE,Hotel,Hotel,Shanghai,上海,Shanghai,上海,"No. 1 (A) Lane 35 Hua Lai Road,, Minhang District, Shanghai, Shanghai, 201107, Mainland China",,201107,31.197563,121.30281,86-021-52636666,https://www.ihg.com/evenhotels/hotels/us/en/shanghai/shaev/hoteldetail,https://www.ihg.com/evenhotels/hotels/cn/zh/shanghai/shaev/hoteldetail,,,,,
IHG-SHAJR,EVEN Hotel Shanghai Jinqiao,,EVEN Hotel,逸衡酒店,ihg-even-hotel,FULLY_BOOKABLE,Hotel,Hotel,Shanghai,上海,Shanghai,上海,"Block B, No.4, Lane 9, Jinwan Road, Pudong New Area, Shanghai, Shanghai, 201206, Mainland China",,201206,31.259691,121.61147,86-021-50150099,https://www.ihg.com/evenhotels/hotels/us/en/shanghai/shajr/hoteldetail,https://www.ihg.com/evenhotels/hotels/cn/zh/shanghai/shajr/hoteldetail,,,,,
IHG-SHACS,Holiday Inn & Suites Shanghai Changfeng,,Holiday Inn & Suites,假日套房酒店,ihg-holiday-inn-and-suites,FULLY_BOOKABLE,Hotel,Hotel,Shanghai,上海,Shanghai,上海,"1st Floor, Building 2, No. 428, Tongpu Road, Shanghai, Shanghai, 200062, Mainland China",,200062,31.228294,121.38742,86-21-33881888,https://www.ihg.com/holidayinn/hotels/us/en/shanghai/shacs/hoteldetail,https://www.ihg.com/holidayinn/hotels/cn/zh/shanghai/shacs/hoteldetail,,,,,
IHG-SHABT,Holiday Inn Express Shanghai Baoshan Baoyang,,Holiday Inn Express,智选假日酒店,ihg-holiday-inn-express,FULLY_BOOKABLE,Hotel,Hotel,Shanghai,上海,Shanghai,上海,"No.669-1 Tongji Road Baoshan District, Shanghai, Shanghai, 200940, Mainland China",,200940,31.393854,121.483246,86-21-66891666,https://www.ihg.com/holidayinnexpress/hotels/us/en/shanghai/shabt/hoteldetail,https://www.ihg.com/holidayinnexpress/hotels/cn/zh/shanghai/shabt/hoteldetail,,,,,
IHG-SHAXC,Holiday Inn Express Shanghai Changfeng Park,,Holiday Inn Express,智选假日酒店,ihg-holiday-inn-express,FULLY_BOOKABLE,Hotel,Hotel,Shanghai,上海,Shanghai,上海,"No. 26 Building,1098 Meiling North Road, Putuo District, Shanghai, Shanghai, 200333, Mainland China",,200333,31.245008,121.3943,86-21-62666698,https://www.ihg.com/holidayinnexpress/hotels/us/en/shanghai/shaxc/hoteldetail,https://www.ihg.com/holidayinnexpress/hotels/cn/zh/shanghai/shaxc/hoteldetail,,,,,
IHG-SHACY,Holiday Inn Express Shanghai Changyang Road,,Holiday Inn Express,智选假日酒店,ihg-holiday-inn-express,FULLY_BOOKABLE,Hotel,Hotel,Shanghai,上海,Shanghai,上海,"No.1687, Changyang Road, Yangpu District, Shanghai, Shanghai, 200090, Mainland China",,200090,31.270771,121.536095,86-21-65189988,https://www.ihg.com/holidayinnexpress/hotels/us/en/shanghai/shacy/hoteldetail,https://www.ihg.com/holidayinnexpress/hotels/cn/zh/shanghai/shacy/hoteldetail,,,,,
IHG-SHACM,Holiday Inn Express Shanghai Chongming,,Holiday Inn Express,智选假日酒店,ihg-holiday-inn-express,FULLY_BOOKABLE,Hotel,Hotel,Shanghai,上海,Shanghai,上海,"No.38, Xinchong South Road, Chongming District, Shanghai, Shanghai, 202150, Mainland China",,202150,31.62051,121.39965,86-21-69698800,https://www.ihg.com/holidayinnexpress/hotels/us/en/shanghai/shacm/hoteldetail,https://www.ihg.com/holidayinnexpress/hotels/cn/zh/shanghai/shacm/hoteldetail,,,,,
IHG-SHAPD,Holiday Inn Express Shanghai Expo Centre,,Holiday Inn Express,智选假日酒店,ihg-holiday-inn-express,FULLY_BOOKABLE,Hotel,Hotel,Shanghai,上海,Shanghai,上海,"No. 3470 Pudong South Road, Pudong New District, Shanghai, Shanghai, 200125, Mainland China",,200125,31.195015,121.50712,86-021-20239933,https://www.ihg.com/holidayinnexpress/hotels/us/en/shanghai/shapd/hoteldetail,https://www.ihg.com/holidayinnexpress/hotels/cn/zh/shanghai/shapd/hoteldetail,,,,,
IHG-SHASG,Holiday Inn Express Shanghai Gongkang,,Holiday Inn Express,智选假日酒店,ihg-holiday-inn-express,FULLY_BOOKABLE,Hotel,Hotel,Shanghai,上海,Shanghai,上海,"No.9 South Wenzao Road, Shanghai, Shanghai, 200443, Mainland China",,200443,31.336704,121.437675,86-21-26079333x0,https://www.ihg.com/holidayinnexpress/hotels/us/en/shanghai/shasg/hoteldetail,https://www.ihg.com/holidayinnexpress/hotels/cn/zh/shanghai/shasg/hoteldetail,,,,,
IHG-SHAGU,Holiday Inn Express Shanghai Gubei,,Holiday Inn Express,智选假日酒店,ihg-holiday-inn-express,FULLY_BOOKABLE,Hotel,Hotel,Shanghai,上海,Shanghai,上海,"No. 333-345 Honggu Road, Changning District, Shanghai, Shanghai, 200336, Mainland China",,200336,31.203745,121.39095,86-021-32178588,https://www.ihg.com/holidayinnexpress/hotels/us/en/shanghai/shagu/hoteldetail,https://www.ihg.com/holidayinnexpress/hotels/cn/zh/shanghai/shagu/hoteldetail,,,,,
IHG-SHAGM,Holiday Inn Express Shanghai Gumei,,Holiday Inn Express,智选假日酒店,ihg-holiday-inn-express,FULLY_BOOKABLE,Hotel,Hotel,Shanghai,上海,Shanghai,上海,"No.181, Lane 1300, Longming Road, Minhang District, Shanghai, Shanghai, 201100, Mainland China",,201100,31.142626,121.38626,86-21-54168555,https://www.ihg.com/holidayinnexpress/hotels/us/en/minhang-district/shagm/hoteldetail,https://www.ihg.com/holidayinnexpress/hotels/cn/zh/minhang-district/shagm/hoteldetail,,,,,
IHG-SHASB,Holiday Inn Express Shanghai Hongqiao CBD,,Holiday Inn Express,智选假日酒店,ihg-holiday-inn-express,FULLY_BOOKABLE,Hotel,Hotel,Shanghai,上海,Shanghai,上海,"No. 5 Shenbin Road, Minhang District, Shanghai, Shanghai, 200000, Mainland China",,200000,31.194414,121.30912,86-21-33281616,https://www.ihg.com/holidayinnexpress/hotels/us/en/shanghai/shasb/hoteldetail,https://www.ihg.com/holidayinnexpress/hotels/cn/zh/shanghai/shasb/hoteldetail,,,,,
IHG-SHAHL,Holiday Inn Express Shanghai Hongqiao Linkong,,Holiday Inn Express,智选假日酒店,ihg-holiday-inn-express,FULLY_BOOKABLE,Hotel,Hotel,Shanghai,上海,Shanghai,上海,"No. 289, Linhong Road, Changning District, Shanghai, Shanghai, 200335, Mainland China",,200335,31.23036,121.351135,86-21-52807766,https://www.ihg.com/holidayinnexpress/hotels/us/en/shanghai/shahl/hoteldetail,https://www.ihg.com/holidayinnexpress/hotels/cn/zh/shanghai/shahl/hoteldetail,,,,,
IHG-SHANE,Holiday Inn Express Shanghai Hongqiao NECC,,Holiday Inn Express,智选假日酒店,ihg-holiday-inn-express,FULLY_BOOKABLE,Hotel,Hotel,Shanghai,上海,Shanghai,上海,"No. 88 Lianyou Road, Minhang District, Shanghai, Shanghai, 201107, Mainland China",,201107,31.211891,121.27812,86-21-52966688,https://www.ihg.com/holidayinnexpress/hotels/us/en/shanghai/shane/hoteldetail,https://www.ihg.com/holidayinnexpress/hotels/cn/zh/shanghai/shane/hoteldetail,,,,,
IHG-SHAHJ,Holiday Inn Express Shanghai Huijin,,Holiday Inn Express,智选假日酒店,ihg-holiday-inn-express,FULLY_BOOKABLE,Hotel,Hotel,Shanghai,上海,Shanghai,上海,"No. 7776 Yinggang East Road, Qingpu District, Shanghai, Shanghai, 201700, Mainland China",,201700,31.1616,121.15514,86-021-39718888x6808,https://www.ihg.com/holidayinnexpress/hotels/us/en/shanghai/shahj/hoteldetail,https://www.ihg.com/holidayinnexpress/hotels/cn/zh/shanghai/shahj/hoteldetail,,,,,
IHG-SHAJC,Holiday Inn Express Shanghai Jiading Center,,Holiday Inn Express,智选假日酒店,ihg-holiday-inn-express,FULLY_BOOKABLE,Hotel,Hotel,Shanghai,上海,Shanghai,上海,"No 2 Chengzhong Road, Jiading District, Shanghai, Shanghai, 201800, Mainland China",,201800,31.373892,121.25385,86-021-52925000x1,https://www.ihg.com/holidayinnexpress/hotels/us/en/shanghai/shajc/hoteldetail,https://www.ihg.com/holidayinnexpress/hotels/cn/zh/shanghai/shajc/hoteldetail,,,,,
IHG-SHAJI,Holiday Inn Express Shanghai Jiading Industry Park,,Holiday Inn Express,智选假日酒店,ihg-holiday-inn-express,FULLY_BOOKABLE,Hotel,Hotel,Shanghai,上海,Shanghai,上海,"No. 268 Huiyuan Road, Jiading District, Shanghai, Shanghai, 201807, Mainland China",,201807,31.415771,121.204636,86-021-67078111,https://www.ihg.com/holidayinnexpress/hotels/us/en/shanghai/shaji/hoteldetail,https://www.ihg.com/holidayinnexpress/hotels/cn/zh/shanghai/shaji/hoteldetail,,,,,
IHG-SHAHR,Holiday Inn Express Shanghai Jiading New City,,Holiday Inn Express,智选假日酒店,ihg-holiday-inn-express,FULLY_BOOKABLE,Hotel,Hotel,Shanghai,上海,Shanghai,上海,"No.2546-2552,2556-2562 Huyi Road Jiading District, Shanghai, Shanghai, 201801, Mainland China",,201801,31.340939,121.27972,86-021-23091122,https://www.ihg.com/holidayinnexpress/hotels/us/en/shanghai/shahr/hoteldetail,https://www.ihg.com/holidayinnexpress/hotels/cn/zh/shanghai/shahr/hoteldetail,,,,,
IHG-SHAJT,Holiday Inn Express Shanghai Jing'an Temple,,Holiday Inn Express,智选假日酒店,ihg-holiday-inn-express,FULLY_BOOKABLE,Hotel,Hotel,Shanghai,上海,Shanghai,上海,"No.839 Middle Yan'an Road, Shanghai, Shanghai, 200040, Mainland China",,200040,31.222551,121.45481,86-21-52751777,https://www.ihg.com/holidayinnexpress/hotels/us/en/shanghai/shajt/hoteldetail,https://www.ihg.com/holidayinnexpress/hotels/cn/zh/shanghai/shajt/hoteldetail,,,,,
IHG-SHGXK,Holiday Inn Express Shanghai Jing'an Xikang Road,,Holiday Inn Express,智选假日酒店,ihg-holiday-inn-express,FULLY_BOOKABLE,Hotel,Hotel,Shanghai,上海,Shanghai,上海,"No. 1458, Xinzha Road, Jing'an District, Shanghai, Shanghai, 200040, Mainland China",,200040,31.23132,121.44932,,https://www.ihg.com/holidayinnexpress/hotels/us/en/shanghai/shgxk/hoteldetail,https://www.ihg.com/holidayinnexpress/hotels/cn/zh/shanghai/shgxk/hoteldetail,,,,,
IHG-SHGPJ,Holiday Inn Express Shanghai Jinqiao Central,,Holiday Inn Express,智选假日酒店,ihg-holiday-inn-express,FULLY_BOOKABLE,Hotel,Hotel,Shanghai,上海,Shanghai,上海,"No. 1359, Jin Qiao Road, Pudong New Area, Shanghai, Shanghai, 200129, Mainland China",,200129,31.254124,121.58727,86-21-50619900x0,https://www.ihg.com/holidayinnexpress/hotels/us/en/shanghai/shgpj/hoteldetail,https://www.ihg.com/holidayinnexpress/hotels/cn/zh/shanghai/shgpj/hoteldetail,,,,,
IHG-SHASJ,Holiday Inn Express Shanghai Jinsha,,Holiday Inn Express,智选假日酒店,ihg-holiday-inn-express,FULLY_BOOKABLE,Hotel,Hotel,Shanghai,上海,Shanghai,上海,"No. 2281 Jinshajiang Road, Putuo District, Shanghai, Shanghai, 200333, Mainland China",,200333,31.236979,121.36657,86-21-60561899x0,https://www.ihg.com/holidayinnexpress/hotels/us/en/shanghai/shasj/hoteldetail,https://www.ihg.com/holidayinnexpress/hotels/cn/zh/shanghai/shasj/hoteldetail,,,,,
IHG-SHAJN,Holiday Inn Express Shanghai Jinshan,,Holiday Inn Express,智选假日酒店,ihg-holiday-inn-express,FULLY_BOOKABLE,Hotel,Hotel,Shanghai,上海,Shanghai,上海,"No. 475, Haihui Street, Longhao Road, Jinshan District, Shanghai, Shanghai, 201508, Mainland China",,201508,30.754156,121.33818,86-021-57967777,https://www.ihg.com/holidayinnexpress/hotels/us/en/shanghai/shajn/hoteldetail,https://www.ihg.com/holidayinnexpress/hotels/cn/zh/shanghai/shajn/hoteldetail,,,,,
IHG-SHAKG,Holiday Inn Express Shanghai Kangqiao,,Holiday Inn Express,智选假日酒店,ihg-holiday-inn-express,FULLY_BOOKABLE,Hotel,Hotel,Shanghai,上海,Shanghai,上海,"No 8, Lane 2500 Yuanqiao Road Xiupu Road, Shanghai, Shanghai, 201315, Mainland China",,201315,31.129444,121.60833,86-21-20722666,https://www.ihg.com/holidayinnexpress/hotels/us/en/shanghai/shakg/hoteldetail,https://www.ihg.com/holidayinnexpress/hotels/cn/zh/shanghai/shakg/hoteldetail,,,,,
IHG-SHGJE,Holiday Inn Express Shanghai New Jinqiao,,Holiday Inn Express,智选假日酒店,ihg-holiday-inn-express,FULLY_BOOKABLE,Hotel,Hotel,Shanghai,上海,Shanghai,上海,"No. 450 Jiaqiao Rd. Pudong New Area, Shanghai, Shanghai, 201206, Mainland China",,201206,31.272917,121.61635,86-21-20598000x8301,https://www.ihg.com/holidayinnexpress/hotels/us/en/shanghai/shgje/hoteldetail,https://www.ihg.com/holidayinnexpress/hotels/cn/zh/shanghai/shgje/hoteldetail,,,,,
IHG-SHAHN,Holiday Inn Express Shanghai North Hongqiao CBD,,Holiday Inn Express,智选假日酒店,ihg-holiday-inn-express,FULLY_BOOKABLE,Hotel,Hotel,Shanghai,上海,Shanghai,上海,"No. 520 Hewang Road,Jiading District, Shanghai, Shanghai, 201803, Mainland China",,201803,31.244337,121.32245,86-21-39183333x8813,https://www.ihg.com/holidayinnexpress/hotels/us/en/shanghai/shahn/hoteldetail,https://www.ihg.com/holidayinnexpress/hotels/cn/zh/shanghai/shahn/hoteldetail,,,,,
IHG-SHATB,Holiday Inn Express Shanghai on The Bund,,Holiday Inn Express,智选假日酒店,ihg-holiday-inn-express,FULLY_BOOKABLE,Hotel,Hotel,Shanghai,上海,Shanghai,上海,"No.388 Renmin Road, Shanghai, Shanghai, 200002, Mainland China",,200002,31.229725,121.49114,86-21-63605588,https://www.ihg.com/holidayinnexpress/hotels/us/en/shanghai/shatb/hoteldetail,https://www.ihg.com/holidayinnexpress/hotels/cn/zh/shanghai/shatb/hoteldetail,,,,,
IHG-SHAPA,Holiday Inn Express Shanghai Pudong Airport,,Holiday Inn Express,智选假日酒店,ihg-holiday-inn-express,FULLY_BOOKABLE,Hotel,Hotel,Shanghai,上海,Shanghai,上海,"NO.850 Airport Avenue Pudong Shanghai, Shanghai, Shanghai, 201207, Mainland China",,201207,31.173302,121.79496,86-21-58350000,https://www.ihg.com/holidayinnexpress/hotels/us/en/shanghai/shapa/hoteldetail,https://www.ihg.com/holidayinnexpress/hotels/cn/zh/shanghai/shapa/hoteldetail,,,,,
IHG-SHAPC,Holiday Inn Express Shanghai Pudong Chuansha,,Holiday Inn Express,智选假日酒店,ihg-holiday-inn-express,FULLY_BOOKABLE,Hotel,Hotel,Shanghai,上海,Shanghai,上海,"Block 3, No.266, Jielong Avenue, Shanghai, Shanghai, 201205, Mainland China",,201205,31.175146,121.684235,86-021-80323456,https://www.ihg.com/holidayinnexpress/hotels/us/en/shanghai/shapc/hoteldetail,https://www.ihg.com/holidayinnexpress/hotels/cn/zh/shanghai/shapc/hoteldetail,,,,,
IHG-SHAZS,Holiday Inn Express Shanghai Pudong Zhangjiang,,Holiday Inn Express,智选假日酒店,ihg-holiday-inn-express,FULLY_BOOKABLE,Hotel,Hotel,Shanghai,上海,Shanghai,上海,"NO.777 Haike Road, Zhangjiang, Pudong New District, Shanghai, Shanghai, 201203, Mainland China",,201203,31.181356,121.60416,86-21-60337888,https://www.ihg.com/holidayinnexpress/hotels/us/en/shanghai/shazs/hoteldetail,https://www.ihg.com/holidayinnexpress/hotels/cn/zh/shanghai/shazs/hoteldetail,,,,,
IHG-SHGPX,Holiday Inn Express Shanghai Pujiang,,Holiday Inn Express,智选假日酒店,ihg-holiday-inn-express,FULLY_BOOKABLE,Hotel,Hotel,Shanghai,上海,Shanghai,上海,"Block A, No. 800 Puxing Road, Minhang District, Shanghai, Shanghai, 201114, Mainland China",,201114,31.107082,121.499214,86-21-62216611x5502,https://www.ihg.com/holidayinnexpress/hotels/us/en/shanghai/shgpx/hoteldetail,https://www.ihg.com/holidayinnexpress/hotels/cn/zh/shanghai/shgpx/hoteldetail,,,,,
IHG-SHAPL,Holiday Inn Express Shanghai Pujiang Lianhang Road,,Holiday Inn Express,智选假日酒店,ihg-holiday-inn-express,FULLY_BOOKABLE,Hotel,Hotel,Shanghai,上海,Shanghai,上海,"No. 618, Zhuyuan Road, Pujiang Zhen, Minhang District, Shanghai, Shanghai, 200233, Mainland China",,200233,31.070847,121.51154,86-021-8646422873,https://www.ihg.com/holidayinnexpress/hotels/us/en/shanghai/shapl/hoteldetail,https://www.ihg.com/holidayinnexpress/hotels/cn/zh/shanghai/shapl/hoteldetail,,,,,
IHG-SHGPT,Holiday Inn Express Shanghai Putuo,,Holiday Inn Express,智选假日酒店,ihg-holiday-inn-express,FULLY_BOOKABLE,Hotel,Hotel,Shanghai,上海,Shanghai,上海,"843 Guangfu Xi Road, Putuo District, Shanghai, Shanghai, 200063, Mainland China",,200063,31.233765,121.42536,86-21-61421818,https://www.ihg.com/holidayinnexpress/hotels/us/en/shanghai/shgpt/hoteldetail,https://www.ihg.com/holidayinnexpress/hotels/cn/zh/shanghai/shgpt/hoteldetail,,,,,
IHG-SHAPG,Holiday Inn Express Shanghai PVG Zhuqiao,,Holiday Inn Express,智选假日酒店,ihg-holiday-inn-express,FULLY_BOOKABLE,Hotel,Hotel,Shanghai,上海,Shanghai,上海,"No.1688 Nanzhu Road,Pudong New Area, Shanghai, Shanghai, 201323, Mainland China",,201323,31.097464,121.759315,86-21-20943090,https://www.ihg.com/holidayinnexpress/hotels/us/en/shanghai/shapg/hoteldetail,https://www.ihg.com/holidayinnexpress/hotels/cn/zh/shanghai/shapg/hoteldetail,,,,,
IHG-SHGQP,Holiday Inn Express Shanghai Qingpu New City,,Holiday Inn Express,智选假日酒店,ihg-holiday-inn-express,FULLY_BOOKABLE,Hotel,Hotel,Shanghai,上海,Shanghai,上海,"No.1 Lane 8999 Yinggang East Road, Qingpu District, Shanghai, Shanghai, 201799, Mainland China",,201799,31.15841,121.12516,86-021-39718999,https://www.ihg.com/holidayinnexpress/hotels/us/en/shanghai/shgqp/hoteldetail,https://www.ihg.com/holidayinnexpress/hotels/cn/zh/shanghai/shgqp/hoteldetail,,,,,
IHG-SHGFA,Holiday Inn Express Shanghai Songjiang Fangta,,Holiday Inn Express,智选假日酒店,ihg-holiday-inn-express,FULLY_BOOKABLE,Hotel,Hotel,Shanghai,上海,Shanghai,上海,"No.629 North Fangta Road, Songjiang District, Shanghai, Shanghai, 201613, Mainland China",,201613,31.021364,121.24727,86-21-31777999,https://www.ihg.com/holidayinnexpress/hotels/us/en/shanghai/shgfa/hoteldetail,https://www.ihg.com/holidayinnexpress/hotels/cn/zh/shanghai/shgfa/hoteldetail,,,,,
IHG-SHATH,Holiday Inn Express Shanghai TangZhen,,Holiday Inn Express,智选假日酒店,ihg-holiday-inn-express,FULLY_BOOKABLE,Hotel,Hotel,Shanghai,上海,Shanghai,上海,"Heng Sheng WanLi Square, No. 30, 515 Lane, Shanghai, Shanghai, 200120, Mainland China",,200120,31.21254,121.65303,86-021-20696999x0,https://www.ihg.com/holidayinnexpress/hotels/us/en/shanghai/shath/hoteldetail,https://www.ihg.com/holidayinnexpress/hotels/cn/zh/shanghai/shath/hoteldetail,,,,,
IHG-SHAWA,Holiday Inn Express Shanghai Wild Animal Park,,Holiday Inn Express,智选假日酒店,ihg-holiday-inn-express,FULLY_BOOKABLE,Hotel,Hotel,Shanghai,上海,Shanghai,上海,"No. 92 Chengnan Road, Pudong New District, Huinan Town, Shanghai, Shanghai, Mainland China",,,31.039774,121.74634,,https://www.ihg.com/holidayinnexpress/hotels/us/en/shanghai/shawa/hoteldetail,https://www.ihg.com/holidayinnexpress/hotels/cn/zh/shanghai/shawa/hoteldetail,,,,,
IHG-SHABJ,Holiday Inn Express Shanghai Xuhui Binjiang,,Holiday Inn Express,智选假日酒店,ihg-holiday-inn-express,FULLY_BOOKABLE,Hotel,Hotel,Shanghai,上海,Shanghai,上海,"No.888 Wangyue Road, Xuhui District, Shanghai, Shanghai, 200231, Mainland China",,200231,31.117191,121.46083,86-21-56889999,https://www.ihg.com/holidayinnexpress/hotels/us/en/shanghai/shabj/hoteldetail,https://www.ihg.com/holidayinnexpress/hotels/cn/zh/shanghai/shabj/hoteldetail,,,,,
IHG-SHGZP,Holiday Inn Express Shanghai Zhenping,,Holiday Inn Express,智选假日酒店,ihg-holiday-inn-express,FULLY_BOOKABLE,Hotel,Hotel,Shanghai,上海,Shanghai,上海,"No. 2088, Zhongshan North Road, Putuo District, Shanghai, Shanghai, 200063, Mainland China",,200063,31.247532,121.43057,86-21-22317799x6607,https://www.ihg.com/holidayinnexpress/hotels/us/en/shanghai/shgzp/hoteldetail,https://www.ihg.com/holidayinnexpress/hotels/cn/zh/shanghai/shgzp/hoteldetail,,,,,
IHG-SHGXR,Holiday Inn Shanghai Hongqiao,,Holiday Inn,假日酒店,ihg-holiday-inn,FULLY_BOOKABLE,Hotel,Hotel,Shanghai,上海,Shanghai,上海,"No.3555 QiXin Road, Minhang District, Shanghai, Shanghai, 201101, Mainland China",,201101,31.162483,121.342926,86-21-33571999x8116,https://www.ihg.com/holidayinn/hotels/us/en/shanghai/shgxr/hoteldetail,https://www.ihg.com/holidayinn/hotels/cn/zh/shanghai/shgxr/hoteldetail,,,,,
IHG-SHGJL,Holiday Inn Shanghai Hongqiao Central,,Holiday Inn,假日酒店,ihg-holiday-inn,FULLY_BOOKABLE,Hotel,Hotel,Shanghai,上海,Shanghai,上海,"No. 448 Zunyi Road, Changning District, Shanghai, Shanghai, 200051, Mainland China",,200051,31.211931,121.40832,86-21-22161888,https://www.ihg.com/holidayinn/hotels/us/en/shanghai/shgjl/hoteldetail,https://www.ihg.com/holidayinn/hotels/cn/zh/shanghai/shgjl/hoteldetail,,,,,
IHG-SHGXJ,Holiday Inn Shanghai Hongqiao West,,Holiday Inn,假日酒店,ihg-holiday-inn,FULLY_BOOKABLE,Hotel,Hotel,Shanghai,上海,Shanghai,上海,"2000 Huqingping Road, Qingpu District, Shanghai, Shanghai, 201702, Mainland China",,201702,31.16599,121.2708,86-21-39738888x280,https://www.ihg.com/holidayinn/hotels/us/en/shanghai/shgxj/hoteldetail,https://www.ihg.com/holidayinn/hotels/cn/zh/shanghai/shgxj/hoteldetail,,,,,
IHG-SHACR,Holiday Inn Shanghai Huaxia,,Holiday Inn,假日酒店,ihg-holiday-inn,FULLY_BOOKABLE,Hotel,Hotel,Shanghai,上海,Shanghai,上海,"No. 38 Caobao Road, Xuhui District, Shanghai, Shanghai, 200235, Mainland China",,200235,31.16772,121.43,86-21-38534753x5012,https://www.ihg.com/holidayinn/hotels/us/en/shanghai/shacr/hoteldetail,https://www.ihg.com/holidayinn/hotels/cn/zh/shanghai/shacr/hoteldetail,,,,,
IHG-SHGZB,Holiday Inn Shanghai Jing'an,,Holiday Inn,假日酒店,ihg-holiday-inn,FULLY_BOOKABLE,Hotel,Hotel,Shanghai,上海,Shanghai,上海,"No.1738 Zhongxing Road, Shanghai, Shanghai, 200070, Mainland China",,200070,31.25223,121.454025,86-21-36179999x6101,https://www.ihg.com/holidayinn/hotels/us/en/shanghai/shgzb/hoteldetail,https://www.ihg.com/holidayinn/hotels/cn/zh/shanghai/shgzb/hoteldetail,,,,,
IHG-SHAMH,Holiday Inn Shanghai Minhang Center,,Holiday Inn,假日酒店,ihg-holiday-inn,FULLY_BOOKABLE,Hotel,Hotel,Shanghai,上海,Shanghai,上海,"NO.2998 Jindu Road, Minhang District, Shanghai, Shanghai, 201108, Mainland China",,201108,31.084566,121.39845,86-21-61610200,https://www.ihg.com/holidayinn/hotels/us/en/shanghai/shamh/hoteldetail,https://www.ihg.com/holidayinn/hotels/cn/zh/shanghai/shamh/hoteldetail,,,,,
IHG-SHANR,Holiday Inn Shanghai Nanjing Road,,Holiday Inn,假日酒店,ihg-holiday-inn,FULLY_BOOKABLE,Hotel,Hotel,Shanghai,上海,Shanghai,上海,"No. 595 Jiujiang Road, Huangpu District, Shanghai, Shanghai, 200001, Mainland China",,200001,31.234362,121.47962,86-021-33134888,https://www.ihg.com/holidayinn/hotels/us/en/shanghai/shanr/hoteldetail,https://www.ihg.com/holidayinn/hotels/cn/zh/shanghai/shanr/hoteldetail,,,,,
IHG-SHAEC,Holiday Inn Shanghai NECC,,Holiday Inn,假日酒店,ihg-holiday-inn,FULLY_BOOKABLE,Hotel,Hotel,Shanghai,上海,Shanghai,上海,"No. 14, Lane 158, Zhujian Road, Minhang District, Shanghai, Shanghai, Mainland China",,,31.221596,121.28204,,https://www.ihg.com/holidayinn/hotels/us/en/shanghai/shaec/hoteldetail,https://www.ihg.com/holidayinn/hotels/cn/zh/shanghai/shaec/hoteldetail,,,,,
IHG-SHGPD,Holiday Inn Shanghai Pudong,,Holiday Inn,假日酒店,ihg-holiday-inn,FULLY_BOOKABLE,Hotel,Hotel,Shanghai,上海,Shanghai,上海,"899 Dong Fang Road, Pudong New Area, Shanghai, Shanghai, 200122, Mainland China",,200122,31.223068,121.5287,86-21-58306666x70151,https://www.ihg.com/holidayinn/hotels/us/en/shanghai/shgpd/hoteldetail,https://www.ihg.com/holidayinn/hotels/cn/zh/shanghai/shgpd/hoteldetail,,,,,
IHG-SHAPT,Holiday Inn Shanghai Pudong Airport,,Holiday Inn,假日酒店,ihg-holiday-inn,FULLY_BOOKABLE,Hotel,Hotel,Shanghai,上海,Shanghai,上海,"No.6009 Yingbin Avenue, Pudong New Area, Shanghai, Shanghai, 201209, Mainland China",,201209,31.147465,121.80732,86-021-68618888,https://www.ihg.com/holidayinn/hotels/us/en/shanghai/shapt/hoteldetail,https://www.ihg.com/holidayinn/hotels/cn/zh/shanghai/shapt/hoteldetail,,,,,
IHG-SHGKS,Holiday Inn Shanghai Pudong Kangqiao,,Holiday Inn,假日酒店,ihg-holiday-inn,FULLY_BOOKABLE,Hotel,Hotel,Shanghai,上海,Shanghai,上海,"No.1088 Xiuyan Road, Pudong New Area, Shanghai, Shanghai, 201315, Mainland China",,201315,31.134281,121.58166,86-21-38291888x2688,https://www.ihg.com/holidayinn/hotels/us/en/shanghai/shgks/hoteldetail,https://www.ihg.com/holidayinn/hotels/cn/zh/shanghai/shgks/hoteldetail,,,,,
IHG-SHGPN,Holiday Inn Shanghai Pudong Nanpu,,Holiday Inn,假日酒店,ihg-holiday-inn,FULLY_BOOKABLE,Hotel,Hotel,Shanghai,上海,Shanghai,上海,"No 55, Huanlong Road, Pudong New Area, Shanghai, Shanghai, 200127, Mainland China",,200127,31.206457,121.52852,86-21-68629988x1,https://www.ihg.com/holidayinn/hotels/us/en/shanghai/shgpn/hoteldetail,https://www.ihg.com/holidayinn/hotels/cn/zh/shanghai/shgpn/hoteldetail,,,,,
IHG-SHGSJ,Holiday Inn Shanghai Songjiang,,Holiday Inn,假日酒店,ihg-holiday-inn,FULLY_BOOKABLE,Hotel,Hotel,Shanghai,上海,Shanghai,上海,"No. 83, Middle Zhongshan Road, Songjiang District, Shanghai, Shanghai, 201600, Mainland China",,201600,31.00626,121.235115,86-021-37859999x8101,https://www.ihg.com/holidayinn/hotels/us/en/shanghai/shgsj/hoteldetail,https://www.ihg.com/holidayinn/hotels/cn/zh/shanghai/shgsj/hoteldetail,,,,,
IHG-SHATZ,Holiday Inn Shanghai Tourism Zone,,Holiday Inn,假日酒店,ihg-holiday-inn,FULLY_BOOKABLE,Hotel,Hotel,Shanghai,上海,Shanghai,上海,"Building 62-67, 70-73, No.179, Lianmin Village, Shanghai, Shanghai, 201200, Mainland China",,201200,31.092491,121.68258,86-21-5013x3333,https://www.ihg.com/holidayinn/hotels/us/en/shanghai/shatz/hoteldetail,https://www.ihg.com/holidayinn/hotels/cn/zh/shanghai/shatz/hoteldetail,,,,,
IHG-SHGGJ,Holiday Inn Shanghai Vista,,Holiday Inn,假日酒店,ihg-holiday-inn,FULLY_BOOKABLE,Hotel,Hotel,Shanghai,上海,Shanghai,上海,"700 Changshou Road, Putuo District, Shanghai, Shanghai, 200060, Mainland China",,200060,31.237982,121.43334,86-21-62768888x2133,https://www.ihg.com/holidayinn/hotels/us/en/shanghai/shggj/hoteldetail,https://www.ihg.com/holidayinn/hotels/cn/zh/shanghai/shggj/hoteldetail,,,,,
IHG-SHASZ,Holiday Inn Shanghai Zhujiajiao,,Holiday Inn,假日酒店,ihg-holiday-inn,FULLY_BOOKABLE,Hotel,Hotel,Shanghai,上海,Shanghai,上海,"No. 322 Zhuhu Road, Qingpu District, Shanghai, Shanghai, Mainland China",,,31.112555,121.05072,,https://www.ihg.com/holidayinn/hotels/us/en/shanghai/shasz/hoteldetail,https://www.ihg.com/holidayinn/hotels/cn/zh/shanghai/shasz/hoteldetail,,,,,
IHG-SHGJN,Hotel Indigo Shanghai Jing'An,,Hotel Indigo,英迪格酒店,ihg-hotel-indigo,FULLY_BOOKABLE,Hotel,Hotel,Shanghai,上海,Shanghai,上海,"No. 28 Yutong Road, Jingan District, Shanghai, Shanghai, 200070, Mainland China",,200070,31.24354,121.45281,86-21-52539988x7101,https://www.ihg.com/hotelindigo/hotels/us/en/shanghai/shgjn/hoteldetail,https://www.ihg.com/hotelindigo/hotels/cn/zh/shanghai/shgjn/hoteldetail,,,,,
IHG-SHGNB,Hotel Indigo Shanghai On The Bund,,Hotel Indigo,英迪格酒店,ihg-hotel-indigo,FULLY_BOOKABLE,Hotel,Hotel,Shanghai,上海,Shanghai,上海,"No.585 Zhong Shan Dong Er Road, Huangpu District, Shanghai, Shanghai, 200010, Mainland China",,200010,31.226194,121.500015,86-21-33029999x6108,https://www.ihg.com/hotelindigo/hotels/us/en/shanghai/shgnb/hoteldetail,https://www.ihg.com/hotelindigo/hotels/cn/zh/shanghai/shgnb/hoteldetail,,,,,
IHG-SHASC,HUALUXE Shanghai Changfeng Park,,HUALUXE,华邑酒店及度假村,ihg-hualuxe,FULLY_BOOKABLE,Hotel,Hotel,Shanghai,上海,Shanghai,上海,"No.388, Da Du He Rd, Putuo District, Shanghai, Shanghai, 200062, Mainland China",,200062,31.22459,121.39459,86-21-22509999x8100,https://www.ihg.com/hotels/us/en/shanghai/shasc/hoteldetail,https://www.ihg.com/hotels/cn/zh/shanghai/shasc/hoteldetail,,,,,
IHG-SHAHG,HUALUXE Shanghai Twelve at Hengshan,,HUALUXE,华邑酒店及度假村,ihg-hualuxe,FULLY_BOOKABLE,Hotel,Hotel,Shanghai,上海,Shanghai,上海,"12 Hengshan Road Xuhui District, Shanghai, Shanghai, 200031, Mainland China",,200031,31.20493,121.44647,86-21-33383888,https://www.ihg.com/hotels/us/en/shanghai/shahg/hoteldetail,https://www.ihg.com/hotels/cn/zh/shanghai/shahg/hoteldetail,,,,,
IHG-SHGHB,InterContinental Shanghai Expo,,InterContinental,洲际酒店及度假村,ihg-intercontinental,FULLY_BOOKABLE,Hotel,Hotel,Shanghai,上海,Shanghai,上海,"No.1188 Xueye Road, Pudong New Area, Shanghai, Shanghai, 200125, Mainland China",,200125,31.19889,121.50537,86-21-38581188x5788,https://www.ihg.com/intercontinental/hotels/us/en/shanghai/shghb/hoteldetail,https://www.ihg.com/intercontinental/hotels/cn/zh/shanghai/shghb/hoteldetail,,,,,
IHG-SHGIC,InterContinental Shanghai Hongqiao NECC,,InterContinental,洲际酒店及度假村,ihg-intercontinental,FULLY_BOOKABLE,Hotel,Hotel,Shanghai,上海,Shanghai,上海,"Gate 3, No. 1700 Zhuguang Road, Shanghai, Shanghai, 201702, Mainland China",,201702,31.185919,121.300804,86-21-67001888,https://www.ihg.com/intercontinental/hotels/us/en/shanghai/shgic/hoteldetail,https://www.ihg.com/intercontinental/hotels/cn/zh/shanghai/shgic/hoteldetail,,,,,
IHG-SHGZD,InterContinental Shanghai Jing'An,,InterContinental,洲际酒店及度假村,ihg-intercontinental,FULLY_BOOKABLE,Hotel,Hotel,Shanghai,上海,Shanghai,上海,"No. 500 Heng Feng Road, Jing An District, Shanghai, Shanghai, 200070, Mainland China",,200070,31.24441,121.4532,86-21-52539999x6178,https://www.ihg.com/intercontinental/hotels/us/en/shanghai/shgzd/hoteldetail,https://www.ihg.com/intercontinental/hotels/cn/zh/shanghai/shgzd/hoteldetail,,,,,
IHG-SHAES,InterContinental Shanghai Jing'an Serviced Apt.,,InterContinental,洲际酒店及度假村,ihg-intercontinental,FULLY_BOOKABLE,Hotel,Hotel,Shanghai,上海,Shanghai,上海,"No.59 West Chang'an Road, Shanghai, Shanghai, 200040, Mainland China",,200040,31.24467,121.4536,86-021-6022x0666,https://www.ihg.com/intercontinental/hotels/us/en/shanghai/shaes/hoteldetail,https://www.ihg.com/intercontinental/hotels/cn/zh/shanghai/shaes/hoteldetail,,,,,
IHG-SHGHA,InterContinental Shanghai Pudong,,InterContinental,洲际酒店及度假村,ihg-intercontinental,FULLY_BOOKABLE,Hotel,Hotel,Shanghai,上海,Shanghai,上海,"No.777 Zhangyang Road, Pudong New Area, Shanghai, Shanghai, 200120, Mainland China",,200120,31.229467,121.52166,86-21-58356666x3128,https://www.ihg.com/intercontinental/hotels/us/en/shanghai/shgha/hoteldetail,https://www.ihg.com/intercontinental/hotels/cn/zh/shanghai/shgha/hoteldetail,,,,,
IHG-SHGSR,InterContinental Shanghai Ruijin,,InterContinental,洲际酒店及度假村,ihg-intercontinental,FULLY_BOOKABLE,Hotel,Hotel,Shanghai,上海,Shanghai,上海,"No. 118 Ruijin Er Road, Shanghai, Shanghai, 200020, Mainland China",,200020,31.213137,121.464165,86-21-64725222x8011,https://www.ihg.com/intercontinental/hotels/us/en/shanghai/shgsr/hoteldetail,https://www.ihg.com/intercontinental/hotels/cn/zh/shanghai/shgsr/hoteldetail,,,,,
IHG-SHGHE,InterContinental Shanghai Wonderland,,InterContinental,洲际酒店及度假村,ihg-intercontinental,FULLY_BOOKABLE,Hotel,Hotel,Shanghai,上海,Shanghai,上海,"Chen Hua Road No. 5888, Songjiang District, Shanghai, Shanghai, 201619, Mainland China",,201619,31.058172,121.15566,86-21-67661888x7388,https://www.ihg.com/intercontinental/hotels/us/en/shanghai/shghe/hoteldetail,https://www.ihg.com/intercontinental/hotels/cn/zh/shanghai/shghe/hoteldetail,,,,,
IHG-SHAKP,Kimpton Nine Trees Shanghai,,Kimpton,金普顿酒店及餐厅,ihg-kimpton,FULLY_BOOKABLE,Hotel,Hotel,Shanghai,上海,Shanghai,上海,"No. 97, Shu Huan Road, Fengxian District, Shanghai, Shanghai, 201499, Mainland China",,201499,30.941841,121.48717,,https://www.ihg.com/kimptonhotels/hotels/us/en/shanghai/shakp/hoteldetail,https://www.ihg.com/kimptonhotels/hotels/cn/zh/shanghai/shakp/hoteldetail,,,,,
IHG-SHANB,Kimpton Qiantan Shanghai,,Kimpton,金普顿酒店及餐厅,ihg-kimpton,FULLY_BOOKABLE,Hotel,Hotel,Shanghai,上海,Shanghai,上海,"No.9, Lane 199 Qian Tan Avenue, Pudong District, Shanghai, Shanghai, 200124, Mainland China",,200124,31.153406,121.473434,,https://www.ihg.com/kimptonhotels/hotels/us/en/shanghai/shanb/hoteldetail,https://www.ihg.com/kimptonhotels/hotels/cn/zh/shanghai/shanb/hoteldetail,,,,,
IHG-SHABN,Regent Shanghai on the Bund,,Regent,丽晶酒店及度假村,ihg-regent,FULLY_BOOKABLE,Hotel,Hotel,Shanghai,上海,Shanghai,上海,"No.60, Huangpu Road, Hongkou District, Shanghai, Shanghai, 200082, Mainland China",,200082,31.243874,121.49189,86-21-66697799,https://www.ihg.com/regent/hotels/us/en/shanghai/shabn/hoteldetail,https://www.ihg.com/regent/hotels/cn/zh/shanghai/shabn/hoteldetail,,,,,
IHG-SHASD,Regent Shanghai Pudong,,Regent,丽晶酒店及度假村,ihg-regent,FULLY_BOOKABLE,Hotel,Hotel,Shanghai,上海,Shanghai,上海,"210 Century Avenue, Shanghai, Shanghai, 200120, Mainland China",,200120,31.23639,121.505,86-21-20368888x8902,https://www.ihg.com/regent/hotels/us/en/shanghai/shasd/hoteldetail,https://www.ihg.com/regent/hotels/cn/zh/shanghai/shasd/hoteldetail,,,,,
IHG-SHAOS,Vignette Collection THE ONE Shanghai Downtown,,Vignette Collection,Vignette Collection,ihg-vignette-collection,FULLY_BOOKABLE,Hotel,Hotel,Shanghai,上海,Shanghai,上海,"No. 601 Fengyang Road, Jing'an District, Shanghai, Shanghai, 200041, Mainland China",,200041,31.232197,121.465034,86-21-61571688,https://www.ihg.com/vignettecollection/hotels/us/en/shanghai/shaos/hoteldetail,https://www.ihg.com/vignettecollection/hotels/cn/zh/shanghai/shaos/hoteldetail,,,,,
IHG-SHAJJ,voco Shanghai Hongqiao Hub,,voco,voco 酒店,ihg-voco,FULLY_BOOKABLE,Hotel,Hotel,Shanghai,上海,Shanghai,上海,"Jiangqiao Town, Jiading District, Shanghai, Shanghai, 201803, Mainland China",,201803,31.241571,121.32929,86-21-67088888,https://www.ihg.com/voco/hotels/us/en/shanghai/shajj/hoteldetail,https://www.ihg.com/voco/hotels/cn/zh/shanghai/shajj/hoteldetail,,,,,
IHG-SHAZJ,voco Shanghai Zhangjiang,,voco,voco 酒店,ihg-voco,FULLY_BOOKABLE,Hotel,Hotel,Shanghai,上海,Shanghai,上海,"No. 811 East Huaxia Road, Pudong New Area, Shanghai, Shanghai, 201200, Mainland China",,201200,31.196558,121.66468,86-21-38809999,https://www.ihg.com/voco/hotels/us/en/shanghai/shazj/hoteldetail,https://www.ihg.com/voco/hotels/cn/zh/shanghai/shazj/hoteldetail,,,,,
IHG-SHAVO,voco Suites Shanghai Hongqiao CBD,,voco,voco 酒店,ihg-voco,FULLY_BOOKABLE,Hotel,Hotel,Shanghai,上海,Shanghai,上海,"No. 1 (B) Lane 35 Hua Lai Road, Minhang District, Shanghai, Shanghai, 201107, Mainland China",,201107,31.197561,121.30281,86-021-52636666,https://www.ihg.com/voco/hotels/us/en/shanghai/shavo/hoteldetail,https://www.ihg.com/voco/hotels/cn/zh/shanghai/shavo/hoteldetail,,,,,
IHG-XIYSH,Crowne Plaza Shangluo,,Crowne Plaza,皇冠假日酒店,ihg-crowne-plaza,FULLY_BOOKABLE,Hotel,Hotel,Shangluo,,Shaanxi,,"The Junction of Shangzhou West Road & Shangyang Avenue, Shangluo, Shaanxi, 726000, Mainland China",,726000,33.87229,109.91418,86-0914-8077777x6600,https://www.ihg.com/crowneplaza/hotels/us/en/shangluo/xiysh/hoteldetail,https://www.ihg.com/crowneplaza/hotels/cn/zh/shangluo/xiysh/hoteldetail,,,,,
IHG-SQDRS,Holiday Inn Express Shangrao Railway Station,,Holiday Inn Express,智选假日酒店,ihg-holiday-inn-express,FULLY_BOOKABLE,Hotel,Hotel,Shangrao,,Jiangxi,,"No. 18 Fenghuang East Avenue, Shangrao, Jiangxi, 334001, Mainland China",,334001,28.483252,118.00359,86-793-8355999,https://www.ihg.com/holidayinnexpress/hotels/us/en/shangrao/sqdrs/hoteldetail,https://www.ihg.com/holidayinnexpress/hotels/cn/zh/shangrao/sqdrs/hoteldetail,,,,,
IHG-DIGSH,Holiday Inn Express Shangri-La,,Holiday Inn Express,智选假日酒店,ihg-holiday-inn-express,FULLY_BOOKABLE,Hotel,Hotel,Shangri-La,,Yunnan,,"No.69 Yangtang Road, Jiantang Town, Shangri-La, Yunnan, 674499, Mainland China",,674499,27.828108,99.714935,86-887-8212888,https://www.ihg.com/holidayinnexpress/hotels/us/en/shangri-la/digsh/hoteldetail,https://www.ihg.com/holidayinnexpress/hotels/cn/zh/shangri-la/digsh/hoteldetail,,,,,
IHG-SWASC,Holiday Inn Express Shantou Chenghai,,Holiday Inn Express,智选假日酒店,ihg-holiday-inn-express,FULLY_BOOKABLE,Hotel,Hotel,Shantou,,Guangdong,,"No.1 Fuxin South Road, Guangyi Street, Shantou, Guangdong, 515800, Mainland China",,515800,23.484985,116.766525,86-754-87229999,https://www.ihg.com/holidayinnexpress/hotels/us/en/shantou/swasc/hoteldetail,https://www.ihg.com/holidayinnexpress/hotels/cn/zh/shantou/swasc/hoteldetail,,,,,
IHG-SWACC,Holiday Inn Express Shantou City Center,,Holiday Inn Express,智选假日酒店,ihg-holiday-inn-express,FULLY_BOOKABLE,Hotel,Hotel,Shantou,,Guangdong,,"No. 6 Hengshan Road, Longhu District, Shantou, Guangdong, 515041, Mainland China",,515041,23.35846,116.73237,86-754-89980888x0,https://www.ihg.com/holidayinnexpress/hotels/us/en/shantou/swacc/hoteldetail,https://www.ihg.com/holidayinnexpress/hotels/cn/zh/shantou/swacc/hoteldetail,,,,,
IHG-HSCSD,Holiday Inn Shaoguan Downtown,,Holiday Inn,假日酒店,ihg-holiday-inn,FULLY_BOOKABLE,Hotel,Hotel,Shaoguan,,Guangdong,,"No.32 Furong Road North, Wujiang District, Shaoguan, Guangdong, 512026, Mainland China",,512026,24.796803,113.567184,86-751-8689999,https://www.ihg.com/holidayinn/hotels/us/en/shaoguan/hscsd/hoteldetail,https://www.ihg.com/holidayinn/hotels/cn/zh/shaoguan/hscsd/hoteldetail,,,,,
IHG-HSCQS,Holiday Inn Shaoguan Shaozhou City,,Holiday Inn,假日酒店,ihg-holiday-inn,FULLY_BOOKABLE,Hotel,Hotel,Shaoguan,,Guangdong,,"No.1 Shaozhou Boulevard, Qujiang District, Shaoguan, Guangdong, 512199, Mainland China",,512199,24.685938,113.58983,86-751-6680888,https://www.ihg.com/holidayinn/hotels/us/en/shaoguan/hscqs/hoteldetail,https://www.ihg.com/holidayinn/hotels/cn/zh/shaoguan/hscqs/hoteldetail,,,,,
IHG-HGHSX,Crowne Plaza Shaoxing,,Crowne Plaza,皇冠假日酒店,ihg-crowne-plaza,FULLY_BOOKABLE,Hotel,Hotel,Shaoxing,,Zhejiang,,"No. 379 Shengli Road E,Yuecheng District, Shaoxing, Zhejiang, 312000, Mainland China",,312000,30.004337,120.60329,86-575-89108888,https://www.ihg.com/crowneplaza/hotels/us/en/shaoxing/hghsx/hoteldetail,https://www.ihg.com/crowneplaza/hotels/cn/zh/shaoxing/hghsx/hoteldetail,,,,,
IHG-RNXSB,Crowne Plaza Shaoxing Binhai New Area,,Crowne Plaza,皇冠假日酒店,ihg-crowne-plaza,FULLY_BOOKABLE,Hotel,Hotel,Shaoxing,,Zhejiang,,"No. 888 Xincheng Avenue, Shaoxing, Zhejiang, 312300, Mainland China",,312300,30.130594,120.75102,86-0575-88778888,https://www.ihg.com/crowneplaza/hotels/us/en/shaoxing/rnxsb/hoteldetail,https://www.ihg.com/crowneplaza/hotels/cn/zh/shaoxing/rnxsb/hoteldetail,,,,,
IHG-RNXSP,Holiday Inn Express Shaoxing Paojiang,,Holiday Inn Express,智选假日酒店,ihg-holiday-inn-express,FULLY_BOOKABLE,Hotel,Hotel,Shaoxing,,Zhejiang,,"No. 1 Yuxian East Road, Paojiang Development District, Shaoxing, Zhejiang, 312075, Mainland China",,312075,30.072304,120.60344,86-0575-88006699,https://www.ihg.com/holidayinnexpress/hotels/us/en/shaoxing/rnxsp/hoteldetail,https://www.ihg.com/holidayinnexpress/hotels/cn/zh/shaoxing/rnxsp/hoteldetail,,,,,
IHG-HGHSC,Holiday Inn Shaoxing,,Holiday Inn,假日酒店,ihg-holiday-inn,FULLY_BOOKABLE,Hotel,Hotel,Shaoxing,,Zhejiang,,"No.89 Fanli Road, Yuecheng District, Shaoxing, Zhejiang, 312000, Mainland China",,312000,30.006247,120.5972,86-575-89108888,https://www.ihg.com/holidayinn/hotels/us/en/shaoxing/hghsc/hoteldetail,https://www.ihg.com/holidayinn/hotels/cn/zh/shaoxing/hghsc/hoteldetail,,,,,
IHG-HPGSH,Crowne Plaza Shennongjia,,Crowne Plaza,皇冠假日酒店,ihg-crowne-plaza,FULLY_BOOKABLE,Hotel,Hotel,Shennongjia,,Hubei,,"No.2, Ji Chang Road, Hongping Town, Shennongjia, Hubei, 442400, Mainland China",,442400,31.635832,110.358246,86-719-3399999,https://www.ihg.com/crowneplaza/hotels/us/en/shennongjia/hpgsh/hoteldetail,https://www.ihg.com/crowneplaza/hotels/cn/zh/shennongjia/hpgsh/hoteldetail,,,,,
IHG-SHNGC,Holiday Inn Express Shenyang Golden Corridor,,Holiday Inn Express,智选假日酒店,ihg-holiday-inn-express,FULLY_BOOKABLE,Hotel,Hotel,Shenyang,,Liaoning,,"No. 169-2D Qingnian Street, Shenhe District, Shenyang, Liaoning, 110003, Mainland China",,110003,41.76681,123.43631,86-24-31972000x6612,https://www.ihg.com/holidayinnexpress/hotels/us/en/shenyang/shngc/hoteldetail,https://www.ihg.com/holidayinnexpress/hotels/cn/zh/shenyang/shngc/hoteldetail,,,,,
IHG-SHEEX,Holiday Inn Express Shenyang North Station,,Holiday Inn Express,智选假日酒店,ihg-holiday-inn-express,FULLY_BOOKABLE,Hotel,Hotel,Shenyang,,Liaoning,,"No. 41 Beizhan Yi Road, Shenhe District, Shenyang, Liaoning, 110000, Mainland China",,110000,41.81825,123.4449,86-24-22500088,https://www.ihg.com/holidayinnexpress/hotels/us/en/shenyang/sheex/hoteldetail,https://www.ihg.com/holidayinnexpress/hotels/cn/zh/shenyang/sheex/hoteldetail,,,,,
IHG-SHNST,Holiday Inn Express Shenyang Tawan,,Holiday Inn Express,智选假日酒店,ihg-holiday-inn-express,FULLY_BOOKABLE,Hotel,Hotel,Shenyang,,Liaoning,,"No. 85-12 Kunshan West Road, Huanggu District, Shenyang, Liaoning, 110036, Mainland China",,110036,41.821117,123.37305,86-24-86865555,https://www.ihg.com/holidayinnexpress/hotels/us/en/shenyang/shnst/hoteldetail,https://www.ihg.com/holidayinnexpress/hotels/cn/zh/shenyang/shnst/hoteldetail,,,,,
IHG-SZXNH,Atwell Suites Shenzhen Nanshan,,Atwell Suites,Atwell Suites,ihg-atwell-suites,FULLY_BOOKABLE,Hotel,Hotel,Shenzhen,深圳,Guangdong,,"1001 Nanshan Avenue, Shenzhen, Guangdong, 518056, Mainland China",,518056,22.51467,113.91626,86-755-86517777,https://www.ihg.com/atwellsuites/hotels/us/en/shenzhen/szxnh/hoteldetail,https://www.ihg.com/atwellsuites/hotels/cn/zh/shenzhen/szxnh/hoteldetail,,,,,
IHG-SZXLM,Crowne Plaza Hotel&Suites Landmark Shenzhen,,Crowne Plaza,皇冠假日酒店,ihg-crowne-plaza,FULLY_BOOKABLE,Hotel,Hotel,Shenzhen,深圳,Guangdong,,"3018 Nanhu Rd Luohu District, Shenzhen, Guangdong, 518001, Mainland China",,518001,22.542288,114.12089,86-755-82172288x3199,https://www.ihg.com/crowneplaza/hotels/us/en/shenzhen/szxlm/hoteldetail,https://www.ihg.com/crowneplaza/hotels/cn/zh/shenzhen/szxlm/hoteldetail,,,,,
IHG-SZXSF,Crowne Plaza Shenzhen Futian,,Crowne Plaza,皇冠假日酒店,ihg-crowne-plaza,FULLY_BOOKABLE,Hotel,Hotel,Shenzhen,深圳,Guangdong,,"No. 28, Fuhua 1st Road, Futian District, Shenzhen, Guangdong, 518048, Mainland China",,518048,22.537079,114.05351,86-755-82989888x8118,https://www.ihg.com/crowneplaza/hotels/us/en/shenzhen/szxsf/hoteldetail,https://www.ihg.com/crowneplaza/hotels/cn/zh/shenzhen/szxsf/hoteldetail,,,,,
IHG-SZXTR,Crowne Plaza Shenzhen Longgang City Centre,,Crowne Plaza,皇冠假日酒店,ihg-crowne-plaza,FULLY_BOOKABLE,Hotel,Hotel,Shenzhen,深圳,Guangdong,,"9009 Longxiang Avenue, Longgang City Centre, Shenzhen, Guangdong, 518172, Mainland China",,518172,22.723148,114.25042,86-755-33181888x2,https://www.ihg.com/crowneplaza/hotels/us/en/shenzhen/szxtr/hoteldetail,https://www.ihg.com/crowneplaza/hotels/cn/zh/shenzhen/szxtr/hoteldetail,,,,,
IHG-SZXSN,Crowne Plaza Shenzhen Nanshan,,Crowne Plaza,皇冠假日酒店,ihg-crowne-plaza,FULLY_BOOKABLE,Hotel,Hotel,Shenzhen,深圳,Guangdong,,"No.9819 Shennan Boulevard, Shenzhen, Guangdong, 518054, Mainland China",,518054,22.538847,113.94547,86-755-86328888,https://www.ihg.com/crowneplaza/hotels/us/en/shenzhen/szxsn/hoteldetail,https://www.ihg.com/crowneplaza/hotels/cn/zh/shenzhen/szxsn/hoteldetail,,,,,
IHG-SZXIC,Crowne Plaza Shenzhen WECC,,Crowne Plaza,皇冠假日酒店,ihg-crowne-plaza,FULLY_BOOKABLE,Hotel,Hotel,Shenzhen,深圳,Guangdong,,"No.8, Zhanyun Road, Baoan District, Shenzhen, Guangdong, 518100, Mainland China",,518100,22.686777,113.77772,86-0755-29923999,https://www.ihg.com/crowneplaza/hotels/us/en/shenzhen/szxic/hoteldetail,https://www.ihg.com/crowneplaza/hotels/cn/zh/shenzhen/szxic/hoteldetail,,,,,
IHG-SZXCY,EVEN Hotel Shenzhen Guangming Cloud Park,,EVEN Hotel,逸衡酒店,ihg-even-hotel,FULLY_BOOKABLE,Hotel,Hotel,Shenzhen,深圳,Guangdong,,"Block B-2 (6-12 Floor), No.98 Zhenyuan Road, Shenzhen, Guangdong, 518000, Mainland China",,518000,22.79239,113.9661,86-755-88655588,https://www.ihg.com/evenhotels/hotels/us/en/shenzhen/szxcy/hoteldetail,https://www.ihg.com/evenhotels/hotels/cn/zh/shenzhen/szxcy/hoteldetail,,,,,
IHG-SZXEV,EVEN Hotel Shenzhen Nanshan,,EVEN Hotel,逸衡酒店,ihg-even-hotel,FULLY_BOOKABLE,Hotel,Hotel,Shenzhen,深圳,Guangdong,,"No. 2017 Qianhai Road, Nanshan District, Shenzhen, Guangdong, 518052, Mainland China",,518052,22.523382,113.91406,86-755-86956666,https://www.ihg.com/evenhotels/hotels/us/en/shenzhen/szxev/hoteldetail,https://www.ihg.com/evenhotels/hotels/cn/zh/shenzhen/szxev/hoteldetail,,,,,
IHG-SZXBA,Holiday Inn Express Shenzhen Baolong Metro Station,,Holiday Inn Express,智选假日酒店,ihg-holiday-inn-express,FULLY_BOOKABLE,Hotel,Hotel,Shenzhen,深圳,Guangdong,,"Building 5, Yahuilong Qide Building, Shenzhen, Guangdong, 518000, Mainland China",,518000,22.69274,114.29202,86-755-89261888,https://www.ihg.com/holidayinnexpress/hotels/us/en/shenzhen/szxba/hoteldetail,https://www.ihg.com/holidayinnexpress/hotels/cn/zh/shenzhen/szxba/hoteldetail,,,,,
IHG-SZXSB,Holiday Inn Express Shenzhen Bay,,Holiday Inn Express,智选假日酒店,ihg-holiday-inn-express,FULLY_BOOKABLE,Hotel,Hotel,Shenzhen,深圳,Guangdong,,"A8 Music Building, No. 99, Gaoxin South 9th Road, Shenzhen, Guangdong, 518000, Mainland China",,518000,22.522188,113.938545,,https://www.ihg.com/holidayinnexpress/hotels/us/en/shenzhen/szxsb/hoteldetail,https://www.ihg.com/holidayinnexpress/hotels/cn/zh/shenzhen/szxsb/hoteldetail,,,,,
IHG-SZXDM,Holiday Inn Express Shenzhen Dongmen,,Holiday Inn Express,智选假日酒店,ihg-holiday-inn-express,FULLY_BOOKABLE,Hotel,Hotel,Shenzhen,深圳,Guangdong,,"Jintong Block A NO.1052 Aiguo Road Luohu District, Shenzhen, Guangdong, 518003, Mainland China",,518003,22.552738,114.13321,86-0755-82630888,https://www.ihg.com/holidayinnexpress/hotels/us/en/shenzhen/szxdm/hoteldetail,https://www.ihg.com/holidayinnexpress/hotels/cn/zh/shenzhen/szxdm/hoteldetail,,,,,
IHG-SZXFC,Holiday Inn Express Shenzhen Futian Center,,Holiday Inn Express,智选假日酒店,ihg-holiday-inn-express,FULLY_BOOKABLE,Hotel,Hotel,Shenzhen,深圳,Guangdong,,"No. 18 Xinsha Road, Shatou Street Futian District, Shenzhen, Guangdong, 518048, Mainland China",,518048,22.529997,114.04463,86-755-29092888,https://www.ihg.com/holidayinnexpress/hotels/us/en/shenzhen/szxfc/hoteldetail,https://www.ihg.com/holidayinnexpress/hotels/cn/zh/shenzhen/szxfc/hoteldetail,,,,,
IHG-SZXGM,Holiday Inn Express Shenzhen Guangming,,Holiday Inn Express,智选假日酒店,ihg-holiday-inn-express,FULLY_BOOKABLE,Hotel,Hotel,Shenzhen,深圳,Guangdong,,"No.8, Guangyuan 4th Road, Guangming District, Shenzhen, Guangdong, 518106, Mainland China",,518106,22.740648,113.93646,86-755-88658688,https://www.ihg.com/holidayinnexpress/hotels/us/en/shenzhen/szxgm/hoteldetail,https://www.ihg.com/holidayinnexpress/hotels/cn/zh/shenzhen/szxgm/hoteldetail,,,,,
IHG-SZXCV,Holiday Inn Express Shenzhen Guangming Cloud Park,,Holiday Inn Express,智选假日酒店,ihg-holiday-inn-express,FULLY_BOOKABLE,Hotel,Hotel,Shenzhen,深圳,Guangdong,,"Block B-1 (5-16 Floor), No.98 Zhenyuan Road, Shenzhen, Guangdong, 518000, Mainland China",,518000,22.792204,113.96529,86-0755-88655588,https://www.ihg.com/holidayinnexpress/hotels/us/en/shenzhen/szxcv/hoteldetail,https://www.ihg.com/holidayinnexpress/hotels/cn/zh/shenzhen/szxcv/hoteldetail,,,,,
IHG-SZXHC,Holiday Inn Express Shenzhen Haiyuan City,,Holiday Inn Express,智选假日酒店,ihg-holiday-inn-express,FULLY_BOOKABLE,Hotel,Hotel,Shenzhen,深圳,Guangdong,,"No.8 Fu'an Boulevard, Longgang, Shenzhen, Guangdong, 518000, Mainland China",,518000,22.682941,114.12581,86-755-89688222x0,https://www.ihg.com/holidayinnexpress/hotels/us/en/shenzhen/szxhc/hoteldetail,https://www.ihg.com/holidayinnexpress/hotels/cn/zh/shenzhen/szxhc/hoteldetail,,,,,
IHG-SZXSL,Holiday Inn Express Shenzhen Longhua,,Holiday Inn Express,智选假日酒店,ihg-holiday-inn-express,FULLY_BOOKABLE,Hotel,Hotel,Shenzhen,深圳,Guangdong,,"No.16 Huaning Road, Dalang Street, Longhua District, Shenzhen, Guangdong, 518109, Mainland China",,518109,22.69027,113.98924,86-755-28036888,https://www.ihg.com/holidayinnexpress/hotels/us/en/shenzhen/szxsl/hoteldetail,https://www.ihg.com/holidayinnexpress/hotels/cn/zh/shenzhen/szxsl/hoteldetail,,,,,
IHG-SZXNO,Holiday Inn Express Shenzhen Nan'ao,,Holiday Inn Express,智选假日酒店,ihg-holiday-inn-express,FULLY_BOOKABLE,Hotel,Hotel,Shenzhen,深圳,Guangdong,,"101, No.19 Haigang Road, Nanyu Community, Nan'ao Street, Shenzhen, Guangdong, 518121, Mainland China",,518121,22.532997,114.49181,86-755-84421888,https://www.ihg.com/holidayinnexpress/hotels/us/en/shenzhen/szxno/hoteldetail,https://www.ihg.com/holidayinnexpress/hotels/cn/zh/shenzhen/szxno/hoteldetail,,,,,
IHG-SZXNN,Holiday Inn Express Shenzhen Nanshan,,Holiday Inn Express,智选假日酒店,ihg-holiday-inn-express,FULLY_BOOKABLE,Hotel,Hotel,Shenzhen,深圳,Guangdong,,"No.62 Guimiao Road, Nanshan Street, Nanshan District, Shenzhen, Guangdong, 518052, Mainland China",,518052,22.524998,113.92108,86-0755-86658588x0,https://www.ihg.com/holidayinnexpress/hotels/us/en/shenzhen/szxnn/hoteldetail,https://www.ihg.com/holidayinnexpress/hotels/cn/zh/shenzhen/szxnn/hoteldetail,,,,,
IHG-SZXST,Holiday Inn Express Shenzhen North Station,,Holiday Inn Express,智选假日酒店,ihg-holiday-inn-express,FULLY_BOOKABLE,Hotel,Hotel,Shenzhen,深圳,Guangdong,,"100M at the intersection of Jinlong Road and Gexin Road, Shenzhen, Guangdong, 518000, Mainland China",,518000,22.597015,114.0454,86-755-29585666,https://www.ihg.com/holidayinnexpress/hotels/us/en/shenzhen/szxst/hoteldetail,https://www.ihg.com/holidayinnexpress/hotels/cn/zh/shenzhen/szxst/hoteldetail,,,,,
IHG-SZXSC,Holiday Inn Express Shenzhen Sports Center,,Holiday Inn Express,智选假日酒店,ihg-holiday-inn-express,FULLY_BOOKABLE,Hotel,Hotel,Shenzhen,深圳,Guangdong,,"Room 316, Buildings 5 and 6, Pengyi Garden, Shenzhen, Guangdong, 518028, Mainland China",,518028,22.56112,114.09447,86-755-88600808,https://www.ihg.com/holidayinnexpress/hotels/us/en/shenzhen/szxsc/hoteldetail,https://www.ihg.com/holidayinnexpress/hotels/cn/zh/shenzhen/szxsc/hoteldetail,,,,,
IHG-SZXCH,Holiday Inn Shenzhen Donghua,,Holiday Inn,假日酒店,ihg-holiday-inn,FULLY_BOOKABLE,Hotel,Hotel,Shenzhen,深圳,Guangdong,,"No. 2307 Donghua Park Nanhai Road, Nanshan District, Shenzhen, Guangdong, 518054, Mainland China",,518054,22.520994,113.92836,86-755-86193999x3400,https://www.ihg.com/holidayinn/hotels/us/en/shenzhen/szxch/hoteldetail,https://www.ihg.com/holidayinn/hotels/cn/zh/shenzhen/szxch/hoteldetail,,,,,
IHG-SZXNA,Holiday Inn Shenzhen Nanshan,,Holiday Inn,假日酒店,ihg-holiday-inn,FULLY_BOOKABLE,Hotel,Hotel,Shenzhen,深圳,Guangdong,,"No.3186 Nanshan Avenue, Nanshan District, Shenzhen, Guangdong, 518052, Mainland China",,518052,22.547586,113.9239,86-755-85598888x8814,https://www.ihg.com/holidayinn/hotels/us/en/shenzhen/szxna/hoteldetail,https://www.ihg.com/holidayinn/hotels/cn/zh/shenzhen/szxna/hoteldetail,,,,,
IHG-SZXSV,Hotel Indigo Shenzhen Overseas Chinese Town,,Hotel Indigo,英迪格酒店,ihg-hotel-indigo,FULLY_BOOKABLE,Hotel,Hotel,Shenzhen,深圳,Guangdong,,"9026 Shennan Rd., Nanshan District, Shenzhen, Guangdong, 518000, Mainland China",,518000,22.536589,113.977234,86-755-26936888,https://www.ihg.com/hotelindigo/hotels/us/en/shenzhen/szxsv/hoteldetail,https://www.ihg.com/hotelindigo/hotels/cn/zh/shenzhen/szxsv/hoteldetail,,,,,
IHG-SZXGB,HUALUXE Shenzhen Bao'an,,HUALUXE,华邑酒店及度假村,ihg-hualuxe,FULLY_BOOKABLE,Hotel,Hotel,Shenzhen,深圳,Guangdong,,"NO.4560, Bao'an Avenue, Shenzhen, Guangdong, 518017, Mainland China",,518017,22.589766,113.8547,86-755-27896666x6207,https://www.ihg.com/hotels/us/en/shenzhen/szxgb/hoteldetail,https://www.ihg.com/hotels/cn/zh/shenzhen/szxgb/hoteldetail,,,,,
IHG-SZXHA,InterContinental Shenzhen,,InterContinental,洲际酒店及度假村,ihg-intercontinental,FULLY_BOOKABLE,Hotel,Hotel,Shenzhen,深圳,Guangdong,,"No. 9009 Shennan Road, Overseas Chinese Town, Shenzhen, Guangdong, 518053, Mainland China",,518053,22.532356,113.98458,86-755-33993388x8107,https://www.ihg.com/intercontinental/hotels/us/en/shenzhen/szxha/hoteldetail,https://www.ihg.com/intercontinental/hotels/cn/zh/shenzhen/szxha/hoteldetail,,,,,
IHG-SZXDR,InterContinental Shenzhen Dameisha Resort,,InterContinental,洲际酒店及度假村,ihg-intercontinental,FULLY_BOOKABLE,Hotel,Hotel,Shenzhen,深圳,Guangdong,,"No. 9 Yankui Road, Dameisha Yantian District, Shenzhen, Guangdong, 518083, Mainland China",,518083,22.597794,114.31467,86-755-88886688x3002,https://www.ihg.com/intercontinental/hotels/us/en/shenzhen/szxdr/hoteldetail,https://www.ihg.com/intercontinental/hotels/cn/zh/shenzhen/szxdr/hoteldetail,,,,,
IHG-SZXFT,InterContinental Shenzhen ICSZ,,InterContinental,洲际酒店及度假村,ihg-intercontinental,FULLY_BOOKABLE,Hotel,Hotel,Shenzhen,深圳,Guangdong,,"No. 3006, Xiangmihu Road, Futian District, Shenzhen, Guangdong, Mainland China",,,22.543325,114.02774,,https://www.ihg.com/intercontinental/hotels/us/en/shenzhen/szxft/hoteldetail,https://www.ihg.com/intercontinental/hotels/cn/zh/shenzhen/szxft/hoteldetail,,,,,
IHG-SZXSW,InterContinental Shenzhen WECC,,InterContinental,洲际酒店及度假村,ihg-intercontinental,FULLY_BOOKABLE,Hotel,Hotel,Shenzhen,深圳,Guangdong,,"101 Block 7 Phase 2, East City Plaza, Expo Bay, Shenzhen, Guangdong, 518103, Mainland China",,518103,22.702469,113.78225,86-0755-33378888,https://www.ihg.com/intercontinental/hotels/us/en/shenzhen/szxsw/hoteldetail,https://www.ihg.com/intercontinental/hotels/cn/zh/shenzhen/szxsw/hoteldetail,,,,,
IHG-SZXSH,voco Suites Shenzhen Huanggang,,voco,voco 酒店,ihg-voco,FULLY_BOOKABLE,Hotel,Hotel,Shenzhen,深圳,Guangdong,,"Building 2, Huanggang Business Center, Shenzhen, Guangdong, 518043, Mainland China",,518043,22.531242,114.06393,86-0755-83839888,https://www.ihg.com/voco/hotels/us/en/shenzhen/szxsh/hoteldetail,https://www.ihg.com/voco/hotels/cn/zh/shenzhen/szxsh/hoteldetail,,,,,
IHG-SJWSH,Holiday Inn Express Shijiazhuang Heping,,Holiday Inn Express,智选假日酒店,ihg-holiday-inn-express,FULLY_BOOKABLE,Hotel,Hotel,Shijiazhuang,,Hebei,,"No.27 East Tangu Road, Changan District, Shijiazhuang, Hebei, 050000, Mainland China",,050000,38.053875,114.57012,86-311-85676666,https://www.ihg.com/holidayinnexpress/hotels/us/en/shijiazhuang/sjwsh/hoteldetail,https://www.ihg.com/holidayinnexpress/hotels/cn/zh/shijiazhuang/sjwsh/hoteldetail,,,,,
IHG-SJWHT,Holiday Inn Express Shijiazhuang High-tech Zone,,Holiday Inn Express,智选假日酒店,ihg-holiday-inn-express,FULLY_BOOKABLE,Hotel,Hotel,Shijiazhuang,,Hebei,,"Block B Jiufu Building, No.51 Tianshan Street, Shijiazhuang, Hebei, 050000, Mainland China",,050000,38.047157,114.60845,86-0311-87819999,https://www.ihg.com/holidayinnexpress/hotels/us/en/shijiazhuang/sjwht/hoteldetail,https://www.ihg.com/holidayinnexpress/hotels/cn/zh/shijiazhuang/sjwht/hoteldetail,,,,,
IHG-SJWSC,Holiday Inn Shijiazhuang Central,,Holiday Inn,假日酒店,ihg-holiday-inn,FULLY_BOOKABLE,Hotel,Hotel,Shijiazhuang,,Hebei,,"No. 15 Yuhua Road (West), Shijiazhuang, Hebei, 050000, Mainland China",,050000,38.03643,114.47979,86-311-67799999x6121,https://www.ihg.com/holidayinn/hotels/us/en/shijiazhuang/sjwsc/hoteldetail,https://www.ihg.com/holidayinn/hotels/cn/zh/shijiazhuang/sjwsc/hoteldetail,,,,,
IHG-SJWTZ,Holiday Inn Shijiazhuang High-tech Zone,,Holiday Inn,假日酒店,ihg-holiday-inn,FULLY_BOOKABLE,Hotel,Hotel,Shijiazhuang,,Hebei,,"No.532 Tianshan South Street, High-Tech Zone, Shijiazhuang, Hebei, 050000, Mainland China",,050000,37.991737,114.60921,86-0311-85026666,https://www.ihg.com/holidayinn/hotels/us/en/shijiazhuang/sjwtz/hoteldetail,https://www.ihg.com/holidayinn/hotels/cn/zh/shijiazhuang/sjwtz/hoteldetail,,,,,
IHG-SJWHH,InterContinental Shijiazhuang,,InterContinental,洲际酒店及度假村,ihg-intercontinental,FULLY_BOOKABLE,Hotel,Hotel,Shijiazhuang,,Hebei,,"No. 119 Huai An East Road, Yuhua District, Shijiazhuang, Hebei, 050030, Mainland China",,050030,38.023075,114.541695,86-311-67796666x6200,https://www.ihg.com/intercontinental/hotels/us/en/shijiazhuang/sjwhh/hoteldetail,https://www.ihg.com/intercontinental/hotels/cn/zh/shijiazhuang/sjwhh/hoteldetail,,,,,
IHG-SJWSJ,Vignette Collection Hebei Grand Hotel,,Vignette Collection,Vignette Collection,ihg-vignette-collection,FULLY_BOOKABLE,Hotel,Hotel,Shijiazhuang,,Hebei,,"Zhihui Plaza, 77 Yutai Road, Shijiazhuang, Hebei, Mainland China",,,37.995884,114.53468,,https://www.ihg.com/vignettecollection/hotels/us/en/shijiazhuang/sjwsj/hoteldetail,https://www.ihg.com/vignettecollection/hotels/cn/zh/shijiazhuang/sjwsj/hoteldetail,,,,,
IHG-CANSH,Holiday Inn Express Sihui City Center,,Holiday Inn Express,智选假日酒店,ihg-holiday-inn-express,FULLY_BOOKABLE,Hotel,Hotel,Sihui,,Guangdong,,"Building 1, No. 9, Plaza South Road, Dongcheng District, Sihui, Guangdong, 526200, Mainland China",,526200,23.320532,112.728455,86-758-3371238,https://www.ihg.com/holidayinnexpress/hotels/us/en/sihui/cansh/hoteldetail,https://www.ihg.com/holidayinnexpress/hotels/cn/zh/sihui/cansh/hoteldetail,,,,,
IHG-KWEQL,Holiday Inn Express Guizhou Qinglong,,Holiday Inn Express,智选假日酒店,ihg-holiday-inn-express,FULLY_BOOKABLE,Hotel,Hotel,Southwest Guizhou,,Guizhou,,"Dongguan Street, A mei qi tuo town, Qinglong County, Southwest Guizhou, Guizhou, 561400, Mainland China",,561400,25.831875,105.24174,86-859-7987777,https://www.ihg.com/holidayinnexpress/hotels/us/en/guiyang/kweql/hoteldetail,https://www.ihg.com/holidayinnexpress/hotels/cn/zh/guiyang/kweql/hoteldetail,,,,,
IHG-SUZCH,Crowne Plaza Suzhou,,Crowne Plaza,皇冠假日酒店,ihg-crowne-plaza,FULLY_BOOKABLE,Hotel,Hotel,Suzhou,,Jiangsu,,"168 Xinggang Street, Suzhou Industrial Park, Suzhou, Jiangsu, 215021, Mainland China",,215021,31.321978,120.68232,86-512-67616688x8588,https://www.ihg.com/crowneplaza/hotels/us/en/suzhou/suzch/hoteldetail,https://www.ihg.com/crowneplaza/hotels/cn/zh/suzhou/suzch/hoteldetail,,,,,
IHG-SZVCR,Crowne Plaza Suzhou East Taihu,,Crowne Plaza,皇冠假日酒店,ihg-crowne-plaza,FULLY_BOOKABLE,Hotel,Hotel,Suzhou,,Jiangsu,,"West Building, No.2777 Kaiping Road, Wujiang District, Suzhou, Jiangsu, 215200, Mainland China",,215200,31.135092,120.61,86-512-88817777,https://www.ihg.com/crowneplaza/hotels/us/en/suzhou/szvcr/hoteldetail,https://www.ihg.com/crowneplaza/hotels/cn/zh/suzhou/szvcr/hoteldetail,,,,,
IHG-SZVTA,Crowne Plaza Suzhou Taihu Lake,,Crowne Plaza,皇冠假日酒店,ihg-crowne-plaza,FULLY_BOOKABLE,Hotel,Hotel,Suzhou,,Jiangsu,,"No.2017 Sunwu Road, Suzhou, Jiangsu, 215164, Mainland China",,215164,31.226215,120.44742,,https://www.ihg.com/crowneplaza/hotels/us/en/suzhou/szvta/hoteldetail,https://www.ihg.com/crowneplaza/hotels/cn/zh/suzhou/szvta/hoteldetail,,,,,
IHG-SZVSW,Crowne Plaza Suzhou Wuzhong,,Crowne Plaza,皇冠假日酒店,ihg-crowne-plaza,FULLY_BOOKABLE,Hotel,Hotel,Suzhou,,Jiangsu,,"No.2 Land, Northwest of Intersection, Suzhou, Jiangsu, Mainland China",,,31.253048,120.629196,,https://www.ihg.com/crowneplaza/hotels/us/en/suzhou/szvsw/hoteldetail,https://www.ihg.com/crowneplaza/hotels/cn/zh/suzhou/szvsw/hoteldetail,,,,,
IHG-SZVGD,EVEN Hotel Suzhou Grand Canal,,EVEN Hotel,逸衡酒店,ihg-even-hotel,FULLY_BOOKABLE,Hotel,Hotel,Suzhou,,Jiangsu,,"101 Room 101, Building 4, Canal Bowan Financial Plaza, Suzhou, Jiangsu, 215011, Mainland China",,215011,31.283678,120.57425,86-0512-68028888x0,https://www.ihg.com/evenhotels/hotels/us/en/suzhou/szvgd/hoteldetail,https://www.ihg.com/evenhotels/hotels/cn/zh/suzhou/szvgd/hoteldetail,,,,,
IHG-SZVXC,Holiday Inn & Suites Suzhou Xiangcheng,,Holiday Inn & Suites,假日套房酒店,ihg-holiday-inn-and-suites,FULLY_BOOKABLE,Hotel,Hotel,Suzhou,,Jiangsu,,"No. 1189, Kangyuan Road, Chengyang Street, Suzhou, Jiangsu, 215100, Mainland China",,215100,31.39474,120.636856,,https://www.ihg.com/holidayinn/hotels/us/en/suzhou/szvxc/hoteldetail,https://www.ihg.com/holidayinn/hotels/cn/zh/suzhou/szvxc/hoteldetail,,,,,
IHG-SZVLK,Holiday Inn & Suites Suzhou Yangcheng Lake,,Holiday Inn & Suites,假日套房酒店,ihg-holiday-inn-and-suites,FULLY_BOOKABLE,Hotel,Hotel,Suzhou,,Jiangsu,,"No. 3 Weihua Road, Industry Park, Suzhou, Jiangsu, 215000, Mainland China",,215000,31.361576,120.71279,86-512-62816666,https://www.ihg.com/holidayinn/hotels/us/en/suzhou/szvlk/hoteldetail,https://www.ihg.com/holidayinn/hotels/cn/zh/suzhou/szvlk/hoteldetail,,,,,
IHG-SZVSB,Holiday Inn Express Suzhou Bay,,Holiday Inn Express,智选假日酒店,ihg-holiday-inn-express,FULLY_BOOKABLE,Hotel,Hotel,Suzhou,,Jiangsu,,"Sports Center building, No. 1288, Longhe Road, Suzhou, Jiangsu, 215000, Mainland China",,215000,31.114914,120.620834,86-512-63621666,https://www.ihg.com/holidayinnexpress/hotels/us/en/suzhou/szvsb/hoteldetail,https://www.ihg.com/holidayinnexpress/hotels/cn/zh/suzhou/szvsb/hoteldetail,,,,,
IHG-SUZCJ,Holiday Inn Express Suzhou Changjiang,,Holiday Inn Express,智选假日酒店,ihg-holiday-inn-express,FULLY_BOOKABLE,Hotel,Hotel,Suzhou,,Jiangsu,,"No. 199 Changjiang Road, Gaoxin District, Suzhou, Jiangsu, 215011, Mainland China",,215011,31.279524,120.54983,86-512-83960666,https://www.ihg.com/holidayinnexpress/hotels/us/en/suzhou/suzcj/hoteldetail,https://www.ihg.com/holidayinnexpress/hotels/cn/zh/suzhou/suzcj/hoteldetail,,,,,
IHG-SZVLI,Holiday Inn Express Suzhou City Center,,Holiday Inn Express,智选假日酒店,ihg-holiday-inn-express,FULLY_BOOKABLE,Hotel,Hotel,Suzhou,,Jiangsu,,"No.2 Liuyuan Road, Gusu District, Suzhou, Jiangsu, 215008, Mainland China",,215008,31.31486,120.599174,86-512-65336666,https://www.ihg.com/holidayinnexpress/hotels/us/en/suzhou/szvli/hoteldetail,https://www.ihg.com/holidayinnexpress/hotels/cn/zh/suzhou/szvli/hoteldetail,,,,,
IHG-SZVSL,Holiday Inn Express Suzhou Dushu Lake,,Holiday Inn Express,智选假日酒店,ihg-holiday-inn-express,FULLY_BOOKABLE,Hotel,Hotel,Suzhou,,Jiangsu,,"No. 8 Xuetang Street, Suzhou Industrial Park, Suzhou, Jiangsu, 215000, Mainland China",,215000,31.264334,120.74628,86-512-62804999,https://www.ihg.com/holidayinnexpress/hotels/us/en/suzhou/szvsl/hoteldetail,https://www.ihg.com/holidayinnexpress/hotels/cn/zh/suzhou/szvsl/hoteldetail,,,,,
IHG-SZVET,Holiday Inn Express Suzhou East Taihu,,Holiday Inn Express,智选假日酒店,ihg-holiday-inn-express,FULLY_BOOKABLE,Hotel,Hotel,Suzhou,,Jiangsu,,"East Building, No.2777 Kaiping Road, Wujiang District, Suzhou, Jiangsu, 215200, Mainland China",,215200,31.13509,120.61,86-512-88989588,https://www.ihg.com/holidayinnexpress/hotels/us/en/suzhou/szvet/hoteldetail,https://www.ihg.com/holidayinnexpress/hotels/cn/zh/suzhou/szvet/hoteldetail,,,,,
IHG-SZVXP,Holiday Inn Express Suzhou Expo Center,,Holiday Inn Express,智选假日酒店,ihg-holiday-inn-express,FULLY_BOOKABLE,Hotel,Hotel,Suzhou,,Jiangsu,,"No. 58 Linglong Street, Wuzhong District, Suzhou, Jiangsu, Mainland China",,,31.330067,120.701324,,https://www.ihg.com/holidayinnexpress/hotels/us/en/suzhou/szvxp/hoteldetail,https://www.ihg.com/holidayinnexpress/hotels/cn/zh/suzhou/szvxp/hoteldetail,,,,,
IHG-SZVFH,Holiday Inn Express Suzhou Fenhu,,Holiday Inn Express,智选假日酒店,ihg-holiday-inn-express,FULLY_BOOKABLE,Hotel,Hotel,Suzhou,,Jiangsu,,"88 Zhejiang Road, Wujiang District, Suzhou, Jiangsu, 215000, Mainland China",,215000,31.032797,120.853645,86-0512-82060666,https://www.ihg.com/holidayinnexpress/hotels/us/en/suzhou/szvfh/hoteldetail,https://www.ihg.com/holidayinnexpress/hotels/cn/zh/suzhou/szvfh/hoteldetail,,,,,
IHG-SZVIP,Holiday Inn Express Suzhou Industrial Park,,Holiday Inn Express,智选假日酒店,ihg-holiday-inn-express,FULLY_BOOKABLE,Hotel,Hotel,Suzhou,,Jiangsu,,"No. 999 Zhongxin East Avenue, Suzhou Industrial Park, Suzhou, Jiangsu, 215028, Mainland China",,215028,31.308298,120.74863,86-512-62601666,https://www.ihg.com/holidayinnexpress/hotels/us/en/suzhou/szvip/hoteldetail,https://www.ihg.com/holidayinnexpress/hotels/cn/zh/suzhou/szvip/hoteldetail,,,,,
IHG-SZVLH,Holiday Inn Express Suzhou Luzhi,,Holiday Inn Express,智选假日酒店,ihg-holiday-inn-express,FULLY_BOOKABLE,Hotel,Hotel,Suzhou,,Jiangsu,,"No. 129, Fucheng Middle Road, Luzhi Town, Suzhou, Jiangsu, 215127, Mainland China",,215127,31.25851,120.86617,86-512-66350666,https://www.ihg.com/holidayinnexpress/hotels/us/en/suzhou/szvlh/hoteldetail,https://www.ihg.com/holidayinnexpress/hotels/cn/zh/suzhou/szvlh/hoteldetail,,,,,
IHG-SZVLU,Holiday Inn Express Suzhou Luzhi Industrial Park,,Holiday Inn Express,智选假日酒店,ihg-holiday-inn-express,FULLY_BOOKABLE,Hotel,Hotel,Suzhou,,Jiangsu,,"The Junction of Suliu Road and Dongshijinggang Road, Suzhou, Jiangsu, 215127, Mainland China",,215127,31.27707,120.80846,,https://www.ihg.com/holidayinnexpress/hotels/us/en/suzhou/szvlu/hoteldetail,https://www.ihg.com/holidayinnexpress/hotels/cn/zh/suzhou/szvlu/hoteldetail,,,,,
IHG-SZVSN,Holiday Inn Express Suzhou New District,,Holiday Inn Express,智选假日酒店,ihg-holiday-inn-express,FULLY_BOOKABLE,Hotel,Hotel,Suzhou,,Jiangsu,,"No.181 Tayuan Road, Gaoxin Dist, Suzhou, Jiangsu, 215000, Mainland China",,215000,31.29466,120.555275,86-0512-66078888x1,https://www.ihg.com/holidayinnexpress/hotels/us/en/suzhou/szvsn/hoteldetail,https://www.ihg.com/holidayinnexpress/hotels/cn/zh/suzhou/szvsn/hoteldetail,,,,,
IHG-SZVJS,Holiday Inn Express Suzhou North Station,,Holiday Inn Express,智选假日酒店,ihg-holiday-inn-express,FULLY_BOOKABLE,Hotel,Hotel,Suzhou,,Jiangsu,,"Building C, Xifuli Commercial Plaza,, Suzhou, Jiangsu, 215133, Mainland China",,215133,31.417122,120.63875,86-512-86668056,https://www.ihg.com/holidayinnexpress/hotels/us/en/suzhou/szvjs/hoteldetail,https://www.ihg.com/holidayinnexpress/hotels/cn/zh/suzhou/szvjs/hoteldetail,,,,,
IHG-SZVWU,Holiday Inn Express Suzhou Shihu University Town,,Holiday Inn Express,智选假日酒店,ihg-holiday-inn-express,FULLY_BOOKABLE,Hotel,Hotel,Suzhou,,Jiangsu,,"3rd to 9th floors, Building 39, Meichengfang, Suzhou, Jiangsu, 215168, Mainland China",,215168,31.231197,120.62066,,https://www.ihg.com/holidayinnexpress/hotels/us/en/suzhou/szvwu/hoteldetail,https://www.ihg.com/holidayinnexpress/hotels/cn/zh/suzhou/szvwu/hoteldetail,,,,,
IHG-SUZOU,Holiday Inn Express Suzhou Taihu Lake,,Holiday Inn Express,智选假日酒店,ihg-holiday-inn-express,FULLY_BOOKABLE,Hotel,Hotel,Suzhou,,Jiangsu,,"Building B, 2017 Sunwu Road, Suzhou, Jiangsu, 215164, Mainland China",,215164,31.225626,120.44841,86-512-66235555,https://www.ihg.com/holidayinnexpress/hotels/us/en/suzhou/suzou/hoteldetail,https://www.ihg.com/holidayinnexpress/hotels/cn/zh/suzhou/suzou/hoteldetail,,,,,
IHG-SHAKA,Holiday Inn Express Suzhou Zhouzhuang Ancient Town,,Holiday Inn Express,智选假日酒店,ihg-holiday-inn-express,FULLY_BOOKABLE,Hotel,Hotel,Suzhou,,Jiangsu,,"No. 142 Quanfu Road, Zhouzhuang Ancient Town, Suzhou, Jiangsu, 215325, Mainland China",,215325,31.11784,120.846886,86-512-55552888,https://www.ihg.com/holidayinnexpress/hotels/us/en/zhouzhuang/shaka/hoteldetail,https://www.ihg.com/holidayinnexpress/hotels/cn/zh/zhouzhuang/shaka/hoteldetail,,,,,
IHG-SZVHI,Holiday Inn Suzhou Huirong Plaza,,Holiday Inn,假日酒店,ihg-holiday-inn,FULLY_BOOKABLE,Hotel,Hotel,Suzhou,,Jiangsu,,"No. 21 Chengji Road, Suzhou New District, Suzhou, Jiangsu, 215151, Mainland China",,215151,31.372726,120.52778,86-512-66728888x8116,https://www.ihg.com/holidayinn/hotels/us/en/suzhou/szvhi/hoteldetail,https://www.ihg.com/holidayinn/hotels/cn/zh/suzhou/szvhi/hoteldetail,,,,,
IHG-SZVRN,Holiday Inn Suzhou North,,Holiday Inn,假日酒店,ihg-holiday-inn,FULLY_BOOKABLE,Hotel,Hotel,Suzhou,,Jiangsu,,"Xiangrong Rd., South Tiancheng Rd., Xiangcheng District, Suzhou, Jiangsu, 215133, Mainland China",,215133,31.41875,120.6473,,https://www.ihg.com/holidayinn/hotels/us/en/suzhou/szvrn/hoteldetail,https://www.ihg.com/holidayinn/hotels/cn/zh/suzhou/szvrn/hoteldetail,,,,,
IHG-SUZST,Holiday Inn Suzhou Taihu Lake,,Holiday Inn,假日酒店,ihg-holiday-inn,FULLY_BOOKABLE,Hotel,Hotel,Suzhou,,Jiangsu,,"Building A, 2017 Sunwu Road, Suzhou, Jiangsu, 215164, Mainland China",,215164,31.22577,120.44865,86-512-66236666,https://www.ihg.com/holidayinn/hotels/us/en/suzhou/suzst/hoteldetail,https://www.ihg.com/holidayinn/hotels/cn/zh/suzhou/suzst/hoteldetail,,,,,
IHG-SZVGC,Hotel Indigo Suzhou Grand Canal,,Hotel Indigo,英迪格酒店,ihg-hotel-indigo,FULLY_BOOKABLE,Hotel,Hotel,Suzhou,,Jiangsu,,"Building 13,No.79 East Jinshan Road,Suzhou New District, Suzhou, Jiangsu, 215010, Mainland China",,215010,31.296043,120.55561,86-512-68086666x8606,https://www.ihg.com/hotelindigo/hotels/us/en/suzhou/szvgc/hoteldetail,https://www.ihg.com/hotelindigo/hotels/cn/zh/suzhou/szvgc/hoteldetail,,,,,
IHG-SZVJL,Hotel Indigo Suzhou Jinji Lake,,Hotel Indigo,英迪格酒店,ihg-hotel-indigo,FULLY_BOOKABLE,Hotel,Hotel,Suzhou,,Jiangsu,,"No.80 You'an Street, Suzhou Industrial Park, Suzhou, Jiangsu, 215028, Mainland China",,215028,31.315042,120.7165,86-0512-62609999,https://www.ihg.com/hotelindigo/hotels/us/en/suzhou/szvjl/hoteldetail,https://www.ihg.com/hotelindigo/hotels/cn/zh/suzhou/szvjl/hoteldetail,,,,,
IHG-SZVYL,Hotel Indigo Suzhou Yangcheng Lake,,Hotel Indigo,英迪格酒店,ihg-hotel-indigo,FULLY_BOOKABLE,Hotel,Hotel,Suzhou,,Jiangsu,,"No.16 Wanyue Street, Suzhou, Jiangsu, 215127, Mainland China",,215127,31.42212,120.78748,86-512-66688777,https://www.ihg.com/hotelindigo/hotels/us/en/suzhou/szvyl/hoteldetail,https://www.ihg.com/hotelindigo/hotels/cn/zh/suzhou/szvyl/hoteldetail,,,,,
IHG-SZVHL,HUALUXE Suzhou Bay Hot Spring Resort,,HUALUXE,华邑酒店及度假村,ihg-hualuxe,FULLY_BOOKABLE,Hotel,Hotel,Suzhou,,Jiangsu,,"East Taihu Lake ecotourism area, Wujiang District, Suzhou, Jiangsu, 215200, Mainland China",,215200,31.080906,120.58823,86-512-81557888,https://www.ihg.com/hotels/us/en/suzhou/szvhl/hoteldetail,https://www.ihg.com/hotels/cn/zh/suzhou/szvhl/hoteldetail,,,,,
IHG-SUZHA,InterContinental Suzhou,,InterContinental,洲际酒店及度假村,ihg-intercontinental,FULLY_BOOKABLE,Hotel,Hotel,Suzhou,,Jiangsu,,"No. 288 Wang Dun Road, Suzhou Industrial Park, Suzhou, Jiangsu, 215028, Mainland China",,215028,31.319302,120.71022,86-512-62858888x6706,https://www.ihg.com/intercontinental/hotels/us/en/suzhou/suzha/hoteldetail,https://www.ihg.com/intercontinental/hotels/cn/zh/suzhou/suzha/hoteldetail,,,,,
IHG-SZVBG,Kimpton Bamboo Grove Suzhou,,Kimpton,金普顿酒店及餐厅,ihg-kimpton,FULLY_BOOKABLE,Hotel,Hotel,Suzhou,,Jiangsu,,"168 Zhuhui Road, Gusu District, Suzhou, Jiangsu, 215006, Mainland China",,215006,31.294563,120.63732,86-512-65168168,https://www.ihg.com/kimptonhotels/hotels/us/en/bamboo-grove-suzhou-china/szvbg/hoteldetail,https://www.ihg.com/kimptonhotels/hotels/cn/zh/bamboo-grove-suzhou-china/szvbg/hoteldetail,,,,,
IHG-SZVGQ,voco Suzhou Guanqian Street,,voco,voco 酒店,ihg-voco,FULLY_BOOKABLE,Hotel,Hotel,Suzhou,,Jiangsu,,"No. 27-33, Qiaosikong Lane, Gusu District, Suzhou, Jiangsu, 215000, Mainland China",,215000,31.311937,120.62366,86-512-67272666,https://www.ihg.com/voco/hotels/us/en/suzhou/szvgq/hoteldetail,https://www.ihg.com/voco/hotels/cn/zh/suzhou/szvgq/hoteldetail,,,,,
IHG-SHALJ,Holiday Inn Express Taicang Loujiang North,,Holiday Inn Express,智选假日酒店,ihg-holiday-inn-express,FULLY_BOOKABLE,Hotel,Hotel,Taicang,,Jiangsu,,"Taicang Avenue, Taicang, Jiangsu, Mainland China",,,31.48532,121.16917,,https://www.ihg.com/holidayinnexpress/hotels/us/en/taicang/shalj/hoteldetail,https://www.ihg.com/holidayinnexpress/hotels/cn/zh/taicang/shalj/hoteldetail,,,,,
IHG-TAIRM,Holiday Inn Taicang City Centre,,Holiday Inn,假日酒店,ihg-holiday-inn,FULLY_BOOKABLE,Hotel,Hotel,Taicang,,Jiangsu,,"9 Xinhua West Road, Taicang, Jiangsu, 215400, Mainland China",,215400,31.44557,121.10685,86-512-53107777,https://www.ihg.com/holidayinn/hotels/us/en/taicang/tairm/hoteldetail,https://www.ihg.com/holidayinn/hotels/cn/zh/taicang/tairm/hoteldetail,,,,,
IHG-TYNHT,Holiday Inn Express Taiyuan High Tech Zone,,Holiday Inn Express,智选假日酒店,ihg-holiday-inn-express,FULLY_BOOKABLE,Hotel,Hotel,Taiyuan,,Shanxi,,"No. 12 Keji Street, College District, Zonggai District, Taiyuan, Shanxi, 030006, Mainland China",,030006,37.79618,112.5628,86-351-7535666x0,https://www.ihg.com/holidayinnexpress/hotels/us/en/taiyuan/tynht/hoteldetail,https://www.ihg.com/holidayinnexpress/hotels/cn/zh/taiyuan/tynht/hoteldetail,,,,,
IHG-TYNCC,Holiday Inn Taiyuan City Center,,Holiday Inn,假日酒店,ihg-holiday-inn,FULLY_BOOKABLE,Hotel,Hotel,Taiyuan,,Shanxi,,"No. 6 Shuiximen Street, Yingze District, Taiyuan, Shanxi, 030000, Mainland China",,030000,37.864536,112.55916,86-0351-4608888x6506,https://www.ihg.com/holidayinn/hotels/us/en/taiyuan/tyncc/hoteldetail,https://www.ihg.com/holidayinn/hotels/cn/zh/taiyuan/tyncc/hoteldetail,,,,,
IHG-TYNSS,Holiday Inn Taiyuan Sunshine,,Holiday Inn,假日酒店,ihg-holiday-inn,FULLY_BOOKABLE,Hotel,Hotel,Taiyuan,,Shanxi,,"No.288 Xinjinci Road, Jinyuan District, Taiyuan, Shanxi, 030000, Mainland China",,030000,37.791683,112.528175,86-351-6328222,https://www.ihg.com/holidayinn/hotels/us/en/taiyuan/tynss/hoteldetail,https://www.ihg.com/holidayinn/hotels/cn/zh/taiyuan/tynss/hoteldetail,,,,,
IHG-TYNHA,InterContinental Taiyuan,,InterContinental,洲际酒店及度假村,ihg-intercontinental,FULLY_BOOKABLE,Hotel,Hotel,Taiyuan,,Shanxi,,"No.8, Changxing South Street, Taiyuan, Shanxi, 030000, Mainland China",,030000,37.803364,112.5302,86-351-5637777x6703,https://www.ihg.com/intercontinental/hotels/us/en/taiyuan/tynha/hoteldetail,https://www.ihg.com/intercontinental/hotels/cn/zh/taiyuan/tynha/hoteldetail,,,,,
IHG-HYNTX,Crowne Plaza Taixing,,Crowne Plaza,皇冠假日酒店,ihg-crowne-plaza,FULLY_BOOKABLE,Hotel,Hotel,Taizhou,,Jiangsu,,"No.1 Changzheng North Road, Taixing, Taizhou, Jiangsu, 225401, Mainland China",,225401,32.179108,120.011734,86-0523-87188888x6901,https://www.ihg.com/crowneplaza/hotels/us/en/taixing/hyntx/hoteldetail,https://www.ihg.com/crowneplaza/hotels/cn/zh/taixing/hyntx/hoteldetail,,,,,
IHG-HYNLQ,Crowne Plaza Taizhou,,Crowne Plaza,皇冠假日酒店,ihg-crowne-plaza,FULLY_BOOKABLE,Hotel,Hotel,Taizhou,,Zhejiang,,"No.999 Shuangshui Road, Taizhou, Zhejiang, 318050, Mainland China",,318050,28.593283,121.373436,86-576-82055555,https://www.ihg.com/crowneplaza/hotels/us/en/taizhou/hynlq/hoteldetail,https://www.ihg.com/crowneplaza/hotels/cn/zh/taizhou/hynlq/hoteldetail,,,,,
IHG-HYNCC,Crowne Plaza Taizhou City Centre,,Crowne Plaza,皇冠假日酒店,ihg-crowne-plaza,FULLY_BOOKABLE,Hotel,Hotel,Taizhou,,Jiangsu,,"No. 288-9 Yongding East Road, China Medical City, Taizhou, Jiangsu, 225300, Mainland China",,225300,32.44483,119.92343,86-523-85899999,https://www.ihg.com/crowneplaza/hotels/us/en/taizhou/hyncc/hoteldetail,https://www.ihg.com/crowneplaza/hotels/cn/zh/taizhou/hyncc/hoteldetail,,,,,
IHG-HYNTC,Holiday Inn Express Taizhou CMC,,Holiday Inn Express,智选假日酒店,ihg-holiday-inn-express,FULLY_BOOKABLE,Hotel,Hotel,Taizhou,,Jiangsu,,"No.805 Health Avenue, Taizhou, Jiangsu, 225300, Mainland China",,225300,32.38154,119.88987,86-523-80225888,https://www.ihg.com/holidayinnexpress/hotels/us/en/taizhou/hyntc/hoteldetail,https://www.ihg.com/holidayinnexpress/hotels/cn/zh/taizhou/hyntc/hoteldetail,,,,,
IHG-HYNTJ,Holiday Inn Express Taizhou Jiaojiang,,Holiday Inn Express,智选假日酒店,ihg-holiday-inn-express,FULLY_BOOKABLE,Hotel,Hotel,Taizhou,,Zhejiang,,"No. 8 Building, Haishang Chaoming Center, Taizhou, Zhejiang, 318013, Mainland China",,318013,28.63641,121.40355,86-576-88129888,https://www.ihg.com/holidayinnexpress/hotels/us/en/taizhou/hyntj/hoteldetail,https://www.ihg.com/holidayinnexpress/hotels/cn/zh/taizhou/hyntj/hoteldetail,,,,,
IHG-HYNLU,Holiday Inn Express Taizhou Luqiao,,Holiday Inn Express,智选假日酒店,ihg-holiday-inn-express,FULLY_BOOKABLE,Hotel,Hotel,Taizhou,,Zhejiang,,"130 West Road Bridge Avenue, Luqiao, Taizhou, Zhejiang, Mainland China",,,28.585468,121.36801,,https://www.ihg.com/holidayinnexpress/hotels/us/en/taizhou/hynlu/hoteldetail,https://www.ihg.com/holidayinnexpress/hotels/cn/zh/taizhou/hynlu/hoteldetail,,,,,
IHG-HYNTP,Holiday Inn Express Taizhou Toumen Port,,Holiday Inn Express,智选假日酒店,ihg-holiday-inn-express,FULLY_BOOKABLE,Hotel,Hotel,Taizhou,,Zhejiang,,"No.188, Shuangyu Road, Taizhou Bay, Taizhou, Zhejiang, 317016, Mainland China",,317016,28.73175,121.646454,86-576-85510888,https://www.ihg.com/holidayinnexpress/hotels/us/en/taizhou/hyntp/hoteldetail,https://www.ihg.com/holidayinnexpress/hotels/cn/zh/taizhou/hyntp/hoteldetail,,,,,
IHG-TVSCB,Holiday Inn Express Tangshan Downtown,,Holiday Inn Express,智选假日酒店,ihg-holiday-inn-express,FULLY_BOOKABLE,Hotel,Hotel,Tangshan,,Hebei,,"No. 2 Building Fengcheng Guomao, Lubei District, Tangshan, Hebei, 063000, Mainland China",,063000,39.632423,118.1656,86-315-5396999x1,https://www.ihg.com/holidayinnexpress/hotels/us/en/tangshan/tvscb/hoteldetail,https://www.ihg.com/holidayinnexpress/hotels/cn/zh/tangshan/tvscb/hoteldetail,,,,,
IHG-TVSTN,Holiday Inn Tangshan Nanhu,,Holiday Inn,假日酒店,ihg-holiday-inn,FULLY_BOOKABLE,Hotel,Hotel,Tangshan,,Hebei,,"Nanhu Ecological City, Lunan District, Tangshan, Hebei, Mainland China",,,39.58127,118.173355,,https://www.ihg.com/holidayinn/hotels/us/en/tangshan/tvstn/hoteldetail,https://www.ihg.com/holidayinn/hotels/cn/zh/tangshan/tvstn/hoteldetail,,,,,
IHG-TVSZW,InterContinental Tangshan,,InterContinental,洲际酒店及度假村,ihg-intercontinental,FULLY_BOOKABLE,Hotel,Hotel,Tangshan,,Hebei,,"No.11 Wenhua Road, Lunan District, Tangshan, Hebei, 063000, Mainland China",,063000,39.623207,118.18435,86-0315-5783333x6158,https://www.ihg.com/intercontinental/hotels/us/en/tangshan/tvszw/hoteldetail,https://www.ihg.com/intercontinental/hotels/cn/zh/tangshan/tvszw/hoteldetail,,,,,
IHG-TCZTH,Holiday Inn Express Tengchong Hot-Spring,,Holiday Inn Express,智选假日酒店,ihg-holiday-inn-express,FULLY_BOOKABLE,Hotel,Hotel,Tengchong,,Yunnan,,"Building 8, commercial street, Tengchong, Yunnan, 679100, Mainland China",,679100,25.066616,98.466415,86-0875-5186888x1,https://www.ihg.com/holidayinnexpress/hotels/us/en/tengchong/tczth/hoteldetail,https://www.ihg.com/holidayinnexpress/hotels/cn/zh/tengchong/tczth/hoteldetail,,,,,
IHG-TSNBH,Crowne Plaza Tianjin Binhai,,Crowne Plaza,皇冠假日酒店,ihg-crowne-plaza,FULLY_BOOKABLE,Hotel,Hotel,Tianjin,,Tianjin,,"No.55 Zhongxin Avenue Airport Industrial Park, Tianjin, Tianjin, 300308, Mainland China",,300308,39.150055,117.399895,86-22-58678888x2666,https://www.ihg.com/crowneplaza/hotels/us/en/tianjin/tsnbh/hoteldetail,https://www.ihg.com/crowneplaza/hotels/cn/zh/tianjin/tsnbh/hoteldetail,,,,,
IHG-TSNBC,Crowne Plaza Tianjin Binhai Center,,Crowne Plaza,皇冠假日酒店,ihg-crowne-plaza,FULLY_BOOKABLE,Hotel,Hotel,Tianjin,,Tianjin,,"No. 50, 2nd Ave, TEDA, Binhai New Area, Tianjin, Tianjin, 300457, Mainland China",,300457,39.02586,117.704056,86-22-65288888x6002,https://www.ihg.com/crowneplaza/hotels/us/en/tianjin-binhai/tsnbc/hoteldetail,https://www.ihg.com/crowneplaza/hotels/cn/zh/tianjin-binhai/tsnbc/hoteldetail,,,,,
IHG-TSNTJ,Crowne Plaza Tianjin Jinnan,,Crowne Plaza,皇冠假日酒店,ihg-crowne-plaza,FULLY_BOOKABLE,Hotel,Hotel,Tianjin,,Tianjin,,"Lingyu Road Balitai Area, Jinnan District, Tianjin, Tianjin, 300350, Mainland China",,300350,38.980904,117.29631,86-22-58356666,https://www.ihg.com/crowneplaza/hotels/us/en/tianjin/tsntj/hoteldetail,https://www.ihg.com/crowneplaza/hotels/cn/zh/tianjin/tsntj/hoteldetail,,,,,
IHG-TSNTM,Crowne Plaza Tianjin Meijiangnan,,Crowne Plaza,皇冠假日酒店,ihg-crowne-plaza,FULLY_BOOKABLE,Hotel,Hotel,Tianjin,,Tianjin,,"East to South Youyi Road, Hexi District, Tianjin, Tianjin, 300221, Mainland China",,300221,39.04155,117.21984,86-022-58576666,https://www.ihg.com/crowneplaza/hotels/us/en/tianjin/tsntm/hoteldetail,https://www.ihg.com/crowneplaza/hotels/cn/zh/tianjin/tsntm/hoteldetail,,,,,
IHG-TSNNK,Holiday Inn & Suites Tianjin Downtown,,Holiday Inn & Suites,假日套房酒店,ihg-holiday-inn-and-suites,FULLY_BOOKABLE,Hotel,Hotel,Tianjin,,Tianjin,,"No. 26 Changjiang Road, Tianjin, Tianjin, 300202, Mainland China",,300202,39.127094,117.164536,86-22-87876666,https://www.ihg.com/holidayinn/hotels/us/en/tianjin/tsnnk/hoteldetail,https://www.ihg.com/holidayinn/hotels/cn/zh/tianjin/tsnnk/hoteldetail,,,,,
IHG-TSNIP,Holiday Inn Express Tianjin Airport,,Holiday Inn Express,智选假日酒店,ihg-holiday-inn-express,FULLY_BOOKABLE,Hotel,Hotel,Tianjin,,Tianjin,,"No. 1 Auto Park South Road, Airport Industrial Park, Tianjin, Tianjin, 300308, Mainland China",,300308,39.15776,117.37342,86-22-58992288x0,https://www.ihg.com/holidayinnexpress/hotels/us/en/tianjin/tsnip/hoteldetail,https://www.ihg.com/holidayinnexpress/hotels/cn/zh/tianjin/tsnip/hoteldetail,,,,,
IHG-TSNAE,Holiday Inn Express Tianjin Airport East,,Holiday Inn Express,智选假日酒店,ihg-holiday-inn-express,FULLY_BOOKABLE,Hotel,Hotel,Tianjin,,Tianjin,,"Building 15, Zhiqin Apartment, Tianjin, Tianjin, Mainland China",,,39.149284,117.41444,86-22-58807000,https://www.ihg.com/holidayinnexpress/hotels/us/en/tianjin/tsnae/hoteldetail,https://www.ihg.com/holidayinnexpress/hotels/cn/zh/tianjin/tsnae/hoteldetail,,,,,
IHG-TSNBN,Holiday Inn Express Tianjin Binhai,,Holiday Inn Express,智选假日酒店,ihg-holiday-inn-express,FULLY_BOOKABLE,Hotel,Hotel,Tianjin,,Tianjin,,"No.13,15.17 Fangfei Road Binhai Tianjin Eco-City, Tianjin, Tianjin, 300467, Mainland China",,300467,39.105507,117.751656,86-022-67298888,https://www.ihg.com/holidayinnexpress/hotels/us/en/tianjin/tsnbn/hoteldetail,https://www.ihg.com/holidayinnexpress/hotels/cn/zh/tianjin/tsnbn/hoteldetail,,,,,
IHG-TSNDD,Holiday Inn Express Tianjin Dongli Plaza,,Holiday Inn Express,智选假日酒店,ihg-holiday-inn-express,FULLY_BOOKABLE,Hotel,Hotel,Tianjin,,Tianjin,,"No.1, Jintang second line, Dongli District, Tianjin, Tianjin, 300300, Mainland China",,300300,39.082237,117.32918,86-022-84808888x3118,https://www.ihg.com/holidayinnexpress/hotels/us/en/tianjin/tsndd/hoteldetail,https://www.ihg.com/holidayinnexpress/hotels/cn/zh/tianjin/tsndd/hoteldetail,,,,,
IHG-TSNAS,Holiday Inn Express Tianjin Heping,,Holiday Inn Express,智选假日酒店,ihg-holiday-inn-express,FULLY_BOOKABLE,Hotel,Hotel,Tianjin,,Tianjin,,"No.26 Xizang Road, Heping District, Tianjin Province, Tianjin, Tianjin, 300020, Mainland China",,300020,39.121048,117.18752,86-22-58632999x8819,https://www.ihg.com/holidayinnexpress/hotels/us/en/tianjin/tsnas/hoteldetail,https://www.ihg.com/holidayinnexpress/hotels/cn/zh/tianjin/tsnas/hoteldetail,,,,,
IHG-TSNCR,Holiday Inn Tianjin Riverside,,Holiday Inn,假日酒店,ihg-holiday-inn,FULLY_BOOKABLE,Hotel,Hotel,Tianjin,,Tianjin,,"Phoenix Shopping Mall A East Haihe Road, Hebei District, Tianjin, Tianjin, 300141, Mainland China",,300141,39.152767,117.19015,86-22-26278888x0,https://www.ihg.com/holidayinn/hotels/us/en/tianjin/tsncr/hoteldetail,https://www.ihg.com/holidayinn/hotels/cn/zh/tianjin/tsncr/hoteldetail,,,,,
IHG-TSNTW,Holiday Inn Tianjin Wuqing,,Holiday Inn,假日酒店,ihg-holiday-inn,FULLY_BOOKABLE,Hotel,Hotel,Tianjin,,Tianjin,,"No.231 Quanshui Road, Wuqing District, Tianjin, Tianjin, 301724, Mainland China",,301724,39.367,117.01874,86-22-59629099,https://www.ihg.com/holidayinn/hotels/us/en/tianjin/tsntw/hoteldetail,https://www.ihg.com/holidayinn/hotels/cn/zh/tianjin/tsntw/hoteldetail,,,,,
IHG-TSNXZ,Holiday Inn Tianjin Xiqing,,Holiday Inn,假日酒店,ihg-holiday-inn,FULLY_BOOKABLE,Hotel,Hotel,Tianjin,,Tianjin,,"No.5 Wanhui Road, Xiqing District, Tianjin, Tianjin, 300385, Mainland China",,300385,39.140316,117.091606,86-22-87975555x8081,https://www.ihg.com/holidayinn/hotels/us/en/tianjin/tsnxz/hoteldetail,https://www.ihg.com/holidayinn/hotels/cn/zh/tianjin/tsnxz/hoteldetail,,,,,
IHG-TSNHA,InterContinental TianjinYujiapuHotel&Residences,,InterContinental,洲际酒店及度假村,ihg-intercontinental,FULLY_BOOKABLE,Hotel,Hotel,Tianjin,,Tianjin,,"No. 3360, Xinhua Road, Binhai New Area, Tianjin, Tianjin, 300465, Mainland China",,300465,38.999634,117.6796,86-22-59868888x6907,https://www.ihg.com/intercontinental/hotels/us/en/tianjin/tsnha/hoteldetail,https://www.ihg.com/intercontinental/hotels/cn/zh/tianjin/tsnha/hoteldetail,,,,,
IHG-THQCC,Holiday Inn Express Tianshui City Center,,Holiday Inn Express,智选假日酒店,ihg-holiday-inn-express,FULLY_BOOKABLE,Hotel,Hotel,Tianshui,,Gansu,,"No. 78 Minzhu East Road, Qinzhou District, Tianshui, Gansu, 741000, Mainland China",,741000,34.581554,105.72787,86-0938-8237777x6002,https://www.ihg.com/holidayinnexpress/hotels/us/en/tianshui/thqcc/hoteldetail,https://www.ihg.com/holidayinnexpress/hotels/cn/zh/tianshui/thqcc/hoteldetail,,,,,
IHG-TENWT,Holiday Inn Tongren Wanshan,,Holiday Inn,假日酒店,ihg-holiday-inn,FULLY_BOOKABLE,Hotel,Hotel,Tongren,,Guizhou,,"No.8 Suzhou Street, Wanshan District, Tongren City, Tongren, Guizhou, 554200, Mainland China",,554200,27.667913,109.15951,86-856-6358888,https://www.ihg.com/holidayinn/hotels/us/en/tongren/tenwt/hoteldetail,https://www.ihg.com/holidayinn/hotels/cn/zh/tongren/tenwt/hoteldetail,,,,,
IHG-TVXQR,Crowne Plaza Wuzhen,,Crowne Plaza,皇冠假日酒店,ihg-crowne-plaza,FULLY_BOOKABLE,Hotel,Hotel,Tongxiang,,Zhejiang,,"NO.1 Qingzhen Road, Wuzhen Town, Tongxiang, Zhejiang, 314501, Mainland China",,314501,30.731825,120.494736,86-0573-88368888x6995,https://www.ihg.com/crowneplaza/hotels/us/en/wuzhen-town/tvxqr/hoteldetail,https://www.ihg.com/crowneplaza/hotels/cn/zh/wuzhen-town/tvxqr/hoteldetail,,,,,
IHG-TLQPN,Holiday Inn Express Turpan,,Holiday Inn Express,智选假日酒店,ihg-holiday-inn-express,FULLY_BOOKABLE,Hotel,Hotel,Turpan,,Xinjiang,,"Building 1, Meijing Tiancheng, Turpan, Xinjiang, 838099, Mainland China",,838099,42.951553,89.168236,86-995-7655888,https://www.ihg.com/holidayinnexpress/hotels/us/en/turpan/tlqpn/hoteldetail,https://www.ihg.com/holidayinnexpress/hotels/cn/zh/turpan/tlqpn/hoteldetail,,,,,
IHG-UCBUJ,Holiday Inn Express Ulanqab Jining,,Holiday Inn Express,智选假日酒店,ihg-holiday-inn-express,FULLY_BOOKABLE,Hotel,Hotel,Ulanqab,,Nei Mongol,,"No. 1 Zhenghong Road, Jining District, Ulanqab, Nei Mongol, 012000, Mainland China",,012000,40.993156,113.164894,86-474-8885555x1,https://www.ihg.com/holidayinnexpress/hotels/us/en/ulanqab/ucbuj/hoteldetail,https://www.ihg.com/holidayinnexpress/hotels/cn/zh/ulanqab/ucbuj/hoteldetail,,,,,
IHG-URCQI,Holiday Inn Express Urumqi Station,,Holiday Inn Express,智选假日酒店,ihg-holiday-inn-express,FULLY_BOOKABLE,Hotel,Hotel,Urumqi,,Xinjiang,,"Maker building 1, HSR pearl residential area, Urumqi, Xinjiang, 830026, Mainland China",,830026,43.830505,87.5259,86-991-5263333,https://www.ihg.com/holidayinnexpress/hotels/us/en/urumqi/urcqi/hoteldetail,https://www.ihg.com/holidayinnexpress/hotels/cn/zh/urumqi/urcqi/hoteldetail,,,,,
IHG-WXJSH,Holiday Inn Resort Wanning Shenzhou Peninsula,,Holiday Inn Resort,假日度假酒店,ihg-holiday-inn-resort,FULLY_BOOKABLE,Hotel,Hotel,Wanning,,Hainan,,"No. 666, South of Fenghuang Road, Shenzhou Peninsula, Wanning, Hainan, 571529, Mainland China",,571529,18.680208,110.36111,86-0898-36219666,https://www.ihg.com/holidayinnresorts/hotels/us/en/wanning/wxjsh/hoteldetail,https://www.ihg.com/holidayinnresorts/hotels/cn/zh/wanning/wxjsh/hoteldetail,,,,,
IHG-WEFCC,Holiday Inn Express Weifang City Center,,Holiday Inn Express,智选假日酒店,ihg-holiday-inn-express,FULLY_BOOKABLE,Hotel,Hotel,Weifang,,Shandong,,"Building 1, Heping Plaza, No.3555 Heping Road, Weifang, Shandong, Mainland China",,,36.710907,119.10681,86-536-7155555,https://www.ihg.com/holidayinnexpress/hotels/us/en/weifang/wefcc/hoteldetail,https://www.ihg.com/holidayinnexpress/hotels/cn/zh/weifang/wefcc/hoteldetail,,,,,
IHG-WEHWB,Crowne Plaza Weihai Binhai,,Crowne Plaza,皇冠假日酒店,ihg-crowne-plaza,FULLY_BOOKABLE,Hotel,Hotel,Weihai,,Shandong,,"No.368 Songjian Middle Road, Economic Development Zone, Weihai, Shandong, 264213, Mainland China",,264213,37.401833,122.32526,86-631-5986666x0,https://www.ihg.com/crowneplaza/hotels/us/en/weihai/wehwb/hoteldetail,https://www.ihg.com/crowneplaza/hotels/cn/zh/weihai/wehwb/hoteldetail,,,,,
IHG-WEHEZ,Holiday Inn Express Weihai Economic Zone,,Holiday Inn Express,智选假日酒店,ihg-holiday-inn-express,FULLY_BOOKABLE,Hotel,Hotel,Weihai,,Shandong,,"No.78 Qilu Road, Economic Development Zone, Weihai, Shandong, 264200, Mainland China",,264200,37.418278,122.16754,86-631-5902666,https://www.ihg.com/holidayinnexpress/hotels/us/en/wenchang/wehez/hoteldetail,https://www.ihg.com/holidayinnexpress/hotels/cn/zh/wenchang/wehez/hoteldetail,,,,,
IHG-SIADZ,Holiday Inn Weinan High-Tech Zone,,Holiday Inn,假日酒店,ihg-holiday-inn,FULLY_BOOKABLE,Hotel,Hotel,Weinan,,Shaanxi,,"No. 33 Xiangshan Avenue, High-Tech Zone, Weinan, Shaanxi, 714000, Mainland China",,714000,34.558933,109.53605,86-0913-2119999x8888,https://www.ihg.com/holidayinn/hotels/us/en/weinan/siadz/hoteldetail,https://www.ihg.com/holidayinn/hotels/cn/zh/weinan/siadz/hoteldetail,,,,,
IHG-WECHG,Holiday Inn Express Wenchang,,Holiday Inn Express,智选假日酒店,ihg-holiday-inn-express,FULLY_BOOKABLE,Hotel,Hotel,Wenchang,,Hainan,,"No. 2 Caihong South Road, Longlou Town, Wenchang, Hainan, 571333, Mainland China",,571333,19.646942,110.98448,86-898-36883666,https://www.ihg.com/holidayinnexpress/hotels/us/en/wenchang/wechg/hoteldetail,https://www.ihg.com/holidayinnexpress/hotels/cn/zh/wenchang/wechg/hoteldetail,,,,,
IHG-WNHPH,Hotel Indigo Puzhehei,,Hotel Indigo,英迪格酒店,ihg-hotel-indigo,FULLY_BOOKABLE,Hotel,Hotel,Wenshan,,Yunnan,,"Cat Chong Village, Eight Dao Whistle Township,, Wenshan, Yunnan, Mainland China",,,24.09178,104.14364,,https://www.ihg.com/hotelindigo/hotels/us/en/puzhehei/wnhph/hoteldetail,https://www.ihg.com/hotelindigo/hotels/cn/zh/puzhehei/wnhph/hoteldetail,,,,,
IHG-WNZRX,Holiday Inn Express Rui'an Xincheng,,Holiday Inn Express,智选假日酒店,ihg-holiday-inn-express,FULLY_BOOKABLE,Hotel,Hotel,Wenzhou,,Zhejiang,,"Building 2, Huafeng Science and Technology Park, Wenzhou, Zhejiang, Mainland China",,,27.791456,120.67436,,https://www.ihg.com/holidayinnexpress/hotels/us/en/wenzhou/wnzrx/hoteldetail,https://www.ihg.com/holidayinnexpress/hotels/cn/zh/wenzhou/wnzrx/hoteldetail,,,,,
IHG-WNZGE,Holiday Inn Express Wenzhou Garden Expo,,Holiday Inn Express,智选假日酒店,ihg-holiday-inn-express,FULLY_BOOKABLE,Hotel,Hotel,Wenzhou,,Zhejiang,,"XianMen Road, Guoxi Street, Ouhai District, Wenzhou, Zhejiang, Mainland China",,,27.973772,120.57592,,https://www.ihg.com/holidayinnexpress/hotels/us/en/wenzhou/wnzge/hoteldetail,https://www.ihg.com/holidayinnexpress/hotels/cn/zh/wenzhou/wnzge/hoteldetail,,,,,
IHG-WNZWA,Holiday Inn Wenzhou Airport,,Holiday Inn,假日酒店,ihg-holiday-inn,FULLY_BOOKABLE,Hotel,Hotel,Wenzhou,,Zhejiang,,"Block C, AFC Hub, Konggang 2nd Road, Wenzhou, Zhejiang, 325000, Mainland China",,325000,27.905958,120.84619,86-0577-88608888x8001,https://www.ihg.com/holidayinn/hotels/us/en/wenzhou/wnzwa/hoteldetail,https://www.ihg.com/holidayinn/hotels/cn/zh/wenzhou/wnzwa/hoteldetail,,,,,
IHG-WUHEZ,Crowne Plaza Wuhan Development Zone,,Crowne Plaza,皇冠假日酒店,ihg-crowne-plaza,FULLY_BOOKABLE,Hotel,Hotel,Wuhan,,Hubei,,"No.101 Dongfeng Avenue, Wuhan, Hubei, 430056, Mainland China",,430056,30.506954,114.17449,86-27-84818888x6100,https://www.ihg.com/crowneplaza/hotels/us/en/wuhan/wuhez/hoteldetail,https://www.ihg.com/crowneplaza/hotels/cn/zh/wuhan/wuhez/hoteldetail,,,,,
IHG-WUHBL,Crowne Plaza Wuhan Optics Valley,,Crowne Plaza,皇冠假日酒店,ihg-crowne-plaza,FULLY_BOOKABLE,Hotel,Hotel,Wuhan,,Hubei,,"Part of 2-3 Floor & 9-21 Floor Building B, Wuhan, Hubei, 430073, Mainland China",,430073,30.485678,114.479614,86-27-59568888x6301,https://www.ihg.com/crowneplaza/hotels/us/en/wuhan/wuhbl/hoteldetail,https://www.ihg.com/crowneplaza/hotels/cn/zh/wuhan/wuhbl/hoteldetail,,,,,
IHG-WUHAP,Crowne Plaza Wuhan Tianhe Airport,,Crowne Plaza,皇冠假日酒店,ihg-crowne-plaza,FULLY_BOOKABLE,Hotel,Hotel,Wuhan,,Hubei,,"Crowne Plaza, 5th Floor, Wuhan, Hubei, 430000, Mainland China",,430000,30.774925,114.21883,86-027-59321111,https://www.ihg.com/crowneplaza/hotels/us/en/wuhan/wuhap/hoteldetail,https://www.ihg.com/crowneplaza/hotels/cn/zh/wuhan/wuhap/hoteldetail,,,,,
IHG-WUHAZ,EVEN Hotel Wuhan Airport Zone,,EVEN Hotel,逸衡酒店,ihg-even-hotel,FULLY_BOOKABLE,Hotel,Hotel,Wuhan,,Hubei,,"No. 1 West Hangcheng Road, Huangpi District, Wuhan, Hubei, 430312, Mainland China",,430312,30.724771,114.21471,86-27-50186186,https://www.ihg.com/evenhotels/hotels/us/en/wuhan/wuhaz/hoteldetail,https://www.ihg.com/evenhotels/hotels/cn/zh/wuhan/wuhaz/hoteldetail,,,,,
IHG-WUHNC,Holiday Inn & Suites Wuhan International Expo,,Holiday Inn & Suites,假日套房酒店,ihg-holiday-inn-and-suites,FULLY_BOOKABLE,Hotel,Hotel,Wuhan,,Hubei,,"No. 666 Qingchuan Boulevard, Hanyang District, Wuhan, Hubei, 430052, Mainland China",,430052,30.504513,114.24489,86-27-84658888,https://www.ihg.com/holidayinn/hotels/us/en/wuhan/wuhnc/hoteldetail,https://www.ihg.com/holidayinn/hotels/cn/zh/wuhan/wuhnc/hoteldetail,,,,,
IHG-WUHEL,Holiday Inn Express Wuhan East Lake,,Holiday Inn Express,智选假日酒店,ihg-holiday-inn-express,FULLY_BOOKABLE,Hotel,Hotel,Wuhan,,Hubei,,"Building 10, No. 226 Lumo Road, Hongshan District, Wuhan, Hubei, 430074, Mainland China",,430074,30.514793,114.40085,86-27-59882999,https://www.ihg.com/holidayinnexpress/hotels/us/en/wuhan/wuhel/hoteldetail,https://www.ihg.com/holidayinnexpress/hotels/cn/zh/wuhan/wuhel/hoteldetail,,,,,
IHG-WUHWJ,Holiday Inn Express Wuhan Jianghan Road,,Holiday Inn Express,智选假日酒店,ihg-holiday-inn-express,FULLY_BOOKABLE,Hotel,Hotel,Wuhan,,Hubei,,"22-26F, 818 Zhongshan Avenue, Wuhan, Hubei, 430000, Mainland China",,430000,30.578442,114.290474,86-27-59616688,https://www.ihg.com/holidayinnexpress/hotels/us/en/wuhan/wuhwj/hoteldetail,https://www.ihg.com/holidayinnexpress/hotels/cn/zh/wuhan/wuhwj/hoteldetail,,,,,
IHG-WUHJL,Holiday Inn Express Wuhan Jinyin Lake,,Holiday Inn Express,智选假日酒店,ihg-holiday-inn-express,FULLY_BOOKABLE,Hotel,Hotel,Wuhan,,Hubei,,"No.18, Jinyinhu Road, Dongxihu District, Wuhan, Hubei, 430048, Mainland China",,430048,30.637007,114.20579,86-27-85675999,https://www.ihg.com/holidayinnexpress/hotels/us/en/shanghai/wuhjl/hoteldetail,https://www.ihg.com/holidayinnexpress/hotels/cn/zh/shanghai/wuhjl/hoteldetail,,,,,
IHG-WUHOV,Holiday Inn Express Wuhan Optical Valley,,Holiday Inn Express,智选假日酒店,ihg-holiday-inn-express,FULLY_BOOKABLE,Hotel,Hotel,Wuhan,,Hubei,,"No. 332 Guanshan Ave, Donghu High Tech Development Zone, Wuhan, Hubei, 430074, Mainland China",,430074,30.490086,114.40985,86-27-59360999x0,https://www.ihg.com/holidayinnexpress/hotels/us/en/wuhan/wuhov/hoteldetail,https://www.ihg.com/holidayinnexpress/hotels/cn/zh/wuhan/wuhov/hoteldetail,,,,,
IHG-WUHHG,Holiday Inn Wuhan Houguan Lake,,Holiday Inn,假日酒店,ihg-holiday-inn,FULLY_BOOKABLE,Hotel,Hotel,Wuhan,,Hubei,,"No.353 Zhiyinhu Avenue, Caidian District, Wuhan, Hubei, 430100, Mainland China",,430100,30.477453,114.08162,86-027-59622777,https://www.ihg.com/holidayinn/hotels/us/en/wuhan/wuhhg/hoteldetail,https://www.ihg.com/holidayinn/hotels/cn/zh/wuhan/wuhhg/hoteldetail,,,,,
IHG-WUHQC,Holiday Inn Wuhan Riverside,,Holiday Inn,假日酒店,ihg-holiday-inn,FULLY_BOOKABLE,Hotel,Hotel,Wuhan,,Hubei,,"No.3 Qingchuan Avenue, Hanyang District, Wuhan, Hubei, 430050, Mainland China",,430050,30.557259,114.285385,86-27-84716688x4105,https://www.ihg.com/holidayinn/hotels/us/en/wuhan/wuhqc/hoteldetail,https://www.ihg.com/holidayinn/hotels/cn/zh/wuhan/wuhqc/hoteldetail,,,,,
IHG-WUHTA,Holiday Inn Wuhan Tianhe Airport,,Holiday Inn,假日酒店,ihg-holiday-inn,FULLY_BOOKABLE,Hotel,Hotel,Wuhan,,Hubei,,"Holiday Inn, 2nd Floor to 4th Floor, Wuhan, Hubei, 430000, Mainland China",,430000,30.774925,114.21883,86-027-5932x3333,https://www.ihg.com/holidayinn/hotels/us/en/wuhan/wuhta/hoteldetail,https://www.ihg.com/holidayinn/hotels/cn/zh/wuhan/wuhta/hoteldetail,,,,,
IHG-WUHHA,InterContinental Wuhan,,InterContinental,洲际酒店及度假村,ihg-intercontinental,FULLY_BOOKABLE,Hotel,Hotel,Wuhan,,Hubei,,"No.666 Qingchuan Boulevard, Hanyang District, Wuhan, Hubei, 430052, Mainland China",,430052,30.505219,114.24522,86-27-84840000x6066,https://www.ihg.com/intercontinental/hotels/us/en/wuhan/wuhha/hoteldetail,https://www.ihg.com/intercontinental/hotels/cn/zh/wuhan/wuhha/hoteldetail,,,,,
IHG-WUHVC,voco Wuhan Xinhua,,voco,voco 酒店,ihg-voco,FULLY_BOOKABLE,Hotel,Hotel,Wuhan,,Hubei,,"No. 558 Jianshe Avenue, Jianghan District, Wuhan, Hubei, 430015, Mainland China",,430015,30.593636,114.26876,86-027-85551188,https://www.ihg.com/voco/hotels/us/en/wuhan/wuhvc/hoteldetail,https://www.ihg.com/voco/hotels/cn/zh/wuhan/wuhvc/hoteldetail,,,,,
IHG-WHUWJ,Holiday Inn Wuhu Jiangbei New Area,,Holiday Inn,假日酒店,ihg-holiday-inn,FULLY_BOOKABLE,Hotel,Hotel,Wuhu,,Anhui,,"Bldg C5, Phase I,Youth Entrepreneurship Industrial Park, Wuhu, Anhui, 241000, Mainland China",,241000,31.360325,118.25408,,https://www.ihg.com/holidayinn/hotels/us/en/wuhu/whuwj/hoteldetail,https://www.ihg.com/holidayinn/hotels/cn/zh/wuhu/whuwj/hoteldetail,,,,,
IHG-WHUHU,HUALUXE Wuhu,,HUALUXE,华邑酒店及度假村,ihg-hualuxe,FULLY_BOOKABLE,Hotel,Hotel,Wuhu,,Anhui,,"No. 34 South Changjiang Road, Yijiang District, Wuhu, Anhui, 241003, Mainland China",,241003,31.31075,118.36452,86-553-2296999x6101,https://www.ihg.com/hotels/us/en/wuhu/whuhu/hoteldetail,https://www.ihg.com/hotels/cn/zh/wuhu/whuhu/hoteldetail,,,,,
IHG-JICWG,Holiday Inn Express Wuwei,,Holiday Inn Express,智选假日酒店,ihg-holiday-inn-express,FULLY_BOOKABLE,Hotel,Hotel,Wuwei,,Gansu,,"Binhe Road and Gulang Street, Liangzhou District, Wuwei, Gansu, Mainland China",,,37.909946,102.64466,,https://www.ihg.com/holidayinnexpress/hotels/us/en/wuwei/jicwg/hoteldetail,https://www.ihg.com/holidayinnexpress/hotels/cn/zh/wuwei/jicwg/hoteldetail,,,,,
IHG-WUXGC,Crowne Plaza Wuxi City Center,,Crowne Plaza,皇冠假日酒店,ihg-crowne-plaza,FULLY_BOOKABLE,Hotel,Hotel,Wuxi,,Jiangsu,,"No. 18 Yonghe Road, Wuxi, Jiangsu, 214023, Mainland China",,214023,31.551058,120.30025,86-510-81088888x8249,https://www.ihg.com/crowneplaza/hotels/us/en/wuxi/wuxgc/hoteldetail,https://www.ihg.com/crowneplaza/hotels/cn/zh/wuxi/wuxgc/hoteldetail,,,,,
IHG-WUXLV,Crowne Plaza Wuxi Lake View,,Crowne Plaza,皇冠假日酒店,ihg-crowne-plaza,FULLY_BOOKABLE,Hotel,Hotel,Wuxi,,Jiangsu,,"No.5 Wanda Cultural Tourism City,, Wuxi, Jiangsu, 214100, Mainland China",,214100,31.443008,120.2702,,https://www.ihg.com/crowneplaza/hotels/us/en/wuxi/wuxlv/hoteldetail,https://www.ihg.com/crowneplaza/hotels/cn/zh/wuxi/wuxlv/hoteldetail,,,,,
IHG-WUXWT,Crowne Plaza Wuxi Taihu,,Crowne Plaza,皇冠假日酒店,ihg-crowne-plaza,FULLY_BOOKABLE,Hotel,Hotel,Wuxi,,Jiangsu,,"No. 1888 Taihu Avenue, Binhu District, Wuxi, Jiangsu, 214072, Mainland China",,214072,31.541613,120.2585,86-510-85798888x6101,https://www.ihg.com/crowneplaza/hotels/us/en/wuxi/wuxwt/hoteldetail,https://www.ihg.com/crowneplaza/hotels/cn/zh/wuxi/wuxwt/hoteldetail,,,,,
IHG-WUXWE,Holiday Inn Express Wuxi East Station,,Holiday Inn Express,智选假日酒店,ihg-holiday-inn-express,FULLY_BOOKABLE,Hotel,Hotel,Wuxi,,Jiangsu,,"No. 26, Jiulicang Commercial Center, Cuishan Road, Wuxi, Jiangsu, 214104, Mainland China",,214104,31.589954,120.44787,86-510-85010888,https://www.ihg.com/holidayinnexpress/hotels/us/en/wuxi/wuxwe/hoteldetail,https://www.ihg.com/holidayinnexpress/hotels/cn/zh/wuxi/wuxwe/hoteldetail,,,,,
IHG-WUXWX,Holiday Inn Express Wuxi Taihu,,Holiday Inn Express,智选假日酒店,ihg-holiday-inn-express,FULLY_BOOKABLE,Hotel,Hotel,Wuxi,,Jiangsu,,"No. 1886 Taihu West Avenue, Binhu District, Wuxi, Jiangsu, 214072, Mainland China",,214072,31.541677,120.25907,86-510-85929999,https://www.ihg.com/holidayinnexpress/hotels/us/en/wuxi/wuxwx/hoteldetail,https://www.ihg.com/holidayinnexpress/hotels/cn/zh/wuxi/wuxwx/hoteldetail,,,,,
IHG-WUXTH,Holiday Inn Express Wuxi Taihu New City,,Holiday Inn Express,智选假日酒店,ihg-holiday-inn-express,FULLY_BOOKABLE,Hotel,Hotel,Wuxi,,Jiangsu,,"No. 77, Qingshu Road, Binhu District, Wuxi, Wuxi, Jiangsu, 214131, Mainland China",,214131,31.48062,120.32366,86-510-89907788,https://www.ihg.com/holidayinnexpress/hotels/us/en/wuxi/wuxth/hoteldetail,https://www.ihg.com/holidayinnexpress/hotels/cn/zh/wuxi/wuxth/hoteldetail,,,,,
IHG-WUXXS,Holiday Inn Express Wuxi Xishan,,Holiday Inn Express,智选假日酒店,ihg-holiday-inn-express,FULLY_BOOKABLE,Hotel,Hotel,Wuxi,,Jiangsu,,"88 West Furong 3rd Road, Wuxi, Jiangsu, 214000, Mainland China",,214000,31.631893,120.36142,86-510-88008888,https://www.ihg.com/holidayinnexpress/hotels/us/en/wuxi/wuxxs/hoteldetail,https://www.ihg.com/holidayinnexpress/hotels/cn/zh/wuxi/wuxxs/hoteldetail,,,,,
IHG-WUXCS,Holiday Inn Wuxi Central Station,,Holiday Inn,假日酒店,ihg-holiday-inn,FULLY_BOOKABLE,Hotel,Hotel,Wuxi,,Jiangsu,,"No.18 North Xingchang Road, Liangxi District, Wuxi, Jiangsu, 214008, Mainland China",,214008,31.58933,120.30718,86-510-81988888,https://www.ihg.com/holidayinn/hotels/us/en/wuxi/wuxcs/hoteldetail,https://www.ihg.com/holidayinn/hotels/cn/zh/wuxi/wuxcs/hoteldetail,,,,,
IHG-WUXHR,Holiday Inn Wuxi Taihu New City,,Holiday Inn,假日酒店,ihg-holiday-inn,FULLY_BOOKABLE,Hotel,Hotel,Wuxi,,Jiangsu,,"No. 77, Qingshu Road, Binhu District, Wuxi, Jiangsu, 214131, Mainland China",,214131,31.48062,120.32366,86-510-85559788,https://www.ihg.com/holidayinn/hotels/us/en/wuxi/wuxhr/hoteldetail,https://www.ihg.com/holidayinn/hotels/cn/zh/wuxi/wuxhr/hoteldetail,,,,,
IHG-WUXQB,Hotel Indigo Wuxi Qingming Bridge,,Hotel Indigo,英迪格酒店,ihg-hotel-indigo,FULLY_BOOKABLE,Hotel,Hotel,Wuxi,,Jiangsu,,"No.88, South Jingouqiao Road, Liangxi District, Wuxi, Jiangsu, 214023, Mainland China",,214023,31.55232,120.31895,86-510-68188888x0,https://www.ihg.com/hotelindigo/hotels/us/en/wuxi/wuxqb/hoteldetail,https://www.ihg.com/hotelindigo/hotels/cn/zh/wuxi/wuxqb/hoteldetail,,,,,
IHG-WUXGO,Hotel Indigo Wuxi Taihu New City,,Hotel Indigo,英迪格酒店,ihg-hotel-indigo,FULLY_BOOKABLE,Hotel,Hotel,Wuxi,,Jiangsu,,"Shangxian Road, Binhu District, Wuxi, Jiangsu, 214000, Mainland China",,214000,31.47224,120.32164,86-0510-68108888,https://www.ihg.com/hotelindigo/hotels/us/en/wuxi/wuxgo/hoteldetail,https://www.ihg.com/hotelindigo/hotels/cn/zh/wuxi/wuxgo/hoteldetail,,,,,
IHG-WUXWC,HUALUXE Wuxi Taihu,,HUALUXE,华邑酒店及度假村,ihg-hualuxe,FULLY_BOOKABLE,Hotel,Hotel,Wuxi,,Jiangsu,,"No.15, 6th Financial Street,Lixin Avenue,Binhu District, Wuxi, Jiangsu, 214125, Mainland China",,214125,31.47988,120.306915,86-510-89905555,https://www.ihg.com/hotels/us/en/wuxi/wuxwc/hoteldetail,https://www.ihg.com/hotels/cn/zh/wuxi/wuxwc/hoteldetail,,,,,
IHG-WUXHA,InterContinental Wuxi,,InterContinental,洲际酒店及度假村,ihg-intercontinental,FULLY_BOOKABLE,Hotel,Hotel,Wuxi,,Jiangsu,,"No.6 Yonghe Road, Liangxi District, Wuxi, Jiangsu, 214000, Mainland China",,214000,31.554,120.303375,86-0510-81185888x7606,https://www.ihg.com/intercontinental/hotels/us/en/wuxi/wuxha/hoteldetail,https://www.ihg.com/intercontinental/hotels/cn/zh/wuxi/wuxha/hoteldetail,,,,,
IHG-WUXTA,InterContinental Wuxi Taihu New City,,InterContinental,洲际酒店及度假村,ihg-intercontinental,FULLY_BOOKABLE,Hotel,Hotel,Wuxi,,Jiangsu,,"Qingyan Road, Binhu District, Wuxi, Jiangsu, 214000, Mainland China",,214000,31.47243,120.322914,86-0510-68108888,https://www.ihg.com/intercontinental/hotels/us/en/wuxi/wuxta/hoteldetail,https://www.ihg.com/intercontinental/hotels/cn/zh/wuxi/wuxta/hoteldetail,,,,,
IHG-SIAZQ,Crowne Plaza Xi'an,,Crowne Plaza,皇冠假日酒店,ihg-crowne-plaza,FULLY_BOOKABLE,Hotel,Hotel,Xi'an,,Shaanxi,,"No. 1 Zhu Que Zhong Road, Xi'an, Shaanxi, 710061, Mainland China",,710061,34.231293,108.93997,86-29-88668888x6666,https://www.ihg.com/crowneplaza/hotels/us/en/xi-an/siazq/hoteldetail,https://www.ihg.com/crowneplaza/hotels/cn/zh/xi-an/siazq/hoteldetail,,,,,
IHG-SIAWD,Crowne Plaza Xi'an Weiyang,,Crowne Plaza,皇冠假日酒店,ihg-crowne-plaza,FULLY_BOOKABLE,Hotel,Hotel,Xi'an,,Shaanxi,,"No.6, West Section of North 2nd Ring Road,, Xi'an, Shaanxi, 710000, Mainland China",,710000,34.30951,108.94154,86-29-88138888,https://www.ihg.com/crowneplaza/hotels/us/en/xi-an/siawd/hoteldetail,https://www.ihg.com/crowneplaza/hotels/cn/zh/xi-an/siawd/hoteldetail,,,,,
IHG-SIAAZ,EVEN Hotel Xi'an Airport Zone,,EVEN Hotel,逸衡酒店,ihg-even-hotel,FULLY_BOOKABLE,Hotel,Hotel,Xi'an,,Shaanxi,,"No.5 Tengxiao Road South, No.4 Tengxiao Road North, Xi'an, Shaanxi, 712042, Mainland China",,712042,34.440468,108.723595,86-29-33636054,https://www.ihg.com/evenhotels/hotels/us/en/xian/siaaz/hoteldetail,https://www.ihg.com/evenhotels/hotels/cn/zh/xian/siaaz/hoteldetail,,,,,
IHG-SIAHH,EVEN Hotel Xi'an High-Tech Zone,,EVEN Hotel,逸衡酒店,ihg-even-hotel,FULLY_BOOKABLE,Hotel,Hotel,Xi'an,,Shaanxi,,"No.61.KeJi2nd Road, Xi'an, Shaanxi, 710061, Mainland China",,710061,34.226093,108.8918,86-029-8571x7777,https://www.ihg.com/evenhotels/hotels/us/en/xian/siahh/hoteldetail,https://www.ihg.com/evenhotels/hotels/cn/zh/xian/siahh/hoteldetail,,,,,
IHG-SIAHI,Holiday Inn & Suites Xi'an High-Tech Zone,,Holiday Inn & Suites,假日套房酒店,ihg-holiday-inn-and-suites,FULLY_BOOKABLE,Hotel,Hotel,Xi'an,,Shaanxi,,"No 305, Keji Road, Yanta District, Xi'an, Shaanxi, 710065, Mainland China",,710065,34.23709,108.89337,86-29-68067777,https://www.ihg.com/holidayinn/hotels/us/en/xi-an/siahi/hoteldetail,https://www.ihg.com/holidayinn/hotels/cn/zh/xi-an/siahi/hoteldetail,,,,,
IHG-SIAER,Holiday Inn Express Xi'an Aerospace Town,,Holiday Inn Express,智选假日酒店,ihg-holiday-inn-express,FULLY_BOOKABLE,Hotel,Hotel,Xi'an,,Shaanxi,,"No. 399 East Changan Street, Xi'an, Shaanxi, 710061, Mainland China",,710061,34.1553,108.96598,86-29-87918888,https://www.ihg.com/holidayinnexpress/hotels/us/en/xian/siaer/hoteldetail,https://www.ihg.com/holidayinnexpress/hotels/cn/zh/xian/siaer/hoteldetail,,,,,
IHG-SIATW,Holiday Inn Express Xi'an Ancient Town West,,Holiday Inn Express,智选假日酒店,ihg-holiday-inn-express,FULLY_BOOKABLE,Hotel,Hotel,Xi'an,,Shaanxi,,"No 288,Northern Section of Huancheng West Road, Xi'an, Shaanxi, 710082, Mainland China",,710082,34.265965,108.92215,86-29-68270999x6601,https://www.ihg.com/holidayinnexpress/hotels/us/en/xi-an/siatw/hoteldetail,https://www.ihg.com/holidayinnexpress/hotels/cn/zh/xi-an/siatw/hoteldetail,,,,,
IHG-SIABT,Holiday Inn Express Xi'an Bell Tower,,Holiday Inn Express,智选假日酒店,ihg-holiday-inn-express,FULLY_BOOKABLE,Hotel,Hotel,Xi'an,,Shaanxi,,"No.70, Nandajie,Beilin District, Xi'an, Shaanxi, 710001, Mainland China",,710001,34.257072,108.9465,86-29-61816688,https://www.ihg.com/holidayinnexpress/hotels/us/en/xian/siabt/hoteldetail,https://www.ihg.com/holidayinnexpress/hotels/cn/zh/xian/siabt/hoteldetail,,,,,
IHG-SIACT,Holiday Inn Express Xi'an Caotang Technology Park,,Holiday Inn Express,智选假日酒店,ihg-holiday-inn-express,FULLY_BOOKABLE,Hotel,Hotel,Xi'an,,Shaanxi,,"Building 1, Caotang Technology Park, West 8, Xi'an, Shaanxi, 710005, Mainland China",,710005,34.016354,108.70196,86-29-81469999,https://www.ihg.com/holidayinnexpress/hotels/us/en/xian/siact/hoteldetail,https://www.ihg.com/holidayinnexpress/hotels/cn/zh/xian/siact/hoteldetail,,,,,
IHG-SIADX,Holiday Inn Express Xi'an Daxing,,Holiday Inn Express,智选假日酒店,ihg-holiday-inn-express,FULLY_BOOKABLE,Hotel,Hotel,Xi'an,,Shaanxi,,"No.9 Building of Daxing Jiuzhen, No.18 Daxing Road East, Xi'an, Shaanxi, 710016, Mainland China",,710016,34.285965,108.9017,86-29-81509888,https://www.ihg.com/holidayinnexpress/hotels/us/en/xian/siadx/hoteldetail,https://www.ihg.com/holidayinnexpress/hotels/cn/zh/xian/siadx/hoteldetail,,,,,
IHG-SIAGU,Holiday Inn Express Xi'an Guangyuntan,,Holiday Inn Express,智选假日酒店,ihg-holiday-inn-express,FULLY_BOOKABLE,Hotel,Hotel,Xi'an,,Shaanxi,,"West of Guangyuntan West Road, South of Chanbaer Road, Xi'an, Shaanxi, Mainland China",,,34.32149,109.00868,86-29-88010800,https://www.ihg.com/holidayinnexpress/hotels/us/en/xian/siagu/hoteldetail,https://www.ihg.com/holidayinnexpress/hotels/cn/zh/xian/siagu/hoteldetail,,,,,
IHG-SIATS,Holiday Inn Express Xi'an High-tech South,,Holiday Inn Express,智选假日酒店,ihg-holiday-inn-express,FULLY_BOOKABLE,Hotel,Hotel,Xi'an,,Shaanxi,,"No.1810 Xifeng 3th Road, Yanta District, Xi'an, Shaanxi, 710000, Mainland China",,710000,34.17821,108.884735,86-29-68893999x8821,https://www.ihg.com/holidayinnexpress/hotels/us/en/xian/siats/hoteldetail,https://www.ihg.com/holidayinnexpress/hotels/cn/zh/xian/siats/hoteldetail,,,,,
IHG-SIAHT,Holiday Inn Express Xi'an High-Tech Zone,,Holiday Inn Express,智选假日酒店,ihg-holiday-inn-express,FULLY_BOOKABLE,Hotel,Hotel,Xi'an,,Shaanxi,,"No. 36 Jinye Road, High-tech Zone, Xi'an, Shaanxi, 710077, Mainland China",,710077,34.19313,108.874435,86-29-81775500,https://www.ihg.com/holidayinnexpress/hotels/us/en/xi-an/siaht/hoteldetail,https://www.ihg.com/holidayinnexpress/hotels/cn/zh/xi-an/siaht/hoteldetail,,,,,
IHG-SIAZN,Holiday Inn Express Xi'an High-Tech Zone North,,Holiday Inn Express,智选假日酒店,ihg-holiday-inn-express,FULLY_BOOKABLE,Hotel,Hotel,Xi'an,,Shaanxi,,"Technology Road, Zhongjian Building, Xi'an, Shaanxi, 710075, Mainland China",,710075,34.24238,108.881355,86-029-89182888x6666,https://www.ihg.com/holidayinnexpress/hotels/us/en/xian/siazn/hoteldetail,https://www.ihg.com/holidayinnexpress/hotels/cn/zh/xian/siazn/hoteldetail,,,,,
IHG-SIATZ,Holiday Inn Express Xi'an Intl Trade&Logistic Park,,Holiday Inn Express,智选假日酒店,ihg-holiday-inn-express,FULLY_BOOKABLE,Hotel,Hotel,Xi'an,,Shaanxi,,"No.1 Building, Xi'an Port Intl Procurement Center, Xi'an, Shaanxi, 710026, Mainland China",,710026,34.389874,109.073135,86-029-88073333x0,https://www.ihg.com/holidayinnexpress/hotels/us/en/xian/siatz/hoteldetail,https://www.ihg.com/holidayinnexpress/hotels/cn/zh/xian/siatz/hoteldetail,,,,,
IHG-SIAXS,Holiday Inn Express Xi'an North,,Holiday Inn Express,智选假日酒店,ihg-holiday-inn-express,FULLY_BOOKABLE,Hotel,Hotel,Xi'an,,Shaanxi,,"No. 170 Weiyang Road, Weiyang District, Xi'an, Shaanxi, 710016, Mainland China",,710016,34.33772,108.94487,86-29-81529888,https://www.ihg.com/holidayinnexpress/hotels/us/en/xi-an/siaxs/hoteldetail,https://www.ihg.com/holidayinnexpress/hotels/cn/zh/xi-an/siaxs/hoteldetail,,,,,
IHG-SIANS,Holiday Inn Express Xi'an North Station,,Holiday Inn Express,智选假日酒店,ihg-holiday-inn-express,FULLY_BOOKABLE,Hotel,Hotel,Xi'an,,Shaanxi,,"BuildingC,No. 999,North Section of Jianyuan Second Road, Xi'an, Shaanxi, 710004, Mainland China",,710004,34.391678,108.95009,86-29-83660077x0,https://www.ihg.com/holidayinnexpress/hotels/us/en/xian/sians/hoteldetail,https://www.ihg.com/holidayinnexpress/hotels/cn/zh/xian/sians/hoteldetail,,,,,
IHG-SIAXN,Holiday Inn Express Xi'an North Station West,,Holiday Inn Express,智选假日酒店,ihg-holiday-inn-express,FULLY_BOOKABLE,Hotel,Hotel,Xi'an,,Shaanxi,,"No. 969 Nanhuan Road, Caotan Ecological Park, Xi'an, Shaanxi, Mainland China",,,34.37522,108.97665,,https://www.ihg.com/holidayinnexpress/hotels/us/en/xi'an/siaxn/hoteldetail,https://www.ihg.com/holidayinnexpress/hotels/cn/zh/xi'an/siaxn/hoteldetail,,,,,
IHG-SIAQC,Holiday Inn Express Xi'an Qujiang Center,,Holiday Inn Express,智选假日酒店,ihg-holiday-inn-express,FULLY_BOOKABLE,Hotel,Hotel,Xi'an,,Shaanxi,,"Building G Xi'an Cultural & Technological, Xi'an, Shaanxi, 710061, Mainland China",,710061,34.190968,108.96206,86-029-89556777,https://www.ihg.com/holidayinnexpress/hotels/us/en/xian/siaqc/hoteldetail,https://www.ihg.com/holidayinnexpress/hotels/cn/zh/xian/siaqc/hoteldetail,,,,,
IHG-SIAQS,Holiday Inn Express Xi'an Qujiang South,,Holiday Inn Express,智选假日酒店,ihg-holiday-inn-express,FULLY_BOOKABLE,Hotel,Hotel,Xi'an,,Shaanxi,,"Building No. 2, Zheng Rong Rainbow valley, Xi'an, Shaanxi, 710054, Mainland China",,710054,34.19391,109.01117,86-29-62508888,https://www.ihg.com/holidayinnexpress/hotels/us/en/xian/siaqs/hoteldetail,https://www.ihg.com/holidayinnexpress/hotels/cn/zh/xian/siaqs/hoteldetail,,,,,
IHG-SIATU,Holiday Inn Express Xi'an Tuanjie South Road,,Holiday Inn Express,智选假日酒店,ihg-holiday-inn-express,FULLY_BOOKABLE,Hotel,Hotel,Xi'an,,Shaanxi,,"No.12 Tuanjie South Road, Yanta District, Xi'an, Shaanxi, 710075, Mainland China",,710075,34.23102,108.880844,86-29-88220666,https://www.ihg.com/holidayinnexpress/hotels/us/en/xian/siatu/hoteldetail,https://www.ihg.com/holidayinnexpress/hotels/cn/zh/xian/siatu/hoteldetail,,,,,
IHG-SIABG,Holiday Inn Xi'an Big Goose Pagoda,,Holiday Inn,假日酒店,ihg-holiday-inn,FULLY_BOOKABLE,Hotel,Hotel,Xi'an,,Shaanxi,,"No 398 South 2nd Ring Road, Xi'an, Shaanxi, 710061, Mainland China",,710061,34.229385,108.957535,86-29-88668877x6601,https://www.ihg.com/holidayinn/hotels/us/en/xi-an/siabg/hoteldetail,https://www.ihg.com/holidayinn/hotels/cn/zh/xi-an/siabg/hoteldetail,,,,,
IHG-SIACX,Holiday Inn Xi'an Chanba,,Holiday Inn,假日酒店,ihg-holiday-inn,FULLY_BOOKABLE,Hotel,Hotel,Xi'an,,Shaanxi,,"No. 5189, Shibo Ave, Chanba Ecological Zone, Xi'an, Shaanxi, 710024, Mainland China",,710024,34.34461,109.041595,86-29-88076666,https://www.ihg.com/holidayinn/hotels/us/en/xian/siacx/hoteldetail,https://www.ihg.com/holidayinn/hotels/cn/zh/xian/siacx/hoteldetail,,,,,
IHG-SIAXE,Holiday Inn Xi'an East,,Holiday Inn,假日酒店,ihg-holiday-inn,FULLY_BOOKABLE,Hotel,Hotel,Xi'an,,Shaanxi,,"No.2650 South Section of Chanhe West Road, Xi'an, Shaanxi, 710043, Mainland China",,710043,34.24748,109.0551,86-29-85568888,https://www.ihg.com/holidayinn/hotels/us/en/xian/siaxe/hoteldetail,https://www.ihg.com/holidayinn/hotels/cn/zh/xian/siaxe/hoteldetail,,,,,
IHG-SIAGL,Holiday Inn Xi'an High-tech Central,,Holiday Inn,假日酒店,ihg-holiday-inn,FULLY_BOOKABLE,Hotel,Hotel,Xi'an,,Shaanxi,,"No.5 Jinye Road, High-Tech Industries Development Zone, Xi'an, Shaanxi, 710065, Mainland China",,710065,34.194546,108.88394,86-29-68689999x6401,https://www.ihg.com/holidayinn/hotels/us/en/xi-an/siagl/hoteldetail,https://www.ihg.com/holidayinn/hotels/cn/zh/xi-an/siagl/hoteldetail,,,,,
IHG-SIATC,Holiday Inn Xi'an High-Tech Zone,,Holiday Inn,假日酒店,ihg-holiday-inn,FULLY_BOOKABLE,Hotel,Hotel,Xi'an,,Shaanxi,,"No.38, North Section of Tangyan Road, Lianhu District, Xi'an, Shaanxi, 710065, Mainland China",,710065,34.25157,108.88732,86-29-88123888,https://www.ihg.com/holidayinn/hotels/us/en/xian/siatc/hoteldetail,https://www.ihg.com/holidayinn/hotels/cn/zh/xian/siatc/hoteldetail,,,,,
IHG-SIAXR,Hotel Indigo Xi'an High-tech Zone,,Hotel Indigo,英迪格酒店,ihg-hotel-indigo,FULLY_BOOKABLE,Hotel,Hotel,Xi'an,,Shaanxi,,"No.126 Xifeng Road, Chang'an District, Xi'an, Shaanxi, 710000, Mainland China",,710000,34.16495,108.866936,86-29-65665555x0,https://www.ihg.com/hotelindigo/hotels/us/en/xian/siaxr/hoteldetail,https://www.ihg.com/hotelindigo/hotels/cn/zh/xian/siaxr/hoteldetail,,,,,
IHG-SIAXC,HUALUXE Xi'an Chanba,,HUALUXE,华邑酒店及度假村,ihg-hualuxe,FULLY_BOOKABLE,Hotel,Hotel,Xi'an,,Shaanxi,,"No. 5167, Shibo Ave, Chanba Ecological Zone, Xi'an, Shaanxi, 710024, Mainland China",,710024,34.344463,109.04207,86-29-88079999,https://www.ihg.com/hotels/us/en/xian/siaxc/hoteldetail,https://www.ihg.com/hotels/cn/zh/xian/siaxc/hoteldetail,,,,,
IHG-SIATH,HUALUXE Xi'an Tanghua,,HUALUXE,华邑酒店及度假村,ihg-hualuxe,FULLY_BOOKABLE,Hotel,Hotel,Xi'an,,Shaanxi,,"No.40, Yanyin Road, Qujiang New District, Xi'an, Shaanxi, 710061, Mainland China",,710061,34.21655,108.96856,86-29-87990000,https://www.ihg.com/hotels/us/en/xian/siath/hoteldetail,https://www.ihg.com/hotels/cn/zh/xian/siath/hoteldetail,,,,,
IHG-SIAHZ,InterContinental Xi'an Hi-tech Zone,,InterContinental,洲际酒店及度假村,ihg-intercontinental,FULLY_BOOKABLE,Hotel,Hotel,Xi'an,,Shaanxi,,"11 Tuan Jie Nan Lu, Gaoxin District, Xi'an, Xi'an, Shaanxi, 710000, Mainland China",,710000,34.23082,108.882935,86-29-88123456,https://www.ihg.com/intercontinental/hotels/us/en/xian/siahz/hoteldetail,https://www.ihg.com/intercontinental/hotels/cn/zh/xian/siahz/hoteldetail,,,,,
IHG-SIACP,InterContinental Xi'an North,,InterContinental,洲际酒店及度假村,ihg-intercontinental,FULLY_BOOKABLE,Hotel,Hotel,Xi'an,,Shaanxi,,"No.120 Fengcheng 8th Road, Jingkai District, Xi'an, Shaanxi, 710021, Mainland China",,710021,34.33946,108.94536,86-29-87238888,https://www.ihg.com/intercontinental/hotels/us/en/xi-an/siacp/hoteldetail,https://www.ihg.com/intercontinental/hotels/cn/zh/xi-an/siacp/hoteldetail,,,,,
IHG-SIAVC,voco Xi'an ETDZ,,voco,voco 酒店,ihg-voco,FULLY_BOOKABLE,Hotel,Hotel,Xi'an,,Shaanxi,,"No.39 Fengcheng 9th Road, ETDZ, Xi'an, Shaanxi, 710018, Mainland China",,710018,34.348827,108.94798,86-29-86491111,https://www.ihg.com/voco/hotels/us/en/xian/siavc/hoteldetail,https://www.ihg.com/voco/hotels/cn/zh/xian/siavc/hoteldetail,,,,,
IHG-SIAQL,voco Xi'an Qindu Legend,,voco,voco 酒店,ihg-voco,FULLY_BOOKABLE,Hotel,Hotel,Xi'an,,Shaanxi,,"No.555 Xingyuan Road, Lianhu District, Xi'an, Shaanxi, 710082, Mainland China",,710082,34.28274,108.89782,86-29-81510000x6101,https://www.ihg.com/voco/hotels/us/en/xian/siaql/hoteldetail,https://www.ihg.com/voco/hotels/cn/zh/xian/siaql/hoteldetail,,,,,
IHG-XMNJE,Crowne Plaza Xiamen Jimei Seaview,,Crowne Plaza,皇冠假日酒店,ihg-crowne-plaza,FULLY_BOOKABLE,Hotel,Hotel,Xiamen,,Fujian,,"No. 866, Xingbin Road, Jimei District, Xiamen, Xiamen, Fujian, 361000, Mainland China",,361000,24.552488,118.04665,86-592-2676666,https://www.ihg.com/crowneplaza/hotels/us/en/xiamen/xmnje/hoteldetail,https://www.ihg.com/crowneplaza/hotels/cn/zh/xiamen/xmnje/hoteldetail,,,,,
IHG-XMNAH,Holiday Inn Express Xiamen Airport Zone,,Holiday Inn Express,智选假日酒店,ihg-holiday-inn-express,FULLY_BOOKABLE,Hotel,Hotel,Xiamen,,Fujian,,"No.509 North Huandao Road,Huli District,Xiamen, Xiamen, Fujian, 361006, Mainland China",,361006,24.552551,118.12035,86-0592-5099888,https://www.ihg.com/holidayinnexpress/hotels/us/en/xiamen/xmnah/hoteldetail,https://www.ihg.com/holidayinnexpress/hotels/cn/zh/xiamen/xmnah/hoteldetail,,,,,
IHG-XMNCC,Holiday Inn Express Xiamen City Center,,Holiday Inn Express,智选假日酒店,ihg-holiday-inn-express,FULLY_BOOKABLE,Hotel,Hotel,Xiamen,,Fujian,,"No. 64 Dongdu Road, Huli District, Xiamen, Fujian, 361004, Mainland China",,361004,24.482895,118.0795,86-0592-6066688x1,https://www.ihg.com/holidayinnexpress/hotels/us/en/xiamen/xmncc/hoteldetail,https://www.ihg.com/holidayinnexpress/hotels/cn/zh/xiamen/xmncc/hoteldetail,,,,,
IHG-XMNNT,Holiday Inn Express Xiamen Jimei New Town,,Holiday Inn Express,智选假日酒店,ihg-holiday-inn-express,FULLY_BOOKABLE,Hotel,Hotel,Xiamen,,Fujian,,"Fulou Building, No. 22 Xinglin North Road, Xiamen, Fujian, 361021, Mainland China",,361021,24.584068,118.03402,86-592-6778999,https://www.ihg.com/holidayinnexpress/hotels/us/en/xiamen/xmnnt/hoteldetail,https://www.ihg.com/holidayinnexpress/hotels/cn/zh/xiamen/xmnnt/hoteldetail,,,,,
IHG-XMNLU,Holiday Inn Express Xiamen Lushan,,Holiday Inn Express,智选假日酒店,ihg-holiday-inn-express,FULLY_BOOKABLE,Hotel,Hotel,Xiamen,,Fujian,,"No. 102 Jiahe Road, Siming District, Xiamen, Fujian, 361009, Mainland China",,361009,24.48302,118.12325,86-0592-5136888,https://www.ihg.com/holidayinnexpress/hotels/us/en/xiamen/xmnlu/hoteldetail,https://www.ihg.com/holidayinnexpress/hotels/cn/zh/xiamen/xmnlu/hoteldetail,,,,,
IHG-XMNTN,Holiday Inn Express Xiamen Tongan,,Holiday Inn Express,智选假日酒店,ihg-holiday-inn-express,FULLY_BOOKABLE,Hotel,Hotel,Xiamen,,Fujian,,"No.237 Sanxiu Road, Datong Street, Tongan District, Xiamen, Fujian, 361100, Mainland China",,361100,24.732437,118.15626,86-592-3010666,https://www.ihg.com/holidayinnexpress/hotels/us/en/xiamen/xmntn/hoteldetail,https://www.ihg.com/holidayinnexpress/hotels/cn/zh/xiamen/xmntn/hoteldetail,,,,,
IHG-XMNHC,Hotel Indigo Xiamen Haicang,,Hotel Indigo,英迪格酒店,ihg-hotel-indigo,FULLY_BOOKABLE,Hotel,Hotel,Xiamen,,Fujian,,"No.18, 2nd North Binhu Road, Haicang District, Xiamen, Fujian, 361026, Mainland China",,361026,24.477646,118.032524,86-0592-6889000,https://www.ihg.com/hotelindigo/hotels/us/en/xiamen/xmnhc/hoteldetail,https://www.ihg.com/hotelindigo/hotels/cn/zh/xiamen/xmnhc/hoteldetail,,,,,
IHG-XMNIN,Hotel Indigo Xiamen Harbour,,Hotel Indigo,英迪格酒店,ihg-hotel-indigo,FULLY_BOOKABLE,Hotel,Hotel,Xiamen,,Fujian,,"No.16 Lujiang Road, Siming District, Xiamen, Fujian, 361001, Mainland China",,361001,24.451233,118.07739,86-592-3361666x6202,https://www.ihg.com/hotelindigo/hotels/us/en/xiamen/xmnin/hoteldetail,https://www.ihg.com/hotelindigo/hotels/cn/zh/xiamen/xmnin/hoteldetail,,,,,
IHG-XMNAD,HUALUXE Xiamen Haicang Harbour View,,HUALUXE,华邑酒店及度假村,ihg-hualuxe,FULLY_BOOKABLE,Hotel,Hotel,Xiamen,,Fujian,,"No. 63, Pingshan Nanli, Haicang Avenue,, Xiamen, Fujian, 361026, Mainland China",,361026,24.495043,118.059586,86-592-3318888x6199,https://www.ihg.com/hotels/us/en/xiamen/xmnad/hoteldetail,https://www.ihg.com/hotels/cn/zh/xiamen/xmnad/hoteldetail,,,,,
IHG-XMNLR,InterContinental Xiamen,,InterContinental,洲际酒店及度假村,ihg-intercontinental,FULLY_BOOKABLE,Hotel,Hotel,Xiamen,,Fujian,,"No.19 Lingshiguan Road, Siming District, Xiamen, Fujian, 361008, Mainland China",,361008,24.474297,118.18275,86-592-3309999x6211,https://www.ihg.com/intercontinental/hotels/us/en/xiamen/xmnlr/hoteldetail,https://www.ihg.com/intercontinental/hotels/cn/zh/xiamen/xmnlr/hoteldetail,,,,,
IHG-XMNSM,voco Xiamen SM City,,voco,voco 酒店,ihg-voco,FULLY_BOOKABLE,Hotel,Hotel,Xiamen,,Fujian,,"No.403 Jiahe Road, Si Ming District, Xiamen, Fujian, 361009, Mainland China",,361009,24.500874,118.124146,,https://www.ihg.com/voco/hotels/us/en/xiamen/xmnsm/hoteldetail,https://www.ihg.com/voco/hotels/cn/zh/xiamen/xmnsm/hoteldetail,,,,,
IHG-XFNFC,Crowne Plaza Xiangyang,,Crowne Plaza,皇冠假日酒店,ihg-crowne-plaza,FULLY_BOOKABLE,Hotel,Hotel,Xiangyang,,Hubei,,"No.11 Changhong North Road, Xiangyang, Hubei, 441000, Mainland China",,441000,32.06135,112.13361,86-710-3288866x4,https://www.ihg.com/crowneplaza/hotels/us/en/xiangyang/xfnfc/hoteldetail,https://www.ihg.com/crowneplaza/hotels/cn/zh/xiangyang/xfnfc/hoteldetail,,,,,
IHG-XFNXA,Crowne Plaza Xiangyang Fuchun Lakeside,,Crowne Plaza,皇冠假日酒店,ihg-crowne-plaza,FULLY_BOOKABLE,Hotel,Hotel,Xiangyang,,Hubei,,"No. 99, Wolong South Road, Xiangcheng District, Xiangyang, Hubei, 441000, Mainland China",,441000,31.966093,112.10515,86-0710-3538888,https://www.ihg.com/crowneplaza/hotels/us/en/xiangyang/xfnxa/hoteldetail,https://www.ihg.com/crowneplaza/hotels/cn/zh/xiangyang/xfnxa/hoteldetail,,,,,
IHG-KLJXY,InterContinental Xiangyang,,InterContinental,洲际酒店及度假村,ihg-intercontinental,FULLY_BOOKABLE,Hotel,Hotel,Xiangyang,,Hubei,,"No.1 Shengfeng Road, Xiangcheng District, Xiangyang, Hubei, 441000, Mainland China",,441000,32.00665,112.15596,86-0710-3267777,https://www.ihg.com/intercontinental/hotels/us/en/xiangyang/kljxy/hoteldetail,https://www.ihg.com/intercontinental/hotels/cn/zh/xiangyang/kljxy/hoteldetail,,,,,
IHG-SIAFD,Holiday Inn Express Xi'an Fengdong,,Holiday Inn Express,智选假日酒店,ihg-holiday-inn-express,FULLY_BOOKABLE,Hotel,Hotel,Xianyang,,Shaanxi,,"Building 1, Shanglin Land, Shanglin Street, Xianyang, Shaanxi, 712000, Mainland China",,712000,34.311764,108.77843,86-29-63381888x0,https://www.ihg.com/holidayinnexpress/hotels/us/en/xianyang/siafd/hoteldetail,https://www.ihg.com/holidayinnexpress/hotels/cn/zh/xianyang/siafd/hoteldetail,,,,,
IHG-SIASL,Holiday Inn Xianyang Shuangzhao Lake,,Holiday Inn,假日酒店,ihg-holiday-inn,FULLY_BOOKABLE,Hotel,Hotel,Xianyang,,Shaanxi,,"NO.1 Chuangxin Road, Beiyuan Avenue, Qindu District, Xianyang, Shaanxi, 712028, Mainland China",,712028,34.408234,108.65598,86-029-33253666,https://www.ihg.com/holidayinn/hotels/us/en/xianyang/siasl/hoteldetail,https://www.ihg.com/holidayinn/hotels/cn/zh/xianyang/siasl/hoteldetail,,,,,
IHG-SIALK,HUALUXE Xianyang,,HUALUXE,华邑酒店及度假村,ihg-hualuxe,FULLY_BOOKABLE,Hotel,Hotel,Xianyang,,Shaanxi,,"No.1 Shangfa Road, Beiyuan Avenue, Qindu District, Xianyang, Shaanxi, 712099, Mainland China",,712099,34.40796,108.65279,86-29-33238888,https://www.ihg.com/hotels/us/en/xianyang/sialk/hoteldetail,https://www.ihg.com/hotels/cn/zh/xianyang/sialk/hoteldetail,,,,,
IHG-XICCC,Holiday Inn Express Xichang Qionghai,,Holiday Inn Express,智选假日酒店,ihg-holiday-inn-express,FULLY_BOOKABLE,Hotel,Hotel,Xichang,,Sichuan,,"Building 5, Times Square, Hangtian Avenue two Section, Xichang, Sichuan, 615000, Mainland China",,615000,27.87822,102.25288,86-834-2229999,https://www.ihg.com/holidayinnexpress/hotels/us/en/xichang/xiccc/hoteldetail,https://www.ihg.com/holidayinnexpress/hotels/cn/zh/xichang/xiccc/hoteldetail,,,,,
IHG-HYNXH,Crowne Plaza Xinghua,,Crowne Plaza,皇冠假日酒店,ihg-crowne-plaza,FULLY_BOOKABLE,Hotel,Hotel,Xinghua,,Jiangsu,,"South of Yongluyuan Road, east of Yingwu South Road, Xinghua, Jiangsu, 225700, Mainland China",,225700,32.909584,119.84695,86-523-83159000,https://www.ihg.com/crowneplaza/hotels/us/en/xinghua/hynxh/hoteldetail,https://www.ihg.com/crowneplaza/hotels/cn/zh/xinghua/hynxh/hoteldetail,,,,,
IHG-XNTQC,Holiday Inn Xingtai Quancheng,,Holiday Inn,假日酒店,ihg-holiday-inn,FULLY_BOOKABLE,Hotel,Hotel,Xingtai,,Hebei,,"The Spring City Auditorium, No.3 Financial Centre, Xingtai, Hebei, 054001, Mainland China",,054001,37.106598,114.53558,,https://www.ihg.com/holidayinn/hotels/us/en/xingtai/xntqc/hoteldetail,https://www.ihg.com/holidayinn/hotels/cn/zh/xingtai/xntqc/hoteldetail,,,,,
IHG-XNNRW,Holiday Inn Express Xining Railway Station,,Holiday Inn Express,智选假日酒店,ihg-holiday-inn-express,FULLY_BOOKABLE,Hotel,Hotel,Xining,,Qinghai,,"No.145, Huzhu West Road, Chengdong District, Xining, Xining, Qinghai, 810006, Mainland China",,810006,36.61144,101.81803,86-971-3866666,https://www.ihg.com/holidayinnexpress/hotels/us/en/xining/xnnrw/hoteldetail,https://www.ihg.com/holidayinnexpress/hotels/cn/zh/xining/xnnrw/hoteldetail,,,,,
IHG-XNNQT,Holiday Inn Xining Datong,,Holiday Inn,假日酒店,ihg-holiday-inn,FULLY_BOOKABLE,Hotel,Hotel,Xining,,Qinghai,,"Yuanlin road, Qiaotou town, Datong County, Xining, Qinghai, 810100, Mainland China",,810100,36.94884,101.67996,86-0971-2731111,https://www.ihg.com/holidayinn/hotels/us/en/xining/xnnqt/hoteldetail,https://www.ihg.com/holidayinn/hotels/cn/zh/xining/xnnqt/hoteldetail,,,,,
IHG-XNNHT,Holiday Inn Xining Hot-Spring,,Holiday Inn,假日酒店,ihg-holiday-inn,FULLY_BOOKABLE,Hotel,Hotel,Xining,,Qinghai,,"No.31 Linhe Road ,Chengzhong District, Xining, Qinghai, 810000, Mainland China",,810000,36.53245,101.65937,86-971-4127666,https://www.ihg.com/holidayinn/hotels/us/en/xining/xnnht/hoteldetail,https://www.ihg.com/holidayinn/hotels/cn/zh/xining/xnnht/hoteldetail,,,,,
IHG-SJWXI,Holiday Inn Express Xinji City Center,,Holiday Inn Express,智选假日酒店,ihg-holiday-inn-express,FULLY_BOOKABLE,Hotel,Hotel,Xinji,,Hebei,,"South of Wanda Square, southwest corner, Xinji, Hebei, 052300, Mainland China",,052300,37.943268,115.217964,,https://www.ihg.com/holidayinnexpress/hotels/us/en/xinji/sjwxi/hoteldetail,https://www.ihg.com/holidayinnexpress/hotels/cn/zh/xinji/sjwxi/hoteldetail,,,,,
IHG-CGOXP,Holiday Inn Express Xinxiang Pingyuan New Area,,Holiday Inn Express,智选假日酒店,ihg-holiday-inn-express,FULLY_BOOKABLE,Hotel,Hotel,Xinxiang,,Henan,,"156 Danjiang Road, Pingyuan Demonstration Zone, Xinxiang, Henan, 453519, Mainland China",,453519,35.00102,113.75109,,https://www.ihg.com/holidayinnexpress/hotels/us/en/xinxiang/cgoxp/hoteldetail,https://www.ihg.com/holidayinnexpress/hotels/cn/zh/xinxiang/cgoxp/hoteldetail,,,,,
IHG-JHGXB,Crowne Plaza Resort Xishuangbanna Parkview,,Crowne Plaza,皇冠假日酒店,ihg-crowne-plaza,FULLY_BOOKABLE,Hotel,Hotel,Xishuangbanna,,Yunnan,,"No.88 Yingbin Road, Sunac International Tourism Resort, Xishuangbanna, Yunnan, 666100, Mainland China",,666100,22.0237,100.76491,86-691-8996000,https://www.ihg.com/crowneplaza/hotels/us/en/jinghong/jhgxb/hoteldetail,https://www.ihg.com/crowneplaza/hotels/cn/zh/jinghong/jhgxb/hoteldetail,,,,,
IHG-JHGXA,InterContinental Xishuangbanna Resort,,InterContinental,洲际酒店及度假村,ihg-intercontinental,FULLY_BOOKABLE,Hotel,Hotel,Xishuangbanna,,Yunnan,,"No.8 Jingpahang Road, Mannongfeng District,, Xishuangbanna, Yunnan, 666100, Mainland China",,666100,21.97689,100.82776,86-691-2728888x6688,https://www.ihg.com/intercontinental/hotels/us/en/jing-hong/jhgxa/hoteldetail,https://www.ihg.com/intercontinental/hotels/cn/zh/jing-hong/jhgxa/hoteldetail,,,,,
IHG-LNJBG,voco Xishuangbanna Botanical Garden,,voco,voco 酒店,ihg-voco,FULLY_BOOKABLE,Hotel,Hotel,Xishuangbanna,,Yunnan,,"NO.1 Penghuang Road, Menglun Town, Mengla County, Xishuangbanna, Yunnan, Mainland China",,,21.933926,101.2448,,https://www.ihg.com/voco/hotels/us/en/xishuangbanna/lnjbg/hoteldetail,https://www.ihg.com/voco/hotels/cn/zh/xishuangbanna/lnjbg/hoteldetail,,,,,
IHG-JHGGZ,voco Xishuangbanna Gaozhuang,,voco,voco 酒店,ihg-voco,FULLY_BOOKABLE,Hotel,Hotel,Xishuangbanna,,Yunnan,,"15 Building Jinghan Stockade, Xishuangbanna, Yunnan, 666100, Mainland China",,666100,22.009235,100.81792,86-691-2212808,https://www.ihg.com/voco/hotels/us/en/xishuangbanna/jhggz/hoteldetail,https://www.ihg.com/voco/hotels/cn/zh/xishuangbanna/jhggz/hoteldetail,,,,,
IHG-XUZCP,Crowne Plaza Xuzhou Dalong Lake,,Crowne Plaza,皇冠假日酒店,ihg-crowne-plaza,FULLY_BOOKABLE,Hotel,Hotel,Xuzhou,,Jiangsu,,"No. 58 Pengzu Avenue, Xuzhou, Jiangsu, 221018, Mainland China",,221018,34.20849,117.26338,86-516-83289999x6266,https://www.ihg.com/crowneplaza/hotels/us/en/xuzhou/xuzcp/hoteldetail,https://www.ihg.com/crowneplaza/hotels/cn/zh/xuzhou/xuzcp/hoteldetail,,,,,
IHG-XUZXY,Holiday Inn Xuzhou Yunquan,,Holiday Inn,假日酒店,ihg-holiday-inn,FULLY_BOOKABLE,Hotel,Hotel,Xuzhou,,Jiangsu,,"No. 29 Jinshan Road, Quanshan District, Xuzhou, Jiangsu, 221000, Mainland China",,221000,34.224285,117.16947,86-0516-87789999,https://www.ihg.com/holidayinn/hotels/us/en/xuzhou/xuzxy/hoteldetail,https://www.ihg.com/holidayinn/hotels/cn/zh/xuzhou/xuzxy/hoteldetail,,,,,
IHG-KWLYS,Crowne Plaza Ya'an,,Crowne Plaza,皇冠假日酒店,ihg-crowne-plaza,FULLY_BOOKABLE,Hotel,Hotel,Ya'an,,Sichuan,,"No.9, South Ring Road, Yucheng District, Ya'an, Sichuan, 625000, Mainland China",,625000,29.997452,103.03402,86-0835-2888888,https://www.ihg.com/crowneplaza/hotels/us/en/yaan/kwlys/hoteldetail,https://www.ihg.com/crowneplaza/hotels/cn/zh/yaan/kwlys/hoteldetail,,,,,
IHG-YAANE,Holiday Inn Express Ya'an City Center,,Holiday Inn Express,智选假日酒店,ihg-holiday-inn-express,FULLY_BOOKABLE,Hotel,Hotel,Ya'an,,Sichuan,,"No. 38 Wenhua Road, Yucheng District, Ya'an, Sichuan, 625000, Mainland China",,625000,29.985786,103.0011,86-0835-2626666x6802,https://www.ihg.com/holidayinnexpress/hotels/us/en/yaan/yaane/hoteldetail,https://www.ihg.com/holidayinnexpress/hotels/cn/zh/yaan/yaane/hoteldetail,,,,,
IHG-CTUMT,Holiday Inn Resort Mengding Mountain,,Holiday Inn Resort,假日度假酒店,ihg-holiday-inn-resort,FULLY_BOOKABLE,Hotel,Hotel,Ya'an,,Sichuan,,"Visitor Center, Mengding Mountain Scenic Zone, Ya'an, Sichuan, 625100, Mainland China",,625100,30.072767,103.04624,86-835-3538888,https://www.ihg.com/holidayinnresorts/hotels/us/en/yaan/ctumt/hoteldetail,https://www.ihg.com/holidayinnresorts/hotels/cn/zh/yaan/ctumt/hoteldetail,,,,,
IHG-NBSCH,Holiday Inn Express Changbaishan Beauty Pine,,Holiday Inn Express,智选假日酒店,ihg-holiday-inn-express,FULLY_BOOKABLE,Hotel,Hotel,Yanbian,,Jilin,,"No. 5 Baihe Road, Yanbian, Jilin, 133613, Mainland China",,133613,42.442818,128.11726,86-433-5989999,https://www.ihg.com/holidayinnexpress/hotels/us/en/yanbian/nbsch/hoteldetail,https://www.ihg.com/holidayinnexpress/hotels/cn/zh/yanbian/nbsch/hoteldetail,,,,,
IHG-YNZJH,Holiday Inn Jianhu,,Holiday Inn,假日酒店,ihg-holiday-inn,FULLY_BOOKABLE,Hotel,Hotel,Yancheng,,Jiangsu,,"No.102 Huzhong North Road, Jianhu County, Yancheng, Jiangsu, 224700, Mainland China",,224700,33.483997,119.79739,86-0515-86239999,https://www.ihg.com/holidayinn/hotels/us/en/yancheng/ynzjh/hoteldetail,https://www.ihg.com/holidayinn/hotels/cn/zh/yancheng/ynzjh/hoteldetail,,,,,
IHG-CANHL,Crowne Plaza Hailing Island,,Crowne Plaza,皇冠假日酒店,ihg-crowne-plaza,FULLY_BOOKABLE,Hotel,Hotel,Yangjiang,,Guangdong,,"Ten-Miles Silver Beach, Hailing Island, Yangjiang, Guangdong, 529500, Mainland China",,529500,21.579775,111.882095,86-662-3868888x0,https://www.ihg.com/crowneplaza/hotels/us/en/yangjiang/canhl/hoteldetail,https://www.ihg.com/crowneplaza/hotels/cn/zh/yangjiang/canhl/hoteldetail,,,,,
IHG-YGICC,Holiday Inn Express Yangjiang City Center,,Holiday Inn Express,智选假日酒店,ihg-holiday-inn-express,FULLY_BOOKABLE,Hotel,Hotel,Yangjiang,,Guangdong,,"No. 88, Dongfeng Third Road, Jiangcheng District, Yangjiang, Guangdong, 529500, Mainland China",,529500,21.864489,111.99587,86-662-3395888x8001,https://www.ihg.com/holidayinnexpress/hotels/us/en/yangjiang/ygicc/hoteldetail,https://www.ihg.com/holidayinnexpress/hotels/cn/zh/yangjiang/ygicc/hoteldetail,,,,,
IHG-CANYC,HUALUXE Yangjiang City Center,,HUALUXE,华邑酒店及度假村,ihg-hualuxe,FULLY_BOOKABLE,Hotel,Hotel,Yangjiang,,Guangdong,,"No. 8 Huanhu Road, Jiangcheng District, Yangjiang, Guangdong, 529500, Mainland China",,529500,21.852022,111.985466,86-662-8333333,https://www.ihg.com/hotels/us/en/yangjiang/canyc/hoteldetail,https://www.ihg.com/hotels/cn/zh/yangjiang/canyc/hoteldetail,,,,,
IHG-SJWYA,Holiday Inn Express Yangquan City Center,,Holiday Inn Express,智选假日酒店,ihg-holiday-inn-express,FULLY_BOOKABLE,Hotel,Hotel,Yangquan,,Shanxi,,"No. 1 Dalian Street, Yangquan, Shanxi, 045099, Mainland China",,045099,37.866188,113.60063,86-353-2052777x6666,https://www.ihg.com/holidayinnexpress/hotels/us/en/yangquan/sjwya/hoteldetail,https://www.ihg.com/holidayinnexpress/hotels/cn/zh/yangquan/sjwya/hoteldetail,,,,,
IHG-NKGCP,Crowne Plaza Yangzhou,,Crowne Plaza,皇冠假日酒店,ihg-crowne-plaza,FULLY_BOOKABLE,Hotel,Hotel,Yangzhou,,Jiangsu,,"No.3 East Wenchang Road, Guangling District, Yangzhou, Jiangsu, 225006, Mainland China",,225006,32.394264,119.48526,86-514-87200000x6303,https://www.ihg.com/crowneplaza/hotels/us/en/yangzhou/nkgcp/hoteldetail,https://www.ihg.com/crowneplaza/hotels/cn/zh/yangzhou/nkgcp/hoteldetail,,,,,
IHG-NKGYC,Holiday Inn Express Yangzhou City Center,,Holiday Inn Express,智选假日酒店,ihg-holiday-inn-express,FULLY_BOOKABLE,Hotel,Hotel,Yangzhou,,Jiangsu,,"No. 75 Wenhe North Road, Yangzhou, Jiangsu, 225001, Mainland China",,225001,32.39987,119.43463,86-514-87979788,https://www.ihg.com/holidayinnexpress/hotels/us/en/yangzhou/nkgyc/hoteldetail,https://www.ihg.com/holidayinnexpress/hotels/cn/zh/yangzhou/nkgyc/hoteldetail,,,,,
IHG-YTYGC,Holiday Inn Express Yangzhou Grand Canal Theatre,,Holiday Inn Express,智选假日酒店,ihg-holiday-inn-express,FULLY_BOOKABLE,Hotel,Hotel,Yangzhou,,Jiangsu,,"No.108 Guozhan Road, Xinsheng Street, Yangzhou, Jiangsu, 225125, Mainland China",,225125,32.393078,119.375465,86-514-87611555,https://www.ihg.com/holidayinnexpress/hotels/us/en/yangzhou/ytygc/hoteldetail,https://www.ihg.com/holidayinnexpress/hotels/cn/zh/yangzhou/ytygc/hoteldetail,,,,,
IHG-YNTSV,Crowne Plaza Yantai Sea View,,Crowne Plaza,皇冠假日酒店,ihg-crowne-plaza,FULLY_BOOKABLE,Hotel,Hotel,Yantai,,Shandong,,"299 Gangcheng East Street, Laishan District, Yantai, Shandong, 264003, Mainland China",,264003,37.46168,121.47367,86-535-6899999x6001,https://www.ihg.com/crowneplaza/hotels/us/en/yantai/yntsv/hoteldetail,https://www.ihg.com/crowneplaza/hotels/cn/zh/yantai/yntsv/hoteldetail,,,,,
IHG-YNTEV,EVEN Hotel Yantai Golden Coast,,EVEN Hotel,逸衡酒店,ihg-even-hotel,FULLY_BOOKABLE,Hotel,Hotel,Yantai,,Shandong,,"No.2 Jinshahui Plaza, No.26 Haibin Road, Yantai, Shandong, 264006, Mainland China",,264006,37.57413,121.27475,86-0535-6373333,https://www.ihg.com/evenhotels/hotels/us/en/yantai/yntev/hoteldetail,https://www.ihg.com/evenhotels/hotels/cn/zh/yantai/yntev/hoteldetail,,,,,
IHG-YNTAI,Holiday Inn Express Yantai YEDA,,Holiday Inn Express,智选假日酒店,ihg-holiday-inn-express,FULLY_BOOKABLE,Hotel,Hotel,Yantai,,Shandong,,"Block 1, Wanhang Plaza, Yantai, Shandong, 264006, Mainland China",,264006,37.546078,121.2563,86-535-3385222,https://www.ihg.com/holidayinnexpress/hotels/us/en/yantai/yntai/hoteldetail,https://www.ihg.com/holidayinnexpress/hotels/cn/zh/yantai/yntai/hoteldetail,,,,,
IHG-YNTGC,Hotel Indigo Yantai Golden Coast,,Hotel Indigo,英迪格酒店,ihg-hotel-indigo,FULLY_BOOKABLE,Hotel,Hotel,Yantai,,Shandong,,"Yantai Development Zone,Haibin Road, Yantai, Shandong, 264006, Mainland China",,264006,37.574024,121.27347,86-535-6373333,https://www.ihg.com/hotelindigo/hotels/us/en/yantai/yntgc/hoteldetail,https://www.ihg.com/hotelindigo/hotels/cn/zh/yantai/yntgc/hoteldetail,,,,,
IHG-YBPCP,Crowne Plaza Yibin,,Crowne Plaza,皇冠假日酒店,ihg-crowne-plaza,FULLY_BOOKABLE,Hotel,Hotel,Yibin,,Sichuan,,"No. 10 Mu Lin Road, Xu Zhou Area, Yibin, Sichuan, 644002, Mainland China",,644002,28.74109,104.62486,86-831-8180000x1006,https://www.ihg.com/crowneplaza/hotels/us/en/yibin/ybpcp/hoteldetail,https://www.ihg.com/crowneplaza/hotels/cn/zh/yibin/ybpcp/hoteldetail,,,,,
IHG-YBPYB,Holiday Inn Express Yibin,,Holiday Inn Express,智选假日酒店,ihg-holiday-inn-express,FULLY_BOOKABLE,Hotel,Hotel,Yibin,,Sichuan,,"No.1 Huangjueping Road, Yibin, Sichuan, 644000, Mainland China",,644000,28.773243,104.65141,86-831-6660999,https://www.ihg.com/holidayinnexpress/hotels/us/en/yibin/ybpyb/hoteldetail,https://www.ihg.com/holidayinnexpress/hotels/cn/zh/yibin/ybpyb/hoteldetail,,,,,
IHG-YBPSN,Holiday Inn Express Yibin Xuzhou,,Holiday Inn Express,智选假日酒店,ihg-holiday-inn-express,FULLY_BOOKABLE,Hotel,Hotel,Yibin,,Sichuan,,"No. 4, Waijiang Road, Zhaochang Sub-district, Yibin, Sichuan, 644609, Mainland China",,644609,28.747768,104.62309,86-831-8183333,https://www.ihg.com/holidayinnexpress/hotels/us/en/yibin/ybpsn/hoteldetail,https://www.ihg.com/holidayinnexpress/hotels/cn/zh/yibin/ybpsn/hoteldetail,,,,,
IHG-YBPYS,HUALUXE Yibin,,HUALUXE,华邑酒店及度假村,ihg-hualuxe,FULLY_BOOKABLE,Hotel,Hotel,Yibin,,Sichuan,,"Building 2, Section 1, Huangjue Ping Road, Yibin, Sichuan, 644000, Mainland China",,644000,28.773241,104.65141,86-831-6660999,https://www.ihg.com/hotels/us/en/yibin/ybpys/hoteldetail,https://www.ihg.com/hotels/cn/zh/yibin/ybpys/hoteldetail,,,,,
IHG-YIHRY,Crowne Plaza Yichang,,Crowne Plaza,皇冠假日酒店,ihg-crowne-plaza,FULLY_BOOKABLE,Hotel,Hotel,Yichang,,Hubei,,"Special No.169 Yanjiang Avenue, Wujiagang District, Yichang, Hubei, 443000, Mainland China",,443000,30.679403,111.30888,86-717-6588888x6805,https://www.ihg.com/crowneplaza/hotels/us/en/yichang/yihry/hoteldetail,https://www.ihg.com/crowneplaza/hotels/cn/zh/yichang/yihry/hoteldetail,,,,,
IHG-YIHRS,Holiday Inn Express Yichang Riverside,,Holiday Inn Express,智选假日酒店,ihg-holiday-inn-express,FULLY_BOOKABLE,Hotel,Hotel,Yichang,,Hubei,,"No. 210,Yanjiang Avenue Tianyu waterfront, Yichang, Yichang, Hubei, 443000, Mainland China",,443000,30.646263,111.34439,86-717-6222666x8866,https://www.ihg.com/holidayinnexpress/hotels/us/en/yichang/yihrs/hoteldetail,https://www.ihg.com/holidayinnexpress/hotels/cn/zh/yichang/yihrs/hoteldetail,,,,,
IHG-YICMY,Holiday Inn Resort Yichun Mingyue Mountain,,Holiday Inn Resort,假日度假酒店,ihg-holiday-inn-resort,FULLY_BOOKABLE,Hotel,Hotel,Yichun,,Jiangxi,,"No. 23 Quandu Road North, Wentang County, Yichun, Jiangxi, 336007, Mainland China",,336007,27.697182,114.29013,86-0795-8688888x8999,https://www.ihg.com/holidayinnresorts/hotels/us/en/yichun/yicmy/hoteldetail,https://www.ihg.com/holidayinnresorts/hotels/cn/zh/yichun/yicmy/hoteldetail,,,,,
IHG-INCYH,EVEN Hotel Yinchuan Yuehai,,EVEN Hotel,逸衡酒店,ihg-even-hotel,FULLY_BOOKABLE,Hotel,Hotel,Yinchuan,,Ningxia,,"Intersection of Yinjiaqu North Street and Yueyuan Road, Yinchuan, Ningxia, 750000, Mainland China",,750000,38.503113,106.245445,86-0951-3809999x7703,https://www.ihg.com/evenhotels/hotels/us/en/yinchuan/incyh/hoteldetail,https://www.ihg.com/evenhotels/hotels/cn/zh/yinchuan/incyh/hoteldetail,,,,,
IHG-INCYD,Holiday Inn Express Yinchuan Downtown,,Holiday Inn Express,智选假日酒店,ihg-holiday-inn-express,FULLY_BOOKABLE,Hotel,Hotel,Yinchuan,,Ningxia,,"No.17, Xing Fu Feng Jing, Qingshui Wan,, Yinchuan, Ningxia, 750011, Mainland China",,750011,38.500053,106.20905,86-951-5675666,https://www.ihg.com/holidayinnexpress/hotels/us/en/yinchuan/incyd/hoteldetail,https://www.ihg.com/holidayinnexpress/hotels/cn/zh/yinchuan/incyd/hoteldetail,,,,,
IHG-INCBP,Holiday Inn Express Yinchuan Lanxi Valley Plaza,,Holiday Inn Express,智选假日酒店,ihg-holiday-inn-express,FULLY_BOOKABLE,Hotel,Hotel,Yinchuan,,Ningxia,,"No.1 Lanxigu Business Plaza, Yinchuan, Ningxia, 750001, Mainland China",,750001,38.495293,106.312386,86-951-3831999,https://www.ihg.com/holidayinnexpress/hotels/us/en/yinchuan/incbp/hoteldetail,https://www.ihg.com/holidayinnexpress/hotels/cn/zh/yinchuan/incbp/hoteldetail,,,,,
IHG-INCYY,Holiday Inn Express Yinchuan Yuehai,,Holiday Inn Express,智选假日酒店,ihg-holiday-inn-express,FULLY_BOOKABLE,Hotel,Hotel,Yinchuan,,Ningxia,,"1-6F, Yanzhao Building, Yinchuan, Ningxia, 750001, Mainland China",,750001,38.52419,106.23265,86-951-3838999,https://www.ihg.com/holidayinnexpress/hotels/us/en/yinchuan/incyy/hoteldetail,https://www.ihg.com/holidayinnexpress/hotels/cn/zh/yinchuan/incyy/hoteldetail,,,,,
IHG-JYQOP,Holiday Inn Express Yingkou Onelong Plaza,,Holiday Inn Express,智选假日酒店,ihg-holiday-inn-express,FULLY_BOOKABLE,Hotel,Hotel,Yingkou,,Liaoning,,"Onelong Plaza, West Kunlun Street, North Dingtun Road, Yingkou, Liaoning, 115009, Mainland China",,115009,40.272354,122.1328,86-0417-6189888x0,https://www.ihg.com/holidayinnexpress/hotels/us/en/yingkou/jyqop/hoteldetail,https://www.ihg.com/holidayinnexpress/hotels/cn/zh/yingkou/jyqop/hoteldetail,,,,,
IHG-YINYI,EVEN Hotel Yining,,EVEN Hotel,逸衡酒店,ihg-even-hotel,FULLY_BOOKABLE,Hotel,Hotel,Yining,,Xinjiang,,"No. 997, Binhe Avenue, Yining City, Yining, Xinjiang, 835099, Mainland China",,835099,43.904045,81.28268,86-999-8686666,https://www.ihg.com/evenhotels/hotels/us/en/yining/yinyi/hoteldetail,https://www.ihg.com/evenhotels/hotels/cn/zh/yining/yinyi/hoteldetail,,,,,
IHG-YINNG,InterContinental Yining,,InterContinental,洲际酒店及度假村,ihg-intercontinental,FULLY_BOOKABLE,Hotel,Hotel,Yining,,Xinjiang,,"No. 999, Binhe Avenue, Yining City, Yining, Xinjiang, 835099, Mainland China",,835099,43.903557,81.28168,86-999-8688888,https://www.ihg.com/intercontinental/hotels/us/en/yining/yinng/hoteldetail,https://www.ihg.com/intercontinental/hotels/cn/zh/yining/yinng/hoteldetail,,,,,
IHG-HGHJI,Holiday Inn Yiwu Center,,Holiday Inn,假日酒店,ihg-holiday-inn,FULLY_BOOKABLE,Hotel,Hotel,Yiwu,,Zhejiang,,"No. 128 Chengzhong Middle Road, Choucheng Sub-district, Yiwu, Zhejiang, 322000, Mainland China",,322000,29.302162,120.073235,86-0579-85259999,https://www.ihg.com/holidayinn/hotels/us/en/jinhua/hghji/hoteldetail,https://www.ihg.com/holidayinn/hotels/cn/zh/jinhua/hghji/hoteldetail,,,,,
IHG-CZXYI,Holiday Inn Express Yixing,,Holiday Inn Express,智选假日酒店,ihg-holiday-inn-express,FULLY_BOOKABLE,Hotel,Hotel,Yixing,,Jiangsu,,"No 1, Yicheng Street, Yixing City, Wuxi City, Yixing, Jiangsu, 214200, Mainland China",,214200,31.33907,119.85441,86-510-80787088x0,https://www.ihg.com/holidayinnexpress/hotels/us/en/yixing/czxyi/hoteldetail,https://www.ihg.com/holidayinnexpress/hotels/cn/zh/yixing/czxyi/hoteldetail,,,,,
IHG-YYAYP,Holiday Inn Express Yueyang Pingjiang,,Holiday Inn Express,智选假日酒店,ihg-holiday-inn-express,FULLY_BOOKABLE,Hotel,Hotel,Yueyang,,Hunan,,"No. 462, the intersection of Baihuatai and Zhongshan RD, Yueyang, Hunan, 410400, Mainland China",,410400,28.683521,113.60778,86-730-6169999,https://www.ihg.com/holidayinnexpress/hotels/us/en/yueyang/yyayp/hoteldetail,https://www.ihg.com/holidayinnexpress/hotels/cn/zh/yueyang/yyayp/hoteldetail,,,,,
IHG-WNZYU,Holiday Inn Express Yuhuan Wetland Park,,Holiday Inn Express,智选假日酒店,ihg-holiday-inn-express,FULLY_BOOKABLE,Hotel,Hotel,Yuhuan,,Zhejiang,,"No. 135 Binjiang Avenue, Yuhuan, Zhejiang, 317606, Mainland China",,317606,28.241552,121.2599,86-576-80717777,https://www.ihg.com/holidayinnexpress/hotels/us/en/yuhuan/wnzyu/hoteldetail,https://www.ihg.com/holidayinnexpress/hotels/cn/zh/yuhuan/wnzyu/hoteldetail,,,,,
IHG-NTGZE,Holiday Inn Express Zhangjiagang East,,Holiday Inn Express,智选假日酒店,ihg-holiday-inn-express,FULLY_BOOKABLE,Hotel,Hotel,Zhangjiagang,,Jiangsu,,"No. 293 Beijing Road. Tangqiao County, Zhangjiagang, Jiangsu, 215611, Mainland China",,215611,31.820469,120.63603,86-0512-56776888,https://www.ihg.com/holidayinnexpress/hotels/us/en/zhangjiagang/ntgze/hoteldetail,https://www.ihg.com/holidayinnexpress/hotels/cn/zh/zhangjiagang/ntgze/hoteldetail,,,,,
IHG-SZVZF,Holiday Inn Express Zhangjiagang Fenghuang,,Holiday Inn Express,智选假日酒店,ihg-holiday-inn-express,FULLY_BOOKABLE,Hotel,Hotel,Zhangjiagang,,Jiangsu,,"No.7 Wanghu Road, Fenghuang Town, Zhangjiagang, Jiangsu, 215613, Mainland China",,215613,31.768064,120.631165,,https://www.ihg.com/holidayinnexpress/hotels/us/en/suzhou/szvzf/hoteldetail,https://www.ihg.com/holidayinnexpress/hotels/cn/zh/suzhou/szvzf/hoteldetail,,,,,
IHG-WUXZT,Holiday Inn Express Zhangjiagang Free Trade Zone,,Holiday Inn Express,智选假日酒店,ihg-holiday-inn-express,FULLY_BOOKABLE,Hotel,Hotel,Zhangjiagang,,Jiangsu,,"No.59,Zhenshan Road,Jinggang Town, Zhangjiagang, Jiangsu, 215600, Mainland China",,215600,31.926975,120.43813,86-0512-58773888x6001,https://www.ihg.com/holidayinnexpress/hotels/us/en/zhangjiagang/wuxzt/hoteldetail,https://www.ihg.com/holidayinnexpress/hotels/cn/zh/zhangjiagang/wuxzt/hoteldetail,,,,,
IHG-DYGRS,Holiday Inn Zhangjiajie Railway Station,,Holiday Inn,假日酒店,ihg-holiday-inn,FULLY_BOOKABLE,Hotel,Hotel,Zhangjiajie,,Hunan,,"No.1 wenquan Road, Yongding District, Zhangjiajie, Hunan, Mainland China",,,29.148571,110.45664,,https://www.ihg.com/holidayinn/hotels/us/en/zhangjiajie/dygrs/hoteldetail,https://www.ihg.com/holidayinn/hotels/cn/zh/zhangjiajie/dygrs/hoteldetail,,,,,
IHG-ZQZDV,Crowne Plaza Chongli Resort,,Crowne Plaza,皇冠假日酒店,ihg-crowne-plaza,FULLY_BOOKABLE,Hotel,Hotel,Zhangjiakou,,Hebei,,"Cuiyunshan International Resort, Xiwanzi Town, Zhangjiakou, Hebei, 076350, Mainland China",,076350,41.000072,115.30865,86-313-6696906,https://www.ihg.com/crowneplaza/hotels/us/en/zhangjiakou/zqzdv/hoteldetail,https://www.ihg.com/crowneplaza/hotels/cn/zh/zhangjiakou/zqzdv/hoteldetail,,,,,
IHG-ZQZCH,Holiday Inn Express Chongli,,Holiday Inn Express,智选假日酒店,ihg-holiday-inn-express,FULLY_BOOKABLE,Hotel,Hotel,Zhangjiakou,,Hebei,,"Cuiyunshan International Resort, Xiwanzi Town, Zhangjiakou, Hebei, 076350, Mainland China",,076350,41.000076,115.30865,,https://www.ihg.com/holidayinnexpress/hotels/us/en/zhangjiakou/zqzch/hoteldetail,https://www.ihg.com/holidayinnexpress/hotels/cn/zh/zhangjiakou/zqzch/hoteldetail,,,,,
IHG-ZQZDS,Holiday Inn Express Zhangjiakou Park View,,Holiday Inn Express,智选假日酒店,ihg-holiday-inn-express,FULLY_BOOKABLE,Hotel,Hotel,Zhangjiakou,,Hebei,,"No. 7th Dong Xing Steet, Qiao Dong District, Zhangjiakou, Hebei, 075001, Mainland China",,075001,40.810253,114.905304,86-313-2288888,https://www.ihg.com/holidayinnexpress/hotels/us/en/zhangjiakou/zqzds/hoteldetail,https://www.ihg.com/holidayinnexpress/hotels/cn/zh/zhangjiakou/zqzds/hoteldetail,,,,,
IHG-ZQZDT,Holiday Inn Zhangjiakou Downtown,,Holiday Inn,假日酒店,ihg-holiday-inn,FULLY_BOOKABLE,Hotel,Hotel,Zhangjiakou,,Hebei,,"Building 3, Rongchen Manor (East Zone), Zhangjiakou, Hebei, 075000, Mainland China",,075000,40.7966,114.8946,,https://www.ihg.com/holidayinn/hotels/us/en/zhangjiakou/zqzdt/hoteldetail,https://www.ihg.com/holidayinn/hotels/cn/zh/zhangjiakou/zqzdt/hoteldetail,,,,,
IHG-YZYSP,Holiday Inn Express Zhangye,,Holiday Inn Express,智选假日酒店,ihg-holiday-inn-express,FULLY_BOOKABLE,Hotel,Hotel,Zhangye,,Gansu,,"No.184 West Huancheng Road, Zhangye, Gansu, 734000, Mainland China",,734000,38.958466,100.435196,86-936-8566666,https://www.ihg.com/holidayinnexpress/hotels/us/en/zhangye/yzysp/hoteldetail,https://www.ihg.com/holidayinnexpress/hotels/cn/zh/zhangye/yzysp/hoteldetail,,,,,
IHG-ZHGCP,Crowne Plaza Zhangzhou,,Crowne Plaza,皇冠假日酒店,ihg-crowne-plaza,FULLY_BOOKABLE,Hotel,Hotel,Zhangzhou,,Fujian,,"88 Shuixian Avenue, Longwen District, Zhangzhou, Fujian, 363005, Mainland China",,363005,24.500093,117.68896,86-596-2098888x6601,https://www.ihg.com/crowneplaza/hotels/us/en/zhangzhou/zhgcp/hoteldetail,https://www.ihg.com/crowneplaza/hotels/cn/zh/zhangzhou/zhgcp/hoteldetail,,,,,
IHG-XMNZZ,Holiday Inn Express Zhangzhou Zhangpu,,Holiday Inn Express,智选假日酒店,ihg-holiday-inn-express,FULLY_BOOKABLE,Hotel,Hotel,Zhangzhou,,Fujian,,"No.382, Maishi Street west, Sui'an Town, ZhangPu County, Zhangzhou, Fujian, 363200, Mainland China",,363200,24.115849,117.6327,,https://www.ihg.com/holidayinnexpress/hotels/us/en/zhangzhou/xmnzz/hoteldetail,https://www.ihg.com/holidayinnexpress/hotels/cn/zh/zhangzhou/xmnzz/hoteldetail,,,,,
IHG-ZHAZC,Holiday Inn Express Zhanjiang Coast,,Holiday Inn Express,智选假日酒店,ihg-holiday-inn-express,FULLY_BOOKABLE,Hotel,Hotel,Zhanjiang,,Guangdong,,"No. 6 Haibo Road, Xiashan District, Zhanjiang, Guangdong, 524002, Mainland China",,524002,21.18073,110.41569,86-0759-2233888,https://www.ihg.com/holidayinnexpress/hotels/us/en/zhanjiang/zhazc/hoteldetail,https://www.ihg.com/holidayinnexpress/hotels/cn/zh/zhanjiang/zhazc/hoteldetail,,,,,
IHG-CGOCH,Crowne Plaza Zhengzhou,,Crowne Plaza,皇冠假日酒店,ihg-crowne-plaza,FULLY_BOOKABLE,Hotel,Hotel,Zhengzhou,,Henan,,"No. 115A Jinshui Road, Zhengzhou, Henan, 450003, Mainland China",,450003,34.762066,113.693985,86-371-65950055x7010,https://www.ihg.com/crowneplaza/hotels/us/en/zhengzhou/cgoch/hoteldetail,https://www.ihg.com/crowneplaza/hotels/cn/zh/zhengzhou/cgoch/hoteldetail,,,,,
IHG-CGOZG,Crowne Plaza Zhengzhou High Tech Zone,,Crowne Plaza,皇冠假日酒店,ihg-crowne-plaza,FULLY_BOOKABLE,Hotel,Hotel,Zhengzhou,,Henan,,"No.26, Mudan Road, High-tech Zone District, Zhengzhou, Henan, 450000, Mainland China",,450000,34.82767,113.56327,86-371-65296666,https://www.ihg.com/crowneplaza/hotels/us/en/zhengzhou/cgozg/hoteldetail,https://www.ihg.com/crowneplaza/hotels/cn/zh/zhengzhou/cgozg/hoteldetail,,,,,
IHG-CGOHR,Holiday Inn Express Zhengzhou Airport,,Holiday Inn Express,智选假日酒店,ihg-holiday-inn-express,FULLY_BOOKABLE,Hotel,Hotel,Zhengzhou,,Henan,,"No. 148, Huaxia Avenue, Zhengzhou, Henan, 451100, Mainland China",,451100,34.553333,113.8317,86-371-56566666,https://www.ihg.com/holidayinnexpress/hotels/us/en/zhengzhou/cgohr/hoteldetail,https://www.ihg.com/holidayinnexpress/hotels/cn/zh/zhengzhou/cgohr/hoteldetail,,,,,
IHG-CGOJS,Holiday Inn Express Zhengzhou Garden Road,,Holiday Inn Express,智选假日酒店,ihg-holiday-inn-express,FULLY_BOOKABLE,Hotel,Hotel,Zhengzhou,,Henan,,"No.157 Huayuan Road, Jinshui District, Zhengzhou, Henan, 450003, Mainland China",,450003,34.807972,113.68308,86-371-55528333,https://www.ihg.com/holidayinnexpress/hotels/us/en/zhengzhou/cgojs/hoteldetail,https://www.ihg.com/holidayinnexpress/hotels/cn/zh/zhengzhou/cgojs/hoteldetail,,,,,
IHG-CGOGC,Holiday Inn Express Zhengzhou Guancheng,,Holiday Inn Express,智选假日酒店,ihg-holiday-inn-express,FULLY_BOOKABLE,Hotel,Hotel,Zhengzhou,,Henan,,"NO.67 Lianyun Road,Guancheng District, Zhengzhou, Henan, 450000, Mainland China",,450000,34.70071,113.6711,,https://www.ihg.com/holidayinnexpress/hotels/us/en/zhengzhou/cgogc/hoteldetail,https://www.ihg.com/holidayinnexpress/hotels/cn/zh/zhengzhou/cgogc/hoteldetail,,,,,
IHG-CGOJR,Holiday Inn Express Zhengzhou Longzi Lake,,Holiday Inn Express,智选假日酒店,ihg-holiday-inn-express,FULLY_BOOKABLE,Hotel,Hotel,Zhengzhou,,Henan,,"No.190 Pingan Avenue, Zhengdong New District, Zhengzhou, Henan, 450000, Mainland China",,450000,34.792343,113.80278,86-371-89985777,https://www.ihg.com/holidayinnexpress/hotels/us/en/zhengzhou/cgojr/hoteldetail,https://www.ihg.com/holidayinnexpress/hotels/cn/zh/zhengzhou/cgojr/hoteldetail,,,,,
IHG-CGOZZ,Holiday Inn Express Zhengzhou Zhengdong,,Holiday Inn Express,智选假日酒店,ihg-holiday-inn-express,FULLY_BOOKABLE,Hotel,Hotel,Zhengzhou,,Henan,,"No. 3 Building, The Northwest corner, intersection of, Zhengzhou, Henan, 450000, Mainland China",,450000,34.761147,113.77261,86-371-61316888x6766,https://www.ihg.com/holidayinnexpress/hotels/us/en/zhengzhou/cgozz/hoteldetail,https://www.ihg.com/holidayinnexpress/hotels/cn/zh/zhengzhou/cgozz/hoteldetail,,,,,
IHG-CGOEX,Holiday Inn Express Zhengzhou Zhongzhou,,Holiday Inn Express,智选假日酒店,ihg-holiday-inn-express,FULLY_BOOKABLE,Hotel,Hotel,Zhengzhou,,Henan,,"No. 114 Jinshui Road, Jinshui District, Zhengzhou, Henan, 450003, Mainland China",,450003,34.76278,113.69227,86-371-65956600x80030,https://www.ihg.com/holidayinnexpress/hotels/us/en/zhengzhou/cgoex/hoteldetail,https://www.ihg.com/holidayinnexpress/hotels/cn/zh/zhengzhou/cgoex/hoteldetail,,,,,
IHG-CGOHT,Holiday Inn Zhengzhou High-Tech Zone,,Holiday Inn,假日酒店,ihg-holiday-inn,FULLY_BOOKABLE,Hotel,Hotel,Zhengzhou,,Henan,,"No.186 Heyang Road, High-tech Zone of Zhengzhou, Zhengzhou, Henan, 450000, Mainland China",,450000,34.819016,113.483406,86-0371-86189999x8000,https://www.ihg.com/holidayinn/hotels/us/en/zhengzhou/cgoht/hoteldetail,https://www.ihg.com/holidayinn/hotels/cn/zh/zhengzhou/cgoht/hoteldetail,,,,,
IHG-CGORV,Holiday Inn Zhengzhou Riverside,,Holiday Inn,假日酒店,ihg-holiday-inn,FULLY_BOOKABLE,Hotel,Hotel,Zhengzhou,,Henan,,"Block C, No.7th Division of CSCEC Building,, Zhengzhou, Henan, 450000, Mainland China",,450000,34.686577,113.78951,86-371-88929777,https://www.ihg.com/holidayinn/hotels/us/en/zhengzhou/cgorv/hoteldetail,https://www.ihg.com/holidayinn/hotels/cn/zh/zhengzhou/cgorv/hoteldetail,,,,,
IHG-CGCCH,Holiday Inn Zhengzhou Zhongzhou,,Holiday Inn,假日酒店,ihg-holiday-inn,FULLY_BOOKABLE,Hotel,Hotel,Zhengzhou,,Henan,,"No. 115 Jinshui Road, Zhengzhou, Henan, 450003, Mainland China",,450003,34.761986,113.695015,86-371-65950055x7010,https://www.ihg.com/holidayinn/hotels/us/en/zhengzhou/cgcch/hoteldetail,https://www.ihg.com/holidayinn/hotels/cn/zh/zhengzhou/cgcch/hoteldetail,,,,,
IHG-CGOZW,InterContinental Zhengzhou,,InterContinental,洲际酒店及度假村,ihg-intercontinental,FULLY_BOOKABLE,Hotel,Hotel,Zhengzhou,,Henan,,"North Er-Qi Road, JinShui District, Zhengzhou, Henan, 450000, Mainland China",,450000,34.758636,113.666084,86-371-86068888x8511,https://www.ihg.com/intercontinental/hotels/us/en/zhengzhou/cgozw/hoteldetail,https://www.ihg.com/intercontinental/hotels/cn/zh/zhengzhou/cgozw/hoteldetail,,,,,
IHG-CGOZN,InterContinental Zhengzhou Zhengdong,,InterContinental,洲际酒店及度假村,ihg-intercontinental,FULLY_BOOKABLE,Hotel,Hotel,Zhengzhou,,Henan,,"No.178 Xinyi Road, Zhengdong New District, Zhengzhou, Henan, 450046, Mainland China",,450046,34.761494,113.77179,86-371-66938888,https://www.ihg.com/intercontinental/hotels/us/en/zhengzhou/cgozn/hoteldetail,https://www.ihg.com/intercontinental/hotels/cn/zh/zhengzhou/cgozn/hoteldetail,,,,,
IHG-CGOGE,voco Zhengzhou Garden Expo,,voco,voco 酒店,ihg-voco,FULLY_BOOKABLE,Hotel,Hotel,Zhengzhou,,Henan,,"No 128 Yuanling Road, Airport Zone, Zhengzhou, Henan, 451162, Mainland China",,451162,34.456978,113.86983,86-371-63525555,https://www.ihg.com/voco/hotels/us/en/zhengzhou/cgoge/hoteldetail,https://www.ihg.com/voco/hotels/cn/zh/zhengzhou/cgoge/hoteldetail,,,,,
IHG-CGONR,Holiday Inn Express Zhengzhou Nongye Road,,Holiday Inn Express,智选假日酒店,ihg-holiday-inn-express,FULLY_BOOKABLE,Hotel,Hotel,Zhengzhou City,,Henan,,"52 Nongye Road, Zhengzhou City, Henan, 450003, Mainland China",,450003,34.786095,113.6439,86-371-61535888,https://www.ihg.com/holidayinnexpress/hotels/us/en/zhengzhou/cgonr/hoteldetail,https://www.ihg.com/holidayinnexpress/hotels/cn/zh/zhengzhou/cgonr/hoteldetail,,,,,
IHG-ZHECH,Crowne Plaza Zhenjiang,,Crowne Plaza,皇冠假日酒店,ihg-crowne-plaza,FULLY_BOOKABLE,Hotel,Hotel,Zhenjiang,,Jiangsu,,"27th Chang Jiang Road, Zhenjiang, Jiangsu, 212002, Mainland China",,212002,32.21526,119.44717,86-511-88959888x6161,https://www.ihg.com/crowneplaza/hotels/us/en/zhenjiang/zhech/hoteldetail,https://www.ihg.com/crowneplaza/hotels/cn/zh/zhenjiang/zhech/hoteldetail,,,,,
IHG-ZUJXG,Holiday Inn Express Jurong Xianlin,,Holiday Inn Express,智选假日酒店,ihg-holiday-inn-express,FULLY_BOOKABLE,Hotel,Hotel,Zhenjiang,,Jiangsu,,"Xianlin International Garden, No.2 Xianlin Avenue, Zhenjiang, Jiangsu, 212000, Mainland China",,212000,32.121086,119.010025,86-0511-87368888,https://www.ihg.com/holidayinnexpress/hotels/us/en/zhenjiang/zujxg/hoteldetail,https://www.ihg.com/holidayinnexpress/hotels/cn/zh/zhenjiang/zujxg/hoteldetail,,,,,
IHG-ZGNGD,Crowne Plaza Zhongshan Torch High-tech Zone,,Crowne Plaza,皇冠假日酒店,ihg-crowne-plaza,FULLY_BOOKABLE,Hotel,Hotel,Zhongshan,,Guangdong,,"No. 14 Huizhan East Road,, Zhongshan, Guangdong, 528400, Mainland China",,528400,22.560474,113.48865,86-0760-88996666,https://www.ihg.com/crowneplaza/hotels/us/en/zhongshan/zgngd/hoteldetail,https://www.ihg.com/crowneplaza/hotels/cn/zh/zhongshan/zgngd/hoteldetail,,,,,
IHG-ZGNWO,Crowne Plaza Zhongshan Wing On City,,Crowne Plaza,皇冠假日酒店,ihg-crowne-plaza,FULLY_BOOKABLE,Hotel,Hotel,Zhongshan,,Guangdong,,"No.8 XingNan Road, Southern District, Zhongshan, Guangdong, 528455, Mainland China",,528455,22.485464,113.35808,86-760-89916888x6601,https://www.ihg.com/crowneplaza/hotels/us/en/zhongshan/zgnwo/hoteldetail,https://www.ihg.com/crowneplaza/hotels/cn/zh/zhongshan/zgnwo/hoteldetail,,,,,
IHG-ZGNCC,EVEN Hotel Zhongshan City Center,,EVEN Hotel,逸衡酒店,ihg-even-hotel,FULLY_BOOKABLE,Hotel,Hotel,Zhongshan,,Guangdong,,"No.28 East Sunwen Road, Shiqi District, Zhongshan, Guangdong, 528430, Mainland China",,528430,22.521305,113.38864,86-0760-87938888,https://www.ihg.com/evenhotels/hotels/us/en/zhongshan/zgncc/hoteldetail,https://www.ihg.com/evenhotels/hotels/cn/zh/zhongshan/zgncc/hoteldetail,,,,,
IHG-ZGNCR,HUALUXE Zhongshan City Center,,HUALUXE,华邑酒店及度假村,ihg-hualuxe,FULLY_BOOKABLE,Hotel,Hotel,Zhongshan,,Guangdong,,"No.28 East Sunwen Road, Shiqi District, Zhongshan, Guangdong, 528400, Mainland China",,528400,22.520397,113.388115,86-0760-87938888,https://www.ihg.com/hotels/us/en/zhongshan/zgncr/hoteldetail,https://www.ihg.com/hotels/cn/zh/zhongshan/zgncr/hoteldetail,,,,,
IHG-CGOZD,Holiday Inn Express Zhoukou Dancheng,,Holiday Inn Express,智选假日酒店,ihg-holiday-inn-express,FULLY_BOOKABLE,Hotel,Hotel,Zhoukou,,Henan,,"Intersection of Yingbin road and Keji road, Zhoukou, Henan, 477150, Mainland China",,477150,33.627434,115.160736,86-0394-8757777,https://www.ihg.com/holidayinnexpress/hotels/us/en/zhengzhou/cgozd/hoteldetail,https://www.ihg.com/holidayinnexpress/hotels/cn/zh/zhengzhou/cgozd/hoteldetail,,,,,
IHG-HSNSV,Crowne Plaza Zhoushan Seaview,,Crowne Plaza,皇冠假日酒店,ihg-crowne-plaza,FULLY_BOOKABLE,Hotel,Hotel,Zhoushan,,Zhejiang,,"No.8 Wutang Road, Zhujiajian, Putuo District, Zhoushan, Zhoushan, Zhejiang, 316000, Mainland China",,316000,29.913736,122.4055,86-580-6958888,https://www.ihg.com/crowneplaza/hotels/us/en/zhoushan/hsnsv/hoteldetail,https://www.ihg.com/crowneplaza/hotels/cn/zh/zhoushan/hsnsv/hoteldetail,,,,,
IHG-HSNDH,Holiday Inn Express Zhoushan Dinghai,,Holiday Inn Express,智选假日酒店,ihg-holiday-inn-express,FULLY_BOOKABLE,Hotel,Hotel,Zhoushan,,Zhejiang,,"Building 2,No.21Yangang East Road,Dinghai District, Zhoushan, Zhejiang, 316000, Mainland China",,316000,30.006538,122.10726,86-0580-8787888,https://www.ihg.com/holidayinnexpress/hotels/us/en/zhoushan/hsndh/hoteldetail,https://www.ihg.com/holidayinnexpress/hotels/cn/zh/zhoushan/hsndh/hoteldetail,,,,,
IHG-HSNPT,voco Zhoushan Putuo,,voco,voco 酒店,ihg-voco,FULLY_BOOKABLE,Hotel,Hotel,Zhoushan,,Zhejiang,,"No. 57, Wanghu Street, Donggang Street, Putuo District, Zhoushan, Zhejiang, 316100, Mainland China",,316100,29.979725,122.326256,86-0580-6355555,https://www.ihg.com/voco/hotels/us/en/zhoushan/hsnpt/hoteldetail,https://www.ihg.com/voco/hotels/cn/zh/zhoushan/hsnpt/hoteldetail,,,,,
IHG-ZUHCH,Crowne Plaza Zhuhai City Center,,Crowne Plaza,皇冠假日酒店,ihg-crowne-plaza,FULLY_BOOKABLE,Hotel,Hotel,Zhuhai,,Guangdong,,"No.188 Jingshan Road,Jida, Zhuhai, Guangdong, 519015, Mainland China",,519015,22.252682,113.577126,86-756-3228888x2,https://www.ihg.com/crowneplaza/hotels/us/en/zhuhai/zuhch/hoteldetail,https://www.ihg.com/crowneplaza/hotels/cn/zh/zhuhai/zuhch/hoteldetail,,,,,
IHG-ZUHGR,Holiday Inn Express Zhuhai City Center,,Holiday Inn Express,智选假日酒店,ihg-holiday-inn-express,FULLY_BOOKABLE,Hotel,Hotel,Zhuhai,,Guangdong,,"No. 3, Garden Road, Jida, Xiangzhou District, Zhuhai, Guangdong, Mainland China",,,22.252048,113.58311,,https://www.ihg.com/holidayinnexpress/hotels/us/en/zhuhai/zuhgr/hoteldetail,https://www.ihg.com/holidayinnexpress/hotels/cn/zh/zhuhai/zuhgr/hoteldetail,,,,,
IHG-ZUHZG,Holiday Inn Express Zhuhai Gongbei,,Holiday Inn Express,智选假日酒店,ihg-holiday-inn-express,FULLY_BOOKABLE,Hotel,Hotel,Zhuhai,,Guangdong,,"226 Qiaoguang Road, Xiangzhou District, Zhuhai, Guangdong, 519000, Mainland China",,519000,22.219637,113.54562,86-756-8730333,https://www.ihg.com/holidayinnexpress/hotels/us/en/zhuhai/zuhzg/hoteldetail,https://www.ihg.com/holidayinnexpress/hotels/cn/zh/zhuhai/zuhzg/hoteldetail,,,,,
IHG-ZUHGT,Holiday Inn Express Zhuhai Grand Theater,,Holiday Inn Express,智选假日酒店,ihg-holiday-inn-express,FULLY_BOOKABLE,Hotel,Hotel,Zhuhai,,Guangdong,,"No.116 Xiangbu Road, Xiangzhou District, Zhuhai, Guangdong, 519099, Mainland China",,519099,22.28053,113.57686,86-756-6280808,https://www.ihg.com/holidayinnexpress/hotels/us/en/zhuhai/zuhgt/hoteldetail,https://www.ihg.com/holidayinnexpress/hotels/cn/zh/zhuhai/zuhgt/hoteldetail,,,,,
IHG-ZUHGZ,Holiday Inn Express Zhuhai Guishan Island,,Holiday Inn Express,智选假日酒店,ihg-holiday-inn-express,FULLY_BOOKABLE,Hotel,Hotel,Zhuhai,,Guangdong,,"No. 32 Guishan Avenue, Guishan Town, Xiangzhou District, Zhuhai, Guangdong, 519006, Mainland China",,519006,22.134995,113.822655,,https://www.ihg.com/holidayinnexpress/hotels/us/en/zhuhai/zuhgz/hoteldetail,https://www.ihg.com/holidayinnexpress/hotels/cn/zh/zhuhai/zuhgz/hoteldetail,,,,,
IHG-ZUHCC,Holiday Inn Zhuhai City Center,,Holiday Inn,假日酒店,ihg-holiday-inn,FULLY_BOOKABLE,Hotel,Hotel,Zhuhai,,Guangdong,,"No.39 Bailian Road, XiangZhou District, Zhuhai, Guangdong, 519000, Mainland China",,519000,22.253183,113.57473,86-756-6123666,https://www.ihg.com/holidayinn/hotels/us/en/zhuhai/zuhcc/hoteldetail,https://www.ihg.com/holidayinn/hotels/cn/zh/zhuhai/zuhcc/hoteldetail,,,,,
IHG-ZUHHQ,Hotel Indigo Hengqin,,Hotel Indigo,英迪格酒店,ihg-hotel-indigo,FULLY_BOOKABLE,Hotel,Hotel,Zhuhai,,Guangdong,,"No. 313, Qintai Alley, Zhuhai, Guangdong, 519031, Mainland China",,519031,22.131725,113.53174,,https://www.ihg.com/hotelindigo/hotels/us/en/zhuhai/zuhhq/hoteldetail,https://www.ihg.com/hotelindigo/hotels/cn/zh/zhuhai/zuhhq/hoteldetail,,,,,
IHG-ZUHNZ,Hotel Indigo Zhuhai Xiangzhou,,Hotel Indigo,英迪格酒店,ihg-hotel-indigo,FULLY_BOOKABLE,Hotel,Hotel,Zhuhai,,Guangdong,,"No.1, Jianti Lane, Xiangzhou District, Zhuhai, Guangdong, 519000, Mainland China",,519000,22.274797,113.533104,86-0756-2638888,https://www.ihg.com/hotelindigo/hotels/us/en/zhuhai/zuhnz/hoteldetail,https://www.ihg.com/hotelindigo/hotels/cn/zh/zhuhai/zuhnz/hoteldetail,,,,,
IHG-ZUHZH,InterContinental Zhuhai,,InterContinental,洲际酒店及度假村,ihg-intercontinental,FULLY_BOOKABLE,Hotel,Hotel,Zhuhai,,Guangdong,,"No. 1 Qinglv South Road, Xiangzhou District, Zhuhai, Guangdong, 519020, Mainland China",,519020,22.220726,113.55894,86-756-8889999x6566,https://www.ihg.com/intercontinental/hotels/us/en/zhuhai/zuhzh/hoteldetail,https://www.ihg.com/intercontinental/hotels/cn/zh/zhuhai/zuhzh/hoteldetail,,,,,
IHG-CTUZY,Holiday Inn Express Ziyang City Center,,Holiday Inn Express,智选假日酒店,ihg-holiday-inn-express,FULLY_BOOKABLE,Hotel,Hotel,Ziyang,,Sichuan,,"No. 433 Songtao Road 1st Section, Yanjiang District, Ziyang, Sichuan, 641399, Mainland China",,641399,30.119507,104.63159,86-28-26289999,https://www.ihg.com/holidayinnexpress/hotels/us/en/ziyang/ctuzy/hoteldetail,https://www.ihg.com/holidayinnexpress/hotels/cn/zh/ziyang/ctuzy/hoteldetail,,,,,
IHG-TVSZH,Crowne Plaza Zunhua Hot Spring Town,,Crowne Plaza,皇冠假日酒店,ihg-crowne-plaza,FULLY_BOOKABLE,Hotel,Hotel,Zunhua,,Hebei,,"Inside of Ancient Spring Town Tangquan, Zunhua, Hebei, 064299, Mainland China",,064299,40.204933,117.766075,86-315-8029999,https://www.ihg.com/crowneplaza/hotels/us/en/hebei-zunhua/tvszh/hoteldetail,https://www.ihg.com/crowneplaza/hotels/cn/zh/hebei-zunhua/tvszh/hoteldetail,,,,,
IHG-MFMPM,IC Alliance Resorts The Parisian Macao,,IC Alliance Resorts,洲际联盟度假村,ihg-ic-alliance-resorts,FULLY_BOOKABLE,Hotel,Hotel,Macao,澳门,,,"Estrada do Istmo, Lote 3, Cotai Strip, Macao, Macau",,,22.140747,113.56331,853-2882-8827,https://www.ihg.com/intercontinental/hotels/us/en/macao/mfmpm/hoteldetail,https://www.ihg.com/intercontinental/hotels/cn/zh/macao/mfmpm/hoteldetail,,,,,
IHG-MFMVE,IC Alliance Resorts The Venetian Macao,,IC Alliance Resorts,洲际联盟度假村,ihg-ic-alliance-resorts,FULLY_BOOKABLE,Hotel,Hotel,Macao,澳门,,,"s/n Estrada da Baia de Nossa Senhora da Esperanca, Macao, Macau",,,22.147064,113.559814,853-2882-8888,https://www.ihg.com/intercontinental/hotels/us/en/macao/mfmve/hoteldetail,https://www.ihg.com/intercontinental/hotels/cn/zh/macao/mfmve/hoteldetail,,,,,
IHG-MFMCP,Crowne Plaza Macau,,Crowne Plaza,皇冠假日酒店,ihg-crowne-plaza,FULLY_BOOKABLE,Hotel,Hotel,Macau,澳门,,,"The Residencia, Tower 7, Macau, Macau",,,22.212248,113.558205,853-2888-6888,https://www.ihg.com/crowneplaza/hotels/us/en/macau/mfmcp/hoteldetail,https://www.ihg.com/crowneplaza/hotels/cn/zh/macau/mfmcp/hoteldetail,,,,,
IHG-MFMMC,Holiday Inn Express Macau City Centre,,Holiday Inn Express,智选假日酒店,ihg-holiday-inn-express,FULLY_BOOKABLE,Hotel,Hotel,Macau,澳门,,,"Avenida Do Dr. Rodrigo Rodrigues No.S 338 362B, Macau, 999078, Macau",,999078,22.19238,113.54763,853-8590-8888,https://www.ihg.com/holidayinnexpress/hotels/us/en/macau/mfmmc/hoteldetail,https://www.ihg.com/holidayinnexpress/hotels/cn/zh/macau/mfmmc/hoteldetail,,,,,
IHG-QMPCH,Holiday Inn Macau,,Holiday Inn,假日酒店,ihg-holiday-inn,FULLY_BOOKABLE,Hotel,Hotel,Macau,澳门,,,"No. 82 - 86, Rua de Pequim, Macau, Macau",,,22.191387,113.54739,853-2878-3333,https://www.ihg.com/holidayinn/hotels/us/en/macau/qmpch/hoteldetail,https://www.ihg.com/holidayinn/hotels/cn/zh/macau/qmpch/hoteldetail,,,,,
IHG-MFMMA,IC Alliance Resorts The Londoner Hotel,,IC Alliance Resorts,洲际联盟度假村,ihg-ic-alliance-resorts,FULLY_BOOKABLE,Hotel,Hotel,Macau,澳门,,,"The Londoner Macao, Estrada do lstmo. s/n, Macau, Macau",,,22.146797,113.56589,853-2882-2862,https://www.ihg.com/intercontinental/hotels/us/en/macau/mfmma/hoteldetail,https://www.ihg.com/intercontinental/hotels/cn/zh/macau/mfmma/hoteldetail,,,,,
IHG-CYICA,Holiday Inn Express Chiayi,,Holiday Inn Express,智选假日酒店,ihg-holiday-inn-express,FULLY_BOOKABLE,Hotel,Hotel,Chiayi,,,,"No. 69, Zhongxing Rd., West District, Chiayi, Taiwan",,,23.481152,120.43788,886-5-2335899,https://www.ihg.com/holidayinnexpress/hotels/us/en/chiayi-county/cyica/hoteldetail,https://www.ihg.com/holidayinnexpress/hotels/cn/zh/chiayi-county/cyica/hoteldetail,,,,,
IHG-CYIGO,Hotel Indigo Alishan,,Hotel Indigo,英迪格酒店,ihg-hotel-indigo,FULLY_BOOKABLE,Hotel,Hotel,Chiayi,,,,"No. 20, Longtou, Fanlu Township, Alishan, Chiayi, 602, Taiwan",,602,23.443642,120.67248,886-5-2586800x102,https://www.ihg.com/hotelindigo/hotels/us/en/chiayi-county/cyigo/hoteldetail,https://www.ihg.com/hotelindigo/hotels/cn/zh/chiayi-county/cyigo/hoteldetail,,,,,
IHG-CYIYI,voco Chiayi,,voco,voco 酒店,ihg-voco,FULLY_BOOKABLE,Hotel,Hotel,Chiayi,,,,"No. 789, Sec. 1, Shixian Rd., West District, Chiayi, 60083, Taiwan",,60083,23.486593,120.42544,886-5-2323399x8901,https://www.ihg.com/voco/hotels/us/en/chiayi/cyiyi/hoteldetail,https://www.ihg.com/voco/hotels/cn/zh/chiayi/cyiyi/hoteldetail,,,,,
IHG-KHHLR,Holiday Inn Express Kaohsiung Love River,,Holiday Inn Express,智选假日酒店,ihg-holiday-inn-express,FULLY_BOOKABLE,Hotel,Hotel,Kaohsiung,,,,"No. 129, Dazhi Road, Yancheng District, Kaohsiung, 803, Taiwan",,803,22.623363,120.28627,886-07-5323333,https://www.ihg.com/holidayinnexpress/hotels/us/en/kaohsiung/khhlr/hoteldetail,https://www.ihg.com/holidayinnexpress/hotels/cn/zh/kaohsiung/khhlr/hoteldetail,,,,,
IHG-KHHIN,Hotel Indigo Kaohsiung Central Park,,Hotel Indigo,英迪格酒店,ihg-hotel-indigo,FULLY_BOOKABLE,Hotel,Hotel,Kaohsiung,,,,"No. 4 Zhongshan 1st Road, Xinxing District, Kaohsiung, Taiwan",,,22.624477,120.30138,886-7-2721888,https://www.ihg.com/hotelindigo/hotels/us/en/kaohsiung/khhin/hoteldetail,https://www.ihg.com/hotelindigo/hotels/cn/zh/kaohsiung/khhin/hoteldetail,,,,,
IHG-KHHKT,InterContinental Kaohsiung,,InterContinental,洲际酒店及度假村,ihg-intercontinental,FULLY_BOOKABLE,Hotel,Hotel,Kaohsiung,,,,"No. 33, Xinguang Rd., Qianzhen Dist., Kaohsiung, 806023, Taiwan",,806023,22.610947,120.30333,886-7-3391888,https://www.ihg.com/intercontinental/hotels/us/en/kaohsiung-city/khhkt/hoteldetail,https://www.ihg.com/intercontinental/hotels/cn/zh/kaohsiung-city/khhkt/hoteldetail,,,,,
IHG-TPEHS,InterContinental New Taipei Hot Spring,,InterContinental,洲际酒店及度假村,ihg-intercontinental,FULLY_BOOKABLE,Hotel,Hotel,New Taipei,,,,"No. 210, Huanjin Rd., Jinshan District, New Taipei, 208004, Taiwan",,208004,25.21824,121.63404,,https://www.ihg.com/intercontinental/hotels/us/en/new-taipei-city/tpehs/hoteldetail,https://www.ihg.com/intercontinental/hotels/cn/zh/new-taipei-city/tpehs/hoteldetail,,,,,
IHG-TXGFC,Holiday Inn Express Taichung Fengchia,,Holiday Inn Express,智选假日酒店,ihg-holiday-inn-express,FULLY_BOOKABLE,Hotel,Hotel,Taichung,,,,"No.28, Lane 33, Fuxing North 3rd Street, Xitun District, Taichung, 407, Taiwan",,407,24.183113,120.64567,886-4-27083911,https://www.ihg.com/holidayinnexpress/hotels/us/en/taichung/txgfc/hoteldetail,https://www.ihg.com/holidayinnexpress/hotels/cn/zh/taichung/txgfc/hoteldetail,,,,,
IHG-TXGSR,Holiday Inn Express Taichung Park,,Holiday Inn Express,智选假日酒店,ihg-holiday-inn-express,FULLY_BOOKABLE,Hotel,Hotel,Taichung,,,,"No.94 Tze Yu Road, Sec 2, Taichung, Taichung, 400, Taiwan",,400,24.14287,120.68539,886-4-35059898x2602,https://www.ihg.com/holidayinnexpress/hotels/us/en/taichung/txgsr/hoteldetail,https://www.ihg.com/holidayinnexpress/hotels/cn/zh/taichung/txgsr/hoteldetail,,,,,
IHG-RMQTT,InterContinental Taichung,,InterContinental,洲际酒店及度假村,ihg-intercontinental,FULLY_BOOKABLE,Hotel,Hotel,Taichung,,,,"No.77, Guanqian Road, West District, Taichung, 40353, Taiwan",,40353,24.152666,120.66358,886-42328-1268,https://www.ihg.com/intercontinental/hotels/us/en/taichung/rmqtt/hoteldetail,https://www.ihg.com/intercontinental/hotels/cn/zh/taichung/rmqtt/hoteldetail,,,,,
IHG-TNNCP,Crowne Plaza Tainan,,Crowne Plaza,皇冠假日酒店,ihg-crowne-plaza,FULLY_BOOKABLE,Hotel,Hotel,Tainan,台南,,,"289 Zhouping Road, Anping District, Tainan, 70841, Taiwan",,70841,22.99934,120.14888,886-6-3911899x6500,https://www.ihg.com/crowneplaza/hotels/us/en/tainan/tnncp/hoteldetail,https://www.ihg.com/crowneplaza/hotels/cn/zh/tainan/tnncp/hoteldetail,,,,,
IHG-TPETT,Holiday Inn Express Taipei Train Station,,Holiday Inn Express,智选假日酒店,ihg-holiday-inn-express,FULLY_BOOKABLE,Hotel,Hotel,Taipei,台北,,,"No. 73, Sec. 1, Chongqing N. Rd., Datong District, Taipei, 103016, Taiwan",,103016,25.05249,121.51427,886-2-25505799,https://www.ihg.com/holidayinnexpress/hotels/us/en/taipei/tpett/hoteldetail,https://www.ihg.com/holidayinnexpress/hotels/cn/zh/taipei/tpett/hoteldetail,,,,,
IHG-TPENT,Hotel Indigo Taipei North,,Hotel Indigo,英迪格酒店,ihg-hotel-indigo,FULLY_BOOKABLE,Hotel,Hotel,Taipei,台北,,,"No. 200, Zhifu Rd., Zhongshan District, Taipei, 104053, Taiwan",,104053,25.083555,121.55961,886-2-35187777,https://www.ihg.com/hotelindigo/hotels/us/en/taipei/tpent/hoteldetail,https://www.ihg.com/hotelindigo/hotels/cn/zh/taipei/tpent/hoteldetail,,,,,
IHG-TPEPI,InterContinental Taipei,,InterContinental,洲际酒店及度假村,ihg-intercontinental,FULLY_BOOKABLE,Hotel,Hotel,Taipei,台北,,,"No. 535, Sec. 4, Zhongxiao E. Rd., Xinyi Dist., Taipei, 110055, Taiwan",,110055,25.04271,121.56179,,https://www.ihg.com/intercontinental/hotels/us/en/taipei/tpepi/hoteldetail,https://www.ihg.com/intercontinental/hotels/cn/zh/taipei/tpepi/hoteldetail,,,,,
IHG-TPEKM,Kimpton Da An Hotel,,Kimpton,金普顿酒店及餐厅,ihg-kimpton,FULLY_BOOKABLE,Hotel,Hotel,Taipei,台北,,,"No. 25, Lane 27, Section 4, Ren'ai Road, Da'an District, Taipei, 106, Taiwan",,106,25.04053,121.54537,886-2-21737999,https://www.ihg.com/kimptonhotels/hotels/us/en/da-an-hotel-taipei/tpekm/hoteldetail,https://www.ihg.com/kimptonhotels/hotels/cn/zh/da-an-hotel-taipei/tpekm/hoteldetail,,,,,
IHG-TPERG,Regent Taipei,,Regent,丽晶酒店及度假村,ihg-regent,FULLY_BOOKABLE,Hotel,Hotel,Taipei,台北,,,"No.3, Ln.39, Sec.2 Zhongshan N. Rd., Taipei, 104, Taiwan",,104,25.054232,121.52419,886-2-25215000x3400,https://www.ihg.com/regent/hotels/us/en/taipei/tperg/hoteldetail,https://www.ihg.com/regent/hotels/cn/zh/taipei/tperg/hoteldetail,,,,,
IHG-TYUCR,Holiday Inn Express Taoyuan,,Holiday Inn Express,智选假日酒店,ihg-holiday-inn-express,FULLY_BOOKABLE,Hotel,Hotel,Taoyuan,,,,"No. 1039, Chunri Road, Taoyuan, 33050, Taiwan",,33050,25.01215,121.30991,886-3-2700088,https://www.ihg.com/holidayinnexpress/hotels/us/en/taoyuan/tyucr/hoteldetail,https://www.ihg.com/holidayinnexpress/hotels/cn/zh/taoyuan/tyucr/hoteldetail,,,,,
IHG-TPETA,Holiday Inn Taoyuan Airport,,Holiday Inn,假日酒店,ihg-holiday-inn,FULLY_BOOKABLE,Hotel,Hotel,Taoyuan City,,,,"No. 28, Yuanhang Rd., Dayuan District, Taoyuan City, 337001, Taiwan",,337001,25.061,121.17499,886-3-3856658,https://www.ihg.com/holidayinn/hotels/us/en/taoyuan-city/tpeta/hoteldetail,https://www.ihg.com/holidayinn/hotels/cn/zh/taoyuan-city/tpeta/hoteldetail,,,,,
HILTON-HKGHCCI,Conrad Hong Kong,,Conrad Hotels & Resorts,康莱德酒店及度假村,hilton-conrad-hotels,FULLY_BOOKABLE,Hotel,Hotel,Hong Kong,香港,,,"Pacific Place,, Hong Kong, Hong Kong",,,22.2769214857,114.1653943929,+852 2521 3838,https://www.hilton.com/en/hotels/hkghcci-conrad-hong-kong/,https://www.hilton.com/zh-hans/hotels/hkghcci-conrad-hong-kong/,,,,,
HILTON-HKGMSGI,Hilton Garden Inn Hong Kong Mongkok,,Hilton Garden Inn,希尔顿花园酒店,hilton-hilton-garden-inn,FULLY_BOOKABLE,Hotel,Hotel,Hong Kong,香港,,,"2 Soy Street,, Hong Kong, Hong Kong",,,22.315739,114.167011,+852 2201 3688,https://www.hilton.com/en/hotels/hkgmsgi-hilton-garden-inn-hong-kong-mongkok/,https://www.hilton.com/zh-hans/hotels/hkgmsgi-hilton-garden-inn-hong-kong-mongkok/,,2016-12-09,,,
HILTON-HKGLPLX,"Lanson Place Causeway Bay, Hong Kong, an SLH Hotel",,Small Luxury Hotels of the World,全球奢华精品酒店,hilton-small-luxury-hotels-slh,FULLY_BOOKABLE,Hotel,Hotel,Hong Kong,香港,,,"133 Leighton Road, Hong Kong, Hong Kong",,,22.27869912323,114.18677689429,+852 3477 6888,https://www.hilton.com/en/hotels/hkglplx-lanson-place-causeway-bay/,https://www.hilton.com/zh-hans/hotels/hkglplx-lanson-place-causeway-bay/,,2024-06-26,,,
HILTON-HKGUAUA,Motto by Hilton Hong Kong SoHo,,Motto by Hilton,希尔顿 Motto,hilton-motto-by-hilton,FULLY_BOOKABLE,Hotel,Hotel,Hong Kong,香港,,,"83 Jervois St, Sheung Wan, Hong Kong, Hong Kong",,,22.28545,114.150912,+852 3417 8888,https://www.hilton.com/en/hotels/hkguaua-motto-hong-kong-soho/,https://www.hilton.com/zh-hans/hotels/hkguaua-motto-hong-kong-soho/,,2025-08-14,,,
HILTON-JZHGIGI,Hilton Garden Inn Jiuzhaigou,,Hilton Garden Inn,希尔顿花园酒店,hilton-hilton-garden-inn,FULLY_BOOKABLE,Hotel,Hotel,Aba,,,,"Zhangzha Town, Aba, China",,,33.306967,103.817786,+86 837 771 9777,https://www.hilton.com/en/hotels/jzhgigi-hilton-garden-inn-jiuzhaigou/,https://www.hilton.com/zh-hans/hotels/jzhgigi-hilton-garden-inn-jiuzhaigou/,,2021-04-30,,,
HILTON-JZHJIHI,Hilton Jiuzhaigou Resort,,Hilton Hotels & Resorts,希尔顿酒店及度假村,hilton-hilton-hotels,FULLY_BOOKABLE,Hotel,Hotel,Aba,,,,"Zhangzha Town, Jiuzhaigou County,, Aba, China",,,33.306748501,103.814483814,+86 837 779 9999,https://www.hilton.com/en/hotels/jzhjihi-hilton-jiuzhaigou-resort/,https://www.hilton.com/zh-hans/hotels/jzhjihi-hilton-jiuzhaigou-resort/,,2017-04-09,,,
HILTON-AKURAGI,Hilton Garden Inn Aksu Downtown,,Hilton Garden Inn,希尔顿花园酒店,hilton-hilton-garden-inn,FULLY_BOOKABLE,Hotel,Hotel,Aksu,,,,"No.17 Xianghe Road,, Aksu, China",,,41.167913,80.271533,+86 997 220 6666,https://www.hilton.com/en/hotels/akuragi-hilton-garden-inn-aksu-downtown/,https://www.hilton.com/zh-hans/hotels/akuragi-hilton-garden-inn-aksu-downtown/,,2024-05-30,,,
HILTON-DBCCNHT,Home2 Suites by Hilton Aksu Baicheng,,Home2 Suites by Hilton,希尔顿惠庭,hilton-home2-suites,OPENING_SOON,Hotel,Hotel,Aksu,,,,"No. 001, Jinhui Road, Aksu, China",,,41.803702,81.841243,+86 997 888 7777,https://www.hilton.com/en/hotels/dbccnht-home2-suites-aksu-baicheng/,https://www.hilton.com/zh-hans/hotels/dbccnht-home2-suites-aksu-baicheng/,,2027-03-31,,,
HILTON-KCAAKHT,Home2 Suites by Hilton Kuche,,Home2 Suites by Hilton,希尔顿惠庭,hilton-home2-suites,FULLY_BOOKABLE,Hotel,Hotel,Aksu,,,,"Building 3, 39 Jiankang Road, Kuche, Aksu, China",,,41.70887,82.98412,+86 997 616 9999,https://www.hilton.com/en/hotels/kcaakht-home2-suites-xinjiang-kuche/,https://www.hilton.com/zh-hans/hotels/kcaakht-home2-suites-xinjiang-kuche/,,2023-12-29,,,
HILTON-AATCICI,Conrad Altay Hemu,,Conrad Hotels & Resorts,康莱德酒店及度假村,hilton-conrad-hotels,FULLY_BOOKABLE,Hotel,Hotel,Altay,,,,"No. 4-2 Yemaigait Road Hemu Village, Altay, China",,,48.589396,87.53975,+86 906 666 6668,https://www.hilton.com/en/hotels/aatcici-conrad-altay-hemu/,https://www.hilton.com/zh-hans/hotels/aatcici-conrad-altay-hemu/,2025-12-15,2025-12-15,,,
HILTON-AATERDI,DoubleTree by Hilton Altay Fuyun,,DoubleTree by Hilton,希尔顿逸林,hilton-doubletree-by-hilton,FULLY_BOOKABLE,Hotel,Hotel,Altay,,,,"No.39 Fu Xing Road, Fuyun County, Altay, China",,,46.991238,89.531652,+86 906 873 9999,https://www.hilton.com/en/hotels/aaterdi-doubletree-altay-fuyun/,https://www.hilton.com/zh-hans/hotels/aaterdi-doubletree-altay-fuyun/,,2024-12-12,,,
HILTON-AATHIHI,Hilton Altay Hemu,,Hilton Hotels & Resorts,希尔顿酒店及度假村,hilton-hilton-hotels,FULLY_BOOKABLE,Hotel,Hotel,Altay,,,,"No. 4-1 Yemaigait Road Hemu Village, Altay, China",,,48.588269,87.540812,+86 906 666 6669,https://www.hilton.com/en/hotels/aathihi-hilton-altay-hemu/,https://www.hilton.com/zh-hans/hotels/aathihi-hilton-altay-hemu/,2025-11-30,2025-11-30,,,
HILTON-AXFZQHX,Hampton by Hilton Alxa,,Hampton by Hilton,希尔顿欢朋,hilton-hampton-by-hilton,FULLY_BOOKABLE,Hotel,Hotel,Alxa,,,,"No. 12, Badain Jaran East Street,, Alxa, China",,,38.828456,105.720225,+86 483 611 9999,https://www.hilton.com/en/hotels/axfzqhx-hampton-alxa/,https://www.hilton.com/zh-hans/hotels/axfzqhx-hampton-alxa/,,2023-09-15,,,
HILTON-AKAAAHX,Hampton by Hilton Ankang Hi-Tech Zone,,Hampton by Hilton,希尔顿欢朋,hilton-hampton-by-hilton,FULLY_BOOKABLE,Hotel,Hotel,Ankang,,,,"Intersection of Ankang Avenue and, Ankang, China",,,32.698658,108.967184,+86 915 398 3999,https://www.hilton.com/en/hotels/akaaahx-hampton-ankang-hi-tech-zone/,https://www.hilton.com/zh-hans/hotels/akaaahx-hampton-ankang-hi-tech-zone/,,2022-10-01,,,
HILTON-SJWACHT,Home2 Suites by Hilton Hengshui Anping,,Home2 Suites by Hilton,希尔顿惠庭,hilton-home2-suites,OPENING_SOON,Hotel,Hotel,Anping,,,,"Southwest of Weier Road and Jingkai, Anping, China",,,38.247367,115.574587,+86 318 766 9999,https://www.hilton.com/en/hotels/sjwacht-home2-suites-hengshui-anping/,https://www.hilton.com/zh-hans/hotels/sjwacht-home2-suites-hengshui-anping/,,2027-07-31,,,
HILTON-AQGSSGI,Hilton Garden Inn Anqing Susong,,Hilton Garden Inn,希尔顿花园酒店,hilton-hilton-garden-inn,FULLY_BOOKABLE,Hotel,Hotel,Anqing,,,,"No.1 Future Center, Anqing, China",,,30.167728,116.137645,+86 556 787 5999,https://www.hilton.com/en/hotels/aqgssgi-hilton-garden-inn-anqing-susong/,https://www.hilton.com/zh-hans/hotels/aqgssgi-hilton-garden-inn-anqing-susong/,,2024-10-10,,,
HILTON-AOGCNDI,DoubleTree by Hilton Anshan,,DoubleTree by Hilton,希尔顿逸林,hilton-doubletree-by-hilton,FULLY_BOOKABLE,Hotel,Hotel,Anshan,,,,"No. 118-1 Renmin Road, Tiexi DIST., Anshan, China",,,41.119102,122.967975,+86 412 340 3077,https://www.hilton.com/en/hotels/aogcndi-doubletree-anshan/,https://www.hilton.com/zh-hans/hotels/aogcndi-doubletree-anshan/,,2022-12-31,,,
HILTON-AOGGIGI,Hilton Garden Inn Anshan,,Hilton Garden Inn,希尔顿花园酒店,hilton-hilton-garden-inn,FULLY_BOOKABLE,Hotel,Hotel,Anshan,,,,"No. 118 Renming Road Tiexi District, Anshan, China",,,41.119505,122.967854,+86 412 251 7777,https://www.hilton.com/en/hotels/aoggigi-hilton-garden-inn-anshan/,https://www.hilton.com/zh-hans/hotels/aoggigi-hilton-garden-inn-anshan/,,2022-01-27,,,
HILTON-AOGHCGI,Hilton Garden Inn Anshan Haicheng,,Hilton Garden Inn,希尔顿花园酒店,hilton-hilton-garden-inn,FULLY_BOOKABLE,Hotel,Hotel,Anshan,,,,"No.12, North Shuncheng Road,, Anshan, China",,,40.85398695108,122.75413625396,+86 412 322 7888,https://www.hilton.com/en/hotels/aoghcgi-hilton-garden-inn-anshan-haicheng/,https://www.hilton.com/zh-hans/hotels/aoghcgi-hilton-garden-inn-anshan-haicheng/,,2022-11-04,,,
HILTON-AVAHSDI,DoubleTree by Hilton Hotel Anshun,,DoubleTree by Hilton,希尔顿逸林,hilton-doubletree-by-hilton,FULLY_BOOKABLE,Hotel,Hotel,Anshun,,,,"42 Hong Shan Hu Rd, XiXiu District, Anshun, China",,,26.252311,105.932589,+86 851 3366 9666,https://www.hilton.com/en/hotels/avahsdi-doubletree-anshun/,https://www.hilton.com/zh-hans/hotels/avahsdi-doubletree-anshun/,,2015-09-14,,,
HILTON-XMNESLX,"Elite Spring Villas, an SLH Hotel",,Small Luxury Hotels of the World,全球奢华精品酒店,hilton-small-luxury-hotels-slh,FULLY_BOOKABLE,Hotel,Hotel,Anxi,,,,"No 9 Meiren Road, Anxi, China",,,25.021566,118.085711,+86 595 2616 6666,https://www.hilton.com/en/hotels/xmneslx-elite-spring-villas/,https://www.hilton.com/zh-hans/hotels/xmneslx-elite-spring-villas/,,2024-07-09,,,
HILTON-LHWBAHX,Hampton by Hilton Baiyin,,Hampton by Hilton,希尔顿欢朋,hilton-hampton-by-hilton,FULLY_BOOKABLE,Hotel,Hotel,Baiyin,,,,"No.323 Chang'an Road,, Baiyin, China",,,36.54055285,104.1452832,+86 943 882 2222,https://www.hilton.com/en/hotels/lhwbahx-hampton-baiyin/,https://www.hilton.com/zh-hans/hotels/lhwbahx-hampton-baiyin/,,,,,
HILTON-SJWBCHX,Hampton by Hilton Baoding High-Tech Zone,,Hampton by Hilton,希尔顿欢朋,hilton-hampton-by-hilton,FULLY_BOOKABLE,Hotel,Hotel,Baoding,,,,"3155 Middle Fuxing Road, High-Tech Zone, Baoding, China",,,38.895685,115.471007,+86 312 312 5888,https://www.hilton.com/en/hotels/sjwbchx-hampton-baoding-high-tech-zone/,https://www.hilton.com/zh-hans/hotels/sjwbchx-hampton-baoding-high-tech-zone/,,2025-01-18,,,
HILTON-BVNCYHX,Hampton by Hilton Baoding Lekai Avenue,,Hampton by Hilton,希尔顿欢朋,hilton-hampton-by-hilton,FULLY_BOOKABLE,Hotel,Hotel,Baoding,,,,"No.349 Fazhan West Road, Qingyuan District, Baoding, China",,,38.781183,115.45035,+86 312 819 5555,https://www.hilton.com/en/hotels/bvncyhx-hampton-baoding-lekai-avenue/,https://www.hilton.com/zh-hans/hotels/bvncyhx-hampton-baoding-lekai-avenue/,,2025-04-26,,,
HILTON-PKXJWHX,Hampton by Hilton Xiongan New Area Rongcheng CEC,,Hampton by Hilton,希尔顿欢朋,hilton-hampton-by-hilton,OPENING_SOON,Hotel,Hotel,Baoding,,,,"No.142, Jinhu West Road, Rongcheng, Hebei Province, China, Baoding, China",,,39.073537,115.931447,+86 312 615 6666,https://www.hilton.com/en/hotels/pkxjwhx-hampton-xiongan-new-area-rongcheng-cec/,https://www.hilton.com/zh-hans/hotels/pkxjwhx-hampton-xiongan-new-area-rongcheng-cec/,,2026-06-30,,,
HILTON-BVNDIDI,DoubleTree by Hilton Baoding,,DoubleTree by Hilton,希尔顿逸林,hilton-doubletree-by-hilton,FULLY_BOOKABLE,Hotel,Hotel,"Baoding, Hebei Province",,,,"2222 East Qiyi Road, Baoding, Hebei Province, China",,,38.875,115.556816,+86 312 567 7777,https://www.hilton.com/en/hotels/bvndidi-doubletree-baoding/,https://www.hilton.com/zh-hans/hotels/bvndidi-doubletree-baoding/,,2021-10-27,,,
HILTON-FOCQSHX,Hampton by Hilton Qishan,,Hampton by Hilton,希尔顿欢朋,hilton-hampton-by-hilton,OPENING_SOON,Hotel,Hotel,Baoji,,,,"No. 1, North Side of Chaoyang Road, Fengming Town, Qishan County, Baoji, China",,,34.445551,107.624583,+86 917 822 2222,https://www.hilton.com/en/hotels/focqshx-hampton-qishan/,https://www.hilton.com/zh-hans/hotels/focqshx-hampton-qishan/,,2026-06-30,,,
HILTON-RLKJCGI,Hilton Garden Inn Bayannur Jinchuan Boulevard,,Hilton Garden Inn,希尔顿花园酒店,hilton-hilton-garden-inn,OPENING_SOON,Hotel,Hotel,Bayannur,,,,"Building S1, Yicheng Square, Linhe District, Bayannur, China",,,40.749435,107.387897,,https://www.hilton.com/en/hotels/rlkjcgi-hilton-garden-inn-bayannur-jinchuan-boulevard/,https://www.hilton.com/zh-hans/hotels/rlkjcgi-hilton-garden-inn-bayannur-jinchuan-boulevard/,,2027-12-31,,,
HILTON-BZXERHX,Hampton by Hilton Bazhong Bazhou,,Hampton by Hilton,希尔顿欢朋,hilton-hampton-by-hilton,FULLY_BOOKABLE,Hotel,Hotel,Bazhong,,,,"No.83 Huifeng North,Bazhou district, Bazhong, China",,,31.870298,106.73719,+86 827 223 8888,https://www.hilton.com/en/hotels/bzxerhx-hampton-bazhong-bazhou/,https://www.hilton.com/zh-hans/hotels/bzxerhx-hampton-bazhong-bazhou/,,2025-01-23,,,
HILTON-BZXBAGI,Hilton Garden Inn Bazhong Bazhou,,Hilton Garden Inn,希尔顿花园酒店,hilton-hilton-garden-inn,FULLY_BOOKABLE,Hotel,Hotel,Bazhong,,,,"No.55 Huifeng North Road Bazhou District, Bazhong, China",,,31.869576,106.736696,+86 827 519 9999,https://www.hilton.com/en/hotels/bzxbagi-hilton-garden-inn-bazhong-bazhou/,https://www.hilton.com/zh-hans/hotels/bzxbagi-hilton-garden-inn-bazhong-bazhou/,,2024-12-31,,,
HILTON-ZHABRHX,Hampton by Hilton Beihai Station,,Hampton by Hilton,希尔顿欢朋,hilton-hampton-by-hilton,FULLY_BOOKABLE,Hotel,Hotel,Beihai,,,,"Bldg D, 138 Beijing Rd,, Beihai, China",,,21.4553214084,109.1267560744,+86 779 688 8888,https://www.hilton.com/en/hotels/zhabrhx-hampton-beihai-high-speed-train-station/,https://www.hilton.com/zh-hans/hotels/zhabrhx-hampton-beihai-high-speed-train-station/,,,,,
HILTON-BHYBEHI,Hilton Beihai,,Hilton Hotels & Resorts,希尔顿酒店及度假村,hilton-hilton-hotels,OPENING_SOON,Hotel,Hotel,Beihai,,,,"128 Sea View Avenue Yintan, Beihai, China",,,21.423,109.222637,+86 779 308 3096,https://www.hilton.com/en/hotels/bhybehi-undefined/,https://www.hilton.com/zh-hans/hotels/bhybehi-undefined/,,2030-06-30,,,
HILTON-BHYJFGI,Hilton Garden Inn Beihai Railway Station,,Hilton Garden Inn,希尔顿花园酒店,hilton-hilton-garden-inn,FULLY_BOOKABLE,Hotel,Hotel,Beihai,,,,"No. 187-1, Beihai Avenue, Haicheng District,, Beihai, China",,,21.467541,109.119754,+86 779 396 9999,https://www.hilton.com/en/hotels/bhyjfgi-hilton-garden-inn-railway-station/,https://www.hilton.com/zh-hans/hotels/bhyjfgi-hilton-garden-inn-railway-station/,,2024-11-18,,,
HILTON-BJSCICI,Conrad Beijing,,Conrad Hotels & Resorts,康莱德酒店及度假村,hilton-conrad-hotels,FULLY_BOOKABLE,Hotel,Hotel,Beijing,北京,,,"29 North Dongsanhuan Road, Beijing, China",,,39.92583333,116.45416667,+86 10 6584 6000,https://www.hilton.com/en/hotels/bjscici-conrad-beijing/,https://www.hilton.com/zh-hans/hotels/bjscici-conrad-beijing/,,2013-02-19,,,
HILTON-BJSBDDI,DoubleTree by Hilton Beijing Badaling,,DoubleTree by Hilton,希尔顿逸林,hilton-doubletree-by-hilton,FULLY_BOOKABLE,Hotel,Hotel,Beijing,北京,,,"69 Dong Wai Avenue,, Beijing, China",,,40.462778,115.983333,+86 10 6016 8888,https://www.hilton.com/en/hotels/bjsbddi-doubletree-beijing-badaling/,https://www.hilton.com/zh-hans/hotels/bjsbddi-doubletree-beijing-badaling/,,2021-10-25,,,
HILTON-BJSETDI,DoubleTree by Hilton Beijing East Third Ring Road,,DoubleTree by Hilton,希尔顿逸林,hilton-doubletree-by-hilton,FULLY_BOOKABLE,Hotel,Hotel,Beijing,北京,,,"No.27 Huaweili, Shanxi Building, Beijing, China",,,39.871876,116.458384459,+86 10 5350 0999,https://www.hilton.com/en/hotels/bjsetdi-doubletree-beijing-east-third-ring-road/,https://www.hilton.com/zh-hans/hotels/bjsetdi-doubletree-beijing-east-third-ring-road/,,2024-07-15,,,
HILTON-BJSDTDI,DoubleTree by Hilton Hotel Beijing,,DoubleTree by Hilton,希尔顿逸林,hilton-doubletree-by-hilton,FULLY_BOOKABLE,Hotel,Hotel,Beijing,北京,,,"168 Guang'anmen Wai Main Street, Beijing, China",,,39.894661,116.347173,+86 10 6338 1999,https://www.hilton.com/en/hotels/bjsdtdi-doubletree-beijing/,https://www.hilton.com/zh-hans/hotels/bjsdtdi-doubletree-beijing/,,2008-07-13,,,
HILTON-PEKANHX,Hampton by Hilton Beijing Bird's Nest,,Hampton by Hilton,希尔顿欢朋,hilton-hampton-by-hilton,FULLY_BOOKABLE,Hotel,Hotel,Beijing,北京,,,"Building 1, Courtyard 15,,, Beijing, China",,,39.998801,116.433136,+86 10 6262 3666,https://www.hilton.com/en/hotels/pekanhx-hampton-beijing-birds-nest/,https://www.hilton.com/zh-hans/hotels/pekanhx-hampton-beijing-birds-nest/,,2022-10-01,,,
HILTON-BJSPCHX,Hampton by Hilton Beijing Capital Airport CIECC,,Hampton by Hilton,希尔顿欢朋,hilton-hampton-by-hilton,FULLY_BOOKABLE,Hotel,Hotel,Beijing,北京,,,"No.13 Shuguang Road, Beijing, China",,,40.108403,116.528493,+86 10 8049 5887,https://www.hilton.com/en/hotels/bjspchx-hampton-beijing-capital-airport-ciecc/,https://www.hilton.com/zh-hans/hotels/bjspchx-hampton-beijing-capital-airport-ciecc/,,2025-08-20,,,
HILTON-PEKINHX,Hampton by Hilton Beijing Changping,,Hampton by Hilton,希尔顿欢朋,hilton-hampton-by-hilton,FULLY_BOOKABLE,Hotel,Hotel,Beijing,北京,,,"No.1-3 Fuxue Road,, Beijing, China",,,40.222724,116.261199,+86 10 6971 1888,https://www.hilton.com/en/hotels/pekinhx-hampton-beijing-changping/,https://www.hilton.com/zh-hans/hotels/pekinhx-hampton-beijing-changping/,,2024-03-23,,,
HILTON-NAYNAHX,Hampton by Hilton Beijing CIEC New Venue,,Hampton by Hilton,希尔顿欢朋,hilton-hampton-by-hilton,FULLY_BOOKABLE,Hotel,Hotel,Beijing,北京,,,"Block 1, Yard 122, Nanfaxin Street,, Beijing, China",,,40.11282187,116.64553781,+86 10 6140 2288,https://www.hilton.com/en/hotels/naynahx-hampton-beijing-ciec-new-venue/,https://www.hilton.com/zh-hans/hotels/naynahx-hampton-beijing-ciec-new-venue/,,,,,
HILTON-BJSUCHX,Hampton by Hilton Beijing Communication Univ of China Station,,Hampton by Hilton,希尔顿欢朋,hilton-hampton-by-hilton,FULLY_BOOKABLE,Hotel,Hotel,Beijing,北京,,,"No.1 Xinfang Road, Sanjianfang District, Beijing, China",,,39.541909,116.334499,+86 10 6408 0999,https://www.hilton.com/en/hotels/bjsuchx-hampton-beijing-communication-univ-of-china-station/,https://www.hilton.com/zh-hans/hotels/bjsuchx-hampton-beijing-communication-univ-of-china-station/,,2025-04-02,,,
HILTON-BJSIGHX,Hampton by Hilton Beijing Conference Center,,Hampton by Hilton,希尔顿欢朋,hilton-hampton-by-hilton,FULLY_BOOKABLE,Hotel,Hotel,Beijing,北京,,,"No.350 Beiyuan East Road,, Beijing, China",,,40.034264,116.447662,+86 10 6212 7777,https://www.hilton.com/en/hotels/bjsighx-hampton-beijing-conference-center/,https://www.hilton.com/zh-hans/hotels/bjsighx-hampton-beijing-conference-center/,,2022-02-15,,,
HILTON-NAYARHX,Hampton by Hilton Beijing Daxing BioPark,,Hampton by Hilton,希尔顿欢朋,hilton-hampton-by-hilton,FULLY_BOOKABLE,Hotel,Hotel,Beijing,北京,,,"No.2 Jichang Road, Jiugong,, Beijing, China",,,39.786865,116.420598,+86 10 8796 8600,https://www.hilton.com/en/hotels/nayarhx-hampton-beijing-daxing-biopark/,https://www.hilton.com/zh-hans/hotels/nayarhx-hampton-beijing-daxing-biopark/,,2023-03-29,,,
HILTON-BJSPAHX,Hampton by Hilton Beijing Daxing World Flower Plaza,,Hampton by Hilton,希尔顿欢朋,hilton-hampton-by-hilton,FULLY_BOOKABLE,Hotel,Hotel,Beijing,北京,,,"Building D, Jiujingzhuang Road, Beijing, China",,,39.815837516,116.41481737,+86 10 5092 7878,https://www.hilton.com/en/hotels/bjspahx-hampton-beijing-daxing-world-flower/,https://www.hilton.com/zh-hans/hotels/bjspahx-hampton-beijing-daxing-world-flower/,,,,,
HILTON-BJSFHHX,Hampton by Hilton Beijing Fangshan,,Hampton by Hilton,希尔顿欢朋,hilton-hampton-by-hilton,FULLY_BOOKABLE,Hotel,Hotel,Beijing,北京,,,"No.66 Yanfu Road Building 1,, Beijing, China",,,39.71956237,116.03866244,+86 10 6130 8877,https://www.hilton.com/en/hotels/bjsfhhx-hampton-beijing-fangshan/,https://www.hilton.com/zh-hans/hotels/bjsfhhx-hampton-beijing-fangshan/,,2017-08-25,,,
HILTON-NAYJIHX,Hampton by Hilton Beijing Guomao CBD,,Hampton by Hilton,希尔顿欢朋,hilton-hampton-by-hilton,FULLY_BOOKABLE,Hotel,Hotel,Beijing,北京,,,"37 Jianguo Road, Beijing, China",,,39.90748937,116.5149323,+86 10 8368 8088,https://www.hilton.com/en/hotels/nayjihx-hampton-beijing-huamaao-cbd/,https://www.hilton.com/zh-hans/hotels/nayjihx-hampton-beijing-huamaao-cbd/,,,,,
HILTON-BJSSMHX,Hampton by Hilton Beijing Shahe Higher Education Park,,Hampton by Hilton,希尔顿欢朋,hilton-hampton-by-hilton,FULLY_BOOKABLE,Hotel,Hotel,Beijing,北京,,,"Building4,Compound NO.75,Lusong Street,Changping District,Beijing,China, Beijing, China",,,40.15961403811,116.25669298566,+86 10 8973 3311,https://www.hilton.com/en/hotels/bjssmhx-hampton-beijing-shahe-higher-education-park/,https://www.hilton.com/zh-hans/hotels/bjssmhx-hampton-beijing-shahe-higher-education-park/,,2025-01-21,,,
HILTON-BJSWSHX,Hampton by Hilton Beijing Shijingshan Amusement Park,,Hampton by Hilton,希尔顿欢朋,hilton-hampton-by-hilton,FULLY_BOOKABLE,Hotel,Hotel,Beijing,北京,,,"25 Bajiao East Street, Beijing, China",,,39.91491681143,116.20669399801,+86 10 8112 6888,https://www.hilton.com/en/hotels/bjswshx-hampton-beijing-shijingshan-amusement-park/,https://www.hilton.com/zh-hans/hotels/bjswshx-hampton-beijing-shijingshan-amusement-park/,,,,,
HILTON-BJSSSHX,Hampton by Hilton Beijing South Railway Station,,Hampton by Hilton,希尔顿欢朋,hilton-hampton-by-hilton,FULLY_BOOKABLE,Hotel,Hotel,Beijing,北京,,,"8 Shuiyitiao, Dongtietiying street,, Beijing, China",,,39.858005,116.429715,+86 10 6768 5688,https://www.hilton.com/en/hotels/bjssshx-hampton-beijing-south-railway-station/,https://www.hilton.com/zh-hans/hotels/bjssshx-hampton-beijing-south-railway-station/,,2022-06-30,,,
HILTON-PEKWAHX,Hampton by Hilton Beijing Wangjing,,Hampton by Hilton,希尔顿欢朋,hilton-hampton-by-hilton,FULLY_BOOKABLE,Hotel,Hotel,Beijing,北京,,,"Jia 6 Huguang Middle Street,, Beijing, China",,,39.996798,116.464119,+86 10 6478 8100,https://www.hilton.com/en/hotels/pekwahx-hampton-beijing-wangjing/,https://www.hilton.com/zh-hans/hotels/pekwahx-hampton-beijing-wangjing/,,2021-10-30,,,
HILTON-PEKLXHX,Hampton by Hilton Beijing West Railway Station Lize Business District,,Hampton by Hilton,希尔顿欢朋,hilton-hampton-by-hilton,FULLY_BOOKABLE,Hotel,Hotel,Beijing,北京,,,"A-2 Maliandao Hutong,, Beijing, China",,,39.879782,116.331612,+86 10 6336 0606,https://www.hilton.com/en/hotels/peklxhx-hampton-by-hilton-beijing-west-railway-station-lize-business-district/,https://www.hilton.com/zh-hans/hotels/peklxhx-hampton-by-hilton-beijing-west-railway-station-lize-business-district/,,,,,
HILTON-BJSWXHX,Hampton by Hilton Beijing Wuzi Xueyuan Road,,Hampton by Hilton,希尔顿欢朋,hilton-hampton-by-hilton,FULLY_BOOKABLE,Hotel,Hotel,Beijing,北京,,,"Building No.30, Yard No. 3,, Beijing, China",,,39.923972,116.639197,+86 10 8088 0888,https://www.hilton.com/en/hotels/bjswxhx-hampton-beijing-wuzi-xueyuan-road/,https://www.hilton.com/zh-hans/hotels/bjswxhx-hampton-beijing-wuzi-xueyuan-road/,,,,,
HILTON-BJSONHX,Hampton by Hilton Beijing Yizhuang Economic Development Area,,Hampton by Hilton,希尔顿欢朋,hilton-hampton-by-hilton,FULLY_BOOKABLE,Hotel,Hotel,Beijing,北京,,,"A2 Jiachuang 2nd Street, Beijing, China",,,39.829256,116.557452,+86 10 8082 8863,https://www.hilton.com/en/hotels/bjsonhx-hampton-beijing-yizhuang-economic-development-area/,https://www.hilton.com/zh-hans/hotels/bjsonhx-hampton-beijing-yizhuang-economic-development-area/,,,,,
HILTON-PEKAAHX,Hampton by Hilton Beijing Yizhuang New Town Industrial Park,,Hampton by Hilton,希尔顿欢朋,hilton-hampton-by-hilton,FULLY_BOOKABLE,Hotel,Hotel,Beijing,北京,,,"No.15 Dongfangzhigu Industrial Park, Beijing, China",,,39.744447,116.571575,+86 10 6950 2777,https://www.hilton.com/en/hotels/pekaahx-hampton-beijing-yizhuang-new-town-industrial-park/,https://www.hilton.com/zh-hans/hotels/pekaahx-hampton-beijing-yizhuang-new-town-industrial-park/,,2023-05-11,,,
HILTON-PEKBXHX,Hampton by Hilton Beijing Yunhe Business District,,Hampton by Hilton,希尔顿欢朋,hilton-hampton-by-hilton,FULLY_BOOKABLE,Hotel,Hotel,Beijing,北京,,,"No.126 Xinhua East Street,, Beijing, China",,,39.908235,116.668952,+86 10 8088 1866,https://www.hilton.com/en/hotels/pekbxhx-hampton-beijing-yunhe-business-district/,https://www.hilton.com/zh-hans/hotels/pekbxhx-hampton-beijing-yunhe-business-district/,,,,,
HILTON-BJSBEHX,Hampton by Hilton Beijing Zhongguancun Software Park,,Hampton by Hilton,希尔顿欢朋,hilton-hampton-by-hilton,FULLY_BOOKABLE,Hotel,Hotel,Beijing,北京,,,"Building 1, Yard No.8, Liangjiadian, Beijing, China",,,40.05087825965,116.24617864105,+86 10 8152 8599,https://www.hilton.com/en/hotels/bjsbehx-hampton-by-hilton-beijing-zhongguancun-software-park/,https://www.hilton.com/zh-hans/hotels/bjsbehx-hampton-by-hilton-beijing-zhongguancun-software-park/,,2024-02-02,,,
HILTON-BJSHITW,Hilton Beijing,,Hilton Hotels & Resorts,希尔顿酒店及度假村,hilton-hilton-hotels,FULLY_BOOKABLE,Hotel,Hotel,Beijing,北京,,,"1 Dong Fang Rd,North Dongsanhuan Rd, Beijing, China",,,39.953317,116.462366,+86 10 5865 5000,https://www.hilton.com/en/hotels/bjshitw-hilton-beijing/,https://www.hilton.com/zh-hans/hotels/bjshitw-hilton-beijing/,,,,,
HILTON-BJSCAHI,Hilton Beijing Capital Airport,,Hilton Hotels & Resorts,希尔顿酒店及度假村,hilton-hilton-hotels,FULLY_BOOKABLE,Hotel,Hotel,Beijing,北京,,,"Terminal 3, 1 SanJing Road, Beijing, China",,,40.055109,116.625977,+86 10 6458 8888,https://www.hilton.com/en/hotels/bjscahi-hilton-beijing-capital-airport/,https://www.hilton.com/zh-hans/hotels/bjscahi-hilton-beijing-capital-airport/,,2010-07-29,,,
HILTON-BJSBCHI,Hilton Beijing Daxing,,Hilton Hotels & Resorts,希尔顿酒店及度假村,hilton-hilton-hotels,FULLY_BOOKABLE,Hotel,Hotel,Beijing,北京,,,"No. 18 Building, Gaomidian South,, Beijing, China",,,39.77411,116.344504,+86 10 8507 5000,https://www.hilton.com/en/hotels/bjsbchi-hilton-beijing-daxing/,https://www.hilton.com/zh-hans/hotels/bjsbchi-hilton-beijing-daxing/,,2020-08-15,,,
HILTON-BJSTOHI,Hilton Beijing Tongzhou,,Hilton Hotels & Resorts,希尔顿酒店及度假村,hilton-hilton-hotels,FULLY_BOOKABLE,Hotel,Hotel,Beijing,北京,,,"No. 2 Building, 289 Xinhua Dongjie, Beijing, China",,,39.908729,116.659767,+86 10 5097 6666,https://www.hilton.com/en/hotels/bjstohi-hilton-beijing-tongzhou/,https://www.hilton.com/zh-hans/hotels/bjstohi-hilton-beijing-tongzhou/,,2020-09-30,,,
HILTON-BJSWFHI,Hilton Beijing Wangfujing,,Hilton Hotels & Resorts,希尔顿酒店及度假村,hilton-hilton-hotels,FULLY_BOOKABLE,Hotel,Hotel,Beijing,北京,,,"8 Wangfujing East Street, Dongcheng, Beijing, China",,,39.920872,116.419643,+86 10 5812 8888,https://www.hilton.com/en/hotels/bjswfhi-hilton-beijing-wangfujing/,https://www.hilton.com/zh-hans/hotels/bjswfhi-hilton-beijing-wangfujing/,,2008-08-07,,,
HILTON-BJSAGGI,Hilton Garden Inn Beijing Asian Games Village,,Hilton Garden Inn,希尔顿花园酒店,hilton-hilton-garden-inn,FULLY_BOOKABLE,Hotel,Hotel,Beijing,北京,,,"No.219 Huizhong Beili, Beijing, China",,,40.012885,116.407941,+86 10 8565 6686,https://www.hilton.com/en/hotels/bjsaggi-hilton-garden-inn-beijing-asian-games-village/,https://www.hilton.com/zh-hans/hotels/bjsaggi-hilton-garden-inn-beijing-asian-games-village/,2026-04-30,2026-04-30,,,
HILTON-BJSDXGI,Hilton Garden Inn Beijing Daxing International Airport,,Hilton Garden Inn,希尔顿花园酒店,hilton-hilton-garden-inn,FULLY_BOOKABLE,Hotel,Hotel,Beijing,北京,,,"1-9/F, Building 1, Yard 2, Yuanjing, Beijing, China",,,39.531312,116.417819,+86 10 5084 9999,https://www.hilton.com/en/hotels/bjsdxgi-hilton-garden-inn-beijing-daxing-international-airport/,https://www.hilton.com/zh-hans/hotels/bjsdxgi-hilton-garden-inn-beijing-daxing-international-airport/,,2023-04-15,,,
HILTON-BJSCCGI,Hilton Garden Inn Beijing Daxing Jinyuan Road,,Hilton Garden Inn,希尔顿花园酒店,hilton-hilton-garden-inn,FULLY_BOOKABLE,Hotel,Hotel,Beijing,北京,,,"Building 1A, 23 Jinyuan Road, Beijing, China",,,39.766,116.363,+86 10 6131 5555,https://www.hilton.com/en/hotels/bjsccgi-hilton-garden-inn-beijing-daxing-jinyuan-road/,https://www.hilton.com/zh-hans/hotels/bjsccgi-hilton-garden-inn-beijing-daxing-jinyuan-road/,,2024-03-30,,,
HILTON-BJSXTGI,Hilton Garden Inn Beijing Fengtai Xiaotun Road,,Hilton Garden Inn,希尔顿花园酒店,hilton-hilton-garden-inn,OPENING_SOON,Hotel,Hotel,Beijing,北京,,,"No. 9, Xiaotun Road, Fengtai District, Beijing, China",,,39.895221,116.258179,,https://www.hilton.com/en/hotels/bjsxtgi-hilton-garden-inn-beijing-fengtai-xiaotun-road/,https://www.hilton.com/zh-hans/hotels/bjsxtgi-hilton-garden-inn-beijing-fengtai-xiaotun-road/,,2026-08-01,,,
HILTON-BJSFTGI,Hilton Garden Inn Beijing Fengtai Xinxiang Building,,Hilton Garden Inn,希尔顿花园酒店,hilton-hilton-garden-inn,FULLY_BOOKABLE,Hotel,Hotel,Beijing,北京,,,"101, 1F to 11F, Building No.1, 9 House Huai Fang West Road, Beijing, China",,,39.81368,116.372208,+86 10 5812 0666,https://www.hilton.com/en/hotels/bjsftgi-hilton-garden-inn-beijing-fengtai-xinxiang-building/,https://www.hilton.com/zh-hans/hotels/bjsftgi-hilton-garden-inn-beijing-fengtai-xinxiang-building/,2026-01-30,2026-01-30,,,
HILTON-BJSGMGI,Hilton Garden Inn Beijing Guomao,,Hilton Garden Inn,希尔顿花园酒店,hilton-hilton-garden-inn,FULLY_BOOKABLE,Hotel,Hotel,Beijing,北京,,,"Building 2, No.A3, Yong'an Dongli, Chaoyang District, Beijing, China",,,39.9058,116.449089,+86 10 6528 5505,https://www.hilton.com/en/hotels/bjsgmgi-hilton-garden-inn-beijing-guomao/,https://www.hilton.com/zh-hans/hotels/bjsgmgi-hilton-garden-inn-beijing-guomao/,,2025-01-20,,,
HILTON-BJSHDGI,Hilton Garden Inn Beijing Haidian Daoxiang Lake,,Hilton Garden Inn,希尔顿花园酒店,hilton-hilton-garden-inn,FULLY_BOOKABLE,Hotel,Hotel,Beijing,北京,,,"Bldg 3, Yard 39, Linfenger Road, Beijing, China",,,40.076964,116.198144,+86 10 8257 7888,https://www.hilton.com/en/hotels/bjshdgi-hilton-garden-inn-beijing-haidian-daoxiang-lake/,https://www.hilton.com/zh-hans/hotels/bjshdgi-hilton-garden-inn-beijing-haidian-daoxiang-lake/,,2023-02-14,,,
HILTON-BJSHXGI,Hilton Garden Inn Beijing Huaxiang Tiantan Hospital,,Hilton Garden Inn,希尔顿花园酒店,hilton-hilton-garden-inn,FULLY_BOOKABLE,Hotel,Hotel,Beijing,北京,,,"6 Kangxin Road, Fengtai District, Building 8, Beijing, China",,,39.835091,116.31196,+86 10 5396 5999,https://www.hilton.com/en/hotels/bjshxgi-hilton-garden-inn-beijing-huaxiang-tiantan-hospital/,https://www.hilton.com/zh-hans/hotels/bjshxgi-hilton-garden-inn-beijing-huaxiang-tiantan-hospital/,,2024-08-10,,,
HILTON-BJSTTGI,Hilton Garden Inn Beijing Temple of Heaven East Gate Station,,Hilton Garden Inn,希尔顿花园酒店,hilton-hilton-garden-inn,FULLY_BOOKABLE,Hotel,Hotel,Beijing,北京,,,"No.3 Zuoanmen Inner Street,, Beijing, China",,,39.883391,116.433825,+86 10 6710 1616,https://www.hilton.com/en/hotels/bjsttgi-hilton-garden-inn-beijing-temple-of-heaven-east-gate-station/,https://www.hilton.com/zh-hans/hotels/bjsttgi-hilton-garden-inn-beijing-temple-of-heaven-east-gate-station/,,2024-01-31,,,
HILTON-BJSWRGI,Hilton Garden Inn Beijing West Railway Station,,Hilton Garden Inn,希尔顿花园酒店,hilton-hilton-garden-inn,FULLY_BOOKABLE,Hotel,Hotel,Beijing,北京,,,"80 South West-Station Road, Block 5, Beijing, China",,,39.882181,116.328263,+86 10 6343 6688,https://www.hilton.com/en/hotels/bjswrgi-hilton-garden-inn-beijing-west-railway-station/,https://www.hilton.com/zh-hans/hotels/bjswrgi-hilton-garden-inn-beijing-west-railway-station/,,2024-07-01,,,
HILTON-BJSYZGI,Hilton Garden Inn Beijing Yizhuang,,Hilton Garden Inn,希尔顿花园酒店,hilton-hilton-garden-inn,FULLY_BOOKABLE,Hotel,Hotel,Beijing,北京,,,"No.6 South Jingyuan Street, Beijing, China",,,39.773625,116.52295,+86 10 5616 0366,https://www.hilton.com/en/hotels/bjsyzgi-hilton-garden-inn-beijing-yizhuang/,https://www.hilton.com/zh-hans/hotels/bjsyzgi-hilton-garden-inn-beijing-yizhuang/,,2024-12-15,,,
HILTON-PEKSHHT,Home2 Suites by Hilton Beijing Shunyi,,Home2 Suites by Hilton,希尔顿惠庭,hilton-home2-suites,FULLY_BOOKABLE,Hotel,Hotel,Beijing,北京,,,"13 Zhanqian Street,, Beijing, China",,,40.1261,116.6474,+86 10 6149 0888,https://www.hilton.com/en/hotels/pekshht-home2-suites-beijing-shunyi/,https://www.hilton.com/zh-hans/hotels/pekshht-home2-suites-beijing-shunyi/,,2023-03-25,,,
HILTON-BJSRSHT,Home2 Suites by Hilton Beijing West Railway Station,,Home2 Suites by Hilton,希尔顿惠庭,hilton-home2-suites,FULLY_BOOKABLE,Hotel,Hotel,Beijing,北京,,,"No.2, Xizhan South Road,, Beijing, China",,,39.88872,116.32175,+86 10 6327 6600,https://www.hilton.com/en/hotels/bjsrsht-home2-suites-beijing-west-railway-station/,https://www.hilton.com/zh-hans/hotels/bjsrsht-home2-suites-beijing-west-railway-station/,,2022-11-18,,,
HILTON-PEKEBLX,"Hotel Eclat Beijing, an SLH Hotel",,Small Luxury Hotels of the World,全球奢华精品酒店,hilton-small-luxury-hotels-slh,FULLY_BOOKABLE,Hotel,Hotel,Beijing,北京,,,"No 9 Dongdaqiao Road, Beijing, China",,,39.919948,116.44831,+86 10 8561 2888,https://www.hilton.com/en/hotels/pekeblx-hotel-eclat-beijing/,https://www.hilton.com/zh-hans/hotels/pekeblx-hotel-eclat-beijing/,,2024-06-26,,,
HILTON-BJSWAWA,Waldorf Astoria Beijing,,Waldorf Astoria,华尔道夫酒店及度假村,hilton-waldorf-astoria,FULLY_BOOKABLE,Hotel,Hotel,Beijing,北京,,,"5-15 Jinyu Hutong, Beijing, China",,,39.916124,116.414047,+86 10 8520 8989,https://www.hilton.com/en/hotels/bjswawa-waldorf-astoria-beijing/,https://www.hilton.com/zh-hans/hotels/bjswawa-waldorf-astoria-beijing/,,2014-02-21,,,
HILTON-PEKYVLX,"Yanbai Villa, an SLH Hotel",,Small Luxury Hotels of the World,全球奢华精品酒店,hilton-small-luxury-hotels-slh,FULLY_BOOKABLE,Hotel,Hotel,Beijing,北京,,,"6 Yanqihu North Road, Beijing, China",,,40.40642,116.66403,+86 10 6166 0666,https://www.hilton.com/en/hotels/pekyvlx-yanbai-villa/,https://www.hilton.com/zh-hans/hotels/pekyvlx-yanbai-villa/,,2024-07-09,,,
HILTON-SHEBCDI,DoubleTree Resort by Hilton Benxi,,DoubleTree by Hilton,希尔顿逸林,hilton-doubletree-by-hilton,OPENING_SOON,Hotel,Hotel,Benxi,,,,"No.16, Tianzhu West Road, Benxi, China",,,41.3389,124.05325,+86 24 4255 5555,https://www.hilton.com/en/hotels/shebcdi-doubletree-resort-benxi/,https://www.hilton.com/zh-hans/hotels/shebcdi-doubletree-resort-benxi/,,2035-01-31,,,
HILTON-DOYBZHX,Hampton by Hilton Binzhou,,Hampton by Hilton,希尔顿欢朋,hilton-hampton-by-hilton,FULLY_BOOKABLE,Hotel,Hotel,Binzhou,,,,"No.399 Huanghe 5th Rd,, Binzhou, China",,,37.37997272,117.98432539,+86 543 517 8888,https://www.hilton.com/en/hotels/doybzhx-hampton-binzhou/,https://www.hilton.com/zh-hans/hotels/doybzhx-hampton-binzhou/,,2018-10-15,,,
HILTON-CBZINHX,Hampton by Hilton Binzhou Fuyou Street,,Hampton by Hilton,希尔顿欢朋,hilton-hampton-by-hilton,FULLY_BOOKABLE,Hotel,Hotel,Binzhou,,,,"No.37 Fuyou Street, Binzhou, China",,,37.3837163,117.970563,+86 543 527 8888,https://www.hilton.com/en/hotels/cbzinhx-hampton-binzhou-fuyou-street/,https://www.hilton.com/zh-hans/hotels/cbzinhx-hampton-binzhou-fuyou-street/,,2025-04-18,,,
HILTON-TSNBDHT,Home2 Suites by Hilton Binzhou Boxing,,Home2 Suites by Hilton,希尔顿惠庭,hilton-home2-suites,FULLY_BOOKABLE,Hotel,Hotel,Binzhou,,,,"Building A, Financial Business, Binzhou, China",,,37.15676952,118.1107025,+86 543 863 8888,https://www.hilton.com/en/hotels/tsnbdht-home2-suites-binzhou-boxing/,https://www.hilton.com/zh-hans/hotels/tsnbdht-home2-suites-binzhou-boxing/,,2023-07-30,,,
HILTON-BPLBBHT,Home2 Suites by Hilton Bole,,Home2 Suites by Hilton,希尔顿惠庭,hilton-home2-suites,FULLY_BOOKABLE,Hotel,Hotel,Bole,,,,"6 Beijing South Road, Bole, China",,,44.86900536812,82.0593624283,+86 909 770 9999,https://www.hilton.com/en/hotels/bplbbht-home2-suites-bole/,https://www.hilton.com/zh-hans/hotels/bplbbht-home2-suites-bole/,,2022-06-23,,,
HILTON-BPLJHGI,Hilton Garden Inn Jinghe County,,Hilton Garden Inn,希尔顿花园酒店,hilton-hilton-garden-inn,FULLY_BOOKABLE,Hotel,Hotel,Bortala,,,,"10 Kangning North Road, Jinghe County, Bortala, China",,,44.604414,82.870902,+86 909 886 8886,https://www.hilton.com/en/hotels/bpljhgi-hilton-garden-inn-jinghe-county/,https://www.hilton.com/zh-hans/hotels/bpljhgi-hilton-garden-inn-jinghe-county/,2026-05-01,2026-05-01,,,
HILTON-FUGBOHX,Hampton by Hilton Bozhou Culture Park,,Hampton by Hilton,希尔顿欢朋,hilton-hampton-by-hilton,FULLY_BOOKABLE,Hotel,Hotel,Bozhou,,,,"Tangwang Ave and Ziyuan Rd, Bozhou, China",,,33.824984,115.764565,+86 558 886 8888,https://www.hilton.com/en/hotels/fugbohx-hampton-bozhou-culture-park/,https://www.hilton.com/zh-hans/hotels/fugbohx-hampton-bozhou-culture-park/,,,,,
HILTON-TSNCAHX,Hampton by Hilton Cangzhou Xinhua,,Hampton by Hilton,希尔顿欢朋,hilton-hampton-by-hilton,FULLY_BOOKABLE,Hotel,Hotel,Cangzhou,,,,"Baichuan Rd Changlunan Avenue,, Cangzhou, China",,,38.28451643,116.88297175,+86 317 563 8888,https://www.hilton.com/en/hotels/tsncahx-hampton-cangzhou-xinhua/,https://www.hilton.com/zh-hans/hotels/tsncahx-hampton-cangzhou-xinhua/,,,,,
HILTON-CGQUNHX,Hampton by Hilton Changchun Cultural Square,,Hampton by Hilton,希尔顿欢朋,hilton-hampton-by-hilton,FULLY_BOOKABLE,Hotel,Hotel,Changchun,,,,"No.1118 Dongminzhu Street, Chaoyang, Changchun, China",,,43.879705,125.311292,+86 431 8190 8222,https://www.hilton.com/en/hotels/cgqunhx-hampton-changchun-cultural-square/,https://www.hilton.com/zh-hans/hotels/cgqunhx-hampton-changchun-cultural-square/,,2023-09-08,,,
HILTON-CGQCNHX,Hampton by Hilton Changchun Gaoxin,,Hampton by Hilton,希尔顿欢朋,hilton-hampton-by-hilton,FULLY_BOOKABLE,Hotel,Hotel,Changchun,,,,"B7 Zhongzhan Wanguo City,, Changchun, China",,,43.806774,125.236043,+86 431 8059 0606,https://www.hilton.com/en/hotels/cgqcnhx-hampton-changchun-gaoxin/,https://www.hilton.com/zh-hans/hotels/cgqcnhx-hampton-changchun-gaoxin/,,,,,
HILTON-CGQTIHX,Hampton by Hilton Changchun Jingyue,,Hampton by Hilton,希尔顿欢朋,hilton-hampton-by-hilton,FULLY_BOOKABLE,Hotel,Hotel,Changchun,,,,"No.1666,Tianqin Road, Changchun, China",,,43.774271,125.385193,+86 431 8917 5555,https://www.hilton.com/en/hotels/cgqtihx-hampton-changchun-jingyue/,https://www.hilton.com/zh-hans/hotels/cgqtihx-hampton-changchun-jingyue/,2025-11-12,2025-11-12,,,
HILTON-CGQSDHX,Hampton by Hilton Changchun Shengtai Square,,Hampton by Hilton,希尔顿欢朋,hilton-hampton-by-hilton,FULLY_BOOKABLE,Hotel,Hotel,Changchun,,,,"No.2345 Shengtai Street,, Changchun, China",,,43.81283,125.376607,+86 431 8442 6666,https://www.hilton.com/en/hotels/cgqsdhx-hampton-changchun-shengtai-square/,https://www.hilton.com/zh-hans/hotels/cgqsdhx-hampton-changchun-shengtai-square/,,,,,
HILTON-CGQLHHX,Hampton by Hilton Changchun Ziyou Road,,Hampton by Hilton,希尔顿欢朋,hilton-hampton-by-hilton,FULLY_BOOKABLE,Hotel,Hotel,Changchun,,,,"No.6633 Ziyou Road, Erdao District,, Changchun, China",,,43.865101,125.390974,+86 431 8999 6999,https://www.hilton.com/en/hotels/cgqlhhx-hampton-changchun-ziyou-road/,https://www.hilton.com/zh-hans/hotels/cgqlhhx-hampton-changchun-ziyou-road/,,,,,
HILTON-CGQGIGI,Hilton Garden Inn Changchun Economic Development Zone,,Hilton Garden Inn,希尔顿花园酒店,hilton-hilton-garden-inn,FULLY_BOOKABLE,Hotel,Hotel,Changchun,,,,"No. 7168 Ziyou Road, Changchun, China",,,43.870909,125.403956,+86 431 8056 6666,https://www.hilton.com/en/hotels/cgqgigi-hilton-garden-inn-changchun-economic-development-zone/,https://www.hilton.com/zh-hans/hotels/cgqgigi-hilton-garden-inn-changchun-economic-development-zone/,,2021-06-22,,,
HILTON-CGDCHHX,Hampton by Hilton Changde Economic Development Zone,,Hampton by Hilton,希尔顿欢朋,hilton-hampton-by-hilton,FULLY_BOOKABLE,Hotel,Hotel,Changde,,,,"No. 423 Deshan Middle Road,, Changde, China",,,28.952905,111.706402,+86 736 725 6888,https://www.hilton.com/en/hotels/cgdchhx-hampton-changde-economic-development-zone/,https://www.hilton.com/zh-hans/hotels/cgdchhx-hampton-changde-economic-development-zone/,,2023-03-31,,,
HILTON-CGDWLGI,Hilton Garden Inn Changde Dingcheng,,Hilton Garden Inn,希尔顿花园酒店,hilton-hilton-garden-inn,FULLY_BOOKABLE,Hotel,Hotel,Changde,,,,"No 966 Jinxia Road, Changde, China",,,28.996941,111.681278,+86 736 766 8888,https://www.hilton.com/en/hotels/cgdwlgi-hilton-garden-inn-changde-dingcheng/,https://www.hilton.com/zh-hans/hotels/cgdwlgi-hilton-garden-inn-changde-dingcheng/,,2020-10-25,,,
HILTON-URCULHX,Hampton by Hilton Changji,,Hampton by Hilton,希尔顿欢朋,hilton-hampton-by-hilton,FULLY_BOOKABLE,Hotel,Hotel,Changji,,,,"No. 380, Jiankang West Road, Changji, China",,,44.025294,87.306024,+86 994 226 0888,https://www.hilton.com/en/hotels/urculhx-hampton-changji/,https://www.hilton.com/zh-hans/hotels/urculhx-hampton-changji/,,2025-04-12,,,
HILTON-CSXTXDI,DoubleTree by Hilton Changsha Tianxin,,DoubleTree by Hilton,希尔顿逸林,hilton-doubletree-by-hilton,FULLY_BOOKABLE,Hotel,Hotel,Changsha,,,,"No. 979, Section 1, Changsha, China",,,28.12458,112.99529,+86 731 8256 9999,https://www.hilton.com/en/hotels/csxtxdi-doubletree-changsha-tianxin/,https://www.hilton.com/zh-hans/hotels/csxtxdi-doubletree-changsha-tianxin/,2025-11-30,2025-11-30,,,
HILTON-CSXSHHX,Hampton by Hilton Changsha Binjiang Financial Center,,Hampton by Hilton,希尔顿欢朋,hilton-hampton-by-hilton,FULLY_BOOKABLE,Hotel,Hotel,Changsha,,,,"Building A, Longfor Diamond,, Changsha, China",,,28.246333,112.961784,+86 731 8287 6888,https://www.hilton.com/en/hotels/csxshhx-hampton-changsha-binjiang-financial-center/,https://www.hilton.com/zh-hans/hotels/csxshhx-hampton-changsha-binjiang-financial-center/,,2024-01-01,,,
HILTON-CSXSCHX,Hampton by Hilton Changsha Dongying Square,,Hampton by Hilton,希尔顿欢朋,hilton-hampton-by-hilton,FULLY_BOOKABLE,Hotel,Hotel,Changsha,,,,"730 Yuanda First Road,, Changsha, China",,,28.197366,113.033289,+86 731 8630 8634,https://www.hilton.com/en/hotels/csxschx-hampton-changsha-dongying-square/,https://www.hilton.com/zh-hans/hotels/csxschx-hampton-changsha-dongying-square/,,,,,
HILTON-CSXHXHX,Hampton by Hilton Changsha Liuyang,,Hampton by Hilton,希尔顿欢朋,hilton-hampton-by-hilton,FULLY_BOOKABLE,Hotel,Hotel,Changsha,,,,"No.28 Baisha East Road, Liuyang, Changsha, China",,,28.1591074011,113.6419980043,+86 731 8318 0000,https://www.hilton.com/en/hotels/csxhxhx-hampton-changsha-liuyang/,https://www.hilton.com/zh-hans/hotels/csxhxhx-hampton-changsha-liuyang/,,2017-12-30,,,
HILTON-CSXANHX,Hampton by Hilton Changsha Malanshan,,Hampton by Hilton,希尔顿欢朋,hilton-hampton-by-hilton,FULLY_BOOKABLE,Hotel,Hotel,Changsha,,,,"No.6 Wenchuang Road,Building A, Changsha, China",,,28.230787,113.026695,+86 731 8273 9888,https://www.hilton.com/en/hotels/csxanhx-hampton-changsha-malanshan/,https://www.hilton.com/zh-hans/hotels/csxanhx-hampton-changsha-malanshan/,,2024-01-21,,,
HILTON-CSXYDHX,Hampton by Hilton Changsha Meixi Lake,,Hampton by Hilton,希尔顿欢朋,hilton-hampton-by-hilton,FULLY_BOOKABLE,Hotel,Hotel,Changsha,,,,"No.6 Lianhu 8th Rd,, Changsha, China",,,28.183586,112.884494,+86 731 8885 8887,https://www.hilton.com/en/hotels/csxydhx-hampton-changsha-meixi-lake/,https://www.hilton.com/zh-hans/hotels/csxydhx-hampton-changsha-meixi-lake/,,,,,
HILTON-CSXHAHX,Hampton by Hilton Changsha Moon Island,,Hampton by Hilton,希尔顿欢朋,hilton-hampton-by-hilton,FULLY_BOOKABLE,Hotel,Hotel,Changsha,,,,"Building 24, Jinyu Manyuan, Changsha, China",,,28.286474,112.928508,+86 731 8859 1888,https://www.hilton.com/en/hotels/csxhahx-hampton-changsha-moon-island/,https://www.hilton.com/zh-hans/hotels/csxhahx-hampton-changsha-moon-island/,,2025-01-09,,,
HILTON-CSXCGHX,Hampton by Hilton Changsha South Station ICEC,,Hampton by Hilton,希尔顿欢朋,hilton-hampton-by-hilton,FULLY_BOOKABLE,Hotel,Hotel,Changsha,,,,"No.415 Xiangzhang East Road,, Changsha, China",,,28.142122,113.051841,+86 731 8259 9888,https://www.hilton.com/en/hotels/csxcghx-hampton-changsha-south-station-icec/,https://www.hilton.com/zh-hans/hotels/csxcghx-hampton-changsha-south-station-icec/,,,,,
HILTON-CSXBRHX,Hampton by Hilton Changsha Wuyi Square,,Hampton by Hilton,希尔顿欢朋,hilton-hampton-by-hilton,FULLY_BOOKABLE,Hotel,Hotel,Changsha,,,,"NO.539 Bayi Road, Changsha, China",,,28.197625,112.989147,+86 731 8272 9999,https://www.hilton.com/en/hotels/csxbrhx-hampton-changsha-wuyi-square/,https://www.hilton.com/zh-hans/hotels/csxbrhx-hampton-changsha-wuyi-square/,,2024-03-22,,,
HILTON-CSXCAHX,Hampton by Hilton Changsha Xingsha,,Hampton by Hilton,希尔顿欢朋,hilton-hampton-by-hilton,FULLY_BOOKABLE,Hotel,Hotel,Changsha,,,,"No.28 Panpan Road,, Changsha, China",,,28.217594,113.099725,+86 731 8295 8888,https://www.hilton.com/en/hotels/csxcahx-hampton-changsha-xingsha/,https://www.hilton.com/zh-hans/hotels/csxcahx-hampton-changsha-xingsha/,,2017-11-09,,,
HILTON-CSXHIHX,Hampton by Hilton Changsha Yuhua High-speed Railway Station,,Hampton by Hilton,希尔顿欢朋,hilton-hampton-by-hilton,FULLY_BOOKABLE,Hotel,Hotel,Changsha,,,,"No. 345, Shumuling Road, Changsha, China",,,28.148581,113.022446,+86 731 8800 0008,https://www.hilton.com/en/hotels/csxhihx-hampton-changsha-yuhua-high-speed-railway-station/,https://www.hilton.com/zh-hans/hotels/csxhihx-hampton-changsha-yuhua-high-speed-railway-station/,,2024-04-30,,,
HILTON-CSXCCHI,Hilton Changsha Riverside,,Hilton Hotels & Resorts,希尔顿酒店及度假村,hilton-hilton-hotels,FULLY_BOOKABLE,Hotel,Hotel,Changsha,,,,"No.1100 Section 3 of Xiaoxiang, Changsha, China",,,28.232975,112.964846,+86 731 8830 8888,https://www.hilton.com/en/hotels/csxcchi-hilton-changsha-riverside/,https://www.hilton.com/zh-hans/hotels/csxcchi-hilton-changsha-riverside/,,2021-07-12,,,
HILTON-CSXXRGI,Hilton Garden Inn Changsha Xiangfu Road,,Hilton Garden Inn,希尔顿花园酒店,hilton-hilton-garden-inn,OPENING_SOON,Hotel,Hotel,Changsha,,,,"No. 517, Xiangfu East Road, Changsha, China",,,28.109258,113.015702,+86 731 8590 7999,https://www.hilton.com/en/hotels/csxxrgi-hilton-garden-inn-changsha-xiangfu-road/,https://www.hilton.com/zh-hans/hotels/csxxrgi-hilton-garden-inn-changsha-xiangfu-road/,,2026-07-30,,,
HILTON-CSXYLGI,Hilton Garden Inn Changsha Yuelu,,Hilton Garden Inn,希尔顿花园酒店,hilton-hilton-garden-inn,FULLY_BOOKABLE,Hotel,Hotel,Changsha,,,,"NO.403 Jinxing Middle Road, Changsha, China",,,28.225922,112.940349,+86 731 8466 9999,https://www.hilton.com/en/hotels/csxylgi-hilton-garden-inn-changsha-yuelu/,https://www.hilton.com/zh-hans/hotels/csxylgi-hilton-garden-inn-changsha-yuelu/,,2022-11-10,,,
HILTON-CSXWRHT,Home2 Suites by Hilton Changsha Lugu,,Home2 Suites by Hilton,希尔顿惠庭,hilton-home2-suites,FULLY_BOOKABLE,Hotel,Hotel,Changsha,,,,"No.599,West Tongzhipo Road, Changsha, China",,,28.225834,112.861745,+86 731 8255 8888,https://www.hilton.com/en/hotels/csxwrht-home2-suites-changsha-lugu/,https://www.hilton.com/zh-hans/hotels/csxwrht-home2-suites-changsha-lugu/,,2023-12-29,,,
HILTON-CSXIAHT,Home2 Suites by Hilton Changsha Ningxiang,,Home2 Suites by Hilton,希尔顿惠庭,hilton-home2-suites,FULLY_BOOKABLE,Hotel,Hotel,Changsha,,,,"No. 1, South 2nd Ring Road, Changsha, China",,,28.273086,112.53686,+86 731 8711 9999,https://www.hilton.com/en/hotels/csxiaht-home2-suites-changsha-ningxiang/,https://www.hilton.com/zh-hans/hotels/csxiaht-home2-suites-changsha-ningxiang/,,2024-03-10,,,
HILTON-WUXCSHI,Hilton Changshu,,Hilton Hotels & Resorts,希尔顿酒店及度假村,hilton-hilton-hotels,FULLY_BOOKABLE,Hotel,Hotel,Changshu,,,,"No. 88 Fuchunjiang West Road,, Changshu, China",,,31.64521,120.769182,+86 512 5206 6666,https://www.hilton.com/en/hotels/wuxcshi-hilton-changshu/,https://www.hilton.com/zh-hans/hotels/wuxcshi-hilton-changshu/,,2024-05-27,,,
HILTON-CIHCHHX,Hampton by Hilton Changzhi Luzhou,,Hampton by Hilton,希尔顿欢朋,hilton-hampton-by-hilton,FULLY_BOOKABLE,Hotel,Hotel,Changzhi,,,,"No.344 Fuhou West Street, Changzhi, China",,,36.202925,113.098667,+86 355 845 6789,https://www.hilton.com/en/hotels/cihchhx-hampton-changzhi-luzhou/,https://www.hilton.com/zh-hans/hotels/cihchhx-hampton-changzhi-luzhou/,,2024-07-18,,,
HILTON-CZXKAHX,Hampton by Hilton Changzhou Jintan,,Hampton by Hilton,希尔顿欢朋,hilton-hampton-by-hilton,FULLY_BOOKABLE,Hotel,Hotel,Changzhou,,,,"No. 16 and No. 18 Hengjie East Road, Changzhou, China",,,31.74622,119.573148,+86 519 8626 7788,https://www.hilton.com/en/hotels/czxkahx-hampton-changzhou-jintan/,https://www.hilton.com/zh-hans/hotels/czxkahx-hampton-changzhou-jintan/,,2023-03-17,,,
HILTON-CZXWDHI,Hilton Changzhou,,Hilton Hotels & Resorts,希尔顿酒店及度假村,hilton-hilton-hotels,FULLY_BOOKABLE,Hotel,Hotel,Changzhou,,,,"No. 68 Hongbei Road, Changzhou, China",,,31.70828,119.952906,+86 519 8998 8888,https://www.hilton.com/en/hotels/czxwdhi-hilton-changzhou/,https://www.hilton.com/zh-hans/hotels/czxwdhi-hilton-changzhou/,,2014-10-22,,,
HILTON-CZXJTGI,Hilton Garden Inn Changzhou Jintan,,Hilton Garden Inn,希尔顿花园酒店,hilton-hilton-garden-inn,FULLY_BOOKABLE,Hotel,Hotel,Changzhou,,,,"No. 299 Yijing Street, Changzhou, China",,,31.724167,119.679722,+86 519 6988 0888,https://www.hilton.com/en/hotels/czxjtgi-hilton-garden-inn-changzhou-jintan/,https://www.hilton.com/zh-hans/hotels/czxjtgi-hilton-garden-inn-changzhou-jintan/,,2020-12-13,,,
HILTON-CZXXBGI,Hilton Garden Inn Changzhou Xinbei,,Hilton Garden Inn,希尔顿花园酒店,hilton-hilton-garden-inn,FULLY_BOOKABLE,Hotel,Hotel,Changzhou,,,,"No. 101, Building 55 Jiuzhou Garden, Changzhou, China",,,31.844583,119.989444,+86 519 6988 8666,https://www.hilton.com/en/hotels/czxxbgi-garden-inn-changzhou-xinbei/,https://www.hilton.com/zh-hans/hotels/czxxbgi-garden-inn-changzhou-xinbei/,,2020-07-25,,,
HILTON-CZXCNHT,Home2 Suites by Hilton Changzhou Tianning,,Home2 Suites by Hilton,希尔顿惠庭,hilton-home2-suites,FULLY_BOOKABLE,Hotel,Hotel,Changzhou,,,,"No.939 East Laodong Road, Tianning District, Changzhou, China",,,31.750856,119.999989,+86 519 6896 8888,https://www.hilton.com/en/hotels/czxcnht-home2-suites-changzhou-tianning/,https://www.hilton.com/zh-hans/hotels/czxcnht-home2-suites-changzhou-tianning/,2025-10-31,2025-10-31,,,
HILTON-CZXZYLX,"Zi Yun Xuan Qing Resort & Spa, an SLH Hotel",,Small Luxury Hotels of the World,全球奢华精品酒店,hilton-small-luxury-hotels-slh,FULLY_BOOKABLE,Hotel,Hotel,Changzhou,,,,"999 Zhimao Road, Changzhou, China",,,31.79239,119.34371,+86 519 8018 6666,https://www.hilton.com/en/hotels/czxzylx-zi-yun-xuan-qing-resort-spa/,https://www.hilton.com/zh-hans/hotels/czxzylx-zi-yun-xuan-qing-resort-spa/,,2025-12-09,,,
HILTON-SWAGGHX,Hampton by Hilton Chaozhou Fortune Center,,Hampton by Hilton,希尔顿欢朋,hilton-hampton-by-hilton,FULLY_BOOKABLE,Hotel,Hotel,Chaozhou,,,,"Suite A, Bldg A, Fortune Center,, Chaozhou, China",,,23.649273,116.610543,+86 768 2850 5555,https://www.hilton.com/en/hotels/swagghx-hampton-chaozhou-fortune-center/,https://www.hilton.com/zh-hans/hotels/swagghx-hampton-chaozhou-fortune-center/,,,,,
HILTON-SWAXIHT,Home2 Suites by Hilton Chaozhou,,Home2 Suites by Hilton,希尔顿惠庭,hilton-home2-suites,FULLY_BOOKABLE,Hotel,Hotel,Chaozhou,,,,"A1-1, Building 1, Xingcheng Golden Mansion, Chaozhou, China",,,23.6378075,116.5870026,+86 768 222 0000,https://www.hilton.com/en/hotels/swaxiht-home2-suites-chaozhou/,https://www.hilton.com/zh-hans/hotels/swaxiht-home2-suites-chaozhou/,,2025-01-27,,,
HILTON-CDECGHX,Hampton by Hilton Chengde Imperial Garden,,Hampton by Hilton,希尔顿欢朋,hilton-hampton-by-hilton,FULLY_BOOKABLE,Hotel,Hotel,Chengde,,,,"Xingyue All-Embracing Square, Chengde, China",,,40.893892,117.97687,+86 314 226 8888,https://www.hilton.com/en/hotels/cdecghx-hampton-chengde-imperial-garden/,https://www.hilton.com/zh-hans/hotels/cdecghx-hampton-chengde-imperial-garden/,,2024-07-09,,,
HILTON-PEKCMHX,Hampton by Hilton Chengde Mountain Resort,,Hampton by Hilton,希尔顿欢朋,hilton-hampton-by-hilton,FULLY_BOOKABLE,Hotel,Hotel,Chengde,,,,"A9, Lijing Huating Phase Two,, Chengde, China",,,40.945058,117.95931,+86 314 207 7888,https://www.hilton.com/en/hotels/pekcmhx-hampton-chengde-mountain-resort/,https://www.hilton.com/zh-hans/hotels/pekcmhx-hampton-chengde-mountain-resort/,,,,,
HILTON-CDEHTGI,Hilton Garden Inn Chengde High-Tech Zone,,Hilton Garden Inn,希尔顿花园酒店,hilton-hilton-garden-inn,FULLY_BOOKABLE,Hotel,Hotel,Chengde,,,,"Building 3, Feng Huang Guo Ji, Intersection of Fenghuangshan Street and Xueyuan Road, High-Tech Zone, Chengde, China",,,40.907547,117.956335,+86 314 577 9999,https://www.hilton.com/en/hotels/cdehtgi-hilton-garden-inn-chengde-high-tech-zone/,https://www.hilton.com/zh-hans/hotels/cdehtgi-hilton-garden-inn-chengde-high-tech-zone/,,2025-07-15,,,
HILTON-CDEGIGI,Hilton Garden Inn Chengde Mountain Resort,,Hilton Garden Inn,希尔顿花园酒店,hilton-hilton-garden-inn,FULLY_BOOKABLE,Hotel,Hotel,Chengde,,,,"No.1 NanYingZi Rd, Chengde, China",,,40.984816,117.944452,+86 314 435 7777,https://www.hilton.com/en/hotels/cdegigi-hilton-garden-inn-chengde-mountain-resort/,https://www.hilton.com/zh-hans/hotels/cdegigi-hilton-garden-inn-chengde-mountain-resort/,,2024-12-10,,,
HILTON-CTULCPY,Canopy by Hilton Chengdu City Centre,,Canopy by Hilton,希尔顿嘉悦里,hilton-canopy-by-hilton,FULLY_BOOKABLE,Hotel,Hotel,Chengdu,,,,"5 Xiyu Street, Qingyang District, Chengdu, China",,,30.65595,104.06326,+86 28 6521 6666,https://www.hilton.com/en/hotels/ctulcpy-canopy-chengdu-city-centre/,https://www.hilton.com/zh-hans/hotels/ctulcpy-canopy-chengdu-city-centre/,,2018-12-30,,,
HILTON-CTURIDI,DoubleTree by Hilton Chengdu Riverside,,DoubleTree by Hilton,希尔顿逸林,hilton-doubletree-by-hilton,FULLY_BOOKABLE,Hotel,Hotel,Chengdu,,,,"No 266 Shabanqiao Road Chenghua Ave, Chengdu, China",,,30.665046,104.123906,+86 28 8126 0666,https://www.hilton.com/en/hotels/cturidi-doubletree-chengdu-riverside/,https://www.hilton.com/zh-hans/hotels/cturidi-doubletree-chengdu-riverside/,,2022-03-15,,,
HILTON-CTUXLDI,DoubleTree by Hilton Chengdu Xinglong Lake,,DoubleTree by Hilton,希尔顿逸林,hilton-doubletree-by-hilton,FULLY_BOOKABLE,Hotel,Hotel,Chengdu,,,,"388 Jingrong Road, Xinglong Street, Tianfu New District, Chengdu, China",,,30.409979,104.091357,+86 28 6195 6666,https://www.hilton.com/en/hotels/ctuxldi-doubletree-chengdu-xinglong-lake/,https://www.hilton.com/zh-hans/hotels/ctuxldi-doubletree-chengdu-xinglong-lake/,,2024-12-11,,,
HILTON-CTUCRHX,Hampton Apartments by Hilton Chengdu Chunxi Road,,Hampton by Hilton,希尔顿欢朋,hilton-hampton-by-hilton,FULLY_BOOKABLE,Hotel,Hotel,Chengdu,,,,"68 Huaxing Zheng Street,, Chengdu, China",,,30.6606,104.079307,+86 28 8651 2777,https://www.hilton.com/en/hotels/ctucrhx-hampton-apartments-chengdu-chunxi-road/,https://www.hilton.com/zh-hans/hotels/ctucrhx-hampton-apartments-chengdu-chunxi-road/,,,,,
HILTON-CTUGDHX,Hampton by Hilton Chengdu Chenghua,,Hampton by Hilton,希尔顿欢朋,hilton-hampton-by-hilton,FULLY_BOOKABLE,Hotel,Hotel,Chengdu,,,,"No. 1 Shanbanqiao Road, Chengdu, China",,,30.662324,104.11407,+86 28 8666 6160,https://www.hilton.com/en/hotels/ctugdhx-hampton-chengdu-chenghua/,https://www.hilton.com/zh-hans/hotels/ctugdhx-hampton-chengdu-chenghua/,,,,,
HILTON-CTUHZHX,Hampton by Hilton Chengdu Chunxi Road,,Hampton by Hilton,希尔顿欢朋,hilton-hampton-by-hilton,FULLY_BOOKABLE,Hotel,Hotel,Chengdu,,,,"68 Huaxing Main Street,, Chengdu, China",,,30.66223462,104.0769136,+86 28 8651 2777,https://www.hilton.com/en/hotels/ctuhzhx-hampton-chengdu-chunxi-road/,https://www.hilton.com/zh-hans/hotels/ctuhzhx-hampton-chengdu-chunxi-road/,,,,,
HILTON-CTUDXHX,Hampton by Hilton Chengdu Dayi,,Hampton by Hilton,希尔顿欢朋,hilton-hampton-by-hilton,FULLY_BOOKABLE,Hotel,Hotel,Chengdu,,,,"No. 532 Xueshan Ave 2nd section,, Chengdu, China",,,30.56422,103.518955,+86 28 8822 2333,https://www.hilton.com/en/hotels/ctudxhx-hampton-chengdu-dayi/,https://www.hilton.com/zh-hans/hotels/ctudxhx-hampton-chengdu-dayi/,,,,,
HILTON-CTUDGHX,Hampton by Hilton Chengdu Dujiangyan,,Hampton by Hilton,希尔顿欢朋,hilton-hampton-by-hilton,FULLY_BOOKABLE,Hotel,Hotel,Chengdu,,,,"No.112 North Caihong Avenue,, Chengdu, China",,,30.990178,103.656748,+86 28 6217 6777,https://www.hilton.com/en/hotels/ctudghx-hampton-chengdu-dujiangyan/,https://www.hilton.com/zh-hans/hotels/ctudghx-hampton-chengdu-dujiangyan/,,,,,
HILTON-CTUTUHX,Hampton by Hilton Chengdu Hi-Tech Zone Tianfu 2nd Street,,Hampton by Hilton,希尔顿欢朋,hilton-hampton-by-hilton,OPENING_SOON,Hotel,Hotel,Chengdu,,,,"Building 1, No.166 Tianfu 2nd Street, Chengdu, China",,,30.551674,104.064231,+86 28 6323 9888,https://www.hilton.com/en/hotels/ctutuhx-hampton-chengdu-hi-tech-zone-tianfu-2nd-street/,https://www.hilton.com/zh-hans/hotels/ctutuhx-hampton-chengdu-hi-tech-zone-tianfu-2nd-street/,,2026-07-31,,,
HILTON-CTUESHX,Hampton by Hilton Chengdu Jiuyan Bridge Dongda Road,,Hampton by Hilton,希尔顿欢朋,hilton-hampton-by-hilton,FULLY_BOOKABLE,Hotel,Hotel,Chengdu,,,,"No.499 Huiquan South Road, Chengdu, China",,,30.642678,104.114312,+86 28 6392 3888,https://www.hilton.com/en/hotels/ctueshx-hampton-chengdu-jiuyan-bridge-dongda-road/,https://www.hilton.com/zh-hans/hotels/ctueshx-hampton-chengdu-jiuyan-bridge-dongda-road/,,2025-09-27,,,
HILTON-CTUJNHX,Hampton by Hilton Chengdu Kuanzhai Alley,,Hampton by Hilton,希尔顿欢朋,hilton-hampton-by-hilton,FULLY_BOOKABLE,Hotel,Hotel,Chengdu,,,,"No.11 Majia Garden Road,, Chengdu, China",,,30.681321,104.052874,+86 28 8777 7345,https://www.hilton.com/en/hotels/ctujnhx-hampton-chengdu-kuanzhai-alley/,https://www.hilton.com/zh-hans/hotels/ctujnhx-hampton-chengdu-kuanzhai-alley/,,2016-11-18,,,
HILTON-CTULQHX,Hampton by Hilton Chengdu Longquanyi,,Hampton by Hilton,希尔顿欢朋,hilton-hampton-by-hilton,FULLY_BOOKABLE,Hotel,Hotel,Chengdu,,,,"448 Middle Road, Yandu Avenue, Chengdu, China",,,30.5666707756,104.2408830472,+86 28 6395 3999,https://www.hilton.com/en/hotels/ctulqhx-hampton-chengdu-longquanyi/,https://www.hilton.com/zh-hans/hotels/ctulqhx-hampton-chengdu-longquanyi/,,,,,
HILTON-CTUDIHX,Hampton by Hilton Chengdu Phoenix Hill Sports Center,,Hampton by Hilton,希尔顿欢朋,hilton-hampton-by-hilton,FULLY_BOOKABLE,Hotel,Hotel,Chengdu,,,,"No.2289, Section1 of Beixing Avenue, Chengdu, China",,,30.753434,104.080918,+86 28 8016 6888,https://www.hilton.com/en/hotels/ctudihx-hampton-chengdu-phoenix-hill-sports-center/,https://www.hilton.com/zh-hans/hotels/ctudihx-hampton-chengdu-phoenix-hill-sports-center/,,2024-01-01,,,
HILTON-CTUGGHX,Hampton by Hilton Chengdu Pidu Hi-Tech Zone,,Hampton by Hilton,希尔顿欢朋,hilton-hampton-by-hilton,FULLY_BOOKABLE,Hotel,Hotel,Chengdu,,,,"No.188 Xingfu Rd N 1st Section,, Chengdu, China",,,30.784134,103.943603,+86 28 8778 8822,https://www.hilton.com/en/hotels/ctugghx-hampton-chengdu-hi-tech-zone/,https://www.hilton.com/zh-hans/hotels/ctugghx-hampton-chengdu-hi-tech-zone/,,2021-12-10,,,
HILTON-CTUINHX,Hampton by Hilton Chengdu Railway North Station,,Hampton by Hilton,希尔顿欢朋,hilton-hampton-by-hilton,FULLY_BOOKABLE,Hotel,Hotel,Chengdu,,,,"No.2 Saiyuntai East Second Road, Chengdu, China",,,30.710515,104.073912,+86 28 6201 1888,https://www.hilton.com/en/hotels/ctuinhx-hampton-chengdu-railway-north-station/,https://www.hilton.com/zh-hans/hotels/ctuinhx-hampton-chengdu-railway-north-station/,,2024-06-03,,,
HILTON-CTULRHX,Hampton by Hilton Chengdu Shuangliu Airport,,Hampton by Hilton,希尔顿欢朋,hilton-hampton-by-hilton,FULLY_BOOKABLE,Hotel,Hotel,Chengdu,,,,"No.32 Lingang Road,, Chengdu, China",,,30.565866,103.974819,+86 28 8577 1999,https://www.hilton.com/en/hotels/ctulrhx-hampton-chengdu-shuangliu-airport/,https://www.hilton.com/zh-hans/hotels/ctulrhx-hampton-chengdu-shuangliu-airport/,,2023-07-14,,,
HILTON-CTUWJHX,Hampton by Hilton Chengdu Wenjiang,,Hampton by Hilton,希尔顿欢朋,hilton-hampton-by-hilton,FULLY_BOOKABLE,Hotel,Hotel,Chengdu,,,,"No.273 Jinquan Street,, Chengdu, China",,,30.6894723911,103.8564155851,+86 28 8260 8888,https://www.hilton.com/en/hotels/ctuwjhx-hampton-chengdu-wenjiang/,https://www.hilton.com/zh-hans/hotels/ctuwjhx-hampton-chengdu-wenjiang/,,,,,
HILTON-CTUHNHX,Hampton by Hilton Chengdu West Railway Station,,Hampton by Hilton,希尔顿欢朋,hilton-hampton-by-hilton,FULLY_BOOKABLE,Hotel,Hotel,Chengdu,,,,"No .889, Section 1, Riyue Avenue, Qingyang District, Chengdu, China",,,30.678958,103.980454,+86 28 8120 8888,https://www.hilton.com/en/hotels/ctuhnhx-hampton-chengdu-west-railway-station/,https://www.hilton.com/zh-hans/hotels/ctuhnhx-hampton-chengdu-west-railway-station/,2026-02-10,2026-02-10,,,
HILTON-CTURNHX,Hampton by Hilton Chengdu Wuhou Hongpailou,,Hampton by Hilton,希尔顿欢朋,hilton-hampton-by-hilton,FULLY_BOOKABLE,Hotel,Hotel,Chengdu,,,,"No.53 Changyi Road, Wuhou District,, Chengdu, China",,,30.625894,104.028952,+86 28 6223 7999,https://www.hilton.com/en/hotels/cturnhx-hampton-chengdu-wuhou-hongpailou/,https://www.hilton.com/zh-hans/hotels/cturnhx-hampton-chengdu-wuhou-hongpailou/,,,,,
HILTON-CTUHHHX,Hampton by Hilton Chengdu Wuhou New City,,Hampton by Hilton,希尔顿欢朋,hilton-hampton-by-hilton,FULLY_BOOKABLE,Hotel,Hotel,Chengdu,,,,"No.477, Wanxing Road,Wuhou District, Chengdu, China",,,30.620438,103.994911,+86 28 8508 2888,https://www.hilton.com/en/hotels/ctuhhhx-hampton-chengdu-wuhou-new-city/,https://www.hilton.com/zh-hans/hotels/ctuhhhx-hampton-chengdu-wuhou-new-city/,,2023-06-10,,,
HILTON-CTUHXHX,Hampton by Hilton Chengdu Wuhou Waishuangnan,,Hampton by Hilton,希尔顿欢朋,hilton-hampton-by-hilton,FULLY_BOOKABLE,Hotel,Hotel,Chengdu,,,,"432 Jin Yang Rd, Wuhou District, Chengdu, China",,,30.6493747974,103.9949673088,+86 28 8312 8887,https://www.hilton.com/en/hotels/ctuhxhx-hampton-chengdu-wuhou-waishuangnan/,https://www.hilton.com/zh-hans/hotels/ctuhxhx-hampton-chengdu-wuhou-waishuangnan/,,,,,
HILTON-CTUXSHX,Hampton by Hilton Chengdu Xintong Avenue Station,,Hampton by Hilton,希尔顿欢朋,hilton-hampton-by-hilton,FULLY_BOOKABLE,Hotel,Hotel,Chengdu,,,,"No. 22, 1st Xintong South Road, Chengdu, China",,,30.526665,104.106184,+86 28 8820 8820,https://www.hilton.com/en/hotels/ctuxshx-hampton-chengdu-xintong-avenue-station/,https://www.hilton.com/zh-hans/hotels/ctuxshx-hampton-chengdu-xintong-avenue-station/,2026-01-29,2026-01-29,,,
HILTON-CTUTYHX,Hampton by Hilton Chengdu Xipu,,Hampton by Hilton,希尔顿欢朋,hilton-hampton-by-hilton,FULLY_BOOKABLE,Hotel,Hotel,Chengdu,,,,"Building 1, No. 666, Fuman Road,, Chengdu, China",,,30.74246,103.991237,+86 28 6152 7888,https://www.hilton.com/en/hotels/ctutyhx-hampton-chengdu-xipu/,https://www.hilton.com/zh-hans/hotels/ctutyhx-hampton-chengdu-xipu/,,2022-09-21,,,
HILTON-CTUKMHI,Hilton Chengdu,,Hilton Hotels & Resorts,希尔顿酒店及度假村,hilton-hilton-hotels,FULLY_BOOKABLE,Hotel,Hotel,Chengdu,,,,"666 Middle Section of Tianfu Avenue, Chengdu, China",,,30.54901,104.06842,+86 28 8503 6666,https://www.hilton.com/en/hotels/ctukmhi-hilton-chengdu/,https://www.hilton.com/zh-hans/hotels/ctukmhi-hilton-chengdu/,2025-11-01,2025-11-01,,,
HILTON-CTUCUHI,Hilton Chengdu Chenghua,,Hilton Hotels & Resorts,希尔顿酒店及度假村,hilton-hilton-hotels,FULLY_BOOKABLE,Hotel,Hotel,Chengdu,,,,"No 99 Tashuiqiao West Str, Chenghua, Chengdu, China",,,30.6842915365,104.097483048,+86 28 6738 9999,https://www.hilton.com/en/hotels/ctucuhi-hilton-chengdu-chenghua/,https://www.hilton.com/zh-hans/hotels/ctucuhi-hilton-chengdu-chenghua/,,2019-01-30,,,
HILTON-CTULOHI,Hilton Chengdu Longquanyi,,Hilton Hotels & Resorts,希尔顿酒店及度假村,hilton-hilton-hotels,FULLY_BOOKABLE,Hotel,Hotel,Chengdu,,,,"No 118 Jin'an Road, Chengdu, China",,,30.58,104.180565,+86 28 6100 9999,https://www.hilton.com/en/hotels/ctulohi-hilton-chengdu-longquanyi/,https://www.hilton.com/zh-hans/hotels/ctulohi-hilton-chengdu-longquanyi/,,2017-12-31,,,
HILTON-CTUEMGI,Hilton Garden Inn Chengdu Chenghua,,Hilton Garden Inn,希尔顿花园酒店,hilton-hilton-garden-inn,FULLY_BOOKABLE,Hotel,Hotel,Chengdu,,,,"No 699 Shanbanqiao Road, Chengdu, China",,,30.679123,104.141739,+86 28 8787 7777,https://www.hilton.com/en/hotels/ctuemgi-hilton-garden-inn-chengdu-chenghua/,https://www.hilton.com/zh-hans/hotels/ctuemgi-hilton-garden-inn-chengdu-chenghua/,,2024-06-15,,,
HILTON-CTUJJGI,Hilton Garden Inn Chengdu Chunxi Road Center,,Hilton Garden Inn,希尔顿花园酒店,hilton-hilton-garden-inn,FULLY_BOOKABLE,Hotel,Hotel,Chengdu,,,,"No. 27, West Chunxi Road, Jinjiang, Chengdu, China",,,30.6552041,104.07594868,+86 28 6906 8999,https://www.hilton.com/en/hotels/ctujjgi-hilton-garden-inn-chengdu-chunxi-road-center/,https://www.hilton.com/zh-hans/hotels/ctujjgi-hilton-garden-inn-chengdu-chunxi-road-center/,,2024-05-31,,,
HILTON-CTUSRGI,Hilton Garden Inn Chengdu East Railway Station,,Hilton Garden Inn,希尔顿花园酒店,hilton-hilton-garden-inn,FULLY_BOOKABLE,Hotel,Hotel,Chengdu,,,,"198 Jiancai Road,, Chengdu, China",,,30.653535,104.146315,+86 28 8777 0099,https://www.hilton.com/en/hotels/ctusrgi-hilton-garden-inn-chengdu-east-railway-station/,https://www.hilton.com/zh-hans/hotels/ctusrgi-hilton-garden-inn-chengdu-east-railway-station/,2025-12-05,2025-12-05,,,
HILTON-CTUDZGI,Hilton Garden Inn Chengdu Hi-Tech Xinchuan,,Hilton Garden Inn,希尔顿花园酒店,hilton-hilton-garden-inn,OPENING_SOON,Hotel,Hotel,Chengdu,,,,"No. 299, Yinglong South 1st Road, Chengdu, China",,,30.528395,104.090299,+86 28 8885 4999,https://www.hilton.com/en/hotels/ctudzgi-hilton-garden-inn-chengdu-hi-tech-xinchuan/,https://www.hilton.com/zh-hans/hotels/ctudzgi-hilton-garden-inn-chengdu-hi-tech-xinchuan/,,2035-12-01,,,
HILTON-CTUHWGI,Hilton Garden Inn Chengdu Huaxi Wuhou Shrine,,Hilton Garden Inn,希尔顿花园酒店,hilton-hilton-garden-inn,FULLY_BOOKABLE,Hotel,Hotel,Chengdu,,,,"66 South Section 3, First Ring Road, Chengdu, China",,,30.639319,104.060641,+86 28 6985 0666,https://www.hilton.com/en/hotels/ctuhwgi-hilton-garden-inn-chengdu-huaxi-wuhou-shrine/,https://www.hilton.com/zh-hans/hotels/ctuhwgi-hilton-garden-inn-chengdu-huaxi-wuhou-shrine/,2026-04-22,2026-04-22,,,
HILTON-CTUCHGI,Hilton Garden Inn Chengdu Huayang,,Hilton Garden Inn,希尔顿花园酒店,hilton-hilton-garden-inn,FULLY_BOOKABLE,Hotel,Hotel,Chengdu,,,,"No.1166, Jiannan Avenue South, Chengdu, China",,,30.522011,104.042232,+86 28 6578 9999,https://www.hilton.com/en/hotels/ctuchgi-hilton-garden-inn-chengdu-huayang/,https://www.hilton.com/zh-hans/hotels/ctuchgi-hilton-garden-inn-chengdu-huayang/,,2016-08-22,,,
HILTON-CTUJYGI,Hilton Garden Inn Chengdu Jinnan Tianjie,,Hilton Garden Inn,希尔顿花园酒店,hilton-hilton-garden-inn,OPENING_SOON,Hotel,Hotel,Chengdu,,,,"No. 1488, Wujin Road, Chengdu, China",,,30.65,104,+86 28 6327 0918,https://www.hilton.com/en/hotels/ctujygi-hilton-garden-inn-chengdu-jinnan-tianjie/,https://www.hilton.com/zh-hans/hotels/ctujygi-hilton-garden-inn-chengdu-jinnan-tianjie/,,2026-10-19,,,
HILTON-CTUSGGI,Hilton Garden Inn Chengdu Jinniu Yipintianxia,,Hilton Garden Inn,希尔顿花园酒店,hilton-hilton-garden-inn,FULLY_BOOKABLE,Hotel,Hotel,Chengdu,,,,"No.3 Shuguang Road, Chengdu, China",,,30.693034,104.017358,+86 28 6072 9666,https://www.hilton.com/en/hotels/ctusggi-hilton-garden-inn-chengdu-jinniu-yipintianxia/,https://www.hilton.com/zh-hans/hotels/ctusggi-hilton-garden-inn-chengdu-jinniu-yipintianxia/,,2025-07-05,,,
HILTON-CTUKZGI,Hilton Garden Inn Chengdu Kuanzhai Alley,,Hilton Garden Inn,希尔顿花园酒店,hilton-hilton-garden-inn,FULLY_BOOKABLE,Hotel,Hotel,Chengdu,,,,"No. 63 Xi'an S R, Jinniu District, Chengdu, China",,,30.671634,104.0531629,+86 28 6222 7666,https://www.hilton.com/en/hotels/ctukzgi-hilton-garden-inn-chengdu-kuanzhai-alley/,https://www.hilton.com/zh-hans/hotels/ctukzgi-hilton-garden-inn-chengdu-kuanzhai-alley/,,2022-10-16,,,
HILTON-CTUSLGI,Hilton Garden Inn Chengdu Shuangliu International Airport,,Hilton Garden Inn,希尔顿花园酒店,hilton-hilton-garden-inn,OPENING_SOON,Hotel,Hotel,Chengdu,,,,"No. 1599 Chengshuang Avenue, Chengdu, China",,,30.591934,103.949698,+86 28 8560 6888,https://www.hilton.com/en/hotels/ctuslgi-hilton-garden-inn-chengdu-shuangliu-international-airport/,https://www.hilton.com/zh-hans/hotels/ctuslgi-hilton-garden-inn-chengdu-shuangliu-international-airport/,2026-09-20,2026-08-01,,,
HILTON-CTUTLGI,Hilton Garden Inn Chengdu Tianfu Panda Tower,,Hilton Garden Inn,希尔顿花园酒店,hilton-hilton-garden-inn,FULLY_BOOKABLE,Hotel,Hotel,Chengdu,,,,"No.266 Shuanglin Road, Chenghua District, Chengdu, Sichuan Province, Chengdu, China",,,30.662972,104.106351,+86 28 8555 5155,https://www.hilton.com/en/hotels/ctutlgi-hilton-garden-inn-chengdu-tianfu-panda-tower/,https://www.hilton.com/zh-hans/hotels/ctutlgi-hilton-garden-inn-chengdu-tianfu-panda-tower/,,2025-03-28,,,
HILTON-CTUWHGI,Hilton Garden Inn Chengdu Wuhou Jinli,,Hilton Garden Inn,希尔顿花园酒店,hilton-hilton-garden-inn,OPENING_SOON,Hotel,Hotel,Chengdu,,,,"No. 100, Section 1, West Second Ring Road, Wuhou District,, Chengdu, China",,,30.65286,104.029165,+86 28 8779 8888,https://www.hilton.com/en/hotels/ctuwhgi-hilton-garden-inn-chengdu-wuhou-jinli/,https://www.hilton.com/zh-hans/hotels/ctuwhgi-hilton-garden-inn-chengdu-wuhou-jinli/,,2027-01-31,,,
HILTON-CTUPRHT,Home2 Suites by Hilton Chengdu Dujiangyan,,Home2 Suites by Hilton,希尔顿惠庭,hilton-home2-suites,FULLY_BOOKABLE,Hotel,Hotel,Chengdu,,,,"1068# Puyang Road, Dujiangyan City,, Chengdu, China",,,31.012695,103.648156,+86 28 6976 2999,https://www.hilton.com/en/hotels/ctuprht-home2-suites-chengdu-dujiangyan/,https://www.hilton.com/zh-hans/hotels/ctuprht-home2-suites-chengdu-dujiangyan/,,2025-05-01,,,
HILTON-CTUSTHT,Home2 Suites by Hilton Chengdu High-Tech Zone Exhibition Center,,Home2 Suites by Hilton,希尔顿惠庭,hilton-home2-suites,FULLY_BOOKABLE,Hotel,Hotel,Chengdu,,,,"Unit 1, Building 8, Consulate, Chengdu, China",,,30.53845811631,104.08424560546,+86 28 8608 8999,https://www.hilton.com/en/hotels/ctustht-home2-suites-chengdu-high-tech-zone-exhibition-center/,https://www.hilton.com/zh-hans/hotels/ctustht-home2-suites-chengdu-high-tech-zone-exhibition-center/,,2023-06-15,,,
HILTON-CTUZAHT,Home2 Suites by Hilton Chengdu Huaizhou New Town,,Home2 Suites by Hilton,希尔顿惠庭,hilton-home2-suites,FULLY_BOOKABLE,Hotel,Hotel,Chengdu,,,,"No.66 Zhoucheng Avenue, Chengdu, China",,,30.709169,104.54361,+86 28 8493 9999,https://www.hilton.com/en/hotels/ctuzaht-home2-suites-chengdu-huaizhou-new-town/,https://www.hilton.com/zh-hans/hotels/ctuzaht-home2-suites-chengdu-huaizhou-new-town/,,2024-09-20,,,
HILTON-CTUMTHT,Home2 Suites by Hilton Chengdu Kuanzhai Alley,,Home2 Suites by Hilton,希尔顿惠庭,hilton-home2-suites,FULLY_BOOKABLE,Hotel,Hotel,Chengdu,,,,"51 Guojielou Street Qingyang, Chengdu, China",,,30.669795,104.059322,+86 28 8988 5888,https://www.hilton.com/en/hotels/ctumtht-home2-suites-chengdu-kuanzhai-alley/,https://www.hilton.com/zh-hans/hotels/ctumtht-home2-suites-chengdu-kuanzhai-alley/,,2022-11-25,,,
HILTON-CTUNUHT,Home2 Suites by Hilton Chengdu Luxelakes Eco-City,,Home2 Suites by Hilton,希尔顿惠庭,hilton-home2-suites,FULLY_BOOKABLE,Hotel,Hotel,Chengdu,,,,"No. 500 Section 5 of Lüye Road, Chengdu, China",,,30.46184,104.042218,+86 28 8951 1888,https://www.hilton.com/en/hotels/ctunuht-home2-suites-chengdu-luxelakes-eco-city/,https://www.hilton.com/zh-hans/hotels/ctunuht-home2-suites-chengdu-luxelakes-eco-city/,2025-05-11,2025-11-05,,,
HILTON-CTUQYHT,Home2 Suites by Hilton Chengdu Qingyang,,Home2 Suites by Hilton,希尔顿惠庭,hilton-home2-suites,FULLY_BOOKABLE,Hotel,Hotel,Chengdu,,,,"55 Guanghua West Fifth Road, Chengdu, China",,,30.66672,103.957704,+86 28 6198 1888,https://www.hilton.com/en/hotels/ctuqyht-home2-suites-chengdu-qingyang/,https://www.hilton.com/zh-hans/hotels/ctuqyht-home2-suites-chengdu-qingyang/,,2025-04-16,,,
HILTON-CTUWTHT,Home2 Suites by Hilton Chengdu Wuhou Temple,,Home2 Suites by Hilton,希尔顿惠庭,hilton-home2-suites,FULLY_BOOKABLE,Hotel,Hotel,Chengdu,,,,"19 South Fourth Section of the, Chengdu, China",,,30.639311,104.042474,+86 28 6072 9999,https://www.hilton.com/en/hotels/ctuwtht-home2-suites-chengdu-wuhou-temple/,https://www.hilton.com/zh-hans/hotels/ctuwtht-home2-suites-chengdu-wuhou-temple/,,2023-02-11,,,
HILTON-CTUPDUP,"Hotel Plume Chengdu, Tapestry Collection by Hilton",,Tapestry by Hilton,希尔顿启缤精选,hilton-tapestry-collection,OPENING_SOON,Hotel,Hotel,Chengdu,,,,"No. 855, Section 2, Zhongxin Avenue, Chengdu, China",,,30.798611,103.872222,+86 28 8787 2888,https://www.hilton.com/en/hotels/ctupdup-hotel-plume-chengdu/,https://www.hilton.com/zh-hans/hotels/ctupdup-hotel-plume-chengdu/,2026-04-01,2026-11-30,,,
HILTON-CTUWAWA,Waldorf Astoria Chengdu,,Waldorf Astoria,华尔道夫酒店及度假村,hilton-waldorf-astoria,FULLY_BOOKABLE,Hotel,Hotel,Chengdu,,,,"No. 1199 Tianfu Avenue North, Chengdu, China",,,30.58722901122,104.06636238098,+86 28 8888 1199,https://www.hilton.com/en/hotels/ctuwawa-waldorf-astoria-chengdu/,https://www.hilton.com/zh-hans/hotels/ctuwawa-waldorf-astoria-chengdu/,,2017-07-21,,,
HILTON-CTUYTLX,"YiuTeung Mansion, an SLH Hotel",,Small Luxury Hotels of the World,全球奢华精品酒店,hilton-small-luxury-hotels-slh,FULLY_BOOKABLE,Hotel,Hotel,Chengdu,,,,"288 Shengxing Street, Chengdu, China",,,30.563863,104.049179,+86 28 6713 8888,https://www.hilton.com/en/hotels/ctuytlx-yiuteung-mansion/,https://www.hilton.com/zh-hans/hotels/ctuytlx-yiuteung-mansion/,,2024-09-17,,,
HILTON-HCZHXHX,Hampton by Hilton Chenzhou Beihu,,Hampton by Hilton,希尔顿欢朋,hilton-hampton-by-hilton,FULLY_BOOKABLE,Hotel,Hotel,Chenzhou,,,,"Building 24,Midea Glorious Mansion,, Chenzhou, China",,,25.755328,113.043135,+86 735 289 7777,https://www.hilton.com/en/hotels/hczhxhx-hampton-chenzhou-beihu/,https://www.hilton.com/zh-hans/hotels/hczhxhx-hampton-chenzhou-beihu/,,2024-12-21,,,
HILTON-CSKLUHT,Home2 Suites by Hilton Chenzhou Nuanshui Hot Spring,,Home2 Suites by Hilton,希尔顿惠庭,hilton-home2-suites,FULLY_BOOKABLE,Hotel,Hotel,Chenzhou,,,,"Nuanshui Hot Spring Resort, Chenzhou, China",,,25.60771083507,113.66682888442,+86 735 242 8888,https://www.hilton.com/en/hotels/cskluht-home2-suites-chenzhou-nuanshui-hot-spring/,https://www.hilton.com/zh-hans/hotels/cskluht-home2-suites-chenzhou-nuanshui-hot-spring/,,2022-09-30,,,
HILTON-WUHICLX,"INTO Hotel Chibi, an SLH Hotel",,Small Luxury Hotels of the World,全球奢华精品酒店,hilton-small-luxury-hotels-slh,FULLY_BOOKABLE,Hotel,Hotel,Chibi City,,,,"Jigongshan Village, Chibi City, China",,,29.7244,113.6995,+86 199 4786 9281,https://www.hilton.com/en/hotels/wuhiclx-into-hotel-chibi/,https://www.hilton.com/zh-hans/hotels/wuhiclx-into-hotel-chibi/,,2024-09-17,,,
HILTON-JUHPPHT,Home2 Suites by Hilton Chizhou Shitai Guniujiang,,Home2 Suites by Hilton,希尔顿惠庭,hilton-home2-suites,FULLY_BOOKABLE,Hotel,Hotel,Chizhou,,,,"No. 013, Dayan Township, Shitai County, Chizhou, China",,,30.0866556,117.4902979,+86 566 527 8888,https://www.hilton.com/en/hotels/juhppht-home2-suites-chizhou-guniujiang/,https://www.hilton.com/zh-hans/hotels/juhppht-home2-suites-chizhou-guniujiang/,,2025-09-20,,,
HILTON-CKGCICI,Conrad Chongqing,,Conrad Hotels & Resorts,康莱德酒店及度假村,hilton-conrad-hotels,FULLY_BOOKABLE,Hotel,Hotel,Chongqing,,,,"36 West Nanping Road,, Chongqing, China",,,29.52882,106.562943,+86 23 6289 8888,https://www.hilton.com/en/hotels/ckgcici-conrad-chongqing/,https://www.hilton.com/zh-hans/hotels/ckgcici-conrad-chongqing/,,2024-05-31,,,
HILTON-CKGNADI,DoubleTree by Hilton Hotel Chongqing - Nan'an,,DoubleTree by Hilton,希尔顿逸林,hilton-doubletree-by-hilton,FULLY_BOOKABLE,Hotel,Hotel,Chongqing,,,,"No 36 Nanping West Road, Chongqing, China",,,29.532,106.559353,+86 23 6230 8888,https://www.hilton.com/en/hotels/ckgnadi-doubletree-chongqing-nanan/,https://www.hilton.com/zh-hans/hotels/ckgnadi-doubletree-chongqing-nanan/,,2016-07-22,,,
HILTON-CKGJBDI,DoubleTree by Hilton Hotel Chongqing North,,DoubleTree by Hilton,希尔顿逸林,hilton-doubletree-by-hilton,FULLY_BOOKABLE,Hotel,Hotel,Chongqing,,,,"Sincere Center, 68 Yanghe Yi Road, Chongqing, China",,,29.578982,106.530987,+86 23 6771 6666,https://www.hilton.com/en/hotels/ckgjbdi-doubletree-chongqing-north/,https://www.hilton.com/zh-hans/hotels/ckgjbdi-doubletree-chongqing-north/,,2011-11-11,,,
HILTON-CKGCWDI,DoubleTree by Hilton Hotel Chongqing Wanzhou,,DoubleTree by Hilton,希尔顿逸林,hilton-doubletree-by-hilton,FULLY_BOOKABLE,Hotel,Hotel,Chongqing,,,,"319 Erduan Beibin Ave, Chongqing, China",,,30.813685,108.383302,+86 23 5899 9999,https://www.hilton.com/en/hotels/ckgcwdi-doubletree-chongqing-wanzhou/,https://www.hilton.com/zh-hans/hotels/ckgcwdi-doubletree-chongqing-wanzhou/,,2013-07-05,,,
HILTON-CKGIAHX,Hampton by Hilton Chongqing Changshou Lake,,Hampton by Hilton,希尔顿欢朋,hilton-hampton-by-hilton,FULLY_BOOKABLE,Hotel,Hotel,Chongqing,,,,"No.13 Shiyun Road,Changshouhu Town,, Chongqing, China",,,29.90789,107.28104,+86 23 4036 5888,https://www.hilton.com/en/hotels/ckgiahx-hampton-chongqing-changshou-lake/,https://www.hilton.com/zh-hans/hotels/ckgiahx-hampton-chongqing-changshou-lake/,,2024-03-25,,,
HILTON-CKGONHX,Hampton By Hilton Chongqing East Railway Station Chayuan,,Hampton by Hilton,希尔顿欢朋,hilton-hampton-by-hilton,FULLY_BOOKABLE,Hotel,Hotel,Chongqing,,,,"1 Shuiyun Road, Nan'an District,, Chongqing, China",,,29.510559,106.657076,+86 23 8888 3388,https://www.hilton.com/en/hotels/ckgonhx-hampton-chongqing-east-railway-station-chayuan/,https://www.hilton.com/zh-hans/hotels/ckgonhx-hampton-chongqing-east-railway-station-chayuan/,,2022-03-31,,,
HILTON-CKGCHHX,Hampton by Hilton Chongqing Fuling North Railway Station,,Hampton by Hilton,希尔顿欢朋,hilton-hampton-by-hilton,FULLY_BOOKABLE,Hotel,Hotel,Chongqing,,,,"No. 69 Julong Avenue,, Chongqing, China",,,29.756138,107.275583,+86 23 7275 9999,https://www.hilton.com/en/hotels/ckgchhx-hampton-chongqing-fuling-north-railway-station/,https://www.hilton.com/zh-hans/hotels/ckgchhx-hampton-chongqing-fuling-north-railway-station/,,2022-01-27,,,
HILTON-CKGCGHX,Hampton by Hilton Chongqing Jiangbei Guanyinqiao Pedestrian Street,,Hampton by Hilton,希尔顿欢朋,hilton-hampton-by-hilton,FULLY_BOOKABLE,Hotel,Hotel,Chongqing,,,,"10 Honghuang Road,, Chongqing, China",,,29.58695512,106.52654538,+86 23 6231 7666,https://www.hilton.com/en/hotels/ckgcghx-hampton-chongqing-jiangbei-guanyinqiao-pedestrian-street/,https://www.hilton.com/zh-hans/hotels/ckgcghx-hampton-chongqing-jiangbei-guanyinqiao-pedestrian-street/,,,,,
HILTON-CKGJGHX,Hampton by Hilton Chongqing Jiangbeizui,,Hampton by Hilton,希尔顿欢朋,hilton-hampton-by-hilton,FULLY_BOOKABLE,Hotel,Hotel,Chongqing,,,,"No.3 Chuangfu Road, Chongqing, China",,,29.589836,106.574274,+86 23 6753 8999,https://www.hilton.com/en/hotels/ckgjghx-hampton-chongqing-jiangbeizui/,https://www.hilton.com/zh-hans/hotels/ckgjghx-hampton-chongqing-jiangbeizui/,,2025-03-27,,,
HILTON-CKGQJHX,Hampton by Hilton Chongqing Qianjiang,,Hampton by Hilton,希尔顿欢朋,hilton-hampton-by-hilton,FULLY_BOOKABLE,Hotel,Hotel,Chongqing,,,,"No.366 Zhengzhou Lu,, Chongqing, China",,,29.485695,108.805477,+86 23 7922 2555,https://www.hilton.com/en/hotels/ckgqjhx-hampton-chongqing-qianjiang/,https://www.hilton.com/zh-hans/hotels/ckgqjhx-hampton-chongqing-qianjiang/,,,,,
HILTON-CKGSHHX,Hampton by Hilton Chongqing Shapingba Station Three Gorges Square,,Hampton by Hilton,希尔顿欢朋,hilton-hampton-by-hilton,FULLY_BOOKABLE,Hotel,Hotel,Chongqing,,,,"No. 188-5, Beizhan East Road, Shapingba District, Chongqing, China",,,29.560035,106.469557,+86 23 8608 1888,https://www.hilton.com/en/hotels/ckgshhx-hampton-chongqing-shapingba-station-three-gorges-square/,https://www.hilton.com/zh-hans/hotels/ckgshhx-hampton-chongqing-shapingba-station-three-gorges-square/,,2025-07-21,,,
HILTON-CKGGCHX,Hampton by Hilton Jiefangbei Hongyadong River View,,Hampton by Hilton,希尔顿欢朋,hilton-hampton-by-hilton,FULLY_BOOKABLE,Hotel,Hotel,Chongqing,,,,"Changhang Building No.20 Shanxi Road, Chongqing, China",,,29.56244,106.585969,+86 23 8813 3888,https://www.hilton.com/en/hotels/ckggchx-hampton-jiefangbei-hongyadong-river-view/,https://www.hilton.com/zh-hans/hotels/ckggchx-hampton-jiefangbei-hongyadong-river-view/,,2025-02-20,,,
HILTON-CKGHIHI,Hilton Chongqing,,Hilton Hotels & Resorts,希尔顿酒店及度假村,hilton-hilton-hotels,FULLY_BOOKABLE,Hotel,Hotel,Chongqing,,,,"No 139 Zhong Shan San Lu,, Chongqing, China",,,29.561567,106.555935,+86 23 8903 9999,https://www.hilton.com/en/hotels/ckghihi-hilton-chongqing/,https://www.hilton.com/zh-hans/hotels/ckghihi-hilton-chongqing/,,,,,
HILTON-CKGCCHI,Hilton Chongqing Liangjiang New Area,,Hilton Hotels & Resorts,希尔顿酒店及度假村,hilton-hilton-hotels,FULLY_BOOKABLE,Hotel,Hotel,Chongqing,,,,"Bldg 1, No.8, Fortune East Road, Chongqing, China",,,29.610663,106.517262,+86 23 6515 8888,https://www.hilton.com/en/hotels/ckgcchi-hilton-chongqing-liangjiang-new-area/,https://www.hilton.com/zh-hans/hotels/ckgcchi-hilton-chongqing-liangjiang-new-area/,,2020-12-24,,,
HILTON-CKGBSGI,Hilton Garden Inn Chongqing Bishan,,Hilton Garden Inn,希尔顿花园酒店,hilton-hilton-garden-inn,FULLY_BOOKABLE,Hotel,Hotel,Chongqing,,,,"No. 12, Yuhu First Road, Biqian Subdistrict,, Chongqing, China",,,29.574363,106.196086,+86 23 6195 8888,https://www.hilton.com/en/hotels/ckgbsgi-hilton-garden-inn-chongqing-bishan/,https://www.hilton.com/zh-hans/hotels/ckgbsgi-hilton-garden-inn-chongqing-bishan/,2026-04-28,2026-04-28,,,
HILTON-CKGJZGI,Hilton Garden Inn Chongqing CBD Jiangbeizui,,Hilton Garden Inn,希尔顿花园酒店,hilton-hilton-garden-inn,OPENING_SOON,Hotel,Hotel,Chongqing,,,,"No. 3 Building, Lifan Center, Jiangbeizui, Liangjiang New Area, Chongqing Municipality, Chongqing, China",,,29.569235,106.57255,+86 0236786,https://www.hilton.com/en/hotels/ckgjzgi-hilton-garden-inn-chongqing-cbd-jiangbeizui/,https://www.hilton.com/zh-hans/hotels/ckgjzgi-hilton-garden-inn-chongqing-cbd-jiangbeizui/,2026-11-01,2026-09-22,,,
HILTON-CKGYBGI,Hilton Garden Inn Chongqing Yubei Central Park,,Hilton Garden Inn,希尔顿花园酒店,hilton-hilton-garden-inn,FULLY_BOOKABLE,Hotel,Hotel,Chongqing,,,,"No. 557, Central Park West Road, Yubei District, Chongqing, China",,,29.728358,106.585634,+86 23 8618 8888,https://www.hilton.com/en/hotels/ckgybgi-hilton-garden-inn-chongqing-yubei-central-park/,https://www.hilton.com/zh-hans/hotels/ckgybgi-hilton-garden-inn-chongqing-yubei-central-park/,,2025-05-28,,,
HILTON-CKGKGHT,Home2 Suites by Hilton Chongqing Jiangbei,,Home2 Suites by Hilton,希尔顿惠庭,hilton-home2-suites,FULLY_BOOKABLE,Hotel,Hotel,Chongqing,,,,"No.318, Hongshi Road Jiangbei District, Chongqing, China",,,29.571377,106.49518,+86 23 6759 0999,https://www.hilton.com/en/hotels/ckgkght-home2-suites-chongqing-jiangbei/,https://www.hilton.com/zh-hans/hotels/ckgkght-home2-suites-chongqing-jiangbei/,,2023-12-31,,,
HILTON-CKGTOHT,Home2 Suites by Hilton Chongqing Liangjiang New Area Central Park,,Home2 Suites by Hilton,希尔顿惠庭,hilton-home2-suites,FULLY_BOOKABLE,Hotel,Hotel,Chongqing,,,,"No. 123, Tongsheng Road, Chongqing, China",,,29.71942,106.60519,+86 23 8888 8588,https://www.hilton.com/en/hotels/ckgtoht-home2-suites-chongqing-liangjiang-new-area-central-park/,https://www.hilton.com/zh-hans/hotels/ckgtoht-home2-suites-chongqing-liangjiang-new-area-central-park/,,2022-03-08,,,
HILTON-CKGLBHT,Home2 Suites by Hilton Chongqing Nan'an,,Home2 Suites by Hilton,希尔顿惠庭,hilton-home2-suites,FULLY_BOOKABLE,Hotel,Hotel,Chongqing,,,,"No.1 Nanping Zhengjie,, Chongqing, China",,,29.52923,106.56743,+86 23 8690 9999,https://www.hilton.com/en/hotels/ckglbht-home2-suites-chongqing-nanan/,https://www.hilton.com/zh-hans/hotels/ckglbht-home2-suites-chongqing-nanan/,,2023-07-28,,,
HILTON-CKGQGHT,Home2 Suites by Hilton Chongqing North Railway Station,,Home2 Suites by Hilton,希尔顿惠庭,hilton-home2-suites,OPENING_SOON,Hotel,Hotel,Chongqing,,,,"1-5, No.2 Yulan Road, Liangjiang New Area, Chongqing, China",,,29.605641,106.544404,+86 23 6793 3777,https://www.hilton.com/en/hotels/ckgqght-home2-suites-chongqing-north-railway-station/,https://www.hilton.com/zh-hans/hotels/ckgqght-home2-suites-chongqing-north-railway-station/,,2026-10-31,,,
HILTON-CKGYRHT,Home2 Suites by Hilton Chongqing Wanzhou,,Home2 Suites by Hilton,希尔顿惠庭,hilton-home2-suites,FULLY_BOOKABLE,Hotel,Hotel,Chongqing,,,,"207# Yulan Road, Wanzhou District,, Chongqing, China",,,30.8079,108.40873,+86 23 5893 9999,https://www.hilton.com/en/hotels/ckgyrht-home2-suites-chongqing-wanzhou/,https://www.hilton.com/zh-hans/hotels/ckgyrht-home2-suites-chongqing-wanzhou/,,2024-11-15,,,
HILTON-CKGMTHT,Home2 Suites by Hilton Chongqing Wushan,,Home2 Suites by Hilton,希尔顿惠庭,hilton-home2-suites,FULLY_BOOKABLE,Hotel,Hotel,Chongqing,,,,"No. 777 Pinghu West Rd, Gaotang Str, Chongqing, China",,,31.070552,109.881088,+86 23 5763 3333,https://www.hilton.com/en/hotels/ckgmtht-home2-suites-chongqing-wushan/,https://www.hilton.com/zh-hans/hotels/ckgmtht-home2-suites-chongqing-wushan/,,2023-06-21,,,
HILTON-CKGXXHT,Home2 Suites by Hilton Chongqing Zhongzhou,,Home2 Suites by Hilton,希尔顿惠庭,hilton-home2-suites,FULLY_BOOKABLE,Hotel,Hotel,Chongqing,,,,"No. 93, Baigong Ring Road,, Chongqing, China",,,30.289758,108.023082,+86 23 8581 9999,https://www.hilton.com/en/hotels/ckgxxht-home2-suites-chongqing-zhongzhou/,https://www.hilton.com/zh-hans/hotels/ckgxxht-home2-suites-chongqing-zhongzhou/,,2025-09-27,,,
HILTON-DLUAAHX,Hampton by Hilton Dali Erhai Park,,Hampton by Hilton,希尔顿欢朋,hilton-hampton-by-hilton,FULLY_BOOKABLE,Hotel,Hotel,Dali,,,,"15 Yunling Avenue, Dali, China",,,25.593007,100.248665,+86 872 888 6666,https://www.hilton.com/en/hotels/dluaahx-hampton-dali-erhai-park/,https://www.hilton.com/zh-hans/hotels/dluaahx-hampton-dali-erhai-park/,,,,,
HILTON-DLUGTHI,Hilton Dali Resort & Spa,,Hilton Hotels & Resorts,希尔顿酒店及度假村,hilton-hilton-hotels,FULLY_BOOKABLE,Hotel,Hotel,Dali,,,,"Qili Bridge, Gantong Temple, Dali, China",,,25.645029,100.181761,+86 872 668 8888,https://www.hilton.com/en/hotels/dlugthi-hilton-dali-resort-and-spa/,https://www.hilton.com/zh-hans/hotels/dlugthi-hilton-dali-resort-and-spa/,,2015-12-20,,,
HILTON-DLUACGI,Hilton Garden Inn Dali Ancient City,,Hilton Garden Inn,希尔顿花园酒店,hilton-hilton-garden-inn,FULLY_BOOKABLE,Hotel,Hotel,Dali,,,,"No. 1, Sanyue Street, Dali Town, Dali Bai Autonomous Prefecture, Yunnan Province, Dali, China",,,25.697824,100.156768,+86 872 696 8888,https://www.hilton.com/en/hotels/dluacgi-hilton-garden-inn-dali-ancient-city/,https://www.hilton.com/zh-hans/hotels/dluacgi-hilton-garden-inn-dali-ancient-city/,,2024-11-10,,,
HILTON-DLUEHGI,Hilton Garden Inn Dali Erhai Park,,Hilton Garden Inn,希尔顿花园酒店,hilton-hilton-garden-inn,FULLY_BOOKABLE,Hotel,Hotel,Dali,,,,"No.27 Xingsheng Road, Dali, China",,,25.600307,100.239251,+86 872 889 9777,https://www.hilton.com/en/hotels/dluehgi-hilton-garden-inn-dali-erhai-park/,https://www.hilton.com/zh-hans/hotels/dluehgi-hilton-garden-inn-dali-erhai-park/,2026-04-30,2026-04-30,,,
HILTON-DLUVPHT,Home2 Suites by Hilton Dali Er'hai,,Home2 Suites by Hilton,希尔顿惠庭,hilton-home2-suites,FULLY_BOOKABLE,Hotel,Hotel,Dali,,,,"No. 3, Guangdian Road, Dali, China",,,25.607536,100.227241,+86 872 887 8888,https://www.hilton.com/en/hotels/dluvpht-home2-suites-dali-erhai/,https://www.hilton.com/zh-hans/hotels/dluvpht-home2-suites-dali-erhai/,,2025-05-01,,,
HILTON-DLUHDLX,"Honor Resort Yun Shu Dali, an SLH Hotel",,Small Luxury Hotels of the World,全球奢华精品酒店,hilton-small-luxury-hotels-slh,FULLY_BOOKABLE,Hotel,Hotel,Dali,,,,"Canghai International Golf Community, Dali, China",,,25.717101,100.136101,+86 872 242 1111,https://www.hilton.com/en/hotels/dluhdlx-honor-resort-yun-shu-dali/,https://www.hilton.com/zh-hans/hotels/dluhdlx-honor-resort-yun-shu-dali/,,2024-07-09,,,
HILTON-DLCZDCI,Conrad Dalian,,Conrad Hotels & Resorts,康莱德酒店及度假村,hilton-conrad-hotels,FULLY_BOOKABLE,Hotel,Hotel,Dalian,,,,"31 Renmin Rd East, Dalian, China",,,38.928255,121.663524,+86 411 8677 6666,https://www.hilton.com/en/hotels/dlczdci-conrad-dalian/,https://www.hilton.com/zh-hans/hotels/dlczdci-conrad-dalian/,,2012-02-25,,,
HILTON-DLCHRHX,Hampton by Hilton Dalian High-Tech Zone,,Hampton by Hilton,希尔顿欢朋,hilton-hampton-by-hilton,FULLY_BOOKABLE,Hotel,Hotel,Dalian,,,,"No.541, Huangpu Road, Dalian, China",,,38.870223,121.551481,+86 411 3968 7999,https://www.hilton.com/en/hotels/dlchrhx-hampton-dalian-high-tech-zone/,https://www.hilton.com/zh-hans/hotels/dlchrhx-hampton-dalian-high-tech-zone/,,2024-06-15,,,
HILTON-DLCXIHX,Hampton by Hilton Dalian Jinpu,,Hampton by Hilton,希尔顿欢朋,hilton-hampton-by-hilton,FULLY_BOOKABLE,Hotel,Hotel,Dalian,,,,"No. 3 Xuande South Fourth Road, Dalian, China",,,39.075575,121.926075,+86 411 8733 0888,https://www.hilton.com/en/hotels/dlcxihx-hampton-dalian-jinpu/,https://www.hilton.com/zh-hans/hotels/dlcxihx-hampton-dalian-jinpu/,,2022-05-20,,,
HILTON-DLCDAHX,Hampton by Hilton Dalian Zhongshan,,Hampton by Hilton,希尔顿欢朋,hilton-hampton-by-hilton,FULLY_BOOKABLE,Hotel,Hotel,Dalian,,,,"223 Jiefang Rd, Zhongshan District, Dalian, China",,,38.908377,121.640502,+86 411 8371 8888,https://www.hilton.com/en/hotels/dlcdahx-hampton-dalian-zhongshan/,https://www.hilton.com/zh-hans/hotels/dlcdahx-hampton-dalian-zhongshan/,,,,,
HILTON-DLCZSHI,Hilton Dalian,,Hilton Hotels & Resorts,希尔顿酒店及度假村,hilton-hilton-hotels,FULLY_BOOKABLE,Hotel,Hotel,Dalian,,,,"1 Gangpu Rd, Dalian, China",,,38.928334,121.67046,+86 411 8677 0000,https://www.hilton.com/en/hotels/dlczshi-hilton-dalian/,https://www.hilton.com/zh-hans/hotels/dlczshi-hilton-dalian/,,2012-02-25,,,
HILTON-DLCDCHI,Hilton Dalian Golden Pebble Beach Resort,,Hilton Hotels & Resorts,希尔顿酒店及度假村,hilton-hilton-hotels,FULLY_BOOKABLE,Hotel,Hotel,Dalian,,,,"No. 57 Hai Bin West Road Economic, Dalian, China",,,39.0744511237,121.993366473,+86 411 3925 8888,https://www.hilton.com/en/hotels/dlcdchi-hilton-dalian-golden-pebble-beach-resort/,https://www.hilton.com/zh-hans/hotels/dlcdchi-hilton-dalian-golden-pebble-beach-resort/,,2018-06-29,,,
HILTON-DDGZDGI,Hilton Garden Inn Dandong,,Hilton Garden Inn,希尔顿花园酒店,hilton-hilton-garden-inn,FULLY_BOOKABLE,Hotel,Hotel,Dandong,,,,"No 30, Shiwei Rd,, Dandong, China",,,40.124605,124.389319,+86 415 397 8888,https://www.hilton.com/en/hotels/ddgzdgi-hilton-garden-inn-dandong/,https://www.hilton.com/zh-hans/hotels/ddgzdgi-hilton-garden-inn-dandong/,,2015-06-25,,,
HILTON-HAKDZGI,Hilton Garden Inn Danzhou Yangpu,,Hilton Garden Inn,希尔顿花园酒店,hilton-hilton-garden-inn,FULLY_BOOKABLE,Hotel,Hotel,Danzhou,,,,"12 Xin Ying Wan Road, Danzhou, China",,,19.75093,109.22559,+86 898 3692 9999,https://www.hilton.com/en/hotels/hakdzgi-hilton-garden-inn-danzhou-yangpu/,https://www.hilton.com/zh-hans/hotels/hakdzgi-hilton-garden-inn-danzhou-yangpu/,,2024-12-30,,,
HILTON-HAKHIHI,Hilton Hainan Ocean Flower Island,,Hilton Hotels & Resorts,希尔顿酒店及度假村,hilton-hilton-hotels,FULLY_BOOKABLE,Hotel,Hotel,Danzhou,,,,"Ocean Flower Island, Danzhou, China",,,19.66,109.176348,+86 898 3265 8888,https://www.hilton.com/en/hotels/hakhihi-hilton-hainan-ocean-flower-island/,https://www.hilton.com/zh-hans/hotels/hakhihi-hilton-hainan-ocean-flower-island/,,2021-12-18,,,
HILTON-DQAHDHX,Hampton by Hilton Daqing,,Hampton by Hilton,希尔顿欢朋,hilton-hampton-by-hilton,FULLY_BOOKABLE,Hotel,Hotel,Daqing,,,,"No.119 Longxing Street, Daqing, China",,,46.569453,125.147748,+86 459 887 6666,https://www.hilton.com/en/hotels/dqahdhx-hampton-daqing/,https://www.hilton.com/zh-hans/hotels/dqahdhx-hampton-daqing/,,2024-11-16,,,
HILTON-DATDCHX,Hampton by Hilton Datong High-speed Rail Station,,Hampton by Hilton,希尔顿欢朋,hilton-hampton-by-hilton,FULLY_BOOKABLE,Hotel,Hotel,Datong,,,,"Northwest corner, Yudong Garden,, Datong, China",,,40.082685,113.278359,+86 352 612 0000,https://www.hilton.com/en/hotels/datdchx-hampton-datong-high-speed-rail-station/,https://www.hilton.com/zh-hans/hotels/datdchx-hampton-datong-high-speed-rail-station/,,,,,
HILTON-DATPCGI,Hilton Garden Inn Datong Pingcheng,,Hilton Garden Inn,希尔顿花园酒店,hilton-hilton-garden-inn,FULLY_BOOKABLE,Hotel,Hotel,Datong,,,,"No. 1, Haowangjiao, Heng'an Street South, Shuibosi Street, Pingcheng District,, Datong, China",,,40.081116,113.356321,+86 352 518 8888,https://www.hilton.com/en/hotels/datpcgi-hilton-garden-inn-datong-pingcheng/,https://www.hilton.com/zh-hans/hotels/datpcgi-hilton-garden-inn-datong-pingcheng/,,2025-04-10,,,
HILTON-DATLYHT,Home2 Suites by Hilton Datong Pingcheng,,Home2 Suites by Hilton,希尔顿惠庭,hilton-home2-suites,FULLY_BOOKABLE,Hotel,Hotel,Datong,,,,"No.579 Heng'an Street, Datong, China",,,40.076543,113.359885,+86 352 207 9999,https://www.hilton.com/en/hotels/datlyht-home2-suites-datong-pingcheng/,https://www.hilton.com/zh-hans/hotels/datlyht-home2-suites-datong-pingcheng/,,2025-07-06,,,
HILTON-CTUEYDI,DoubleTree by Hilton Deyang,,DoubleTree by Hilton,希尔顿逸林,hilton-doubletree-by-hilton,OPENING_SOON,Hotel,Hotel,Deyang,,,,"No. 136 Jing Bo Rd., Deyang,, Deyang, China",,,31.1286,104.4307,+86 838 291 7799,https://www.hilton.com/en/hotels/ctueydi-doubletree-deyang/,https://www.hilton.com/zh-hans/hotels/ctueydi-doubletree-deyang/,,2026-09-25,,,
HILTON-TNARSGI,Hilton Garden Inn Dezhou East Railway Station,,Hilton Garden Inn,希尔顿花园酒店,hilton-hilton-garden-inn,OPENING_SOON,Hotel,Hotel,Dezhou,,,,"Yungu Jinjie Digital Intelligence Industrial Park, Dezhou, China",,,37.41624,116.453326,+86 534 226 6888,https://www.hilton.com/en/hotels/tnarsgi-hilton-garden-inn-dezhou-east-railway-station/,https://www.hilton.com/zh-hans/hotels/tnarsgi-hilton-garden-inn-dezhou-east-railway-station/,,2026-10-31,,,
HILTON-XHOUCHX,Hampton by Hilton Dongguan Central Square,,Hampton by Hilton,希尔顿欢朋,hilton-hampton-by-hilton,FULLY_BOOKABLE,Hotel,Hotel,Dongguan,,,,"No.11 Tiyu Road,, Dongguan, China",,,23.022235,113.755985,+86 769 2299 8999,https://www.hilton.com/en/hotels/xhouchx-hampton-dongguan-central-square/,https://www.hilton.com/zh-hans/hotels/xhouchx-hampton-dongguan-central-square/,,,,,
HILTON-XHOCCHX,Hampton by Hilton Dongguan Dalang,,Hampton by Hilton,希尔顿欢朋,hilton-hampton-by-hilton,FULLY_BOOKABLE,Hotel,Hotel,Dongguan,,,,"No.33 Mingshang Street,, Dongguan, China",,,22.929976,113.925182,+86 769 8319 3333,https://www.hilton.com/en/hotels/xhocchx-hampton-dongguan-dalang/,https://www.hilton.com/zh-hans/hotels/xhocchx-hampton-dongguan-dalang/,,,,,
HILTON-SZXDFHX,Hampton by Hilton Dongguan Fenggang,,Hampton by Hilton,希尔顿欢朋,hilton-hampton-by-hilton,FULLY_BOOKABLE,Hotel,Hotel,Dongguan,,,,"No.6 Senhu Second Road,, Dongguan, China",,,22.728495,114.146484,+86 769 8201 0888,https://www.hilton.com/en/hotels/szxdfhx-hampton-dongguan-fenggang/,https://www.hilton.com/zh-hans/hotels/szxdfhx-hampton-dongguan-fenggang/,,2022-02-28,,,
HILTON-XHORNHX,Hampton by Hilton Dongguan Liaobu Songshanhu Avenue,,Hampton by Hilton,希尔顿欢朋,hilton-hampton-by-hilton,FULLY_BOOKABLE,Hotel,Hotel,Dongguan,,,,"Building 1, Liaoyinghuigu, Dongguan, China",,,22.973044,113.879699,+86 769 2231 8888,https://www.hilton.com/en/hotels/xhornhx-hampton-dongguan-liaobu-songshanhu-avenue/,https://www.hilton.com/zh-hans/hotels/xhornhx-hampton-dongguan-liaobu-songshanhu-avenue/,,2024-03-06,,,
HILTON-XHOMAHX,Hampton by Hilton Dongguan Machong,,Hampton by Hilton,希尔顿欢朋,hilton-hampton-by-hilton,FULLY_BOOKABLE,Hotel,Hotel,Dongguan,,,,"1 Dabu Chuangxing 5th Road,, Dongguan, China",,,23.037556,113.582333,+86 769 8823 7666,https://www.hilton.com/en/hotels/xhomahx-hampton-dongguan-mayong/,https://www.hilton.com/zh-hans/hotels/xhomahx-hampton-dongguan-mayong/,,,,,
HILTON-XHOHAHX,Hampton by Hilton Dongguan Nancheng Xiping,,Hampton by Hilton,希尔顿欢朋,hilton-hampton-by-hilton,FULLY_BOOKABLE,Hotel,Hotel,Dongguan,,,,"B1,Xindi center,Nancheng District,Dongguan,Guangdong Province,China, Dongguan, China",,,22.98912,113.751527,+86 769 2278 8288,https://www.hilton.com/en/hotels/xhohahx-hampton-dongguan-nancheng-xiping/,https://www.hilton.com/zh-hans/hotels/xhohahx-hampton-dongguan-nancheng-xiping/,,2025-07-08,,,
HILTON-CANBAHX,Hampton by Hilton Dongguan Songshan Lake,,Hampton by Hilton,希尔顿欢朋,hilton-hampton-by-hilton,FULLY_BOOKABLE,Hotel,Hotel,Dongguan,,,,"Building 3&4, Songke Garden,, Dongguan, China",,,22.925791,113.886957,+86 769 8118 6666,https://www.hilton.com/en/hotels/canbahx-hampton-dongguan-songshan-lake/,https://www.hilton.com/zh-hans/hotels/canbahx-hampton-dongguan-songshan-lake/,,2023-04-28,,,
HILTON-SZXWJGI,Hilton Garden Inn Dongguan Wanjiang Jiangjing Road,,Hilton Garden Inn,希尔顿花园酒店,hilton-hilton-garden-inn,FULLY_BOOKABLE,Hotel,Hotel,Dongguan,,,,"No. 1, Jiangjing Road,, Dongguan, China",,,23.03148,113.717224,+86 769 3892 9999,https://www.hilton.com/en/hotels/szxwjgi-hilton-garden-inn-dongguan-wanjiang-jiangjing-road/,https://www.hilton.com/zh-hans/hotels/szxwjgi-hilton-garden-inn-dongguan-wanjiang-jiangjing-road/,2026-02-08,2026-02-08,,,
HILTON-SZXZHHT,Home2 Suites by Hilton Dongguan Shijie,,Home2 Suites by Hilton,希尔顿惠庭,hilton-home2-suites,FULLY_BOOKABLE,Hotel,Hotel,Dongguan,,,,"Building 1, 185 Chonghuan Middle, Dongguan, China",,,23.097263,113.786355,+86 769 8630 1888,https://www.hilton.com/en/hotels/szxzhht-home2-suites-dongguan-shijie/,https://www.hilton.com/zh-hans/hotels/szxzhht-home2-suites-dongguan-shijie/,,2022-09-30,,,
HILTON-XHOHIHT,Home2 Suites by Hilton Dongguan Shipai,,Home2 Suites by Hilton,希尔顿惠庭,hilton-home2-suites,FULLY_BOOKABLE,Hotel,Hotel,Dongguan,,,,"No. 6 Kanghua Road, Tanxi Village,, Dongguan, China",,,23.086452,113.942292,+86 769 8181 7888,https://www.hilton.com/en/hotels/xhohiht-home2-suites-dongguan-shipai/,https://www.hilton.com/zh-hans/hotels/xhohiht-home2-suites-dongguan-shipai/,,2024-01-24,,,
HILTON-ZRHDYHX,Hampton by Hilton Hengdian,,Hampton by Hilton,希尔顿欢朋,hilton-hampton-by-hilton,FULLY_BOOKABLE,Hotel,Hotel,Dongyang,,,,"No.18 Shengdong Road, Dongyang, China",,,29.15036976942,120.32699096169,+86 579 8665 6666,https://www.hilton.com/en/hotels/zrhdyhx-hampton-hengdian/,https://www.hilton.com/zh-hans/hotels/zrhdyhx-hampton-hengdian/,,2024-07-23,,,
HILTON-DOYDOHX,Hampton by Hilton Dongying,,Hampton by Hilton,希尔顿欢朋,hilton-hampton-by-hilton,FULLY_BOOKABLE,Hotel,Hotel,Dongying,,,,"No.57-1, Fuqian Avenue,, Dongying, China",,,37.434112,118.699093,+86 546 723 9999,https://www.hilton.com/en/hotels/doydohx-hampton-dongying/,https://www.hilton.com/zh-hans/hotels/doydohx-hampton-dongying/,,2023-10-17,,,
HILTON-DNHJDLX,"Jangala Dunhuang, an SLH Hotel",,Small Luxury Hotels of the World,全球奢华精品酒店,hilton-small-luxury-hotels-slh,FULLY_BOOKABLE,Hotel,Hotel,Dunhuang,,,,"12999 Jingguan Avenue, Dunhuang, China",,,40.059687,94.563437,+86 937 881 1118,https://www.hilton.com/en/hotels/dnhjdlx-jangala-dunhuang/,https://www.hilton.com/zh-hans/hotels/dnhjdlx-jangala-dunhuang/,,2024-07-09,,,
HILTON-CTULSHX,Hampton by Hilton Emeishan Scenic Area,,Hampton by Hilton,希尔顿欢朋,hilton-hampton-by-hilton,FULLY_BOOKABLE,Hotel,Hotel,Emeishan,,,,"No.101 of Building 36,, Emeishan, China",,,29.559156,103.456825,+86 833 553 8999,https://www.hilton.com/en/hotels/ctulshx-hampton-emeishan-scenic-area/,https://www.hilton.com/zh-hans/hotels/ctulshx-hampton-emeishan-scenic-area/,,,,,
HILTON-NBSBCDI,DoubleTree by Hilton Changbaishan Hot Spring,,DoubleTree by Hilton,希尔顿逸林,hilton-doubletree-by-hilton,FULLY_BOOKABLE,Hotel,Hotel,Erdaobaihe Town,,,,"1.5 km to the North Gate of, Erdaobaihe Town, China",,,42.194029,128.175538,+86 433 541 2345,https://www.hilton.com/en/hotels/nbsbcdi-doubletree-changbaishan-hot-spring/,https://www.hilton.com/zh-hans/hotels/nbsbcdi-doubletree-changbaishan-hot-spring/,,2023-12-31,,,
HILTON-WUHUNHX,Hampton by Hilton Ezhou Gedian,,Hampton by Hilton,希尔顿欢朋,hilton-hampton-by-hilton,FULLY_BOOKABLE,Hotel,Hotel,Ezhou,,,,"No.6 Hubin Avenue, Guanggu Xindu, Ezhou, China",,,30.487492,114.664768,+86 27 6081 2888,https://www.hilton.com/en/hotels/wuhunhx-hampton-ezhou-gedian/,https://www.hilton.com/zh-hans/hotels/wuhunhx-hampton-ezhou-gedian/,,2024-01-23,,,
HILTON-KHNFEHX,Hampton by Hilton Fengcheng,,Hampton by Hilton,希尔顿欢朋,hilton-hampton-by-hilton,FULLY_BOOKABLE,Hotel,Hotel,Fengcheng,,,,"No.20 Ziyun Avenue, Fengcheng, China",,,28.161761,115.77335,+86 795 666 6777,https://www.hilton.com/en/hotels/khnfehx-hampton-fengcheng/,https://www.hilton.com/zh-hans/hotels/khnfehx-hampton-fengcheng/,,2023-02-08,,,
HILTON-FUOFNDI,DoubleTree by Hilton Foshan Nanhai,,DoubleTree by Hilton,希尔顿逸林,hilton-doubletree-by-hilton,FULLY_BOOKABLE,Hotel,Hotel,Foshan,,,,"He Hua Shengshi Development Plaza, Foshan, China",,,23.107,113.176551,+86 757 8667 7777,https://www.hilton.com/en/hotels/fuofndi-doubletree-foshan-nanhai/,https://www.hilton.com/zh-hans/hotels/fuofndi-doubletree-foshan-nanhai/,,2020-12-28,,,
HILTON-FUONEHX,Hampton by Hilton Foshan Dali,,Hampton by Hilton,希尔顿欢朋,hilton-hampton-by-hilton,FULLY_BOOKABLE,Hotel,Hotel,Foshan,,,,"Liyuan Road, Dali Town,, Foshan, China",,,23.111649,113.123663,+86 757 8558 8033,https://www.hilton.com/en/hotels/fuonehx-hampton-foshan-dali/,https://www.hilton.com/zh-hans/hotels/fuonehx-hampton-foshan-dali/,,2022-01-19,,,
HILTON-FUODIHX,Hampton by Hilton Foshan Nanhai Movie and TV Town,,Hampton by Hilton,希尔顿欢朋,hilton-hampton-by-hilton,FULLY_BOOKABLE,Hotel,Hotel,Foshan,,,,"Jinhui Plaza, No.39 Songshi Road,, Foshan, China",,,23.152193,113.109963,+86 757 8523 0888,https://www.hilton.com/en/hotels/fuodihx-hampton-foshan-nanhai-movie-and-tv-town/,https://www.hilton.com/zh-hans/hotels/fuodihx-hampton-foshan-nanhai-movie-and-tv-town/,,2024-04-30,,,
HILTON-FUOSRHX,Hampton by Hilton Foshan Sanlong Bay,,Hampton by Hilton,希尔顿欢朋,hilton-hampton-by-hilton,FULLY_BOOKABLE,Hotel,Hotel,Foshan,,,,"No.28 Shugang Road,, Foshan, China",,,23.005739,113.23294,+86 757 8678 1888,https://www.hilton.com/en/hotels/fuosrhx-hampton-foshan-sanlong-bay/,https://www.hilton.com/zh-hans/hotels/fuosrhx-hampton-foshan-sanlong-bay/,,,,,
HILTON-CANFSHX,Hampton by Hilton Foshan Sanshui,,Hampton by Hilton,希尔顿欢朋,hilton-hampton-by-hilton,FULLY_BOOKABLE,Hotel,Hotel,Foshan,,,,"8 Xiqing Ave,, Foshan, China",,,23.176,112.8636907,+86 757 8766 9999,https://www.hilton.com/en/hotels/canfshx-hampton-foshan-sanshui/,https://www.hilton.com/zh-hans/hotels/canfshx-hampton-foshan-sanshui/,,,,,
HILTON-FUOFOHX,Hampton by Hilton Foshan Shunde Beijiao,,Hampton by Hilton,希尔顿欢朋,hilton-hampton-by-hilton,FULLY_BOOKABLE,Hotel,Hotel,Foshan,,,,"No.5 Tianning Road, Beijiao Town,, Foshan, China",,,22.936525,113.213831,+86 757 2882 6666,https://www.hilton.com/en/hotels/fuofohx-hampton-foshan-shunde-beijiao/,https://www.hilton.com/zh-hans/hotels/fuofohx-hampton-foshan-shunde-beijiao/,,2022-12-15,,,
HILTON-FUOXFHX,Hampton by Hilton Foshan Shunde Chencun,,Hampton by Hilton,希尔顿欢朋,hilton-hampton-by-hilton,FULLY_BOOKABLE,Hotel,Hotel,Foshan,,,,"Unit2, Building1, Ruixingchuanxiang, Foshan, China",,,22.94778,113.231065,+86 757 2332 8888,https://www.hilton.com/en/hotels/fuoxfhx-hampton-foshan-shunde-chencun/,https://www.hilton.com/zh-hans/hotels/fuoxfhx-hampton-foshan-shunde-chencun/,,2023-12-05,,,
HILTON-FUOSDHX,Hampton by Hilton Foshan Shunde Jun'an,,Hampton by Hilton,希尔顿欢朋,hilton-hampton-by-hilton,FULLY_BOOKABLE,Hotel,Hotel,Foshan,,,,"NO.6,Taian Road ,Jun'an, Foshan, China",,,22.698495,113.168469,+86 757 2538 1118,https://www.hilton.com/en/hotels/fuosdhx-hampton-foshan-shunde-junan/,https://www.hilton.com/zh-hans/hotels/fuosdhx-hampton-foshan-shunde-junan/,,2025-01-28,,,
HILTON-FUOSHHX,Hampton by Hilton Foshan West Station,,Hampton by Hilton,希尔顿欢朋,hilton-hampton-by-hilton,FULLY_BOOKABLE,Hotel,Hotel,Foshan,,,,"8 Shui'an St, Luocun, Shishan Town,, Foshan, China",,,23.0620509,113.0461692,+86 757 8126 6888,https://www.hilton.com/en/hotels/fuoshhx-hampton-foshan-west-station/,https://www.hilton.com/zh-hans/hotels/fuoshhx-hampton-foshan-west-station/,,,,,
HILTON-FUOHXHX,Hampton by Hilton Foshan Xiqiao Mountain,,Hampton by Hilton,希尔顿欢朋,hilton-hampton-by-hilton,FULLY_BOOKABLE,Hotel,Hotel,Foshan,,,,"No.2 Jinhu Ave,, Foshan, China",,,22.938517352,112.9637201639,+86 757 8682 3688,https://www.hilton.com/en/hotels/fuohxhx-hampton-foshan-xiqiao-mountain/,https://www.hilton.com/zh-hans/hotels/fuohxhx-hampton-foshan-xiqiao-mountain/,,,,,
HILTON-FUOMGHX,Hampton by Hilton Shunde Longjiang,,Hampton by Hilton,希尔顿欢朋,hilton-hampton-by-hilton,FULLY_BOOKABLE,Hotel,Hotel,Foshan,,,,"No.96 Longzhou West Road,, Foshan, China",,,22.867204,113.078243,+86 757 2699 9888,https://www.hilton.com/en/hotels/fuomghx-hampton-shunde-longjiang/,https://www.hilton.com/zh-hans/hotels/fuomghx-hampton-shunde-longjiang/,,,,,
HILTON-FUOCDHI,Hilton Foshan,,Hilton Hotels & Resorts,希尔顿酒店及度假村,hilton-hilton-hotels,FULLY_BOOKABLE,Hotel,Hotel,Foshan,,,,"127 Lingnan Nth Ave, Chancheng, Foshan, China",,,22.986083,113.123806,+86 757 8306 9999,https://www.hilton.com/en/hotels/fuocdhi-hilton-foshan/,https://www.hilton.com/zh-hans/hotels/fuocdhi-hilton-foshan/,,2014-03-18,,,
HILTON-FUOHIHI,Hilton Foshan Shunde,,Hilton Hotels & Resorts,希尔顿酒店及度假村,hilton-hilton-hotels,FULLY_BOOKABLE,Hotel,Hotel,Foshan,,,,"No.67 Guizhou Avenue, Foshan, China",,,22.7612300245,113.270887464,+86 757 2668 3333,https://www.hilton.com/en/hotels/fuohihi-hilton-foshan-shunde/,https://www.hilton.com/zh-hans/hotels/fuohihi-hilton-foshan-shunde/,,2022-11-14,,,
HILTON-FUOGIGI,Hilton Garden Inn Foshan,,Hilton Garden Inn,希尔顿花园酒店,hilton-hilton-garden-inn,FULLY_BOOKABLE,Hotel,Hotel,Foshan,,,,"No. 20, Guilanzhong Road, Guicheng, Foshan, China",,,23.04525,113.15638,+86 757 8838 0888,https://www.hilton.com/en/hotels/fuogigi-hilton-garden-inn-foshan/,https://www.hilton.com/zh-hans/hotels/fuogigi-hilton-garden-inn-foshan/,,2016-05-15,,,
HILTON-FUOECGI,Hilton Garden Inn Foshan Tanzhou ICEC,,Hilton Garden Inn,希尔顿花园酒店,hilton-hilton-garden-inn,OPENING_SOON,Hotel,Hotel,Foshan,,,,"Lingzhan Building, NO.2 Gongzhan Road,, Foshan, China",,,22.950979,113.177373,+86 757 2333 6888,https://www.hilton.com/en/hotels/fuoecgi-hilton-garden-inn-foshan-tanzhou-icec/,https://www.hilton.com/zh-hans/hotels/fuoecgi-hilton-garden-inn-foshan-tanzhou-icec/,2026-08-01,2026-06-30,,,
HILTON-FUOJIHT,Home2 Suites by Hilton Foshan Jiujiang,,Home2 Suites by Hilton,希尔顿惠庭,hilton-home2-suites,FULLY_BOOKABLE,Hotel,Hotel,Foshan,,,,"48 West Rulin Road, Jiujiang Town,, Foshan, China",,,22.834017,113.011971,+86 757 8655 8888,https://www.hilton.com/en/hotels/fuojiht-home2-suites-by-hilton-foshan-jiujiang/,https://www.hilton.com/zh-hans/hotels/fuojiht-home2-suites-by-hilton-foshan-jiujiang/,,2022-12-31,,,
HILTON-FUOYHHT,Home2 Suites by Hilton Foshan Lishui,,Home2 Suites by Hilton,希尔顿惠庭,hilton-home2-suites,FULLY_BOOKABLE,Hotel,Hotel,Foshan,,,,"6th Floor,Building 2, Lishui Galaxy, Foshan, China",,,23.170758,113.148334,+86 757 8568 4888,https://www.hilton.com/en/hotels/fuoyhht-home2-suites-by-hilton-foshan-lishui/,https://www.hilton.com/zh-hans/hotels/fuoyhht-home2-suites-by-hilton-foshan-lishui/,,2024-12-26,,,
HILTON-JNZFUHX,Hampton by Hilton Fuxin,,Hampton by Hilton,希尔顿欢朋,hilton-hampton-by-hilton,FULLY_BOOKABLE,Hotel,Hotel,Fuxin,,,,"No.78 Renmin Street, Fuxin, China",,,42.020652,121.682379,+86 418 249 9999,https://www.hilton.com/en/hotels/jnzfuhx-hampton-fuxin/,https://www.hilton.com/zh-hans/hotels/jnzfuhx-hampton-fuxin/,,2024-02-09,,,
HILTON-HFEFGHX,Hampton by Hilton Fuyang Guomao,,Hampton by Hilton,希尔顿欢朋,hilton-hampton-by-hilton,FULLY_BOOKABLE,Hotel,Hotel,Fuyang,,,,"No.18 Yingzhou North Rd,, Fuyang, China",,,32.905519,115.825526,+86 558 225 8888,https://www.hilton.com/en/hotels/hfefghx-hampton-fuyang-guomao/,https://www.hilton.com/zh-hans/hotels/hfefghx-hampton-fuyang-guomao/,,2018-09-30,,,
HILTON-FUGTHHT,Home2 Suites by Hilton Fuyang Taihe,,Home2 Suites by Hilton,希尔顿惠庭,hilton-home2-suites,FULLY_BOOKABLE,Hotel,Hotel,Fuyang,,,,"Taihe Zheshang International Trade City, Taihe County, Fuyang City, Anhui Province, Fuyang, China",,,33.202559,115.61414,+86 558 821 6666,https://www.hilton.com/en/hotels/fugthht-home2-suites-fuyang-taihe/,https://www.hilton.com/zh-hans/hotels/fugthht-home2-suites-fuyang-taihe/,,2025-02-14,,,
HILTON-KHNFZDI,DoubleTree by Hilton Jiangxi Fuzhou,,DoubleTree by Hilton,希尔顿逸林,hilton-doubletree-by-hilton,FULLY_BOOKABLE,Hotel,Hotel,Fuzhou,,,,"2466 Wang Anshi Avenue, High Tech Z, Fuzhou, China",,,27.5617,116.2111,+86 794 788 9999,https://www.hilton.com/en/hotels/khnfzdi-doubletree-jiangxi-fuzhou/,https://www.hilton.com/zh-hans/hotels/khnfzdi-doubletree-jiangxi-fuzhou/,,2022-12-09,,,
HILTON-FOCZBHX,Hampton by Hilton Fuzhou Jin'an Wuliting,,Hampton by Hilton,希尔顿欢朋,hilton-hampton-by-hilton,OPENING_SOON,Hotel,Hotel,Fuzhou,,,,"No. 7, Zhubao Road, Fuzhou, China",,,26.074621,119.331332,+86 591 8711 7666,https://www.hilton.com/en/hotels/foczbhx-hampton-fuzhou-jinan-wuliting/,https://www.hilton.com/zh-hans/hotels/foczbhx-hampton-fuzhou-jinan-wuliting/,,2026-06-30,,,
HILTON-FOCHXHX,Hampton by Hilton Fuzhou Software Park,,Hampton by Hilton,希尔顿欢朋,hilton-hampton-by-hilton,FULLY_BOOKABLE,Hotel,Hotel,Fuzhou,,,,"Building2 Zone F Town Software Park, Fuzhou, China",,,26.09923,119.24469,+86 591 2805 8888,https://www.hilton.com/en/hotels/fochxhx-hampton-fuzhou-software-park/,https://www.hilton.com/zh-hans/hotels/fochxhx-hampton-fuzhou-software-park/,,2025-06-18,,,
HILTON-FOCUZHX,Hampton by Hilton Fuzhou Wusi Road,,Hampton by Hilton,希尔顿欢朋,hilton-hampton-by-hilton,FULLY_BOOKABLE,Hotel,Hotel,Fuzhou,,,,"No.252 Wusi Road, Gulou District, Fuzhou, China",,,26.100712,119.305764,+86 591 8753 5666,https://www.hilton.com/en/hotels/focuzhx-hampton-fuzhou-wusi-road/,https://www.hilton.com/zh-hans/hotels/focuzhx-hampton-fuzhou-wusi-road/,,2023-12-18,,,
HILTON-FOCHIHI,Hilton Fuzhou,,Hilton Hotels & Resorts,希尔顿酒店及度假村,hilton-hilton-hotels,FULLY_BOOKABLE,Hotel,Hotel,Fuzhou,,,,"55 57 Zhenwu Rd, Taijiang District, Fuzhou, China",,,26.0611685065,119.280330202,+86 591 8830 7777,https://www.hilton.com/en/hotels/fochihi-hilton-fuzhou/,https://www.hilton.com/zh-hans/hotels/fochihi-hilton-fuzhou/,,2017-12-30,,,
HILTON-FOUNDHT,Home2 Suites by Hilton Fuzhou Cangshan,,Home2 Suites by Hilton,希尔顿惠庭,hilton-home2-suites,FULLY_BOOKABLE,Hotel,Hotel,Fuzhou,,,,"Block B, Shanya Building,, Fuzhou, China",,,26.03523,119.31936,+86 591 2805 8666,https://www.hilton.com/en/hotels/foundht-home2-suites-fuzhou-cangshan/,https://www.hilton.com/zh-hans/hotels/foundht-home2-suites-fuzhou-cangshan/,,2022-04-30,,,
HILTON-KOWOWHX,Hampton by Hilton Ganzhou Zhangjiang New Area,,Hampton by Hilton,希尔顿欢朋,hilton-hampton-by-hilton,FULLY_BOOKABLE,Hotel,Hotel,Ganzhou,,,,"12 Ganjiangyuan Avenue,, Ganzhou, China",,,25.820498,114.940201,+86 797 828 6888,https://www.hilton.com/en/hotels/kowowhx-hampton-ganzhou-zhangjiang-new-area/,https://www.hilton.com/zh-hans/hotels/kowowhx-hampton-ganzhou-zhangjiang-new-area/,,,,,
HILTON-KOWLNGI,Hilton Garden Inn Ganzhou Longnan,,Hilton Garden Inn,希尔顿花园酒店,hilton-hilton-garden-inn,FULLY_BOOKABLE,Hotel,Hotel,Ganzhou,,,,"2# Building, A-1, Shiren Area,, Ganzhou, China",,,24.915634,114.819122,+86 797 357 6666,https://www.hilton.com/en/hotels/kowlngi-hilton-garden-inn-ganzhou-longnan/,https://www.hilton.com/zh-hans/hotels/kowlngi-hilton-garden-inn-ganzhou-longnan/,,2023-12-29,,,
HILTON-GZGGIHT,Home2 Suites by Hilton Ganzi Danba,,Home2 Suites by Hilton,希尔顿惠庭,hilton-home2-suites,OPENING_SOON,Hotel,Hotel,Ganzi,,,,"No. 33, Group 3, Buke Village, Ganzi, China",,,30.892662,101.873329,+86 836 865 8888,https://www.hilton.com/en/hotels/gzggiht-home2-suites-ganzi-danba/,https://www.hilton.com/zh-hans/hotels/gzggiht-home2-suites-ganzi-danba/,,2027-02-28,,,
HILTON-GOQQGDI,DoubleTree by Hilton Hotel Qinghai - Golmud,,DoubleTree by Hilton,希尔顿逸林,hilton-doubletree-by-hilton,FULLY_BOOKABLE,Hotel,Hotel,Golmud,,,,"No. 15-02 South Kunlun Road, Golmud, China",,,36.391655,94.903187,+86 979 896 9999,https://www.hilton.com/en/hotels/goqqgdi-doubletree-qinghai-golmud/,https://www.hilton.com/zh-hans/hotels/goqqgdi-doubletree-qinghai-golmud/,,2014-11-01,,,
HILTON-CKGGADI,DoubleTree by Hilton Guang'an,,DoubleTree by Hilton,希尔顿逸林,hilton-doubletree-by-hilton,FULLY_BOOKABLE,Hotel,Hotel,Guangan,,,,"Building 30, No. 888, Shenguang Avenue, Economic and Technological Development Zone, Guangan, China",,,30.469722,106.680278,+86 826 696 6666,https://www.hilton.com/en/hotels/ckggadi-doubletree-guangan/,https://www.hilton.com/zh-hans/hotels/ckggadi-doubletree-guangan/,,2025-05-01,,,
HILTON-FUOLSGI,Hilton Garden Inn Foshan Lishui,,Hilton Garden Inn,希尔顿花园酒店,hilton-hilton-garden-inn,FULLY_BOOKABLE,Hotel,Hotel,Guangdong,,,,"No. 5 Yue Chi Dong Road, He Village, Guangdong, China",,,23.191603,113.171474,+86 757 8560 8888,https://www.hilton.com/en/hotels/fuolsgi-hilton-garden-inn-foshan-lishui/,https://www.hilton.com/zh-hans/hotels/fuolsgi-hilton-garden-inn-foshan-lishui/,,2024-12-30,,,
HILTON-GYSGCHX,Hampton by Hilton Guangyuan Lizhou Square,,Hampton by Hilton,希尔顿欢朋,hilton-hampton-by-hilton,FULLY_BOOKABLE,Hotel,Hotel,Guangyuan,,,,"No.1072 Lizhou East Rd,, Guangyuan, China",,,32.4321893664,105.8590669196,+86 839 322 6666,https://www.hilton.com/en/hotels/gysgchx-hampton-guangyuan-lizhou-square/,https://www.hilton.com/zh-hans/hotels/gysgchx-hampton-guangyuan-lizhou-square/,,,,,
HILTON-CANUPUP,"Canton Hotel Guangzhou, Tapestry Collection by Hilton",,Tapestry by Hilton,希尔顿启缤精选,hilton-tapestry-collection,FULLY_BOOKABLE,Hotel,Hotel,Guangzhou,广州,,,"No.374, Beijing Road, Guangzhou, China",,,23.12891761545,113.26950754023,+86 20 8318 9888,https://www.hilton.com/en/hotels/canupup-canton-hotel-guangzhou/,https://www.hilton.com/zh-hans/hotels/canupup-canton-hotel-guangzhou/,2026-03-30,2026-03-30,,,
HILTON-CANXWCI,Conrad Guangzhou,,Conrad Hotels & Resorts,康莱德酒店及度假村,hilton-conrad-hotels,FULLY_BOOKABLE,Hotel,Hotel,Guangzhou,广州,,,"No.222 Xingmin Road, Guangzhou, China",,,23.11584,113.332656,+86 20 3739 2222,https://www.hilton.com/en/hotels/canxwci-conrad-guangzhou/,https://www.hilton.com/zh-hans/hotels/canxwci-conrad-guangzhou/,,2017-05-26,,,
HILTON-CANGODI,DoubleTree by Hilton Guangzhou Zengcheng,,DoubleTree by Hilton,希尔顿逸林,hilton-doubletree-by-hilton,FULLY_BOOKABLE,Hotel,Hotel,Guangzhou,广州,,,"4 Yunxi Road, Zengcheng District,, Guangzhou, China",,,23.2767291,113.8103427,+86 20 8281 2888,https://www.hilton.com/en/hotels/cangodi-doubletree-guangzhou-zengcheng/,https://www.hilton.com/zh-hans/hotels/cangodi-doubletree-guangzhou-zengcheng/,,2022-12-06,,,
HILTON-CANSCDI,DoubleTree by Hilton Hotel Guangzhou,,DoubleTree by Hilton,希尔顿逸林,hilton-doubletree-by-hilton,FULLY_BOOKABLE,Hotel,Hotel,Guangzhou,广州,,,"391 Dongfeng Rd Yuexiu District, Guangzhou, China",,,23.131674,113.271261,+86 20 2833 2888,https://www.hilton.com/en/hotels/canscdi-doubletree-guangzhou/,https://www.hilton.com/zh-hans/hotels/canscdi-doubletree-guangzhou/,,2013-12-28,,,
HILTON-CANSRDI,DoubleTree by Hilton Hotel Guangzhou - Science City,,DoubleTree by Hilton,希尔顿逸林,hilton-doubletree-by-hilton,FULLY_BOOKABLE,Hotel,Hotel,Guangzhou,广州,,,"18 ShuiXi Rd, Huang Pu District, Guangzhou, China",,,23.1848,113.4703,+86 20 3223 8888,https://www.hilton.com/en/hotels/cansrdi-doubletree-guangzhou-science-city/,https://www.hilton.com/zh-hans/hotels/cansrdi-doubletree-guangzhou-science-city/,,2015-08-03,,,
HILTON-CANZHHX,Hampton Apartments by Hilton Guangzhou Beijing Road Tianzi Wharf,,Hampton by Hilton,希尔顿欢朋,hilton-hampton-by-hilton,FULLY_BOOKABLE,Hotel,Hotel,Guangzhou,广州,,,"No.288 Binjiang Middle Road, Haizhou District, Guangzhou, China",,,23.112193,113.26994,+86 20 8630 9888,https://www.hilton.com/en/hotels/canzhhx-hampton-apartments-guangzhou-beijing-road-tianzi-wharf/,https://www.hilton.com/zh-hans/hotels/canzhhx-hampton-apartments-guangzhou-beijing-road-tianzi-wharf/,2026-05-01,2026-05-01,,,
HILTON-CANNYHX,Hampton by Hilton Guangzhou Baiyun Airport Cultural Tourism City,,Hampton by Hilton,希尔顿欢朋,hilton-hampton-by-hilton,FULLY_BOOKABLE,Hotel,Hotel,Guangzhou,广州,,,"No.8 Huixian Street, Renhe, Guangzhou, China",,,23.353781,113.266676,+86 20 3608 0888,https://www.hilton.com/en/hotels/cannyhx-hampton-guangzhou-baiyun-airport-cultural-tourism-city/,https://www.hilton.com/zh-hans/hotels/cannyhx-hampton-guangzhou-baiyun-airport-cultural-tourism-city/,,2025-05-25,,,
HILTON-SZXGBHX,Hampton by Hilton Guangzhou Baiyun Airport North,,Hampton by Hilton,希尔顿欢朋,hilton-hampton-by-hilton,FULLY_BOOKABLE,Hotel,Hotel,Guangzhou,广州,,,"Yundu Plaza Bldg A, Huadu Avenue, Guangzhou, China",,,23.37525,113.258314,+86 20 8699 2999,https://www.hilton.com/en/hotels/szxgbhx-hampton-guangzhou-baiyun-airport-north/,https://www.hilton.com/zh-hans/hotels/szxgbhx-hampton-guangzhou-baiyun-airport-north/,,,,,
HILTON-CANYTHX,Hampton by Hilton Guangzhou Baiyun Avenue North,,Hampton by Hilton,希尔顿欢朋,hilton-hampton-by-hilton,FULLY_BOOKABLE,Hotel,Hotel,Guangzhou,广州,,,"109 Yongtaijixian Road,, Guangzhou, China",,,23.230924,113.301674,+86 20 8615 8788,https://www.hilton.com/en/hotels/canythx-hampton-guangzhou-baiyun-avenue-north/,https://www.hilton.com/zh-hans/hotels/canythx-hampton-guangzhou-baiyun-avenue-north/,,,,,
HILTON-CANHNHX,Hampton by Hilton Guangzhou Changlong Wanbo Center,,Hampton by Hilton,希尔顿欢朋,hilton-hampton-by-hilton,FULLY_BOOKABLE,Hotel,Hotel,Guangzhou,广州,,,"No. 181 North Panyu Ave, Nancun, Panyu District, Guangzhou, China",,,23.001948,113.346088,+86 20 3992 0888,https://www.hilton.com/en/hotels/canhnhx-hampton-guangzhou-changlong-wanbo-center/,https://www.hilton.com/zh-hans/hotels/canhnhx-hampton-guangzhou-changlong-wanbo-center/,2026-04-30,2026-04-30,,,
HILTON-CANDNHX,Hampton by Hilton Guangzhou Dongxiaonan,,Hampton by Hilton,希尔顿欢朋,hilton-hampton-by-hilton,FULLY_BOOKABLE,Hotel,Hotel,Guangzhou,广州,,,"No. 1162 Jiangnan South Ave,, Guangzhou, China",,,23.093533,113.275902,+86 20 8900 1666,https://www.hilton.com/en/hotels/candnhx-hampton-guangzhou-dongxiaonan/,https://www.hilton.com/zh-hans/hotels/candnhx-hampton-guangzhou-dongxiaonan/,,,,,
HILTON-CANWCHX,Hampton by Hilton Guangzhou Huadu,,Hampton by Hilton,希尔顿欢朋,hilton-hampton-by-hilton,FULLY_BOOKABLE,Hotel,Hotel,Guangzhou,广州,,,"No.91 Sandong East Avenue,, Guangzhou, China",,,23.4104408086,113.2283679936,+86 20 3665 9666,https://www.hilton.com/en/hotels/canwchx-hampton-guangzhou-huadu/,https://www.hilton.com/zh-hans/hotels/canwchx-hampton-guangzhou-huadu/,,2018-11-30,,,
HILTON-CANKLHX,Hampton by Hilton Guangzhou Huangpu Science City,,Hampton by Hilton,希尔顿欢朋,hilton-hampton-by-hilton,OPENING_SOON,Hotel,Hotel,Guangzhou,广州,,,"No.28 Kailuo Avenue,Huangpu Distrit, Guangzhou, China",,,23.09784102,113.4416599,+86 20 8203 8988,https://www.hilton.com/en/hotels/canklhx-hampton-guangzhou-huangpu-science-city/,https://www.hilton.com/zh-hans/hotels/canklhx-hampton-guangzhou-huangpu-science-city/,,2026-05-30,,,
HILTON-CANFNHX,Hampton by Hilton Guangzhou Huangpu Sports Center,,Hampton by Hilton,希尔顿欢朋,hilton-hampton-by-hilton,FULLY_BOOKABLE,Hotel,Hotel,Guangzhou,广州,,,"No.898 Fengle North Road,Huangpu di, Guangzhou, China",,,23.121595,113.456086,+86 8602082871666,https://www.hilton.com/en/hotels/canfnhx-hampton-guangzhou-huangpu-sports-center/,https://www.hilton.com/zh-hans/hotels/canfnhx-hampton-guangzhou-huangpu-sports-center/,,2025-01-18,,,
HILTON-FUOGGHX,Hampton by Hilton Guangzhou Jinshazhou,,Hampton by Hilton,希尔顿欢朋,hilton-hampton-by-hilton,FULLY_BOOKABLE,Hotel,Hotel,Guangzhou,广州,,,"No.388 Jishazhou Road,, Guangzhou, China",,,23.159569,113.206117,+86 20 8131 1888,https://www.hilton.com/en/hotels/fuogghx-hampton-guangzhou-jinshazhou/,https://www.hilton.com/zh-hans/hotels/fuogghx-hampton-guangzhou-jinshazhou/,,2022-03-03,,,
HILTON-CANWHHX,Hampton by Hilton Guangzhou Luoxi,,Hampton by Hilton,希尔顿欢朋,hilton-hampton-by-hilton,FULLY_BOOKABLE,Hotel,Hotel,Guangzhou,广州,,,"398 Luoxi Huandao South Rd, Luopu, Guangzhou, China",,,23.040939,113.297484,+86 20 3993 1888,https://www.hilton.com/en/hotels/canwhhx-hampton-guangzhou-luoxi/,https://www.hilton.com/zh-hans/hotels/canwhhx-hampton-guangzhou-luoxi/,,2023-01-15,,,
HILTON-CANDOHX,Hampton by Hilton Guangzhou Panyu Asian Games City,,Hampton by Hilton,希尔顿欢朋,hilton-hampton-by-hilton,FULLY_BOOKABLE,Hotel,Hotel,Guangzhou,广州,,,"No. 114 Xingya 5th Road, Shilou Town, Panyu District, Guangzhou, China",,,22.949461,113.491306,+86 20 3119 0000,https://www.hilton.com/en/hotels/candohx-hampton-guangzhou-panyu-asian-games-city/,https://www.hilton.com/zh-hans/hotels/candohx-hampton-guangzhou-panyu-asian-games-city/,2026-01-21,2026-01-21,,,
HILTON-CANGGHX,Hampton by Hilton Guangzhou Panyu Avenue,,Hampton by Hilton,希尔顿欢朋,hilton-hampton-by-hilton,FULLY_BOOKABLE,Hotel,Hotel,Guangzhou,广州,,,"102 Lianhua Avenue, Guangzhou, China",,,22.9371061501,113.369969421,+86 20 3929 8999,https://www.hilton.com/en/hotels/cangghx-hampton-guangzhou-panyu-avenue/,https://www.hilton.com/zh-hans/hotels/cangghx-hampton-guangzhou-panyu-avenue/,,,,,
HILTON-CANDYHX,Hampton by Hilton Guangzhou Railway Station,,Hampton by Hilton,希尔顿欢朋,hilton-hampton-by-hilton,FULLY_BOOKABLE,Hotel,Hotel,Guangzhou,广州,,,"No.1389 Jiefang North Road,, Guangzhou, China",,,23.150913,113.26207,+86 20 8661 3888,https://www.hilton.com/en/hotels/candyhx-hampton-guangzhou-railway-station/,https://www.hilton.com/zh-hans/hotels/candyhx-hampton-guangzhou-railway-station/,,2023-03-04,,,
HILTON-CANFBHX,Hampton by Hilton Guangzhou Renhe Baiyun Airport,,Hampton by Hilton,希尔顿欢朋,hilton-hampton-by-hilton,FULLY_BOOKABLE,Hotel,Hotel,Guangzhou,广州,,,"NO.1318 Fanghua Road, Guangzhou, China",,,23.331492,113.28862,+86 20 3663 6666,https://www.hilton.com/en/hotels/canfbhx-hampton-renhe-baiyun-airport/,https://www.hilton.com/zh-hans/hotels/canfbhx-hampton-renhe-baiyun-airport/,,2023-12-31,,,
HILTON-CANHRHX,Hampton by Hilton Guangzhou Tianhe Smart City,,Hampton by Hilton,希尔顿欢朋,hilton-hampton-by-hilton,FULLY_BOOKABLE,Hotel,Hotel,Guangzhou,广州,,,"No.1731 Huaguang Road, Guangzhou, China",,,23.17515,113.395938,+86 20 3889 8999,https://www.hilton.com/en/hotels/canhrhx-hampton-guangzhou-tianhe-smart-city/,https://www.hilton.com/zh-hans/hotels/canhrhx-hampton-guangzhou-tianhe-smart-city/,,2024-08-01,,,
HILTON-CANTNHX,Hampton by Hilton Guangzhou Tianhe Sports Center,,Hampton by Hilton,希尔顿欢朋,hilton-hampton-by-hilton,FULLY_BOOKABLE,Hotel,Hotel,Guangzhou,广州,,,"No.5 Tianhe North Rd,, Guangzhou, China",,,23.1412093882,113.3156120413,+86 20 8595 9999,https://www.hilton.com/en/hotels/cantnhx-hampton-guangzhou-tianhe-sports-center/,https://www.hilton.com/zh-hans/hotels/cantnhx-hampton-guangzhou-tianhe-sports-center/,,,,,
HILTON-FUOGZHX,Hampton by Hilton Guangzhou Wenchong,,Hampton by Hilton,希尔顿欢朋,hilton-hampton-by-hilton,FULLY_BOOKABLE,Hotel,Hotel,Guangzhou,广州,,,"No.755 Dashadi East Road,, Guangzhou, China",,,23.099672,113.473137,+86 20 2895 5888,https://www.hilton.com/en/hotels/fuogzhx-hampton-guangzhou-wenchong/,https://www.hilton.com/zh-hans/hotels/fuogzhx-hampton-guangzhou-wenchong/,,2022-02-08,,,
HILTON-CANGAHX,Hampton by Hilton Guangzhou Xintang,,Hampton by Hilton,希尔顿欢朋,hilton-hampton-by-hilton,FULLY_BOOKABLE,Hotel,Hotel,Guangzhou,广州,,,"No.495, Guangshen Avenue West, Guangzhou, China",,,23.120433,113.573252,+86 20 8289 3388,https://www.hilton.com/en/hotels/cangahx-hampton-guangzhou-xintang/,https://www.hilton.com/zh-hans/hotels/cangahx-hampton-guangzhou-xintang/,,2023-09-15,,,
HILTON-CANGNHX,Hampton by Hilton Guangzhou Xintang Railway Station,,Hampton by Hilton,希尔顿欢朋,hilton-hampton-by-hilton,FULLY_BOOKABLE,Hotel,Hotel,Guangzhou,广州,,,"No.9,Chuangxin Avenue, Guangzhou, China",,,23.161789,113.625548,+86 20 2219 1998,https://www.hilton.com/en/hotels/cangnhx-hampton-guangzhou-xintang-railway-station/,https://www.hilton.com/zh-hans/hotels/cangnhx-hampton-guangzhou-xintang-railway-station/,,2024-03-22,,,
HILTON-CANNTHX,Hampton by Hilton Guangzhou Zhujiang New Town,,Hampton by Hilton,希尔顿欢朋,hilton-hampton-by-hilton,FULLY_BOOKABLE,Hotel,Hotel,Guangzhou,广州,,,"495 Huang Pu Da Dao Xi Rd,, Guangzhou, China",,,23.12679,113.342657,+86 20 8367 8888,https://www.hilton.com/en/hotels/cannthx-hampton-guangzhou-zhujiang-new-town/,https://www.hilton.com/zh-hans/hotels/cannthx-hampton-guangzhou-zhujiang-new-town/,,2016-03-15,,,
HILTON-CANAPGI,Hilton Garden Inn Guangzhou Airport Aerotropolis,,Hilton Garden Inn,希尔顿花园酒店,hilton-hilton-garden-inn,FULLY_BOOKABLE,Hotel,Hotel,Guangzhou,广州,,,"Building B3, No.9 Konggang Avenue, Guangzhou, China",,,23.425807,113.316546,+86 20 8968 0888,https://www.hilton.com/en/hotels/canapgi-hilton-garden-inn-guangzhou-airport-aerotropolis/,https://www.hilton.com/zh-hans/hotels/canapgi-hilton-garden-inn-guangzhou-airport-aerotropolis/,,2023-08-22,,,
HILTON-CANYAGI,Hilton Garden Inn Guangzhou Baiyun Airport,,Hilton Garden Inn,希尔顿花园酒店,hilton-hilton-garden-inn,FULLY_BOOKABLE,Hotel,Hotel,Guangzhou,广州,,,"No. 18, Yunlv Street, Baiyun District, Guangzhou, China",,,23.370618,113.326782,+86 20 3639 6666,https://www.hilton.com/en/hotels/canyagi-hilton-garden-inn-guangzhou-baiyun-airport/,https://www.hilton.com/zh-hans/hotels/canyagi-hilton-garden-inn-guangzhou-baiyun-airport/,2026-05-07,2026-05-07,,,
HILTON-CANCHGI,Hilton Garden Inn Guangzhou Conghua,,Hilton Garden Inn,希尔顿花园酒店,hilton-hilton-garden-inn,OPENING_SOON,Hotel,Hotel,Guangzhou,广州,,,"No. 168 Huanshi East Road, Guangzhou, China",,,23.530075,113.607189,,https://www.hilton.com/en/hotels/canchgi-hilton-garden-inn-guangzhou-conghua/,https://www.hilton.com/zh-hans/hotels/canchgi-hilton-garden-inn-guangzhou-conghua/,,2026-09-22,,,
HILTON-CANGZGI,Hilton Garden Inn Guangzhou Tianhe,,Hilton Garden Inn,希尔顿花园酒店,hilton-hilton-garden-inn,FULLY_BOOKABLE,Hotel,Hotel,Guangzhou,广州,,,"No.63 North Guangzhou Ave, Guangzhou, China",,,23.1575221856,113.309201727,+86 20 3813 6333,https://www.hilton.com/en/hotels/cangzgi-hilton-garden-inn-guangzhou-tianhe/,https://www.hilton.com/zh-hans/hotels/cangzgi-hilton-garden-inn-guangzhou-tianhe/,,2020-10-25,,,
HILTON-CANESGI,Hilton Garden Inn Guangzhou Tianhe Fenghuang,,Hilton Garden Inn,希尔顿花园酒店,hilton-hilton-garden-inn,FULLY_BOOKABLE,Hotel,Hotel,Guangzhou,广州,,,"No.7, Kemulang South Road, Tianhe District, Guangdong Province, Guangzhou, China",,,23.19539,113.41054,+86 20 6301 6688,https://www.hilton.com/en/hotels/canesgi-hilton-garden-inn-guangzhou-tianhe-fenghuang/,https://www.hilton.com/zh-hans/hotels/canesgi-hilton-garden-inn-guangzhou-tianhe-fenghuang/,2026-04-13,2026-04-13,,,
HILTON-CANGUHI,Hilton Guangzhou Baiyun,,Hilton Hotels & Resorts,希尔顿酒店及度假村,hilton-hilton-hotels,FULLY_BOOKABLE,Hotel,Hotel,Guangzhou,广州,,,"515-517 Yuncheng Dong Road, Guangzhou, China",,,23.181882,113.274953,+86 20 6660 0666,https://www.hilton.com/en/hotels/canguhi-hilton-guangzhou-baiyun/,https://www.hilton.com/zh-hans/hotels/canguhi-hilton-guangzhou-baiyun/,,2011-08-31,,,
HILTON-CANYPHI,Hilton Guangzhou Baiyun Airport,,Hilton Hotels & Resorts,希尔顿酒店及度假村,hilton-hilton-hotels,FULLY_BOOKABLE,Hotel,Hotel,Guangzhou,广州,,,"No. 18, Yunlv Street, Baiyun District, Guangzhou, China",,,23.370618,113.326782,+86 20 3656 8888,https://www.hilton.com/en/hotels/canyphi-hilton-guangzhou-baiyun-airport/,https://www.hilton.com/zh-hans/hotels/canyphi-hilton-guangzhou-baiyun-airport/,2026-05-07,2026-05-07,,,
HILTON-CANNIHI,Hilton Guangzhou Science City,,Hilton Hotels & Resorts,希尔顿酒店及度假村,hilton-hilton-hotels,FULLY_BOOKABLE,Hotel,Hotel,Guangzhou,广州,,,"28 Ningcai Road, Science City, Guangzhou, China",,,23.178211,113.457546,+86 20 8880 0999,https://www.hilton.com/en/hotels/cannihi-hilton-guangzhou-science-city/,https://www.hilton.com/zh-hans/hotels/cannihi-hilton-guangzhou-science-city/,,2019-01-16,,,
HILTON-CANGTHI,Hilton Guangzhou Tianhe,,Hilton Hotels & Resorts,希尔顿酒店及度假村,hilton-hilton-hotels,FULLY_BOOKABLE,Hotel,Hotel,Guangzhou,广州,,,"No.215 Linhe Xi Heng Road, Guangzhou, China",,,23.151859,113.326625,+86 20 6683 9999,https://www.hilton.com/en/hotels/cangthi-hilton-guangzhou-tianhe/,https://www.hilton.com/zh-hans/hotels/cangthi-hilton-guangzhou-tianhe/,,2011-08-24,,,
HILTON-CANITHT,Home2 Suites by Hilton Guangzhou Baiyun Airport West,,Home2 Suites by Hilton,希尔顿惠庭,hilton-home2-suites,FULLY_BOOKABLE,Hotel,Hotel,Guangzhou,广州,,,"No.3-2, Yazheng Road,, Guangzhou, China",,,23.4,113.22,+86 20 8186 9999,https://www.hilton.com/en/hotels/canitht-home2-suites-guangzhou-baiyun-airport-west/,https://www.hilton.com/zh-hans/hotels/canitht-home2-suites-guangzhou-baiyun-airport-west/,,2023-12-20,,,
HILTON-CANGHHT,Home2 Suites by Hilton Guangzhou Conghua,,Home2 Suites by Hilton,希尔顿惠庭,hilton-home2-suites,FULLY_BOOKABLE,Hotel,Hotel,Guangzhou,广州,,,"6 Congcheng Avenue, Jiangpu,, Guangzhou, China",,,23.532406,113.607962,+86 20 8787 8999,https://www.hilton.com/en/hotels/canghht-home2-suites-guangzhou-conghua/,https://www.hilton.com/zh-hans/hotels/canghht-home2-suites-guangzhou-conghua/,,2023-05-15,,,
HILTON-CANHUHT,Home2 Suites by Hilton Guangzhou Huadu,,Home2 Suites by Hilton,希尔顿惠庭,hilton-home2-suites,FULLY_BOOKABLE,Hotel,Hotel,Guangzhou,广州,,,"Sanfendi Commercial Plaza,, Guangzhou, China",,,23.397944,113.238252,+86 20 8181 7777,https://www.hilton.com/en/hotels/canhuht-home2-suites-guangzhou-huadu/,https://www.hilton.com/zh-hans/hotels/canhuht-home2-suites-guangzhou-huadu/,,2024-08-30,,,
HILTON-CANKAHT,Home2 Suites by Hilton Guangzhou Huangpu Science City,,Home2 Suites by Hilton,希尔顿惠庭,hilton-home2-suites,FULLY_BOOKABLE,Hotel,Hotel,Guangzhou,广州,,,"Building D, Gaoxin Junheng Plaza, Guangzhou, China",,,23.163837,113.49843,+86 20 3899 8088,https://www.hilton.com/en/hotels/cankaht-home2-suites-guangzhou-huangpu-science-city/,https://www.hilton.com/zh-hans/hotels/cankaht-home2-suites-guangzhou-huangpu-science-city/,,2024-08-28,,,
HILTON-CANLNLX,"LN Hotel Five, an SLH Hotel",,Small Luxury Hotels of the World,全球奢华精品酒店,hilton-small-luxury-hotels-slh,FULLY_BOOKABLE,Hotel,Hotel,Guangzhou,广州,,,"No. 277 Yanjiang Road,, Guangzhou, China",,,23.115585,113.27419,+86 20 8931 0505,https://www.hilton.com/en/hotels/canlnlx-ln-hotel-five/,https://www.hilton.com/zh-hans/hotels/canlnlx-ln-hotel-five/,,2025-02-25,,,
HILTON-CANQQQQ,"Yuexiu Hotel Guangzhou, Curio Collection by Hilton",,Curio Collection by Hilton,希尔顿格芮精选,hilton-curio-collection,FULLY_BOOKABLE,Hotel,Hotel,Guangzhou,广州,,,"198 Xiaobei Road, Guangzhou, China",,,23.135571,113.272263,+86 20 8310 8888,https://www.hilton.com/en/hotels/canqqqq-yuexiu-hotel-guangzhou/,https://www.hilton.com/zh-hans/hotels/canqqqq-yuexiu-hotel-guangzhou/,,2023-12-30,,,
HILTON-NNGGGHX,Hampton by Hilton Guigang,,Hampton by Hilton,希尔顿欢朋,hilton-hampton-by-hilton,FULLY_BOOKABLE,Hotel,Hotel,Guigang,,,,"No.380 Zhongshan North Road,, Guigang, China",,,23.120562,109.596716,+86 775 463 3888,https://www.hilton.com/en/hotels/nnggghx-hampton-guigang/,https://www.hilton.com/zh-hans/hotels/nnggghx-hampton-guigang/,,2023-03-30,,,
HILTON-KWLHXHX,Hampton by Hilton Guilin Lingui,,Hampton by Hilton,希尔顿欢朋,hilton-hampton-by-hilton,FULLY_BOOKABLE,Hotel,Hotel,Guilin,,,,"No.5 Xicheng Road,, Guilin, China",,,25.218521,110.169834,+86 773 312 6888,https://www.hilton.com/en/hotels/kwlhxhx-hampton-guilin-lingui/,https://www.hilton.com/zh-hans/hotels/kwlhxhx-hampton-guilin-lingui/,,2017-08-15,,,
HILTON-KWLGXHX,Hampton by Hilton Guilin Xiufeng,,Hampton by Hilton,希尔顿欢朋,hilton-hampton-by-hilton,FULLY_BOOKABLE,Hotel,Hotel,Guilin,,,,"206 Dong'an Rd, Xiufeng District, Guilin, China",,,25.268108,110.273051,+86 773 219 1555,https://www.hilton.com/en/hotels/kwlgxhx-hampton-guilin-xiufeng/,https://www.hilton.com/zh-hans/hotels/kwlgxhx-hampton-guilin-xiufeng/,,2017-04-28,,,
HILTON-KWLGIGI,Hilton Garden Inn Guilin Diecai Li River,,Hilton Garden Inn,希尔顿花园酒店,hilton-hilton-garden-inn,FULLY_BOOKABLE,Hotel,Hotel,Guilin,,,,"No. 95 Zhongshan North Road, Diecai District,, Guilin, China",,,25.307736,110.306181,+86 773 587 8888,https://www.hilton.com/en/hotels/kwlgigi-hilton-garden-inn-guilin-diecai-li-river/,https://www.hilton.com/zh-hans/hotels/kwlgigi-hilton-garden-inn-guilin-diecai-li-river/,2026-04-30,2026-04-30,,,
HILTON-KWLYSGI,Hilton Garden Inn Guilin Yangshuo,,Hilton Garden Inn,希尔顿花园酒店,hilton-hilton-garden-inn,FULLY_BOOKABLE,Hotel,Hotel,Guilin,,,,"No. 63 Xinrong Street, Xingping Town, Guilin, China",,,24.917915,110.533467,+86 773 875 8666,https://www.hilton.com/en/hotels/kwlysgi-hilton-garden-inn-guilin-yangshuo/,https://www.hilton.com/zh-hans/hotels/kwlysgi-hilton-garden-inn-guilin-yangshuo/,,2024-04-29,,,
HILTON-KWLYJLX,"Yangshuo Jora Hotel, an SLH Hotel",,Small Luxury Hotels of the World,全球奢华精品酒店,hilton-small-luxury-hotels-slh,FULLY_BOOKABLE,Hotel,Hotel,Guilin,,,,"No 14 Yaotouzha Village, Guilin, China",,,24.78823,110.5045,+86 773 870 9999,https://www.hilton.com/en/hotels/kwlyjlx-yangshuo-jora-hotel/,https://www.hilton.com/zh-hans/hotels/kwlyjlx-yangshuo-jora-hotel/,,2024-09-17,,,
HILTON-KWEANHX,Hampton by Hilton Guiyang Century City,,Hampton by Hilton,希尔顿欢朋,hilton-hampton-by-hilton,FULLY_BOOKABLE,Hotel,Hotel,Guiyang,,,,"Baihua Avenue NO.66, Yunyan District, Guiyang, China",,,26.59012,106.631604,+86 851 8893 3888,https://www.hilton.com/en/hotels/kweanhx-hampton-guiyang-century-city/,https://www.hilton.com/zh-hans/hotels/kweanhx-hampton-guiyang-century-city/,2025-11-05,2025-11-05,,,
HILTON-KWENGHX,Hampton by Hilton Guiyang Guanshan Lake,,Hampton by Hilton,希尔顿欢朋,hilton-hampton-by-hilton,FULLY_BOOKABLE,Hotel,Hotel,Guiyang,,,,"Building 4-E, No.1 Hangzhou Rd,, Guiyang, China",,,26.603949,106.58149,+86 851 8472 7999,https://www.hilton.com/en/hotels/kwenghx-hampton-guiyang-guanshan-lake/,https://www.hilton.com/zh-hans/hotels/kwenghx-hampton-guiyang-guanshan-lake/,,2022-03-11,,,
HILTON-KWECHHX,Hampton by Hilton Guiyang ICEC,,Hampton by Hilton,希尔顿欢朋,hilton-hampton-by-hilton,FULLY_BOOKABLE,Hotel,Hotel,Guiyang,,,,"Building 4, 6 Changling North Road, Guiyang, China",,,26.6357702084,106.6503189833,+86 851 8670 8666,https://www.hilton.com/en/hotels/kwechhx-hampton-guiyang-convention-center/,https://www.hilton.com/zh-hans/hotels/kwechhx-hampton-guiyang-convention-center/,,,,,
HILTON-KWEJIHX,Hampton by Hilton Guiyang Nanming Railway Station,,Hampton by Hilton,希尔顿欢朋,hilton-hampton-by-hilton,FULLY_BOOKABLE,Hotel,Hotel,Guiyang,,,,"Building A1,Vanke Emerald Riverside, Guiyang, China",,,26.555751,106.689396,+86 851 8223 3777,https://www.hilton.com/en/hotels/kwejihx-hampton-guiyang-nanming-railway-station/,https://www.hilton.com/zh-hans/hotels/kwejihx-hampton-guiyang-nanming-railway-station/,,2024-01-03,,,
HILTON-KWERKHX,Hampton by Hilton Guiyang Nanming Xingye,,Hampton by Hilton,希尔顿欢朋,hilton-hampton-by-hilton,FULLY_BOOKABLE,Hotel,Hotel,Guiyang,,,,"No.3Yongxing Street, Guiyang, China",,,26.53814672,106.7994459,+86 851 8510 0999,https://www.hilton.com/en/hotels/kwerkhx-hampton-guiyang-nanming-xingye/,https://www.hilton.com/zh-hans/hotels/kwerkhx-hampton-guiyang-nanming-xingye/,,2025-01-14,,,
HILTON-KWEGLHX,Hampton by Hilton Guiyang North Railway Station,,Hampton by Hilton,希尔顿欢朋,hilton-hampton-by-hilton,OPENING_SOON,Hotel,Hotel,Guiyang,,,,"Building7#-s09,Phase 1, Guiyang, China",,,26.630173,106.671773,+86 851 8866 3333,https://www.hilton.com/en/hotels/kweglhx-hampton-guiyang-north-railway-station/,https://www.hilton.com/zh-hans/hotels/kweglhx-hampton-guiyang-north-railway-station/,,2026-06-30,,,
HILTON-KWEYDHX,Hampton by Hilton Guiyang Yunyan Fountain,,Hampton by Hilton,希尔顿欢朋,hilton-hampton-by-hilton,FULLY_BOOKABLE,Hotel,Hotel,Guiyang,,,,"118 Shanlin Rd, Yunyan District, Guiyang, China",,,26.5856354925,106.7022861594,+86 851 8682 8666,https://www.hilton.com/en/hotels/kweydhx-hampton-guiyang-yunyan-fountain/,https://www.hilton.com/zh-hans/hotels/kweydhx-hampton-guiyang-yunyan-fountain/,,,,,
HILTON-KWEGAGI,Hilton Garden Inn Guiyang Gui'an New Area,,Hilton Garden Inn,希尔顿花园酒店,hilton-hilton-garden-inn,FULLY_BOOKABLE,Hotel,Hotel,Guiyang,,,,"Building A, No. 27 Middle Section of Baima Avenue, Gui'an New Area, Guiyang, China",,,26.4588,106.4957,+86 851 8864 8888,https://www.hilton.com/en/hotels/kwegagi-hilton-garden-inn-guiyang-guian-new-area/,https://www.hilton.com/zh-hans/hotels/kwegagi-hilton-garden-inn-guiyang-guian-new-area/,,2025-08-31,,,
HILTON-KWEJRHI,Hilton Guiyang,,Hilton Hotels & Resorts,希尔顿酒店及度假村,hilton-hilton-hotels,FULLY_BOOKABLE,Hotel,Hotel,Guiyang,,,,"277 Jinyang North Road, Guiyang, China",,,26.651,106.622659,+86 851 8227 7777,https://www.hilton.com/en/hotels/kwejrhi-hilton-guiyang/,https://www.hilton.com/zh-hans/hotels/kwejrhi-hilton-guiyang/,,2020-01-12,,,
HILTON-KWEGNHT,Home2 Suites by Hilton Guiyang Guanshanhu,,Home2 Suites by Hilton,希尔顿惠庭,hilton-home2-suites,FULLY_BOOKABLE,Hotel,Hotel,Guiyang,,,,"Building 69, Group 3, Phase III,, Guiyang, China",,,26.622916,106.643986,+86 851 8657 5777,https://www.hilton.com/en/hotels/kwegnht-home2-suites-guiyang-guanshanhu/,https://www.hilton.com/zh-hans/hotels/kwegnht-home2-suites-guiyang-guanshanhu/,,2023-08-31,,,
HILTON-KWEGHHT,Home2 Suites by Hilton Guiyang Nanming Jiaxiu,,Home2 Suites by Hilton,希尔顿惠庭,hilton-home2-suites,FULLY_BOOKABLE,Hotel,Hotel,Guiyang,,,,"Tower 2 of Red Star MacallineGlobal, Guiyang, China",,,26.558421,106.726187,+86 851 8860 1888,https://www.hilton.com/en/hotels/kweghht-home2-suites-guiyang-nanming-jiaxiu/,https://www.hilton.com/zh-hans/hotels/kweghht-home2-suites-guiyang-nanming-jiaxiu/,,2024-05-30,,,
HILTON-KWEENHT,Home2 Suites by Hilton Guiyang Nanming Jiyuan,,Home2 Suites by Hilton,希尔顿惠庭,hilton-home2-suites,FULLY_BOOKABLE,Hotel,Hotel,Guiyang,,,,"96 Southwest Ring Road ,, Guiyang, China",,,26.524563,106.778676,+86 851 8859 1111,https://www.hilton.com/en/hotels/kweenht-home2-suites-guiyang-nanming-jiyuan/,https://www.hilton.com/zh-hans/hotels/kweenht-home2-suites-guiyang-nanming-jiyuan/,,2022-12-16,,,
HILTON-KWEYYHT,Home2 Suites by Hilton Guiyang Yunyan Penshuichi,,Home2 Suites by Hilton,希尔顿惠庭,hilton-home2-suites,FULLY_BOOKABLE,Hotel,Hotel,Guiyang,,,,"No.29, Beijing Road, Guiyang, China",,,26.599701,106.714705,+86 851 8865 7777,https://www.hilton.com/en/hotels/kweyyht-home2-suites-guiyang-yunyan-penshuichi/,https://www.hilton.com/zh-hans/hotels/kweyyht-home2-suites-guiyang-yunyan-penshuichi/,,2025-04-18,,,
HILTON-HAKMLHX,Hampton by Hilton Haikou East Railway Station,,Hampton by Hilton,希尔顿欢朋,hilton-hampton-by-hilton,FULLY_BOOKABLE,Hotel,Hotel,Haikou,,,,"No. 134-1, South Longkun Road, Haikou, China",,,19.996319,110.338935,+86 898 6698 8889,https://www.hilton.com/en/hotels/hakmlhx-hampton-haikou-east-railway-station/,https://www.hilton.com/zh-hans/hotels/hakmlhx-hampton-haikou-east-railway-station/,,2023-09-08,,,
HILTON-HAKLOHX,Hampton by Hilton Haikou Guomao,,Hampton by Hilton,希尔顿欢朋,hilton-hampton-by-hilton,FULLY_BOOKABLE,Hotel,Hotel,Haikou,,,,"No.3, Longkun North Road, Haikou, China",,,20.034232,110.324258,+86 898 6852 2999,https://www.hilton.com/en/hotels/haklohx-hampton-haikou-guomao/,https://www.hilton.com/zh-hans/hotels/haklohx-hampton-haikou-guomao/,,2024-08-15,,,
HILTON-HAKHOHX,Hampton by Hilton Haikou Haidian Island,,Hampton by Hilton,希尔顿欢朋,hilton-hampton-by-hilton,FULLY_BOOKABLE,Hotel,Hotel,Haikou,,,,"No.3 Chunhua Road, Meilan District,, Haikou, China",,,20.063267,110.317115,+86 898 6656 3888,https://www.hilton.com/en/hotels/hakhohx-hampton-haikou-haidian-island/,https://www.hilton.com/zh-hans/hotels/hakhohx-hampton-haikou-haidian-island/,,,,,
HILTON-HAKHKHX,Hampton by Hilton Haikou Nanhai,,Hampton by Hilton,希尔顿欢朋,hilton-hampton-by-hilton,FULLY_BOOKABLE,Hotel,Hotel,Haikou,,,,"889 Nanhai Ave,, Haikou, China",,,19.980847,110.178241,+86 898 6861 2888,https://www.hilton.com/en/hotels/hakhkhx-hampton-haikou-nanhai/,https://www.hilton.com/zh-hans/hotels/hakhkhx-hampton-haikou-nanhai/,,,,,
HILTON-HAKCDHX,Hampton by Hilton Haikou Qilou Old Street,,Hampton by Hilton,希尔顿欢朋,hilton-hampton-by-hilton,FULLY_BOOKABLE,Hotel,Hotel,Haikou,,,,"No. 68, Changdi Road, Building A, Aili Building, Haikou, China",,,20.04294,110.338165,+86 898 6569 3666,https://www.hilton.com/en/hotels/hakcdhx-hampton-haikou-qilou-old-street/,https://www.hilton.com/zh-hans/hotels/hakcdhx-hampton-haikou-qilou-old-street/,2025-12-31,2025-12-31,,,
HILTON-HAKHAHI,Hilton Haikou,,Hilton Hotels & Resorts,希尔顿酒店及度假村,hilton-hilton-hotels,FULLY_BOOKABLE,Hotel,Hotel,Haikou,,,,"109-9 Binhai Avenue, Haikou, China",,,20.029838,110.312707,+86 898 3679 8888,https://www.hilton.com/en/hotels/hakhahi-hilton-haikou/,https://www.hilton.com/zh-hans/hotels/hakhahi-hilton-haikou/,,2016-03-18,,,
HILTON-HAKMEHI,Hilton Haikou Meilan,,Hilton Hotels & Resorts,希尔顿酒店及度假村,hilton-hilton-hotels,FULLY_BOOKABLE,Hotel,Hotel,Haikou,,,,"2 Qiongshan Avenue, Meilan District, Haikou, China",,,20.062107,110.415181,+86 898 3639 8888,https://www.hilton.com/en/hotels/hakmehi-hilton-haikou-meilan/,https://www.hilton.com/zh-hans/hotels/hakmehi-hilton-haikou-meilan/,,2014-10-28,,,
HILTON-HMICNHX,Hampton by Hilton Hami,,Hampton by Hilton,希尔顿欢朋,hilton-hampton-by-hilton,FULLY_BOOKABLE,Hotel,Hotel,Hami,,,,"No1. Renmin Road, Hami, China",,,42.821024,93.489299,+86 902 869 9999,https://www.hilton.com/en/hotels/hmicnhx-hampton-hami/,https://www.hilton.com/zh-hans/hotels/hmicnhx-hampton-hami/,,2024-05-17,,,
HILTON-HMIRRHX,Hampton by Hilton Hami High-speed Railway Station,,Hampton by Hilton,希尔顿欢朋,hilton-hampton-by-hilton,FULLY_BOOKABLE,Hotel,Hotel,Hami,,,,"A2, No.76 Compound, Liuyi Road, Hami, Xinjiang, China, Hami, China",,,42.856874,93.463068,+86 902 237 6888,https://www.hilton.com/en/hotels/hmirrhx-hampton-hami-high-speed-railway-station/,https://www.hilton.com/zh-hans/hotels/hmirrhx-hampton-hami-high-speed-railway-station/,2025-10-31,2025-10-31,,,
HILTON-HDGHNHX,Hampton by Hilton Handan Railway Station,,Hampton by Hilton,希尔顿欢朋,hilton-hampton-by-hilton,FULLY_BOOKABLE,Hotel,Hotel,Handan,,,,"Dongfang International Business Ctr, Handan, China",,,36.639699,114.535883,+86 310 809 8999,https://www.hilton.com/en/hotels/hdghnhx-hampton-handan-railway-station/,https://www.hilton.com/zh-hans/hotels/hdghnhx-hampton-handan-railway-station/,,2022-09-23,,,
HILTON-HDGANHX,Hampton by Hilton Handan Yongnian,,Hampton by Hilton,希尔顿欢朋,hilton-hampton-by-hilton,FULLY_BOOKABLE,Hotel,Hotel,Handan,,,,"88 Zhonghua South Avenue, Handan, China",,,36.741111,114.518193,+86 310 665 7888,https://www.hilton.com/en/hotels/hdganhx-hampton-handan-yongnian/,https://www.hilton.com/zh-hans/hotels/hdganhx-hampton-handan-yongnian/,,2023-03-12,,,
HILTON-HDGINGI,Hilton Garden Inn Handan She County,,Hilton Garden Inn,希尔顿花园酒店,hilton-hilton-garden-inn,FULLY_BOOKABLE,Hotel,Hotel,Handan,,,,"JiangJun Road, Handan, China",,,36.585278,113.672778,+86 310 557 2888,https://www.hilton.com/en/hotels/hdgingi-hilton-garden-inn-handan-she-county/,https://www.hilton.com/zh-hans/hotels/hdgingi-hilton-garden-inn-handan-she-county/,,2024-08-02,,,
HILTON-HDGMTHT,Home2 Suites by Hilton Handan East Railway Station,,Home2 Suites by Hilton,希尔顿惠庭,hilton-home2-suites,FULLY_BOOKABLE,Hotel,Hotel,Handan,,,,"No.5 Liantong South Road, Handan, China",,,36.62318,114.539312,+86 310 510 6888,https://www.hilton.com/en/hotels/hdgmtht-home2-suites-handan-east-railway-station/,https://www.hilton.com/zh-hans/hotels/hdgmtht-home2-suites-handan-east-railway-station/,,2023-05-22,,,
HILTON-HGHPYPY,Canopy by Hilton Hangzhou Jinsha Lake,,Canopy by Hilton,希尔顿嘉悦里,hilton-canopy-by-hilton,FULLY_BOOKABLE,Hotel,Hotel,Hangzhou,,,,"835 Jinsha Avenue, Hangzhou, China",,,30.311,120.313242,+86 571 8897 8888,https://www.hilton.com/en/hotels/hghpypy-canopy-hangzhou-jinsha-lake/,https://www.hilton.com/zh-hans/hotels/hghpypy-canopy-hangzhou-jinsha-lake/,,2019-11-13,,,
HILTON-HGHWLPY,Canopy by Hilton Hangzhou West Lake,,Canopy by Hilton,希尔顿嘉悦里,hilton-canopy-by-hilton,FULLY_BOOKABLE,Hotel,Hotel,Hangzhou,,,,"No. 2 Guohuo Road, Hangzhou, China",,,30.249336,120.16753,+86 571 8707 8111,https://www.hilton.com/en/hotels/hghwlpy-canopy-hangzhou-west-lake/,https://www.hilton.com/zh-hans/hotels/hghwlpy-canopy-hangzhou-west-lake/,,2020-12-31,,,
HILTON-HGHFRCI,Conrad Hangzhou,,Conrad Hotels & Resorts,康莱德酒店及度假村,hilton-conrad-hotels,FULLY_BOOKABLE,Hotel,Hotel,Hangzhou,,,,"No. 228 Xinye Road, Hangzhou, China",,,30.248936,120.213708,+86 571 5696 6666,https://www.hilton.com/en/hotels/hghfrci-conrad-hangzhou/,https://www.hilton.com/zh-hans/hotels/hghfrci-conrad-hangzhou/,,2019-03-08,,,
HILTON-HGHYFCI,Conrad Hangzhou Tonglu,,Conrad Hotels & Resorts,康莱德酒店及度假村,hilton-conrad-hotels,FULLY_BOOKABLE,Hotel,Hotel,Hangzhou,,,,"No.2 Yin Zhu, Tianxi Lake Resort, Hangzhou, China",,,29.983722,119.421571,+86 571 6431 2777,https://www.hilton.com/en/hotels/hghyfci-conrad-hangzhou-tonglu/,https://www.hilton.com/zh-hans/hotels/hghyfci-conrad-hangzhou-tonglu/,,2019-10-18,,,
HILTON-HGHHEDI,DoubleTree by Hilton Hotel Hangzhou East,,DoubleTree by Hilton,希尔顿逸林,hilton-doubletree-by-hilton,FULLY_BOOKABLE,Hotel,Hotel,Hangzhou,,,,"600 Jinsha Avenue, Hangzhou, China",,,30.318132,120.330552,+86 571 8989 8888,https://www.hilton.com/en/hotels/hghhedi-doubletree-hangzhou-east/,https://www.hilton.com/zh-hans/hotels/hghhedi-doubletree-hangzhou-east/,,2013-12-16,,,
HILTON-HGHOCHX,Hampton Apartments by Hilton Hangzhou Olympic Center,,Hampton by Hilton,希尔顿欢朋,hilton-hampton-by-hilton,FULLY_BOOKABLE,Hotel,Hotel,Hangzhou,,,,"208 Feihong Rd, Binjiang District,, Hangzhou, China",,,30.223141,120.2447,+86 571 8589 2668,https://www.hilton.com/en/hotels/hghochx-hampton-apartments-hangzhou-olympic-center/,https://www.hilton.com/zh-hans/hotels/hghochx-hampton-apartments-hangzhou-olympic-center/,,,,,
HILTON-HGHBJHX,Hampton by Hilton Hangzhou Binjiang,,Hampton by Hilton,希尔顿欢朋,hilton-hampton-by-hilton,FULLY_BOOKABLE,Hotel,Hotel,Hangzhou,,,,"No.599 Binfen Road,, Hangzhou, China",,,30.2147697932,120.2245804,+86 571 8603 6888,https://www.hilton.com/en/hotels/hghbjhx-hampton-hangzhou-binjiang/,https://www.hilton.com/zh-hans/hotels/hghbjhx-hampton-hangzhou-binjiang/,,2017-07-21,,,
HILTON-HGHAMHX,Hampton by Hilton Hangzhou East Station,,Hampton by Hilton,希尔顿欢朋,hilton-hampton-by-hilton,FULLY_BOOKABLE,Hotel,Hotel,Hangzhou,,,,"No. 326, North Qiutao Road,, Hangzhou, China",,,30.290093,120.198431,+86 571 8508 6688,https://www.hilton.com/en/hotels/hghamhx-hampton-hangzhou-east-station/,https://www.hilton.com/zh-hans/hotels/hghamhx-hampton-hangzhou-east-station/,,2024-03-20,,,
HILTON-HGHOUHX,Hampton by Hilton Hangzhou Future Technology City,,Hampton by Hilton,希尔顿欢朋,hilton-hampton-by-hilton,FULLY_BOOKABLE,Hotel,Hotel,Hangzhou,,,,"No.2 Building, No.990 Xiangwang St., Hangzhou, China",,,30.286182,120.016859,+86 571 8873 6777,https://www.hilton.com/en/hotels/hghouhx-hampton-hangzhou-future-technology-city/,https://www.hilton.com/zh-hans/hotels/hghouhx-hampton-hangzhou-future-technology-city/,,,,,
HILTON-HGHAPHX,Hampton by Hilton Hangzhou GongShu TongXie Road Subway Station,,Hampton by Hilton,希尔顿欢朋,hilton-hampton-by-hilton,FULLY_BOOKABLE,Hotel,Hotel,Hangzhou,,,,"No. 368, Hangbo Road, Hangzhou, China",,,30.349148,120.217483,+86 571 8506 8808,https://www.hilton.com/en/hotels/hghaphx-hampton-hangzhou-gongshu-tongxie-road-subway-station/,https://www.hilton.com/zh-hans/hotels/hghaphx-hampton-hangzhou-gongshu-tongxie-road-subway-station/,,2024-09-06,,,
HILTON-HGHECHX,Hampton by Hilton Hangzhou Lakeside Wulin Square,,Hampton by Hilton,希尔顿欢朋,hilton-hampton-by-hilton,FULLY_BOOKABLE,Hotel,Hotel,Hangzhou,,,,"NO.347 Tiyuchang Road, Hangzhou, China",,,30.270102,120.160145,+86 571 8578 1199,https://www.hilton.com/en/hotels/hghechx-hampton-hangzhou-lakeside-wulin-square/,https://www.hilton.com/zh-hans/hotels/hghechx-hampton-hangzhou-lakeside-wulin-square/,,2025-01-28,,,
HILTON-HGHHGHX,Hampton by Hilton Hangzhou Liangzhu,,Hampton by Hilton,希尔顿欢朋,hilton-hampton-by-hilton,FULLY_BOOKABLE,Hotel,Hotel,Hangzhou,,,,"No.1900 Gudun Road,Yuhang District, Hangzhou, China",,,30.36690191255,120.06047514219,+86 571 8866 8555,https://www.hilton.com/en/hotels/hghhghx-hampton-hangzhou-liangzhu/,https://www.hilton.com/zh-hans/hotels/hghhghx-hampton-hangzhou-liangzhu/,,2023-09-06,,,
HILTON-HGHLPHX,Hampton by Hilton Hangzhou Linping Hi-Railway Station,,Hampton by Hilton,希尔顿欢朋,hilton-hampton-by-hilton,FULLY_BOOKABLE,Hotel,Hotel,Hangzhou,,,,"Building 2, Nanyuan Street, Hangzhou, China",,,30.3992988,120.29742895,+86 571 8639 6688,https://www.hilton.com/en/hotels/hghlphx-hampton-hangzhou-yuhang-hi-railway-station/,https://www.hilton.com/zh-hans/hotels/hghlphx-hampton-hangzhou-yuhang-hi-railway-station/,,,,,
HILTON-HGHGHHX,Hampton by Hilton Hangzhou Linping Qiaosi South,,Hampton by Hilton,希尔顿欢朋,hilton-hampton-by-hilton,OPENING_SOON,Hotel,Hotel,Hangzhou,,,,"Building 1, No. 568 Jiuhua Road, Hangzhou, China",,,30.33460274546,120.28358511296,+86 571 8196 6688,https://www.hilton.com/en/hotels/hghghhx-hampton-hangzhou-linping-qiaosi-south/,https://www.hilton.com/zh-hans/hotels/hghghhx-hampton-hangzhou-linping-qiaosi-south/,,2026-06-30,,,
HILTON-HGHAGHX,Hampton by Hilton Hangzhou Northern Gongshu,,Hampton by Hilton,希尔顿欢朋,hilton-hampton-by-hilton,FULLY_BOOKABLE,Hotel,Hotel,Hangzhou,,,,"No.88 Chunlan Branch road, Hangzhou, China",,,30.351029,120.187072,+86 571 8506 9666,https://www.hilton.com/en/hotels/hghaghx-hampton-by-hilton-hangzhou-northern-gongshu/,https://www.hilton.com/zh-hans/hotels/hghaghx-hampton-by-hilton-hangzhou-northern-gongshu/,,2024-07-03,,,
HILTON-HGHHZHX,Hampton by Hilton Hangzhou Olympic Center,,Hampton by Hilton,希尔顿欢朋,hilton-hampton-by-hilton,FULLY_BOOKABLE,Hotel,Hotel,Hangzhou,,,,"No.208 Feihong Road,, Hangzhou, China",,,30.226313008,120.2276053223,+86 571 8589 2668,https://www.hilton.com/en/hotels/hghhzhx-hampton-hangzhou-olympic-center/,https://www.hilton.com/zh-hans/hotels/hghhzhx-hampton-hangzhou-olympic-center/,,,,,
HILTON-HGHCCHX,Hampton by Hilton Hangzhou Qianjiang Century City International Expo Center,,Hampton by Hilton,希尔顿欢朋,hilton-hampton-by-hilton,FULLY_BOOKABLE,Hotel,Hotel,Hangzhou,,,,"No.159 Haoyue Road,, Hangzhou, China",,,30.234049,120.254702,+86 571 8260 1818,https://www.hilton.com/en/hotels/hghcchx-hampton-hangzhou-qianjiang-century-city-international-expo-center/,https://www.hilton.com/zh-hans/hotels/hghcchx-hampton-hangzhou-qianjiang-century-city-international-expo-center/,,,,,
HILTON-HGHHUHX,Hampton by Hilton Hangzhou Shangcheng Jiubao,,Hampton by Hilton,希尔顿欢朋,hilton-hampton-by-hilton,FULLY_BOOKABLE,Hotel,Hotel,Hangzhou,,,,"Building 3, Yucangxuan, No.266, Jiuzhou Road, Shangcheng District, Hangzhou, Hangzhou, China",,,30.314173,120.249768,+86 571 8609 6688,https://www.hilton.com/en/hotels/hghhuhx-hampton-suites-shangcheng-jiubao/,https://www.hilton.com/zh-hans/hotels/hghhuhx-hampton-suites-shangcheng-jiubao/,,2025-10-02,,,
HILTON-HGHQTHX,Hampton by Hilton Hangzhou Sijiqing Qianjiang New Town,,Hampton by Hilton,希尔顿欢朋,hilton-hampton-by-hilton,FULLY_BOOKABLE,Hotel,Hotel,Hangzhou,,,,"No. 489 Qiutao Branch Road, Hangzhou, China",,,30.241005,120.196224,+86 571 8897 9188,https://www.hilton.com/en/hotels/hghqthx-hampton-hangzhou-sijiqing-qianjiang-new-town/,https://www.hilton.com/zh-hans/hotels/hghqthx-hampton-hangzhou-sijiqing-qianjiang-new-town/,2025-11-21,2025-11-21,,,
HILTON-HGHTBHX,Hampton by Hilton Hangzhou Tonglu Fuchun River,,Hampton by Hilton,希尔顿欢朋,hilton-hampton-by-hilton,FULLY_BOOKABLE,Hotel,Hotel,Hangzhou,,,,"Yunduan Tower, 555 Binjiang Rd,, Hangzhou, China",,,29.810212,119.698702,+86 571 6980 7999,https://www.hilton.com/en/hotels/hghtbhx-hampton-hangzhou-tonglu-fuchun-river/,https://www.hilton.com/zh-hans/hotels/hghtbhx-hampton-hangzhou-tonglu-fuchun-river/,,2022-02-28,,,
HILTON-HGHHHHX,Hampton by Hilton Hangzhou West Lake,,Hampton by Hilton,希尔顿欢朋,hilton-hampton-by-hilton,FULLY_BOOKABLE,Hotel,Hotel,Hangzhou,,,,"158 Daxue Rd, Shangcheng District, Hangzhou, China",,,30.25705438739,120.18285326899,+86 571 2800 0666,https://www.hilton.com/en/hotels/hghhhhx-hampton-hangzhou-west-lake/,https://www.hilton.com/zh-hans/hotels/hghhhhx-hampton-hangzhou-west-lake/,,,,,
HILTON-HGHMTHX,Hampton by Hilton Hangzhou Xiaoshan Jiangnan Technology City,,Hampton by Hilton,希尔顿欢朋,hilton-hampton-by-hilton,FULLY_BOOKABLE,Hotel,Hotel,Hangzhou,,,,"Building 3, Halo Valley, No. 355,, Hangzhou, China",,,30.237412,120.347741,+86 571 8299 9997,https://www.hilton.com/en/hotels/hghmthx-hampton-hangzhou-xiaoshan-jiangnan-technology-city/,https://www.hilton.com/zh-hans/hotels/hghmthx-hampton-hangzhou-xiaoshan-jiangnan-technology-city/,,2023-06-16,,,
HILTON-HGHXSHX,Hampton by Hilton Hangzhou Xiaoshan People's Square,,Hampton by Hilton,希尔顿欢朋,hilton-hampton-by-hilton,FULLY_BOOKABLE,Hotel,Hotel,Hangzhou,,,,"No.777 Boxue Road,, Hangzhou, China",,,30.188726,120.266438,+86 571 8677 7999,https://www.hilton.com/en/hotels/hghxshx-hampton-hangzhou-xiaoshan-peoples-square/,https://www.hilton.com/zh-hans/hotels/hghxshx-hampton-hangzhou-xiaoshan-peoples-square/,,,,,
HILTON-HGHANHX,Hampton by Hilton Hangzhou Xixi Zijingang,,Hampton by Hilton,希尔顿欢朋,hilton-hampton-by-hilton,FULLY_BOOKABLE,Hotel,Hotel,Hangzhou,,,,"No.987 Moganshan Road,, Hangzhou, China",,,30.308947,120.119393,+86 571 8609 8089,https://www.hilton.com/en/hotels/hghanhx-hampton-hangzhou-xixi-zijingang/,https://www.hilton.com/zh-hans/hotels/hghanhx-hampton-hangzhou-xixi-zijingang/,,,,,
HILTON-HGHHTHX,Hampton by Hilton Hangzhou Yunhe,,Hampton by Hilton,希尔顿欢朋,hilton-hampton-by-hilton,FULLY_BOOKABLE,Hotel,Hotel,Hangzhou,,,,"No. 1025 Hangxing Rd,, Hangzhou, China",,,30.343947,120.115404,+86 571 8879 9898,https://www.hilton.com/en/hotels/hghhthx-hampton-hangzhou-yunhe/,https://www.hilton.com/zh-hans/hotels/hghhthx-hampton-hangzhou-yunhe/,,,,,
HILTON-HGHHNHX,Hampton by Hilton Hangzhou Zhuantang Meiyuan,,Hampton by Hilton,希尔顿欢朋,hilton-hampton-by-hilton,FULLY_BOOKABLE,Hotel,Hotel,Hangzhou,,,,"Bldg 2, Jiuyao Commercial Center,, Hangzhou, China",,,30.146118,120.071105,+86 571 8696 1111,https://www.hilton.com/en/hotels/hghhnhx-hampton-hangzhou-zhuantang-meiyuan/,https://www.hilton.com/zh-hans/hotels/hghhnhx-hampton-hangzhou-zhuantang-meiyuan/,,,,,
HILTON-HGHMSLX,"Hangzhou Muh Shoou Xixi Hotel, an SLH Hotel",,Small Luxury Hotels of the World,全球奢华精品酒店,hilton-small-luxury-hotels-slh,FULLY_BOOKABLE,Hotel,Hotel,Hangzhou,,,,"Zhangshu Wharf, Hangzhou, China",,,30.255069,120.052989,+86 571 8585 1688,https://www.hilton.com/en/hotels/hghmslx-hangzhou-muh-shoou-xixi-hotel/,https://www.hilton.com/zh-hans/hotels/hghmslx-hangzhou-muh-shoou-xixi-hotel/,,2024-07-09,,,
HILTON-HGHFCGI,Hilton Garden Inn Hangzhou Fuyang Fuchun,,Hilton Garden Inn,希尔顿花园酒店,hilton-hilton-garden-inn,FULLY_BOOKABLE,Hotel,Hotel,Hangzhou,,,,"No.508, Wenju Street, Hangzhou, China",,,30.065743,119.944504,+86 571 2323 8999,https://www.hilton.com/en/hotels/hghfcgi-hilton-garden-inn-hangzhou-fuyang-fuchun/,https://www.hilton.com/zh-hans/hotels/hghfcgi-hilton-garden-inn-hangzhou-fuyang-fuchun/,2026-01-08,2026-01-08,,,
HILTON-HGHONGI,Hilton Garden Inn Hangzhou Grand Canal,,Hilton Garden Inn,希尔顿花园酒店,hilton-hilton-garden-inn,FULLY_BOOKABLE,Hotel,Hotel,Hangzhou,,,,"No.182, Gaotingba Alley (at the intersection of Shenban Road and Shixiang Road), Gongshu District,, Hangzhou, China",,,30.331457,120.172801,+86 571 8606 5888,https://www.hilton.com/en/hotels/hghongi-hilton-garden-inn-hangzhou-grand-canal/,https://www.hilton.com/zh-hans/hotels/hghongi-hilton-garden-inn-hangzhou-grand-canal/,2026-02-09,2026-02-09,,,
HILTON-HGHLUGI,Hilton Garden Inn Hangzhou Lu'niao,,Hilton Garden Inn,希尔顿花园酒店,hilton-hilton-garden-inn,FULLY_BOOKABLE,Hotel,Hotel,Hangzhou,,,,"No. 8 Xunli St, Luniao Town, Hangzhou, China",,,30.475,119.766584,+86 571 8857 6688,https://www.hilton.com/en/hotels/hghlugi-hilton-garden-inn-hangzhou-luniao/,https://www.hilton.com/zh-hans/hotels/hghlugi-hilton-garden-inn-hangzhou-luniao/,,2017-10-28,,,
HILTON-HGHXHGI,Hilton Garden Inn Hangzhou West Lake,,Hilton Garden Inn,希尔顿花园酒店,hilton-hilton-garden-inn,FULLY_BOOKABLE,Hotel,Hotel,Hangzhou,,,,"No. 228 Middle Zhonghe Road,, Hangzhou, China",,,30.255133,120.172448,+86 571 8708 6688,https://www.hilton.com/en/hotels/hghxhgi-hilton-garden-inn-hangzhou-west-lake/,https://www.hilton.com/zh-hans/hotels/hghxhgi-hilton-garden-inn-hangzhou-west-lake/,,2024-04-30,,,
HILTON-HGHUKGI,Hilton Garden Inn Hangzhou Xiaoshan,,Hilton Garden Inn,希尔顿花园酒店,hilton-hilton-garden-inn,FULLY_BOOKABLE,Hotel,Hotel,Hangzhou,,,,"No.737, Lifeng Rd, Xiaoshan Distric, Hangzhou, China",,,30.230122,120.25766,+86 571 8287 1777,https://www.hilton.com/en/hotels/hghukgi-hilton-garden-inn-hangzhou-xiaoshan/,https://www.hilton.com/zh-hans/hotels/hghukgi-hilton-garden-inn-hangzhou-xiaoshan/,,2023-05-31,,,
HILTON-HGHXXGI,Hilton Garden Inn Hangzhou Xixi Zijingang,,Hilton Garden Inn,希尔顿花园酒店,hilton-hilton-garden-inn,FULLY_BOOKABLE,Hotel,Hotel,Hangzhou,,,,"No. 492 Fengqing road, Gongshu, Hangzhou, China",,,30.332857,120.105019,+86 571 8557 0888,https://www.hilton.com/en/hotels/hghxxgi-hilton-garden-inn-hangzhou-xixi-zijingang/,https://www.hilton.com/zh-hans/hotels/hghxxgi-hilton-garden-inn-hangzhou-xixi-zijingang/,,2022-12-15,,,
HILTON-HGHXIHT,Home2 Suites by Hilton Hangzhou East Railway Station,,Home2 Suites by Hilton,希尔顿惠庭,hilton-home2-suites,FULLY_BOOKABLE,Hotel,Hotel,Hangzhou,,,,"Building 4, Fuyi Garden Center,, Hangzhou, China",,,30.296568,120.219245,+86 571 5651 1188,https://www.hilton.com/en/hotels/hghxiht-home2-suites-hangzhou-east-railway-station/,https://www.hilton.com/zh-hans/hotels/hghxiht-home2-suites-hangzhou-east-railway-station/,,2023-03-15,,,
HILTON-HGHCAHT,Home2 Suites by Hilton Hangzhou Qianjiang New Town,,Home2 Suites by Hilton,希尔顿惠庭,hilton-home2-suites,FULLY_BOOKABLE,Hotel,Hotel,Hangzhou,,,,"37 Sanxin Road, Sijiqing Community, Hangzhou, China",,,30.261432,120.219908,+86 571 8688 7111,https://www.hilton.com/en/hotels/hghcaht-home2-suites-hangzhou-qianjiang-new-town/,https://www.hilton.com/zh-hans/hotels/hghcaht-home2-suites-hangzhou-qianjiang-new-town/,,2022-06-27,,,
HILTON-HGHHAHT,Home2 Suites by Hilton Hangzhou Yuhang,,Home2 Suites by Hilton,希尔顿惠庭,hilton-home2-suites,OPENING_SOON,Hotel,Hotel,Hangzhou,,,,"No. 8 Xincheng Middle Road, Hangzhou, China",,,30.445846,120.084138,+86 571 5800 8088,https://www.hilton.com/en/hotels/hghhaht-home2-suites-hangzhou-yuhang/,https://www.hilton.com/zh-hans/hotels/hghhaht-home2-suites-hangzhou-yuhang/,,2026-08-31,,,
HILTON-HGHQVLX,"Qiushui Villa, an SLH Hotel",,Small Luxury Hotels of the World,全球奢华精品酒店,hilton-small-luxury-hotels-slh,FULLY_BOOKABLE,Hotel,Hotel,Hangzhou,,,,"60 Beishan Street, Hangzhou, China",,,30.25772,120.13817,+86 571 8766 0110,https://www.hilton.com/en/hotels/hghqvlx-qiushui-villa/,https://www.hilton.com/zh-hans/hotels/hghqvlx-qiushui-villa/,,2024-07-09,,,
HILTON-HGHTMQQ,"Shu Hua Hotel Tianmu Mountain, Curio Collection by Hilton",,Curio Collection by Hilton,希尔顿格芮精选,hilton-curio-collection,FULLY_BOOKABLE,Hotel,Hotel,Hangzhou,,,,"No. 666, Yaojia, Qiandong Village, Yuqian Town, Lin'an District,, Hangzhou, China",,,30.239981,119.734345,+86 571 6370 8888,https://www.hilton.com/en/hotels/hghtmqq-shu-hua-hotel-tianmu-mountain/,https://www.hilton.com/zh-hans/hotels/hghtmqq-shu-hua-hotel-tianmu-mountain/,,2025-08-30,,,
HILTON-HGHVHLX,"Vallie Hotel, an SLH Hotel",,Small Luxury Hotels of the World,全球奢华精品酒店,hilton-small-luxury-hotels-slh,FULLY_BOOKABLE,Hotel,Hotel,Hangzhou,,,,"85 3 Zhijiang Road, Hangzhou, China",,,30.196486,120.132076,+86 571 8106 0055,https://www.hilton.com/en/hotels/hghvhlx-vallie-hotel/,https://www.hilton.com/zh-hans/hotels/hghvhlx-vallie-hotel/,,2024-07-09,,,
HILTON-HRBHXHX,Hampton by Hilton Harbin Daoli,,Hampton by Hilton,希尔顿欢朋,hilton-hampton-by-hilton,FULLY_BOOKABLE,Hotel,Hotel,Harbin,,,,"No.138 Tongda Avenue Daoli District, Harbin, China",,,45.743643,126.609934,+86 451 8486 1555,https://www.hilton.com/en/hotels/hrbhxhx-hampton-harbin-daoli/,https://www.hilton.com/zh-hans/hotels/hrbhxhx-hampton-harbin-daoli/,,2022-12-31,,,
HILTON-HRBHWHX,Hampton by Hilton Harbin Haxi,,Hampton by Hilton,希尔顿欢朋,hilton-hampton-by-hilton,FULLY_BOOKABLE,Hotel,Hotel,Harbin,,,,"No. 32 Nanxing Rd, Nangang District, Harbin, China",,,45.6960375166,126.582445637,+86 451 5868 0688,https://www.hilton.com/en/hotels/hrbhwhx-hampton-harbin-haxi/,https://www.hilton.com/zh-hans/hotels/hrbhwhx-hampton-harbin-haxi/,,,,,
HILTON-HRBINHX,Hampton by Hilton Harbin Int'l Convention and Exhibition Center,,Hampton by Hilton,希尔顿欢朋,hilton-hampton-by-hilton,FULLY_BOOKABLE,Hotel,Hotel,Harbin,,,,"No.101 Zhongshan Road, Harbin, China",,,45.738579,126.669267,+86 451 8876 5999,https://www.hilton.com/en/hotels/hrbinhx-hampton-harbin-intl-convention-and-exhibition-center/,https://www.hilton.com/zh-hans/hotels/hrbinhx-hampton-harbin-intl-convention-and-exhibition-center/,,2024-08-05,,,
HILTON-HRBLAHX,Hampton by Hilton Harbin Qunli,,Hampton by Hilton,希尔顿欢朋,hilton-hampton-by-hilton,FULLY_BOOKABLE,Hotel,Hotel,Harbin,,,,"No.2732-8 Qunli Avenue,, Harbin, China",,,45.74697560493,126.57423033086,+86 451 5630 1111,https://www.hilton.com/en/hotels/hrblahx-hampton-harbin-qunli/,https://www.hilton.com/zh-hans/hotels/hrblahx-hampton-harbin-qunli/,,2022-01-25,,,
HILTON-HRBJWHX,Hampton by Hilton Harbin Sophia,,Hampton by Hilton,希尔顿欢朋,hilton-hampton-by-hilton,FULLY_BOOKABLE,Hotel,Hotel,Harbin,,,,"No.139,Jingwei Street, Harbin, China",,,45.774548,126.625486,+86 451 8903 2888,https://www.hilton.com/en/hotels/hrbjwhx-hampton-harbin-sophia/,https://www.hilton.com/zh-hans/hotels/hrbjwhx-hampton-harbin-sophia/,2025-12-11,2025-12-11,,,
HILTON-HRBCTHX,Hampton by Hilton Harbin Zhongyang Street,,Hampton by Hilton,希尔顿欢朋,hilton-hampton-by-hilton,FULLY_BOOKABLE,Hotel,Hotel,Harbin,,,,"No.147 Youzheng Street,, Harbin, China",,,45.7654637,126.6472285,+86 451 5362 6888,https://www.hilton.com/en/hotels/hrbcthx-hampton-harbin-zhongyang-street/,https://www.hilton.com/zh-hans/hotels/hrbcthx-hampton-harbin-zhongyang-street/,,,,,
HILTON-HRBYYHX,Hampton by Hilton Wuchang,,Hampton by Hilton,希尔顿欢朋,hilton-hampton-by-hilton,OPENING_SOON,Hotel,Hotel,Harbin,,,,"No.1001 Yachen Road, Harbin, China",,,44.942719,127.181161,+86 451 5195 8888,https://www.hilton.com/en/hotels/hrbyyhx-hampton-wuchang/,https://www.hilton.com/zh-hans/hotels/hrbyyhx-hampton-wuchang/,,2026-06-30,,,
HILTON-HRBXIGI,Hilton Garden Inn Harbin Haxi,,Hilton Garden Inn,希尔顿花园酒店,hilton-hilton-garden-inn,FULLY_BOOKABLE,Hotel,Hotel,Harbin,,,,"No.683 Harbin Street, Nangang District, Harbin, China",,,45.807242,126.544623,+86 451 5196 9999,https://www.hilton.com/en/hotels/hrbxigi-hilton-garden-inn-harbin-haxi/,https://www.hilton.com/zh-hans/hotels/hrbxigi-hilton-garden-inn-harbin-haxi/,,2025-04-30,,,
HILTON-HRBRBHI,Hilton Harbin Exhibition Center,,Hilton Hotels & Resorts,希尔顿酒店及度假村,hilton-hilton-hotels,FULLY_BOOKABLE,Hotel,Hotel,Harbin,,,,"392 Changjiang Road, Nangang District, Harbin, China",,,45.757216,126.709102,+86 451 5171 7777,https://www.hilton.com/en/hotels/hrbrbhi-hilton-harbin/,https://www.hilton.com/zh-hans/hotels/hrbrbhi-hilton-harbin/,,2025-07-30,,,
HILTON-HRBHCHT,Home2 Suites by Hilton Harbin Central Street,,Home2 Suites by Hilton,希尔顿惠庭,hilton-home2-suites,FULLY_BOOKABLE,Hotel,Hotel,Harbin,,,,"No. 69, Gongchang Street, Harbin, China",,,45.76596,126.62652,+86 451 5187 2666,https://www.hilton.com/en/hotels/hrbhcht-home2-suites-harbin-central-street/,https://www.hilton.com/zh-hans/hotels/hrbhcht-home2-suites-harbin-central-street/,,2024-09-28,,,
HILTON-HRBHNHT,Home2 Suites by Hilton Harbin Qunli,,Home2 Suites by Hilton,希尔顿惠庭,hilton-home2-suites,FULLY_BOOKABLE,Hotel,Hotel,Harbin,,,,"No. 107, Qunli Avenue, Harbin, China",,,45.740077,126.554199,+86 451 8203 8888,https://www.hilton.com/en/hotels/hrbhnht-home2-suites-harbin-qunli/,https://www.hilton.com/zh-hans/hotels/hrbhnht-home2-suites-harbin-qunli/,2026-01-08,2026-01-08,,,
HILTON-CGOXIHX,Hampton by Hilton Hebi Railway Station,,Hampton by Hilton,希尔顿欢朋,hilton-hampton-by-hilton,FULLY_BOOKABLE,Hotel,Hotel,Hebi,,,,"Intersection Nanhai Rd. Xinghe Ave, Hebi, China",,,35.704908,114.298317,+86 392 365 7777,https://www.hilton.com/en/hotels/cgoxihx-hampton-hebi-railway-station/,https://www.hilton.com/zh-hans/hotels/cgoxihx-hampton-hebi-railway-station/,,2022-07-17,,,
HILTON-HFEZSHX,Hampton by Hilton Hefei Binhu,,Hampton by Hilton,希尔顿欢朋,hilton-hampton-by-hilton,FULLY_BOOKABLE,Hotel,Hotel,Hefei,,,,"Block C Jiayuan Plaza, Hefei, China",,,31.731979,117.30545,+86 551 6493 9999,https://www.hilton.com/en/hotels/hfezshx-hampton-hefei-binhu/,https://www.hilton.com/zh-hans/hotels/hfezshx-hampton-hefei-binhu/,,2024-04-30,,,
HILTON-HFEFAHX,Hampton by Hilton Hefei Economic Development Zone,,Hampton by Hilton,希尔顿欢朋,hilton-hampton-by-hilton,FULLY_BOOKABLE,Hotel,Hotel,Hefei,,,,"12227 Fanhua Avenue, Hefei, China",,,31.7816401486,117.2059536373,+86 551 6902 9888,https://www.hilton.com/en/hotels/hfefahx-hampton-hefei-economic-development-zone/,https://www.hilton.com/zh-hans/hotels/hfefahx-hampton-hefei-economic-development-zone/,,,,,
HILTON-HFEHEHX,Hampton by Hilton Hefei Feidong,,Hampton by Hilton,希尔顿欢朋,hilton-hampton-by-hilton,FULLY_BOOKABLE,Hotel,Hotel,Hefei,,,,"No1 Building Phoenix City,, Hefei, China",,,31.876736,117.441386,+86 551 6715 7666,https://www.hilton.com/en/hotels/hfehehx-hampton-hefei-feidong/,https://www.hilton.com/zh-hans/hotels/hfehehx-hampton-hefei-feidong/,,2022-07-20,,,
HILTON-HFEGXHX,Hampton by Hilton Hefei High-Tech Zone,,Hampton by Hilton,希尔顿欢朋,hilton-hampton-by-hilton,FULLY_BOOKABLE,Hotel,Hotel,Hefei,,,,"11 Haiguan Rd, Gaoxin District, Hefei, China",,,31.8472718606,117.202230205,+86 551 6522 5666,https://www.hilton.com/en/hotels/hfegxhx-hampton-hefei-high-tech-zone/,https://www.hilton.com/zh-hans/hotels/hfegxhx-hampton-hefei-high-tech-zone/,,2016-11-25,,,
HILTON-HFEXIHX,Hampton by Hilton Hefei Luyang,,Hampton by Hilton,希尔顿欢朋,hilton-hampton-by-hilton,FULLY_BOOKABLE,Hotel,Hotel,Hefei,,,,"Xintiandi Plaza, 168 Suixi Rd, Hefei, China",,,31.8810065171,117.2794345741,+86 551 6226 6188,https://www.hilton.com/en/hotels/hfexihx-hampton-hefei-luyang/,https://www.hilton.com/zh-hans/hotels/hfexihx-hampton-hefei-luyang/,,,,,
HILTON-HFESXHX,Hampton by Hilton Hefei Sanxiaokou,,Hampton by Hilton,希尔顿欢朋,hilton-hampton-by-hilton,FULLY_BOOKABLE,Hotel,Hotel,Hefei,,,,"389-399 Jinzhai Rd, Luyang District, Hefei, China",,,31.8581300164,117.2756190141,+86 551 6515 6555,https://www.hilton.com/en/hotels/hfesxhx-hampton-hefei-sanxiaokou/,https://www.hilton.com/zh-hans/hotels/hfesxhx-hampton-hefei-sanxiaokou/,,,,,
HILTON-HFEHSHX,Hampton by Hilton Hefei West Railway Station Sili River,,Hampton by Hilton,希尔顿欢朋,hilton-hampton-by-hilton,FULLY_BOOKABLE,Hotel,Hotel,Hefei,,,,"Building B, Dingxin Center,, Hefei, China",,,31.878488,117.26452,+86 551 6266 9666,https://www.hilton.com/en/hotels/hfehshx-hampton-hefei-west-railway-station-sili-river/,https://www.hilton.com/zh-hans/hotels/hfehshx-hampton-hefei-west-railway-station-sili-river/,,,,,
HILTON-HFEFFHX,Hampton by Hilton Hefei Xinqiao International Airport,,Hampton by Hilton,希尔顿欢朋,hilton-hampton-by-hilton,FULLY_BOOKABLE,Hotel,Hotel,Hefei,,,,"Building 2,No.238 Shuojin Street of, Hefei, China",,,31.962069,117.032538,+86 551 6616 6999,https://www.hilton.com/en/hotels/hfeffhx-hampton-hefei-xinqiao-international-airport/,https://www.hilton.com/zh-hans/hotels/hfeffhx-hampton-hefei-xinqiao-international-airport/,,2025-02-26,,,
HILTON-HFEBHGI,Hilton Garden Inn Hefei Binhu New District,,Hilton Garden Inn,希尔顿花园酒店,hilton-hilton-garden-inn,FULLY_BOOKABLE,Hotel,Hotel,Hefei,,,,"No. 4872 Huizhou Ave Baohe District, Hefei, China",,,31.756544,117.289882,+86 551 8817 7777,https://www.hilton.com/en/hotels/hfebhgi-hilton-garden-inn-hefei-binhu-new-district/,https://www.hilton.com/zh-hans/hotels/hfebhgi-hilton-garden-inn-hefei-binhu-new-district/,,2022-09-26,,,
HILTON-HFEJSGI,Hilton Garden Inn Hefei Feixi,,Hilton Garden Inn,希尔顿花园酒店,hilton-hilton-garden-inn,FULLY_BOOKABLE,Hotel,Hotel,Hefei,,,,"35-41F, G3 Building, Greenbelt New City, Hefei, China",,,31.740802,117.181956,+86 551 6468 8888,https://www.hilton.com/en/hotels/hfejsgi-hilton-garden-inn-hefei-feixi/,https://www.hilton.com/zh-hans/hotels/hfejsgi-hilton-garden-inn-hefei-feixi/,,2024-12-29,,,
HILTON-HFEHTGI,Hilton Garden Inn Hefei High-Tech Zone,,Hilton Garden Inn,希尔顿花园酒店,hilton-hilton-garden-inn,FULLY_BOOKABLE,Hotel,Hotel,Hefei,,,,"2696 Innovation Avenue, High-tech Zone, Hefei, China",,,31.84921,117.13473,+86 551 6617 9888,https://www.hilton.com/en/hotels/hfehtgi-hilton-garden-inn-hefei-high-tech-zone/,https://www.hilton.com/zh-hans/hotels/hfehtgi-hilton-garden-inn-hefei-high-tech-zone/,,2025-02-12,,,
HILTON-HFEHIHI,Hilton Hefei,,Hilton Hotels & Resorts,希尔顿酒店及度假村,hilton-hilton-hotels,FULLY_BOOKABLE,Hotel,Hotel,Hefei,,,,"198 ShengLi Road, Hefei, China",,,31.882197,117.317234,+86 551 6280 8888,https://www.hilton.com/en/hotels/hfehihi-hilton-hefei/,https://www.hilton.com/zh-hans/hotels/hfehihi-hilton-hefei/,,2007-01-01,,,
HILTON-HFEEIHT,Home2 Suites by Hilton Hefei South Railway Station,,Home2 Suites by Hilton,希尔顿惠庭,hilton-home2-suites,FULLY_BOOKABLE,Hotel,Hotel,Hefei,,,,"Building 2, Xinda Tianyu,, Hefei, China",,,31.803323,117.267733,+86 551 6490 5888,https://www.hilton.com/en/hotels/hfeeiht-home2-suites-hefei-south-railway-station/,https://www.hilton.com/zh-hans/hotels/hfeeiht-home2-suites-hefei-south-railway-station/,,2023-05-15,,,
HILTON-HEKHEHX,Hampton by Hilton Heihe,,Hampton by Hilton,希尔顿欢朋,hilton-hampton-by-hilton,FULLY_BOOKABLE,Hotel,Hotel,Heihe,,,,"No. 399, Tielu Street, Heihe City, Heihe, China",,,50.225085,127.509702,+86 456 616 1111,https://www.hilton.com/en/hotels/hekhehx-hampton-heihe/,https://www.hilton.com/zh-hans/hotels/hekhehx-hampton-heihe/,,2025-04-22,,,
HILTON-SJWHGHT,Home2 Suites by Hilton Hengshui Taocheng,,Home2 Suites by Hilton,希尔顿惠庭,hilton-home2-suites,FULLY_BOOKABLE,Hotel,Hotel,Hengshui,,,,"Building S5, Hongxing Tianbao Commu, Hengshui, China",,,37.718,115.668,+86 318 236 6666,https://www.hilton.com/en/hotels/sjwhght-home2-suites-hengshui-taocheng/,https://www.hilton.com/zh-hans/hotels/sjwhght-home2-suites-hengshui-taocheng/,,2025-03-30,,,
HILTON-HNYXOHX,Hampton by Hilton Hengyang Huaxin,,Hampton by Hilton,希尔顿欢朋,hilton-hampton-by-hilton,FULLY_BOOKABLE,Hotel,Hotel,Hengyang,,,,"No.20 Chuanshan Ave,, Hengyang, China",,,26.903246,112.596182,+86 734 333 3338,https://www.hilton.com/en/hotels/hnyxohx-hampton-hengyang-huaxin/,https://www.hilton.com/zh-hans/hotels/hnyxohx-hampton-hengyang-huaxin/,,,,,
HILTON-HNYSGGI,Hilton Garden Inn Hengyang Shigu,,Hilton Garden Inn,希尔顿花园酒店,hilton-hilton-garden-inn,OPENING_SOON,Hotel,Hotel,Hengyang,,,,"199 Hongxiang North Road, Shigu District, Hengyang, China",,,26.931435,112.598267,+86 734 858 8888,https://www.hilton.com/en/hotels/hnysggi-hilton-garden-inn-hengyang-shigu/,https://www.hilton.com/zh-hans/hotels/hnysggi-hilton-garden-inn-hengyang-shigu/,,2027-01-01,,,
HILTON-HNYMTHT,Home2 Suites by Hilton Hengyang Xidu,,Home2 Suites by Hilton,希尔顿惠庭,hilton-home2-suites,FULLY_BOOKABLE,Hotel,Hotel,Hengyang,,,,"83 Xinzheng East Road, Xidu Town,, Hengyang, China",,,26.962423,112.38423,+86 734 680 6666,https://www.hilton.com/en/hotels/hnymtht-home2-suites-hengyang-xidu/,https://www.hilton.com/zh-hans/hotels/hnymtht-home2-suites-hengyang-xidu/,,2024-04-15,,,
HILTON-HNYCAHT,Home2 Suites by Hilton Hengyang Zhengxiang,,Home2 Suites by Hilton,希尔顿惠庭,hilton-home2-suites,FULLY_BOOKABLE,Hotel,Hotel,Hengyang,,,,"No.60, Chuanshan Avenue, Hengyang, China",,,26.91261,112.592502,+86 734 822 2333,https://www.hilton.com/en/hotels/hnycaht-home2-suites-hengyang-zhengxiang/,https://www.hilton.com/zh-hans/hotels/hnycaht-home2-suites-hengyang-zhengxiang/,,2024-09-17,,,
HILTON-HUZHADI,DoubleTree by Hilton Hotel Heyuan,,DoubleTree by Hilton,希尔顿逸林,hilton-doubletree-by-hilton,FULLY_BOOKABLE,Hotel,Hotel,Heyuan,,,,"123 Yuewang Avenue, Heyuan, China",,,23.767997,114.713593,+86 762 229 8888,https://www.hilton.com/en/hotels/huzhadi-doubletree-heyuan/,https://www.hilton.com/zh-hans/hotels/huzhadi-doubletree-heyuan/,,2014-12-28,,,
HILTON-HUZWGHX,Hampton by Hilton Heyuan Hakka Cultural Park,,Hampton by Hilton,希尔顿欢朋,hilton-hampton-by-hilton,FULLY_BOOKABLE,Hotel,Hotel,Heyuan,,,,"No.187 Wenchang Road North,, Heyuan, China",,,23.779455,114.715721,+86 762 891 8888,https://www.hilton.com/en/hotels/huzwghx-hampton-heyuan-hakka-cultural-park/,https://www.hilton.com/zh-hans/hotels/huzwghx-hampton-heyuan-hakka-cultural-park/,,2021-11-27,,,
HILTON-JNGHEGI,Hilton Garden Inn Heze,,Hilton Garden Inn,希尔顿花园酒店,hilton-hilton-garden-inn,FULLY_BOOKABLE,Hotel,Hotel,Heze,,,,"No. 1212 Changjiang Road, Heze, China",,,35.224985,115.470953,+86 530 795 9999,https://www.hilton.com/en/hotels/jnghegi-hilton-garden-inn-heze/,https://www.hilton.com/zh-hans/hotels/jnghegi-hilton-garden-inn-heze/,,2021-01-23,,,
HILTON-HZADMHT,Home2 Suites by Hilton Heze Dongming,,Home2 Suites by Hilton,希尔顿惠庭,hilton-home2-suites,OPENING_SOON,Hotel,Hotel,Heze,,,,"No. 888 Wusi road, Dongming County, Heze, Shandong, Heze, China",,,35.28808831892,115.13734043874,+86 530 761 8888,https://www.hilton.com/en/hotels/hzadmht-home2-suites-heze-dongming/,https://www.hilton.com/zh-hans/hotels/hzadmht-home2-suites-heze-dongming/,,2026-05-31,,,
HILTON-HLHHXHX,Hampton by Hilton Ulanhot,,Hampton by Hilton,希尔顿欢朋,hilton-hampton-by-hilton,FULLY_BOOKABLE,Hotel,Hotel,Hinggan,,,,"Hanshan West St Guiliuhe South Rd, Hinggan, China",,,46.0733766401,122.0195439638,+86 482 878 1999,https://www.hilton.com/en/hotels/hlhhxhx-hampton-ulanhot/,https://www.hilton.com/zh-hans/hotels/hlhhxhx-hampton-ulanhot/,,,,,
HILTON-HETSIHX,Hampton by Hilton Hohhot East Railway Station,,Hampton by Hilton,希尔顿欢朋,hilton-hampton-by-hilton,FULLY_BOOKABLE,Hotel,Hotel,Hohhot,,,,"No.42, Hailar East Street, Hohhot, China",,,40.85364,111.740566,+86 471 343 5555,https://www.hilton.com/en/hotels/hetsihx-hampton-hohhot-east-railway-station/,https://www.hilton.com/zh-hans/hotels/hetsihx-hampton-hohhot-east-railway-station/,,2025-08-07,,,
HILTON-HETHTHX,Hampton by Hilton Hohhot Gulou,,Hampton by Hilton,希尔顿欢朋,hilton-hampton-by-hilton,FULLY_BOOKABLE,Hotel,Hotel,Hohhot,,,,"9 Zhaowuda Rd, Xincheng District,, Hohhot, China",,,40.823841,111.688979,+86 471 668 6666,https://www.hilton.com/en/hotels/heththx-hampton-hohhot-gulou/,https://www.hilton.com/zh-hans/hotels/heththx-hampton-hohhot-gulou/,,,,,
HILTON-HETHCHX,Hampton by Hilton Hohhot Yuquan Hengsheng Plaza,,Hampton by Hilton,希尔顿欢朋,hilton-hampton-by-hilton,FULLY_BOOKABLE,Hotel,Hotel,Hohhot,,,,"Tower A , Hengsheng Plaza,, Hohhot, China",,,40.754356,111.696238,+86 471 635 5555,https://www.hilton.com/en/hotels/hethchx-hampton-hohhot-yuquan-hengsheng-plaza/,https://www.hilton.com/zh-hans/hotels/hethchx-hampton-hohhot-yuquan-hengsheng-plaza/,,2022-07-29,,,
HILTON-HETOHHT,Home2 Suites by Hilton Hohhot Jokhang Temple Hailiang Square,,Home2 Suites by Hilton,希尔顿惠庭,hilton-home2-suites,FULLY_BOOKABLE,Hotel,Hotel,Hohhot,,,,"No. 212, Zhongshan West Road, Hohhot, China",,,40.808289,111.65571,+86 471 565 6688,https://www.hilton.com/en/hotels/hetohht-home2-suites-hohhot-jokhang-temple-hailiang-square/,https://www.hilton.com/zh-hans/hotels/hetohht-home2-suites-hohhot-jokhang-temple-hailiang-square/,,2025-08-01,,,
HILTON-HTNHAHX,Hampton by Hilton Hotan,,Hampton by Hilton,希尔顿欢朋,hilton-hampton-by-hilton,FULLY_BOOKABLE,Hotel,Hotel,Hotan,,,,"Intersection of Gujiang South Road, Hotan, China",,,37.102022,79.934327,+86 903 666 6665,https://www.hilton.com/en/hotels/htnhahx-hampton-hotan/,https://www.hilton.com/zh-hans/hotels/htnhahx-hampton-hotan/,,2024-06-07,,,
HILTON-HIAXAHX,Hampton by Hilton Huai'an Bochi Mountain Park,,Hampton by Hilton,希尔顿欢朋,hilton-hampton-by-hilton,FULLY_BOOKABLE,Hotel,Hotel,Huai'an,,,,"No.73 Xiangyu Avenue, Economic and Tech Development Zone, Huai'an, China",,,33.595705,119.063743,+86 517 8319 8888,https://www.hilton.com/en/hotels/hiaxahx-hampton-huaian-bochi-mountain-park/,https://www.hilton.com/zh-hans/hotels/hiaxahx-hampton-huaian-bochi-mountain-park/,2026-02-14,2026-02-14,,,
HILTON-HIAEDHX,Hampton by Hilton Huai'an Jingkai,,Hampton by Hilton,希尔顿欢朋,hilton-hampton-by-hilton,FULLY_BOOKABLE,Hotel,Hotel,Huai'an,,,,"21 Xiamen Rd,, Huai'an, China",,,33.58488335,119.06417718,+86 517 8619 1999,https://www.hilton.com/en/hotels/hiaedhx-hampton-huaian-jingkai/,https://www.hilton.com/zh-hans/hotels/hiaedhx-hampton-huaian-jingkai/,,,,,
HILTON-HIAADHX,Hampton by Hilton Huai'an Xuyi,,Hampton by Hilton,希尔顿欢朋,hilton-hampton-by-hilton,FULLY_BOOKABLE,Hotel,Hotel,Huai'an,,,,"No.16 Jinyuan North Road,, Huai'an, China",,,33.000799,118.520518,+86 517 8876 9999,https://www.hilton.com/en/hotels/hiaadhx-hampton-huaian-xuyi/,https://www.hilton.com/zh-hans/hotels/hiaadhx-hampton-huaian-xuyi/,,2022-03-03,,,
HILTON-HIAHYGI,Hilton Garden Inn Huai'an Huaiyin,,Hilton Garden Inn,希尔顿花园酒店,hilton-hilton-garden-inn,FULLY_BOOKABLE,Hotel,Hotel,Huai'an,,,,"Jiahe Square Building 2, Huai'an, China",,,33.641203,119.042901,+86 517 8256 8888,https://www.hilton.com/en/hotels/hiahygi-hilton-garden-inn-huaian-huaiyin/,https://www.hilton.com/zh-hans/hotels/hiahygi-hilton-garden-inn-huaian-huaiyin/,,2025-06-21,,,
HILTON-HIAHCGI,Hilton Garden Inn Huai'an Jinhu,,Hilton Garden Inn,希尔顿花园酒店,hilton-hilton-garden-inn,FULLY_BOOKABLE,Hotel,Hotel,Huai'an,,,,"No.101, Jinhu West Road, Huai'an, China",,,33.02035,119.011635,+86 517 8685 8888,https://www.hilton.com/en/hotels/hiahcgi-hilton-garden-inn-huaian-jinhu/,https://www.hilton.com/zh-hans/hotels/hiahcgi-hilton-garden-inn-huaian-jinhu/,2025-12-22,2025-12-22,,,
HILTON-SZVHBHX,Hampton by Hilton Huaibei Donghu,,Hampton by Hilton,希尔顿欢朋,hilton-hampton-by-hilton,FULLY_BOOKABLE,Hotel,Hotel,Huaibei,,,,"No. 38 Huaihai East Road,, Huaibei, China",,,33.97978,116.83519,+86 561 707 9999,https://www.hilton.com/en/hotels/szvhbhx-hampton-huaibei-donghu/,https://www.hilton.com/zh-hans/hotels/szvhbhx-hampton-huaibei-donghu/,,2023-05-15,,,
HILTON-HJJAJGI,Hilton Garden Inn Huaihua Anjiang,,Hilton Garden Inn,希尔顿花园酒店,hilton-hilton-garden-inn,FULLY_BOOKABLE,Hotel,Hotel,Huaihua,,,,"Anjiang town,two intersections, National Agricultural Science Park, Huaihua, China",,,27.311626,110.155484,+86 745 212 9999,https://www.hilton.com/en/hotels/hjjajgi-hilton-garden-inn-huaihua-anijang/,https://www.hilton.com/zh-hans/hotels/hjjajgi-hilton-garden-inn-huaihua-anijang/,,2024-11-15,,,
HILTON-HJJHHHT,Home2 Suites by Hilton Huaihua Hecheng,,Home2 Suites by Hilton,希尔顿惠庭,hilton-home2-suites,FULLY_BOOKABLE,Hotel,Hotel,Huaihua,,,,"1F, Huaihua Newspaper Media Building, 200 Meters South of the Intersection of Hutian South Road and Liutang Road, Huaihua, China",,,27.527395,109.987107,+86 745 222 2229,https://www.hilton.com/en/hotels/hjjhhht-home2-suites-huaihua-hecheng/,https://www.hilton.com/zh-hans/hotels/hjjhhht-home2-suites-huaihua-hecheng/,2026-02-14,2026-02-14,,,
HILTON-TXNCNHX,Hampton by Hilton Huangshan Scenic Area South Gate,,Hampton by Hilton,希尔顿欢朋,hilton-hampton-by-hilton,FULLY_BOOKABLE,Hotel,Hotel,Huangshan,,,,"South Dachuan transfer point,Huangs, Huangshan, China",,,30.063462,118.177463,+86 559 558 2168,https://www.hilton.com/en/hotels/txncnhx-hampton-huangshan-scenic-area-south-gate/,https://www.hilton.com/zh-hans/hotels/txncnhx-hampton-huangshan-scenic-area-south-gate/,,2025-10-01,,,
HILTON-TXNHZGI,Hilton Garden Inn Huangshan Huizhou,,Hilton Garden Inn,希尔顿花园酒店,hilton-hilton-garden-inn,FULLY_BOOKABLE,Hotel,Hotel,Huangshan,,,,"No. 56, Binhe South Road, Huangshan, China",,,29.82663,118.343278,+86 559 351 6868,https://www.hilton.com/en/hotels/txnhzgi-hilton-garden-inn-huangshan-huizhou/,https://www.hilton.com/zh-hans/hotels/txnhzgi-hilton-garden-inn-huangshan-huizhou/,2025-10-23,2025-10-23,,,
HILTON-TXNHSGI,Hilton Garden Inn Huangshan Scenic Area South Gate,,Hilton Garden Inn,希尔顿花园酒店,hilton-hilton-garden-inn,FULLY_BOOKABLE,Hotel,Hotel,Huangshan,,,,"Tangkou Town, Tangchuan Road 046, Huangshan, China",,,30.01,118.01,+86 559 557 6868,https://www.hilton.com/en/hotels/txnhsgi-hilton-garden-inn-huangshan-scenic-area-south-gate/,https://www.hilton.com/zh-hans/hotels/txnhsgi-hilton-garden-inn-huangshan-scenic-area-south-gate/,,2025-03-01,,,
HILTON-EHUHSGI,Hilton Garden Inn Huangshi Dinosaur Wonderland,,Hilton Garden Inn,希尔顿花园酒店,hilton-hilton-garden-inn,FULLY_BOOKABLE,Hotel,Hotel,Huangshi,,,,"No.266, Yuanbo Avenue, Jinshan Street,, Huangshi, China",,,30.116028,115.061522,+86 714 350 3999,https://www.hilton.com/en/hotels/ehuhsgi-hilton-garden-inn-huangshi-dinosaur-wonderland/,https://www.hilton.com/zh-hans/hotels/ehuhsgi-hilton-garden-inn-huangshi-dinosaur-wonderland/,2026-04-10,2026-04-10,,,
HILTON-EHUHCHT,Home2 Suites by Hilton Huangshi Cihu,,Home2 Suites by Hilton,希尔顿惠庭,hilton-home2-suites,OPENING_SOON,Hotel,Hotel,Huangshi,,,,"No. 33, Yiyang Road, Huangshigang District, Huangshi, China",,,30.206528,115.093224,+86 714 632 8999,https://www.hilton.com/en/hotels/ehuhcht-home2-suites-huangshi-cihu/,https://www.hilton.com/zh-hans/hotels/ehuhcht-home2-suites-huangshi-cihu/,,2026-10-31,,,
HILTON-WUHGIGI,Hilton Garden Inn Wuhan Optics Valley,,Hilton Garden Inn,希尔顿花园酒店,hilton-hilton-garden-inn,FULLY_BOOKABLE,Hotel,Hotel,Hubei Province,,,,"Optics Valley 3rd Road, Hongshan District,, Hubei Province, China",,,30.501106,114.482154,+86 27 5918 9999,https://www.hilton.com/en/hotels/wuhgigi-hilton-garden-inn-wuhan-optics-valley/,https://www.hilton.com/zh-hans/hotels/wuhgigi-hilton-garden-inn-wuhan-optics-valley/,,2025-09-05,,,
HILTON-HUZLRHX,Hampton by Hilton Huizhou Huiyang Daya Bay,,Hampton by Hilton,希尔顿欢朋,hilton-hampton-by-hilton,OPENING_SOON,Hotel,Hotel,Huizhou,,,,"Building1 No.18, Longhai,Third Rd, Huizhou, China",,,22.728981,114.466493,+86 752 666 6888,https://www.hilton.com/en/hotels/huzlrhx-hampton-huizhou-huiyang-daya-bay/,https://www.hilton.com/zh-hans/hotels/huzlrhx-hampton-huizhou-huiyang-daya-bay/,,2026-05-31,,,
HILTON-HUZHUHX,Hampton by Hilton Huizhou Zhongkai Hi-Tech Zone,,Hampton by Hilton,希尔顿欢朋,hilton-hampton-by-hilton,FULLY_BOOKABLE,Hotel,Hotel,Huizhou,,,,"No.6 Chenjiang Middle Avenue,, Huizhou, China",,,23.079404,114.412599,+86 752 323 2888,https://www.hilton.com/en/hotels/huzhuhx-hampton-huizhou-zhongkai-hi-tech-zone/,https://www.hilton.com/zh-hans/hotels/huzhuhx-hampton-huizhou-zhongkai-hi-tech-zone/,,,,,
HILTON-HUZUHGI,Hilton Garden Inn Huizhou North Railway Station,,Hilton Garden Inn,希尔顿花园酒店,hilton-hilton-garden-inn,FULLY_BOOKABLE,Hotel,Hotel,Huizhou,,,,"No. 388, Huibo Road, Huicheng Dist,, Huizhou, China",,,23.1499108,114.3773858,+86 752 568 8888,https://www.hilton.com/en/hotels/huzuhgi-hilton-garden-inn-huizhou-north-railway-station/,https://www.hilton.com/zh-hans/hotels/huzuhgi-hilton-garden-inn-huizhou-north-railway-station/,,2024-02-01,,,
HILTON-HUZHIHI,Hilton Huizhou,,Hilton Hotels & Resorts,希尔顿酒店及度假村,hilton-hilton-hotels,FULLY_BOOKABLE,Hotel,Hotel,Huizhou,,,,"No.7 Shiminleyuan West Road, Guangdong Province,, Huizhou, China",,,23.110217,114.42592,+86 752 580 9999,https://www.hilton.com/en/hotels/huzhihi-hilton-huizhou/,https://www.hilton.com/zh-hans/hotels/huzhihi-hilton-huizhou/,,2025-09-09,,,
HILTON-HUZLHHI,Hilton Huizhou Longmen Resort,,Hilton Hotels & Resorts,希尔顿酒店及度假村,hilton-hilton-hotels,FULLY_BOOKABLE,Hotel,Hotel,Huizhou,,,,"Fuli Nankunshan Hot Spring, Huizhou, China",,,23.5827147932,114.001991596,+86 752 588 0888,https://www.hilton.com/en/hotels/huzlhhi-hilton-huizhou-longmen-resort/,https://www.hilton.com/zh-hans/hotels/huzlhhi-hilton-huizhou-longmen-resort/,,2017-12-30,,,
HILTON-JNZHLGI,Hilton Garden Inn Huludao Longxing Road,,Hilton Garden Inn,希尔顿花园酒店,hilton-hilton-garden-inn,FULLY_BOOKABLE,Hotel,Hotel,Huludao,,,,"No.38-13, Longxing road, Xingcheng,, Huludao, China",,,40.651786,120.796888,+86 429 541 9999,https://www.hilton.com/en/hotels/jnzhlgi-hilton-garden-inn-huludao-longxing-road/,https://www.hilton.com/zh-hans/hotels/jnzhlgi-hilton-garden-inn-huludao-longxing-road/,,2024-07-10,,,
HILTON-JNZHDHT,Home2 Suites by Hilton Xingcheng Seaside,,Home2 Suites by Hilton,希尔顿惠庭,hilton-home2-suites,FULLY_BOOKABLE,Hotel,Hotel,Huludao,,,,"Room 30 A, Longxing Road, Huludao, China",,,40.631091,120.778943,+86 429 516 8888,https://www.hilton.com/en/hotels/jnzhdht-home2-suites-xingcheng-seaside/,https://www.hilton.com/zh-hans/hotels/jnzhdht-home2-suites-xingcheng-seaside/,,2025-09-03,,,
HILTON-HLDDOHX,Hampton by Hilton Hulunbuir Hailar Street,,Hampton by Hilton,希尔顿欢朋,hilton-hampton-by-hilton,FULLY_BOOKABLE,Hotel,Hotel,Hulunbuir,,,,"The intersection of Hailar Street, Hulunbuir, China",,,49.197938,119.760823,+86 470 776 6666,https://www.hilton.com/en/hotels/hlddohx-hampton-hulunbuir-hailar-street/,https://www.hilton.com/zh-hans/hotels/hlddohx-hampton-hulunbuir-hailar-street/,,2022-07-08,,,
HILTON-XRQANGI,Hilton Garden Inn Hulunbuir Hailar,,Hilton Garden Inn,希尔顿花园酒店,hilton-hilton-garden-inn,FULLY_BOOKABLE,Hotel,Hotel,Hulunbuir,,,,"2-9 Shuixiehuadu, Hulun Street, Hailar,, Hulunbuir, China",,,49.23172,119.762781,+86 470 862 8888,https://www.hilton.com/en/hotels/xrqangi-hilton-garden-inn-hulunbuir-hailar/,https://www.hilton.com/zh-hans/hotels/xrqangi-hilton-garden-inn-hulunbuir-hailar/,,2024-08-22,,,
HILTON-HGHGEHX,Hampton by Hilton Huzhou Deqing Moganshan,,Hampton by Hilton,希尔顿欢朋,hilton-hampton-by-hilton,FULLY_BOOKABLE,Hotel,Hotel,Huzhou,,,,"1012-1016 Youzi Street, Zhejiang, Huzhou, China",,,30.517934,119.981818,+86 572 807 3999,https://www.hilton.com/en/hotels/hghgehx-hampton-huzhou-deqing-moganshan/,https://www.hilton.com/zh-hans/hotels/hghgehx-hampton-huzhou-deqing-moganshan/,,2022-10-01,,,
HILTON-HGHRSGI,Hilton Garden Inn Huzhou High-Speed Railway Station,,Hilton Garden Inn,希尔顿花园酒店,hilton-hilton-garden-inn,FULLY_BOOKABLE,Hotel,Hotel,Huzhou,,,,"NO. 2211, Kangshan business center,, Huzhou, China",,,30.869114,120.049438,+86 572 202 1888,https://www.hilton.com/en/hotels/hghrsgi-hilton-garden-inn-huzhou-high-speed-railway-station/,https://www.hilton.com/zh-hans/hotels/hghrsgi-hilton-garden-inn-huzhou-high-speed-railway-station/,,2023-12-16,,,
HILTON-HGHWTGI,Hilton Garden Inn Huzhou Nanxun Water Town,,Hilton Garden Inn,希尔顿花园酒店,hilton-hilton-garden-inn,FULLY_BOOKABLE,Hotel,Hotel,Huzhou,,,,"Hongyang road No 997, Huzhou, China",,,30.86832,120.44648,+86 572 388 3999,https://www.hilton.com/en/hotels/hghwtgi-hilton-garden-inn-huzhou-nanxun-water-town/,https://www.hilton.com/zh-hans/hotels/hghwtgi-hilton-garden-inn-huzhou-nanxun-water-town/,2026-03-31,2026-03-31,,,
HILTON-HGHNAHI,Hilton Huzhou Nanxun,,Hilton Hotels & Resorts,希尔顿酒店及度假村,hilton-hilton-hotels,FULLY_BOOKABLE,Hotel,Hotel,Huzhou,,,,"No. 18 Mingzhu Avenue Nanxun Town, Huzhou, China",,,30.84969,120.418512,+86 572 397 8888,https://www.hilton.com/en/hotels/hghnahi-hilton-huzhou-nanxun/,https://www.hilton.com/zh-hans/hotels/hghnahi-hilton-huzhou-nanxun/,,2023-11-13,,,
HILTON-HGHPMGI,Hilton Garden Inn Huzhou Anji Phoenix Mountain,,Hilton Garden Inn,希尔顿花园酒店,hilton-hilton-garden-inn,FULLY_BOOKABLE,Hotel,Hotel,"Huzhou, Zhejiang Province",,,,"No.377 Anji Avenue, Huzhou, Zhejiang Province, China",,,30.62388889,119.705,+86 572 511 7777,https://www.hilton.com/en/hotels/hghpmgi-hilton-garden-inn-huzhou-anji-phoenix-mountain/,https://www.hilton.com/zh-hans/hotels/hghpmgi-hilton-garden-inn-huzhou-anji-phoenix-mountain/,,2022-10-26,,,
HILTON-YINLLHX,Hampton by Hilton Kuitun,,Hampton by Hilton,希尔顿欢朋,hilton-hampton-by-hilton,FULLY_BOOKABLE,Hotel,Hotel,Ili,,,,"No.16 Beijing East Rd, Kuitun,Xinjiang, China, Ili, China",,,44.42422,84.907072,+86 992 666 9999,https://www.hilton.com/en/hotels/yinllhx-hampton-kuitun/,https://www.hilton.com/zh-hans/hotels/yinllhx-hampton-kuitun/,,2025-08-05,,,
HILTON-HTNILGI,Hilton Garden Inn Ili Yining,,Hilton Garden Inn,希尔顿花园酒店,hilton-hilton-garden-inn,OPENING_SOON,Hotel,Hotel,Ili,,,,"Block C, Ruihao City Plaza, Ili, China",,,43.921729,81.275936,+86 999 835 3333,https://www.hilton.com/en/hotels/htnilgi-hilton-garden-inn-ili-yining/,https://www.hilton.com/zh-hans/hotels/htnilgi-hilton-garden-inn-ili-yining/,,2027-05-01,,,
HILTON-JGSAVHX,Hampton by Hilton Ji'an,,Hampton by Hilton,希尔顿欢朋,hilton-hampton-by-hilton,FULLY_BOOKABLE,Hotel,Hotel,Ji'an,,,,"No.36 Jizhou Ave,, Ji'an, China",,,27.12518,114.977768,+86 796 892 6666,https://www.hilton.com/en/hotels/jgsavhx-hampton-jian/,https://www.hilton.com/zh-hans/hotels/jgsavhx-hampton-jian/,,,,,
HILTON-TNAHTGI,Hilton Garden Inn Ji'nan High-Tech Zone,,Hilton Garden Inn,希尔顿花园酒店,hilton-hilton-garden-inn,FULLY_BOOKABLE,Hotel,Hotel,Ji'nan,,,,"No. 358 Huizhan East Road, Lixia District, Ji'nan Shandong Province, Ji'nan, China",,,36.692595,117.133023,+86 531 6998 8999,https://www.hilton.com/en/hotels/tnahtgi-hilton-garden-inn-jinan-high-tech-zone/,https://www.hilton.com/zh-hans/hotels/tnahtgi-hilton-garden-inn-jinan-high-tech-zone/,,2024-11-25,,,
HILTON-FUOJCGI,Hilton Garden Inn Jiangmen Xinhui,,Hilton Garden Inn,希尔顿花园酒店,hilton-hilton-garden-inn,FULLY_BOOKABLE,Hotel,Hotel,Jiangmen,,,,"No. 6 Hebin East Road, Shuangshui, Jiangmen, China",,,22.438483,112.999875,+86 750 371 1111,https://www.hilton.com/en/hotels/fuojcgi-hilton-garden-inn-jiangmen-xinhui/,https://www.hilton.com/zh-hans/hotels/fuojcgi-hilton-garden-inn-jiangmen-xinhui/,,2024-06-13,,,
HILTON-HGHWXHX,Hampton by Hilton Yingtan,,Hampton by Hilton,希尔顿欢朋,hilton-hampton-by-hilton,FULLY_BOOKABLE,Hotel,Hotel,Jiangxi,,,,"No.9 Wangfu Road,, Jiangxi, China",,,28.250079,117.038817,+86 701 628 8888,https://www.hilton.com/en/hotels/hghwxhx-hampton-yingtan/,https://www.hilton.com/zh-hans/hotels/hghwxhx-hampton-yingtan/,,2024-01-03,,,
HILTON-HGHJIDI,DoubleTree by Hilton Hotel Jiaxing,,DoubleTree by Hilton,希尔顿逸林,hilton-doubletree-by-hilton,FULLY_BOOKABLE,Hotel,Hotel,Jiaxing,,,,"688 Ju Xian Road, Xiu Zhou District, Jiaxing, China",,,30.775211,120.70426,+86 573 8266 6666,https://www.hilton.com/en/hotels/hghjidi-doubletree-jiaxing/,https://www.hilton.com/zh-hans/hotels/hghjidi-doubletree-jiaxing/,,2013-10-19,,,
HILTON-HGHXZGI,Hilton Garden Inn Jiaxing Xiuzhou,,Hilton Garden Inn,希尔顿花园酒店,hilton-hilton-garden-inn,FULLY_BOOKABLE,Hotel,Hotel,Jiaxing,,,,"No.237,Middle Changsheng Road,, Jiaxing, China",,,30.760067,120.715734,+86 573 8389 9999,https://www.hilton.com/en/hotels/hghxzgi-hilton-garden-inn-jiaxing-xiuzhou/,https://www.hilton.com/zh-hans/hotels/hghxzgi-hilton-garden-inn-jiaxing-xiuzhou/,,2023-06-15,,,
HILTON-DEQWZGI,Hilton Garden Inn Tongxiang Wuzhen,,Hilton Garden Inn,希尔顿花园酒店,hilton-hilton-garden-inn,FULLY_BOOKABLE,Hotel,Hotel,Jiaxing,,,,"No.188, Hongqiao Road,, Jiaxing, China",,,30.745899,120.494551,+86 573 8981 1111,https://www.hilton.com/en/hotels/deqwzgi-hilton-garden-inn-tongxiang-wuzhen/,https://www.hilton.com/zh-hans/hotels/deqwzgi-hilton-garden-inn-tongxiang-wuzhen/,2026-05-15,2026-05-15,,,
HILTON-HGHGYHI,Hilton Jiashan,,Hilton Hotels & Resorts,希尔顿酒店及度假村,hilton-hilton-hotels,FULLY_BOOKABLE,Hotel,Hotel,Jiaxing,,,,"881 Science Avenue, Jiaxing, China",,,30.809645,120.934531,+86 573 8489 8888,https://www.hilton.com/en/hotels/hghgyhi-hilton-jiashan/,https://www.hilton.com/zh-hans/hotels/hghgyhi-hilton-jiashan/,,2025-05-30,,,
HILTON-HGHJCHI,Hilton Jiaxing,,Hilton Hotels & Resorts,希尔顿酒店及度假村,hilton-hilton-hotels,FULLY_BOOKABLE,Hotel,Hotel,Jiaxing,,,,"No. 969 Yundong Road,, Jiaxing, China",,,30.744053,120.801094,+86 573 8228 8228,https://www.hilton.com/en/hotels/hghjchi-hilton-jiaxing/,https://www.hilton.com/zh-hans/hotels/hghjchi-hilton-jiaxing/,,2021-05-18,,,
HILTON-HGHTPHX,Hampton by Hilton Jiaxing Canal,,Hampton by Hilton,希尔顿欢朋,hilton-hampton-by-hilton,FULLY_BOOKABLE,Hotel,Hotel,"Jiaxing, Zhejiang Province",,,,"Building 1, Taihe Commercial Plaza,, Jiaxing, Zhejiang Province, China",,,30.754241,120.718495,+86 573 8291 9999,https://www.hilton.com/en/hotels/hghtphx-hampton-jiaxing-canal/,https://www.hilton.com/zh-hans/hotels/hghtphx-hampton-jiaxing-canal/,,2023-12-14,,,
HILTON-SWANKHX,Hampton by Hilton Jieyang Railway Station,,Hampton by Hilton,希尔顿欢朋,hilton-hampton-by-hilton,FULLY_BOOKABLE,Hotel,Hotel,Jieyang,,,,"No.1 Lantian Avenue,JiedongDistrict, Jieyang, China",,,23.637929,116.285442,+86 663 333 9888,https://www.hilton.com/en/hotels/swankhx-hampton-jieyang-railway-station/,https://www.hilton.com/zh-hans/hotels/swankhx-hampton-jieyang-railway-station/,,2024-02-06,,,
HILTON-OPQHIHT,Home2 Suites by Hilton Puning,,Home2 Suites by Hilton,希尔顿惠庭,hilton-home2-suites,FULLY_BOOKABLE,Hotel,Hotel,Jieyang,,,,"Building 3, Jiaying Huafu,, Jieyang, China",,,23.305892,116.150643,+86 663 222 6666,https://www.hilton.com/en/hotels/opqhiht-home2-suites-puning/,https://www.hilton.com/zh-hans/hotels/opqhiht-home2-suites-puning/,,2022-12-31,,,
HILTON-JILJLHX,Hampton by Hilton Jilin Jilin Street,,Hampton by Hilton,希尔顿欢朋,hilton-hampton-by-hilton,FULLY_BOOKABLE,Hotel,Hotel,Jilin,,,,"60 Jilin Street, Fengman District, Jilin, China",,,43.816625,126.561257,+86 432 6699 9999,https://www.hilton.com/en/hotels/jiljlhx-hampton-jilin-city/,https://www.hilton.com/zh-hans/hotels/jiljlhx-hampton-jilin-city/,,2016-06-17,,,
HILTON-TNAANHX,Hampton by Hilton Jinan High-tech Zone,,Hampton by Hilton,希尔顿欢朋,hilton-hampton-by-hilton,FULLY_BOOKABLE,Hotel,Hotel,Jinan,,,,"988 Xinluo Street, Lixia District,, Jinan, China",,,36.67813398,117.13771683,+86 531 5575 6688,https://www.hilton.com/en/hotels/tnaanhx-hampton-jinan-high-tech-zone/,https://www.hilton.com/zh-hans/hotels/tnaanhx-hampton-jinan-high-tech-zone/,,,,,
HILTON-TNAWOHX,Hampton by Hilton Jinan Huashan Scenic Area,,Hampton by Hilton,希尔顿欢朋,hilton-hampton-by-hilton,FULLY_BOOKABLE,Hotel,Hotel,Jinan,,,,"Building 3, No. 3769 Xiaoqinghe North Road, Jinan, China",,,36.737585,117.097972,+86 531 5860 9666,https://www.hilton.com/en/hotels/tnawohx-hampton-jinan-huashan-scenic-area/,https://www.hilton.com/zh-hans/hotels/tnawohx-hampton-jinan-huashan-scenic-area/,,2025-07-23,,,
HILTON-TNAJXHX,Hampton by Hilton Jinan Jiyang,,Hampton by Hilton,希尔顿欢朋,hilton-hampton-by-hilton,FULLY_BOOKABLE,Hotel,Hotel,Jinan,,,,"No.19 Huanghe Street,, Jinan, China",,,36.93755,117.163507,+86 531 8456 8888,https://www.hilton.com/en/hotels/tnajxhx-hampton-jinan-yaoqiang/,https://www.hilton.com/zh-hans/hotels/tnajxhx-hampton-jinan-yaoqiang/,,,,,
HILTON-TNAJIHX,Hampton by Hilton Jinan Olympic Sports Center,,Hampton by Hilton,希尔顿欢朋,hilton-hampton-by-hilton,FULLY_BOOKABLE,Hotel,Hotel,Jinan,,,,"Building 4 of Yijia Square,, Jinan, China",,,36.65356,117.133573,+86 531 8892 2777,https://www.hilton.com/en/hotels/tnajihx-hampton-jinan-olympic-sports-center/,https://www.hilton.com/zh-hans/hotels/tnajihx-hampton-jinan-olympic-sports-center/,,2022-01-19,,,
HILTON-TNAPSHX,Hampton by Hilton Jinan Railway Station,,Hampton by Hilton,希尔顿欢朋,hilton-hampton-by-hilton,FULLY_BOOKABLE,Hotel,Hotel,Jinan,,,,"No.96 Jiluo Road, Jinan, China",,,36.694883,116.996759,+86 531 5558 8887,https://www.hilton.com/en/hotels/tnapshx-hampton-jinan-railway-station/,https://www.hilton.com/zh-hans/hotels/tnapshx-hampton-jinan-railway-station/,,2024-10-29,,,
HILTON-TNANGHX,Hampton by Hilton Jinan Yaoqiang International Airport,,Hampton by Hilton,希尔顿欢朋,hilton-hampton-by-hilton,FULLY_BOOKABLE,Hotel,Hotel,Jinan,,,,"Building7,Sino-German Wisdom Center, Jinan, China",,,36.888864,117.252127,+86 531 5570 0999,https://www.hilton.com/en/hotels/tnanghx-hampton-jinan-yaoqiang-international-airport/,https://www.hilton.com/zh-hans/hotels/tnanghx-hampton-jinan-yaoqiang-international-airport/,,2024-04-24,,,
HILTON-TNAOSGI,Hilton Garden Inn Jinan Olympic Sports Center,,Hilton Garden Inn,希尔顿花园酒店,hilton-hilton-garden-inn,FULLY_BOOKABLE,Hotel,Hotel,Jinan,,,,"Golden Times Square Building B, No.9999 Jingshi Road, Jinan, China",,,36.660947,117.113951,+86 531 8117 6666,https://www.hilton.com/en/hotels/tnaosgi-hilton-garden-inn-jinan-olympic-sports-center/,https://www.hilton.com/zh-hans/hotels/tnaosgi-hilton-garden-inn-jinan-olympic-sports-center/,2025-12-20,2025-12-20,,,
HILTON-TNAJCHI,Hilton Jinan South Hotel & Residences,,Hilton Hotels & Resorts,希尔顿酒店及度假村,hilton-hilton-hotels,FULLY_BOOKABLE,Hotel,Hotel,Jinan,,,,"No 2888 Second Ring South Road, Jinan, China",,,36.593852,117.002084,+86 531 8622 9999,https://www.hilton.com/en/hotels/tnajchi-hilton-jinan-south-hotel-and-residences/,https://www.hilton.com/zh-hans/hotels/tnajchi-hilton-jinan-south-hotel-and-residences/,,2016-09-20,,,
HILTON-TNAWRHT,Home2 Suites by Hilton Jinan Shanghe,,Home2 Suites by Hilton,希尔顿惠庭,hilton-home2-suites,FULLY_BOOKABLE,Hotel,Hotel,Jinan,,,,"No.33 Shangxi Road, Shanghe County, Jinan, China",,,37.2688,117.151918,+86 531 5585 6888,https://www.hilton.com/en/hotels/tnawrht-home2-suites-jinan-shanghe/,https://www.hilton.com/zh-hans/hotels/tnawrht-home2-suites-jinan-shanghe/,,2025-10-01,,,
HILTON-TNAMTHT,Home2 Suites by Hilton Jinan Tangye Sunac Land,,Home2 Suites by Hilton,希尔顿惠庭,hilton-home2-suites,FULLY_BOOKABLE,Hotel,Hotel,Jinan,,,,"Building 5, Lushang Phoenix Plaza,, Jinan, China",,,36.680745,117.222059,+86 531 6990 5999,https://www.hilton.com/en/hotels/tnamtht-home2-suites-jinan-tangye/,https://www.hilton.com/zh-hans/hotels/tnamtht-home2-suites-jinan-tangye/,,2023-12-29,,,
HILTON-TNAIJHT,Home2 Suites by Hilton Jinan West Railway Station East Square,,Home2 Suites by Hilton,希尔顿惠庭,hilton-home2-suites,FULLY_BOOKABLE,Hotel,Hotel,Jinan,,,,"Building B, Greenland Binfen City, No. 2477 Qizhou Road, Jinan, China",,,36.676049,116.90191,+86 531 6672 6888,https://www.hilton.com/en/hotels/tnaijht-home2-suites-jinan-west-railway-station-east-square/,https://www.hilton.com/zh-hans/hotels/tnaijht-home2-suites-jinan-west-railway-station-east-square/,2026-04-25,2026-04-25,,,
HILTON-CGOJCGI,Hilton Garden Inn Jincheng Gushuyuan,,Hilton Garden Inn,希尔顿花园酒店,hilton-hilton-garden-inn,FULLY_BOOKABLE,Hotel,Hotel,Jincheng,,,,"Hilton Garden Inn JinchengGushuyuan, Jincheng, China",,,35.522,112.8496,+86 356 698 5577,https://www.hilton.com/en/hotels/cgojcgi-hilton-garden-inn-jincheng-gushuyuan/,https://www.hilton.com/zh-hans/hotels/cgojcgi-hilton-garden-inn-jincheng-gushuyuan/,,2022-09-07,,,
HILTON-JHGAPGI,Hilton Garden Inn Xishuangbanna Gasa International Airport,,Hilton Garden Inn,希尔顿花园酒店,hilton-hilton-garden-inn,FULLY_BOOKABLE,Hotel,Hotel,Jing Hong,,,,"No.46, Mengla Road,, Jing Hong, China",,,21.997069,100.782775,+86 691 301 8666,https://www.hilton.com/en/hotels/jhgapgi-hilton-garden-inn-xishuangbanna-railway-station/,https://www.hilton.com/zh-hans/hotels/jhgapgi-hilton-garden-inn-xishuangbanna-railway-station/,2026-02-05,2026-02-05,,,
HILTON-JDZENHX,Hampton by Hilton Jingdezhen Fuliang,,Hampton by Hilton,希尔顿欢朋,hilton-hampton-by-hilton,FULLY_BOOKABLE,Hotel,Hotel,Jingdezhen,,,,"No.122 Chaoyang East Avenue,, Jingdezhen, China",,,29.35158,117.219141,+86 798 286 9666,https://www.hilton.com/en/hotels/jdzenhx-hampton-jingdezhen-fuliang/,https://www.hilton.com/zh-hans/hotels/jdzenhx-hampton-jingdezhen-fuliang/,,2022-12-29,,,
HILTON-JDZGIGI,Hilton Garden Inn Jingdezhen Taoyuan Valley,,Hilton Garden Inn,希尔顿花园酒店,hilton-hilton-garden-inn,FULLY_BOOKABLE,Hotel,Hotel,Jingdezhen,,,,"Block 12, Luoke Industrial Park, East of San Bao Road, Zhushan District, Jingdezhen, China",,,29.250837,117.263853,+86 798 830 6969,https://www.hilton.com/en/hotels/jdzgigi-hilton-garden-inn-jingdezhen-taoyuan-valley/,https://www.hilton.com/zh-hans/hotels/jdzgigi-hilton-garden-inn-jingdezhen-taoyuan-valley/,,2024-09-30,,,
HILTON-JDZZZHT,Home2 Suites by Hilton Jingdezhen Ceramics Museum,,Home2 Suites by Hilton,希尔顿惠庭,hilton-home2-suites,FULLY_BOOKABLE,Hotel,Hotel,Jingdezhen,,,,"No.105, Phase II, Block 66, Jingdezhen, China",,,29.32207,117.180199,+86 798 870 8888,https://www.hilton.com/en/hotels/jdzzzht-home2-suites-jingdezhen-ceramics-museum/,https://www.hilton.com/zh-hans/hotels/jdzzzht-home2-suites-jingdezhen-ceramics-museum/,,2024-09-02,,,
HILTON-JDZJNHX,Hampton by Hilton Jingdezhen Porcelain Center,,Hampton by Hilton,希尔顿欢朋,hilton-hampton-by-hilton,FULLY_BOOKABLE,Hotel,Hotel,JIngdezhen,,,,"No.1 Zijing Branch Road, JIngdezhen, China",,,29.295923,117.182861,+86 798 870 6666,https://www.hilton.com/en/hotels/jdzjnhx-hampton-jingdezhen-porcelain-center/,https://www.hilton.com/zh-hans/hotels/jdzjnhx-hampton-jingdezhen-porcelain-center/,2026-02-11,2026-02-11,,,
HILTON-JHGJCHT,Home2 Suites by Hilton Xishuangbanna Jinghong,,Home2 Suites by Hilton,希尔顿惠庭,hilton-home2-suites,FULLY_BOOKABLE,Hotel,Hotel,Jinghong,,,,"No. 93 Xuanwei Ave, Xinshuangbana, Jinghong, China",,,22.005486,100.788953,+86 691 222 8888,https://www.hilton.com/en/hotels/jhgjcht-home2-suites-xishuangbanna-jinghong/,https://www.hilton.com/zh-hans/hotels/jhgjcht-home2-suites-xishuangbanna-jinghong/,,2023-06-10,,,
HILTON-SHSSSGI,Hilton Garden Inn Jingzhou Shashi,,Hilton Garden Inn,希尔顿花园酒店,hilton-hilton-garden-inn,FULLY_BOOKABLE,Hotel,Hotel,Jingzhou,,,,"27 Sanwan Road,Hubei, Jingzhou, China",,,30.304056,112.29282,+86 716 501 5555,https://www.hilton.com/en/hotels/shsssgi-hilton-garden-inn-jingzhou-shashi/,https://www.hilton.com/zh-hans/hotels/shsssgi-hilton-garden-inn-jingzhou-shashi/,2026-03-13,2026-03-13,,,
HILTON-SHSSZGI,Hilton Garden Inn Jingzhou Songzi,,Hilton Garden Inn,希尔顿花园酒店,hilton-hilton-garden-inn,OPENING_SOON,Hotel,Hotel,Jingzhou,,,,"Xinjiangkou Subdistrict, Jingzhou, China",,,30.17878,111.771651,+86 716 626 6666,https://www.hilton.com/en/hotels/shsszgi-hilton-garden-inn-jingzhou-songzi/,https://www.hilton.com/zh-hans/hotels/shsszgi-hilton-garden-inn-jingzhou-songzi/,2026-09-01,2026-08-01,,,
HILTON-SHSIPHT,Home2 Suites by Hilton Jingzhou Wanda Plaza,,Home2 Suites by Hilton,希尔顿惠庭,hilton-home2-suites,FULLY_BOOKABLE,Hotel,Hotel,Jingzhou,,,,"No. 5, Wude Road, Jingzhou District, Jingzhou, China",,,30.335369,112.223862,+86 716 888 8866,https://www.hilton.com/en/hotels/shsipht-home2-suites-jingzhou-wanda-plaza/,https://www.hilton.com/zh-hans/hotels/shsipht-home2-suites-jingzhou-wanda-plaza/,2025-11-21,2025-11-21,,,
HILTON-YIWWSHX,Hampton by Hilton Jinhua Sanjiangli,,Hampton by Hilton,希尔顿欢朋,hilton-hampton-by-hilton,FULLY_BOOKABLE,Hotel,Hotel,Jinhua,,,,"Building 23, Sanjiang Li Square, Jinhua, China",,,29.097028,119.669438,+86 579 8276 6666,https://www.hilton.com/en/hotels/yiwwshx-hampton-jinhua-sanjiangli/,https://www.hilton.com/zh-hans/hotels/yiwwshx-hampton-jinhua-sanjiangli/,,2025-02-28,,,
HILTON-JUZHTHT,Home2 Suites by Hilton Yiwu World Trade Center,,Home2 Suites by Hilton,希尔顿惠庭,hilton-home2-suites,FULLY_BOOKABLE,Hotel,Hotel,Jinhua,,,,"Block B, Shuguang building No.298, Shangcheng Avenue,, Jinhua, China",,,29.335006,120.120058,+86 579 8100 1888,https://www.hilton.com/en/hotels/juzhtht-home2-suites-yiwu-world-trade-center/,https://www.hilton.com/zh-hans/hotels/juzhtht-home2-suites-yiwu-world-trade-center/,,2024-06-30,,,
HILTON-JNGJJHX,Hampton by Hilton Jining Gaoxin,,Hampton by Hilton,希尔顿欢朋,hilton-hampton-by-hilton,FULLY_BOOKABLE,Hotel,Hotel,Jining,,,,"Torch TECH Plaza, Yangliu INTL, Jining, China",,,35.429346,116.647051,+86 537 217 1888,https://www.hilton.com/en/hotels/jngjjhx-hampton-jining-gaoxin/,https://www.hilton.com/zh-hans/hotels/jngjjhx-hampton-jining-gaoxin/,,2022-12-28,,,
HILTON-JNGCNHX,Hampton by Hilton Jining Grand Canal,,Hampton by Hilton,希尔顿欢朋,hilton-hampton-by-hilton,FULLY_BOOKABLE,Hotel,Hotel,Jining,,,,"No.567, Chezhan Xi Road,, Jining, China",,,35.378555,116.538513,+86 537 512 2888,https://www.hilton.com/en/hotels/jngcnhx-hampton-jining-grand-canal/,https://www.hilton.com/zh-hans/hotels/jngcnhx-hampton-jining-grand-canal/,,2023-10-30,,,
HILTON-JNGZMHX,Hampton by Hilton Jining High-tech Innovation Valley,,Hampton by Hilton,希尔顿欢朋,hilton-hampton-by-hilton,FULLY_BOOKABLE,Hotel,Hotel,Jining,,,,"No.789 Chongwen Avenue, Jining, China",,,35.423154,116.708916,+86 537 205 8888,https://www.hilton.com/en/hotels/jngzmhx-hampton-jining-high-tech-innovation-valley/,https://www.hilton.com/zh-hans/hotels/jngzmhx-hampton-jining-high-tech-innovation-valley/,,2023-10-30,,,
HILTON-JJNJIHX,Hampton by Hilton Quanzhou Jinjiang International Airport,,Hampton by Hilton,希尔顿欢朋,hilton-hampton-by-hilton,FULLY_BOOKABLE,Hotel,Hotel,Jinjiang,,,,"No.123 Puxing Road, Sucuo Village,Chendai District, Jinjiang, China",,,24.833437,118.585269,+86 595 8513 2888,https://www.hilton.com/en/hotels/jjnjihx-hampton-quanzhou-jinjiang-international-airport/,https://www.hilton.com/zh-hans/hotels/jjnjihx-hampton-quanzhou-jinjiang-international-airport/,,2024-09-20,,,
HILTON-HGHYDHX,Hampton by Hilton Jinzhong Yuci Anning Street,,Hampton by Hilton,希尔顿欢朋,hilton-hampton-by-hilton,FULLY_BOOKABLE,Hotel,Hotel,jinzhong,,,,"No.500 Anning Street, jinzhong, China",,,37.704424,112.729424,+86 354 360 0888,https://www.hilton.com/en/hotels/hghydhx-hampton-jinzhong-yuci-anning-street/,https://www.hilton.com/zh-hans/hotels/hghydhx-hampton-jinzhong-yuci-anning-street/,,2024-08-10,,,
HILTON-TYNJJHX,Hampton by Hilton Jinzhong Taigu,,Hampton by Hilton,希尔顿欢朋,hilton-hampton-by-hilton,FULLY_BOOKABLE,Hotel,Hotel,Jinzhong,,,,"No. 18, Jicheng West Street, Jinzhong, China",,,37.41453,112.522724,+86 354 626 2777,https://www.hilton.com/en/hotels/tynjjhx-hampton-jinzhong-taigu/,https://www.hilton.com/zh-hans/hotels/tynjjhx-hampton-jinzhong-taigu/,,2025-04-23,,,
HILTON-TYNPXHX,Hampton by Hilton Pingyao Ancient City,,Hampton by Hilton,希尔顿欢朋,hilton-hampton-by-hilton,FULLY_BOOKABLE,Hotel,Hotel,Jinzhong,,,,"Xingping Road East,, Jinzhong, China",,,37.198371,112.166357,+86 354 578 6999,https://www.hilton.com/en/hotels/tynpxhx-hampton-pingyao-ancient-city/,https://www.hilton.com/zh-hans/hotels/tynpxhx-hampton-pingyao-ancient-city/,,2024-06-18,,,
HILTON-TYNYIGI,Hilton Garden Inn Jinzhong Yuci,,Hilton Garden Inn,希尔顿花园酒店,hilton-hilton-garden-inn,FULLY_BOOKABLE,Hotel,Hotel,Jinzhong,,,,"No. 339, Yingbin W Str, Yuci Distr,, Jinzhong, China",,,37.703863,112.69372,+86 354 896 6666,https://www.hilton.com/en/hotels/tynyigi-hilton-garden-inn-jinzhong-yuci/,https://www.hilton.com/zh-hans/hotels/tynyigi-hilton-garden-inn-jinzhong-yuci/,,2024-05-25,,,
HILTON-JNZGIGI,Hilton Garden Inn Jinzhou Central Street,,Hilton Garden Inn,希尔顿花园酒店,hilton-hilton-garden-inn,FULLY_BOOKABLE,Hotel,Hotel,Jinzhou,,,,"No.138-28 Section 2 Central Street, Jinzhou, China",,,41.11627482053,121.14739545548,+86 416 797 7777,https://www.hilton.com/en/hotels/jnzgigi-hilton-garden-inn-jinzhou-central-street/,https://www.hilton.com/zh-hans/hotels/jnzgigi-hilton-garden-inn-jinzhou-central-street/,,2022-02-26,,,
HILTON-JIULDHX,Hampton by Hilton Jiujiang Changhong Avenue,,Hampton by Hilton,希尔顿欢朋,hilton-hampton-by-hilton,FULLY_BOOKABLE,Hotel,Hotel,Jiujiang,,,,"Building F, Huadong Square, Changhong Avenue, Lianxi District,, Jiujiang, China",,,29.6923353,115.9819776,+86 792 886 2888,https://www.hilton.com/en/hotels/jiuldhx-hampton-jiujiang-changhong-avenue/,https://www.hilton.com/zh-hans/hotels/jiuldhx-hampton-jiujiang-changhong-avenue/,,2024-04-17,,,
HILTON-JIUJIHX,Hampton by Hilton Jiujiang Eight Mile Lake,,Hampton by Hilton,希尔顿欢朋,hilton-hampton-by-hilton,FULLY_BOOKABLE,Hotel,Hotel,Jiujiang,,,,"Building 22-A Rongchuang Government, Jiujiang, China",,,29.65983,115.95915,+86 792 319 6666,https://www.hilton.com/en/hotels/jiujihx-hampton-jiujiang-eight-mile-lake/,https://www.hilton.com/zh-hans/hotels/jiujihx-hampton-jiujiang-eight-mile-lake/,,2023-03-24,,,
HILTON-JIUJCHX,Hampton by Hilton Jiujiang Xunyang,,Hampton by Hilton,希尔顿欢朋,hilton-hampton-by-hilton,FULLY_BOOKABLE,Hotel,Hotel,Jiujiang,,,,"No.15 Changhong North Road,, Jiujiang, China",,,29.728222,116.016219,+86 792 566 6666,https://www.hilton.com/en/hotels/jiujchx-hampton-jiujiang-xunyang/,https://www.hilton.com/zh-hans/hotels/jiujchx-hampton-jiujiang-xunyang/,,2022-05-10,,,
HILTON-JZHCICI,Conrad Jiuzhaigou,,Conrad Hotels & Resorts,康莱德酒店及度假村,hilton-conrad-hotels,FULLY_BOOKABLE,Hotel,Hotel,Jiuzhaigou,,,,"Zhangzha Town, Jiuzhaigou, China",,,33.30768,103.81119,+86 837 819 8000,https://www.hilton.com/en/hotels/jzhcici-conrad-jiuzhaigou/,https://www.hilton.com/zh-hans/hotels/jzhcici-conrad-jiuzhaigou/,,2021-11-30,,,
HILTON-CGOKADI,DoubleTree by Hilton Kaifeng,,DoubleTree by Hilton,希尔顿逸林,hilton-doubletree-by-hilton,FULLY_BOOKABLE,Hotel,Hotel,Kaifeng,,,,"No. 39 Zhengkai Road, Longting District, Kaifeng, China",,,34.808063,114.25946,+86 371 2263 3777,https://www.hilton.com/en/hotels/cgokadi-doubletree-kaifeng/,https://www.hilton.com/zh-hans/hotels/cgokadi-doubletree-kaifeng/,,2024-10-30,,,
HILTON-CGOGKHX,Hampton by Hilton Kaifeng Millennium City Park,,Hampton by Hilton,希尔顿欢朋,hilton-hampton-by-hilton,FULLY_BOOKABLE,Hotel,Hotel,Kaifeng,,,,"No. 1 Science and Technology Road, Kaifeng, China",,,34.839121,114.324872,+86 371 2525 8999,https://www.hilton.com/en/hotels/cgogkhx-hampton-kaifeng-millennium-city-park/,https://www.hilton.com/zh-hans/hotels/cgogkhx-hampton-kaifeng-millennium-city-park/,2025-11-21,2025-11-21,,,
HILTON-CGONEHT,Home2 Suites by Hilton Kaifeng Millennium City Park,,Home2 Suites by Hilton,希尔顿惠庭,hilton-home2-suites,FULLY_BOOKABLE,Hotel,Hotel,Kaifeng,,,,"No. 1 Commercial Building,, Kaifeng, China",,,34.830368,114.351855,+86 371 2567 5555,https://www.hilton.com/en/hotels/cgoneht-home2-suites-kaifeng-millenium-city-park/,https://www.hilton.com/zh-hans/hotels/cgoneht-home2-suites-kaifeng-millenium-city-park/,,2024-07-12,,,
HILTON-LLBKKHX,Hampton by Hilton Kaili,,Hampton by Hilton,希尔顿欢朋,hilton-hampton-by-hilton,FULLY_BOOKABLE,Hotel,Hotel,Kaili,,,,"No.73 Kaikai Ave,, Kaili, China",,,26.55951,107.949976,+86 855 226 6666,https://www.hilton.com/en/hotels/llbkkhx-hampton-kaili/,https://www.hilton.com/zh-hans/hotels/llbkkhx-hampton-kaili/,,,,,
HILTON-URCKYGI,Hilton Garden Inn Karamay Petroleum Building,,Hilton Garden Inn,希尔顿花园酒店,hilton-hilton-garden-inn,OPENING_SOON,Hotel,Hotel,Karamay,,,,"No , Xingye Road, Karamay District, Karamay, China",,,45.577759,84.908501,,https://www.hilton.com/en/hotels/urckygi-hilton-garden-inn-karamay-petroleum-building/,https://www.hilton.com/zh-hans/hotels/urckygi-hilton-garden-inn-karamay-petroleum-building/,,2026-07-31,,,
HILTON-KHGCHGI,Hilton Garden Inn Kashgar Ancient City Nanhu,,Hilton Garden Inn,希尔顿花园酒店,hilton-hilton-garden-inn,OPENING_SOON,Hotel,Hotel,Kashgar,,,,"One Lakeside Banchao Road, Kashgar, China",,,39.46024,76.016319,+86 998 728 5555,https://www.hilton.com/en/hotels/khgchgi-hilton-garden-inn-kashgar-ancient-city-nanhu/,https://www.hilton.com/zh-hans/hotels/khgchgi-hilton-garden-inn-kashgar-ancient-city-nanhu/,,2026-10-01,,,
HILTON-KHGACHT,Home2 Suites by Hilton Kashi Ancient City,,Home2 Suites by Hilton,希尔顿惠庭,hilton-home2-suites,FULLY_BOOKABLE,Hotel,Hotel,Kashgar,,,,"No.1 Mingyu Road, Kashgar City, Kashgar Prefecture, Xinjiang Uygur Autonomous Region, Kashgar, China",,,39.452652,75.974159,+86 998 661 8886,https://www.hilton.com/en/hotels/khgacht-home2-suites-kashi-ancient-city/,https://www.hilton.com/zh-hans/hotels/khgacht-home2-suites-kashi-ancient-city/,,2024-09-25,,,
HILTON-KHGKIHX,Hampton by Hilton Kashgar,,Hampton by Hilton,希尔顿欢朋,hilton-hampton-by-hilton,FULLY_BOOKABLE,Hotel,Hotel,Kashgar Region,,,,"110 Heping Road, Kashgar, Kashgar Region, China",,,39.4568719,76.06526,+86 998 796 6666,https://www.hilton.com/en/hotels/khgkihx-hampton-kashgar/,https://www.hilton.com/zh-hans/hotels/khgkihx-hampton-kashgar/,,2024-04-26,,,
HILTON-KHGUTHT,Home2 Suites by Hilton Kashi University Town,,Home2 Suites by Hilton,希尔顿惠庭,hilton-home2-suites,OPENING_SOON,Hotel,Hotel,Kashi,,,,"Jiahui Building, Kashi, Kashi Prefecture, Xinjiang Uygur Autonomous Region, Kashi, China",,,39.458086,76.103113,+86 998 686 6777,https://www.hilton.com/en/hotels/khgutht-home2-suites-kashi-university-town/,https://www.hilton.com/zh-hans/hotels/khgutht-home2-suites-kashi-university-town/,,2026-06-30,,,
HILTON-KRLUAHX,Hampton by Hilton Korla,,Hampton by Hilton,希尔顿欢朋,hilton-hampton-by-hilton,FULLY_BOOKABLE,Hotel,Hotel,Korla,,,,"Building 3, Fuxi Yuan, No.72 Yan'an road, Korla, China",,,41.736811,86.155667,+86 996 793 9999,https://www.hilton.com/en/hotels/krluahx-hampton-korla/,https://www.hilton.com/zh-hans/hotels/krluahx-hampton-korla/,,2025-08-06,,,
HILTON-KRLYQGI,Hilton Garden Inn Yanqi Downtown,,Hilton Garden Inn,希尔顿花园酒店,hilton-hilton-garden-inn,FULLY_BOOKABLE,Hotel,Hotel,Korla,,,,"No.2408, Commercial Street, Jiefang Road,, Korla, China",,,42.33699,86.33457,+86 996 602 7777,https://www.hilton.com/en/hotels/krlyqgi-hilton-garden-inn-yanqi-downtown/,https://www.hilton.com/zh-hans/hotels/krlyqgi-hilton-garden-inn-yanqi-downtown/,,2025-07-15,,,
HILTON-KMGAPDI,DoubleTree by Hilton Kunming Airport,,DoubleTree by Hilton,希尔顿逸林,hilton-doubletree-by-hilton,FULLY_BOOKABLE,Hotel,Hotel,Kunming,,,,"No.12001-1, Airport Road, Kunming, China",,,25.06334274086,102.92758137413,+86 871 6716 8888,https://www.hilton.com/en/hotels/kmgapdi-doubletree-kunming-airport/,https://www.hilton.com/zh-hans/hotels/kmgapdi-doubletree-kunming-airport/,,2022-11-15,,,
HILTON-KMGCHHX,Hampton by Hilton Kunming Economic Development Zone,,Hampton by Hilton,希尔顿欢朋,hilton-hampton-by-hilton,FULLY_BOOKABLE,Hotel,Hotel,Kunming,,,,"Building 4&5 of Xuntu, Kunming, China",,,24.887845,102.831969,+86 871 6887 7866,https://www.hilton.com/en/hotels/kmgchhx-hampton-kunming-economic-development-zone/,https://www.hilton.com/zh-hans/hotels/kmgchhx-hampton-kunming-economic-development-zone/,2026-04-29,2026-04-29,,,
HILTON-KMGYAHX,Hampton by Hilton Kunming Guandu,,Hampton by Hilton,希尔顿欢朋,hilton-hampton-by-hilton,FULLY_BOOKABLE,Hotel,Hotel,Kunming,,,,"488 Huancheng Dong Rd,, Kunming, China",,,25.031862,102.73471,+86 871 6807 7499,https://www.hilton.com/en/hotels/kmgyahx-hampton-kunming-guandu/,https://www.hilton.com/zh-hans/hotels/kmgyahx-hampton-kunming-guandu/,,,,,
HILTON-KMGGRHX,Hampton by Hilton Kunming Guandu Hello World,,Hampton by Hilton,希尔顿欢朋,hilton-hampton-by-hilton,FULLY_BOOKABLE,Hotel,Hotel,Kunming,,,,"Building 1, Block 3 of Chuncheng, Kunming, China",,,24.969881,102.741293,+86 871 6727 8888,https://www.hilton.com/en/hotels/kmggrhx-hampton-kunming-guandu-hello-world/,https://www.hilton.com/zh-hans/hotels/kmggrhx-hampton-kunming-guandu-hello-world/,,2024-01-01,,,
HILTON-KMGWDHX,Hampton by Hilton Kunming Nanping Street,,Hampton by Hilton,希尔顿欢朋,hilton-hampton-by-hilton,FULLY_BOOKABLE,Hotel,Hotel,Kunming,,,,"No. 428, Qingnian Road, Kunming, China",,,25.03856,102.715935,+86 871 6838 7777,https://www.hilton.com/en/hotels/kmgwdhx-hampton-kunming-nanping-street/,https://www.hilton.com/zh-hans/hotels/kmgwdhx-hampton-kunming-nanping-street/,,2025-10-01,,,
HILTON-KMGOPHX,Hampton by Hilton Kunming Railway Station,,Hampton by Hilton,希尔顿欢朋,hilton-hampton-by-hilton,FULLY_BOOKABLE,Hotel,Hotel,Kunming,,,,"Building 2,Runcheng Second Avenue,, Kunming, China",,,25.002785,102.713743,+86 871 6589 7777,https://www.hilton.com/en/hotels/kmgophx-hampton-kunming-railway-station/,https://www.hilton.com/zh-hans/hotels/kmgophx-hampton-kunming-railway-station/,,2025-06-25,,,
HILTON-KMGSSHX,Hampton by Hilton Kunming South Station,,Hampton by Hilton,希尔顿欢朋,hilton-hampton-by-hilton,FULLY_BOOKABLE,Hotel,Hotel,Kunming,,,,"Intersection of Ju Xian Street and, Kunming, China",,,24.86065513,102.86224446,+86 871 6396 3333,https://www.hilton.com/en/hotels/kmgsshx-hampton-kunming-south-station/,https://www.hilton.com/zh-hans/hotels/kmgsshx-hampton-kunming-south-station/,,,,,
HILTON-KMGDCGI,Hilton Garden Inn Kunming Dianchi,,Hilton Garden Inn,希尔顿花园酒店,hilton-hilton-garden-inn,FULLY_BOOKABLE,Hotel,Hotel,Kunming,,,,"No.1363 Dianchi Road, Kunming, China",,,25.006766,102.674736,+86 871 6806 0000,https://www.hilton.com/en/hotels/kmgdcgi-hilton-garden-inn-kunming-dianchi/,https://www.hilton.com/zh-hans/hotels/kmgdcgi-hilton-garden-inn-kunming-dianchi/,,2023-12-15,,,
HILTON-KMGWUGI,Hilton Garden Inn Kunming Railway Station South,,Hilton Garden Inn,希尔顿花园酒店,hilton-hilton-garden-inn,FULLY_BOOKABLE,Hotel,Hotel,Kunming,,,,"No. 292 Chuncheng Rd, Kunming, China",,,24.995426,102.744277,+86 871 6611 1666,https://www.hilton.com/en/hotels/kmgwugi-hilton-garden-inn-kunming-railway-station-south/,https://www.hilton.com/zh-hans/hotels/kmgwugi-hilton-garden-inn-kunming-railway-station-south/,,2025-06-30,,,
HILTON-KMGKMHT,Home2 Suites by Hilton Kunming Chenggong,,Home2 Suites by Hilton,希尔顿惠庭,hilton-home2-suites,FULLY_BOOKABLE,Hotel,Hotel,Kunming,,,,"No. 228, Caiyun Middle Road, Kunming, China",,,24.884565,102.82381,+86 871 6605 5599,https://www.hilton.com/en/hotels/kmgkmht-home2-suites-kunming-chenggong/,https://www.hilton.com/zh-hans/hotels/kmgkmht-home2-suites-kunming-chenggong/,2026-02-10,2026-02-10,,,
HILTON-KMGIIHT,Home2 Suites by Hilton Kunming Panlong,,Home2 Suites by Hilton,希尔顿惠庭,hilton-home2-suites,FULLY_BOOKABLE,Hotel,Hotel,Kunming,,,,"416# Baiyun Road, Panlong District,, Kunming, China",,,25.063064,102.730614,+86 871 6828 6655,https://www.hilton.com/en/hotels/kmgiiht-home2-suites-kunming-panlong/,https://www.hilton.com/zh-hans/hotels/kmgiiht-home2-suites-kunming-panlong/,,2025-01-25,,,
HILTON-KMGMTHT,Home2 Suites by Hilton Kunming Xishan,,Home2 Suites by Hilton,希尔顿惠庭,hilton-home2-suites,FULLY_BOOKABLE,Hotel,Hotel,Kunming,,,,"No.366 Qianfu Road, Xishan District, Kunming, China",,,24.992467,102.699841,+86 871 6858 8898,https://www.hilton.com/en/hotels/kmgmtht-home2-suites-kunming-xishan/,https://www.hilton.com/zh-hans/hotels/kmgmtht-home2-suites-kunming-xishan/,,2024-12-12,,,
HILTON-KMGYLLX,"Lakeview Hotel Yulongwan Kunming, an SLH Hotel",,Small Luxury Hotels of the World,全球奢华精品酒店,hilton-small-luxury-hotels-slh,FULLY_BOOKABLE,Hotel,Hotel,Kunming,,,,"Yulongwan Resort, Kunming, China",,,24.904835,102.552704,+86 871 6593 9999,https://www.hilton.com/en/hotels/kmgyllx-lakeview-hotel-yulongwan-kunming/,https://www.hilton.com/zh-hans/hotels/kmgyllx-lakeview-hotel-yulongwan-kunming/,,2025-07-29,,,
HILTON-SHAKUHX,Hampton By Hilton Kunshan North,,Hampton by Hilton,希尔顿欢朋,hilton-hampton-by-hilton,FULLY_BOOKABLE,Hotel,Hotel,Kunshan,,,,"No. 9, Zhangjialou Ring Road, Kunshan, China",,,31.463023,120.98142,+86 512 5731 6666,https://www.hilton.com/en/hotels/shakuhx-hampton-kunshan-north/,https://www.hilton.com/zh-hans/hotels/shakuhx-hampton-kunshan-north/,,2025-03-19,,,
HILTON-TNALAHX,Hampton by Hilton Jinan Laiwu,,Hampton by Hilton,希尔顿欢朋,hilton-hampton-by-hilton,FULLY_BOOKABLE,Hotel,Hotel,Laiwu,,,,"No.1 Shijicheng Road,, Laiwu, China",,,36.217516,117.668615,+86 531 7822 2222,https://www.hilton.com/en/hotels/tnalahx-hampton-jinan-laiwu/,https://www.hilton.com/zh-hans/hotels/tnalahx-hampton-jinan-laiwu/,,,,,
HILTON-LFANGHX,Hampton by Hilton Gu'an New Airport,,Hampton by Hilton,希尔顿欢朋,hilton-hampton-by-hilton,FULLY_BOOKABLE,Hotel,Hotel,Langfang,,,,"No.139-3 Yongding South Road,, Langfang, China",,,39.415432,116.309531,+86 316 619 0000,https://www.hilton.com/en/hotels/lfanghx-hampton-guan-new-airport/,https://www.hilton.com/zh-hans/hotels/lfanghx-hampton-guan-new-airport/,,,,,
HILTON-PKXLLHX,Hampton by Hilton Langfang City Center,,Hampton by Hilton,希尔顿欢朋,hilton-hampton-by-hilton,FULLY_BOOKABLE,Hotel,Hotel,Langfang,,,,"C1 Building, No.295 Yuhua Road, Langfang, China",,,39.546135,116.684491,+86 316 208 3333,https://www.hilton.com/en/hotels/pkxllhx-hampton-langfang-city-center/,https://www.hilton.com/zh-hans/hotels/pkxllhx-hampton-langfang-city-center/,,2024-03-12,,,
HILTON-NAYLFHI,Hilton Wenan,,Hilton Hotels & Resorts,希尔顿酒店及度假村,hilton-hilton-hotels,FULLY_BOOKABLE,Hotel,Hotel,Langfang,,,,"Luneng Ecological Zone, Langfang, China",,,38.994377,116.502872,+86 316 507 8888,https://www.hilton.com/en/hotels/naylfhi-hilton-wenan/,https://www.hilton.com/zh-hans/hotels/naylfhi-hilton-wenan/,,2018-12-26,,,
HILTON-PKXWAUP,"Hollick Hotel Wen'an, Tapestry Collection by Hilton",,Tapestry by Hilton,希尔顿启缤精选,hilton-tapestry-collection,FULLY_BOOKABLE,Hotel,Hotel,Langfang,,,,"Luneng Ecological Zone,, Langfang, China",,,38.99586,116.50048,+86 316 507 7000,https://www.hilton.com/en/hotels/pkxwaup-hollick-hotel-wenan/,https://www.hilton.com/zh-hans/hotels/pkxwaup-hollick-hotel-wenan/,,2021-04-22,,,
HILTON-HFELZHX,Hampton by Hilton Lanzhou Mogao Avenue,,Hampton by Hilton,希尔顿欢朋,hilton-hampton-by-hilton,FULLY_BOOKABLE,Hotel,Hotel,Lanzhou,,,,"No.6 Mogao Ave, Anning District, Lanzhou, China",,,36.10320733,103.68365372,+86 931 760 6888,https://www.hilton.com/en/hotels/hfelzhx-hampton-lanzhou-mogao-avenue/,https://www.hilton.com/zh-hans/hotels/hfelzhx-hampton-lanzhou-mogao-avenue/,,,,,
HILTON-LHWLMHX,Hampton by Hilton Lanzhou Shopping Street,,Hampton by Hilton,希尔顿欢朋,hilton-hampton-by-hilton,FULLY_BOOKABLE,Hotel,Hotel,Lanzhou,,,,"No. 39, Zhangye Road, Lanzhou, China",,,36.0593005,103.82573529,+86 931 840 1000,https://www.hilton.com/en/hotels/lhwlmhx-hampton-lanzhou-shopping-street/,https://www.hilton.com/zh-hans/hotels/lhwlmhx-hampton-lanzhou-shopping-street/,,,,,
HILTON-LHWSDGI,Hilton Garden Inn Lanzhou Anning,,Hilton Garden Inn,希尔顿花园酒店,hilton-hilton-garden-inn,FULLY_BOOKABLE,Hotel,Hotel,Lanzhou,,,,"334 Anda Road, Yintanlu Street,, Lanzhou, China",,,36.096302,103.71886,+86 931 615 2888,https://www.hilton.com/en/hotels/lhwsdgi-hilton-garden-inn-lanzhou-anning/,https://www.hilton.com/zh-hans/hotels/lhwsdgi-hilton-garden-inn-lanzhou-anning/,,2025-10-01,,,
HILTON-LHWTRHI,Hilton Lanzhou City Center,,Hilton Hotels & Resorts,希尔顿酒店及度假村,hilton-hilton-hotels,FULLY_BOOKABLE,Hotel,Hotel,Lanzhou,,,,"3 Mid Tianshui Road,, Lanzhou, China",,,36.053905,103.854321,+86 931 852 5888,https://www.hilton.com/en/hotels/lhwtrhi-hilton-lanzhou-city-center/,https://www.hilton.com/zh-hans/hotels/lhwtrhi-hilton-lanzhou-city-center/,,2021-12-16,,,
HILTON-LHWONHT,Home2 Suites by Hilton Lanzhou Chengguan,,Home2 Suites by Hilton,希尔顿惠庭,hilton-home2-suites,FULLY_BOOKABLE,Hotel,Hotel,Lanzhou,,,,"No. 469, Qingshi Road, Lanzhou, China",,,36.091075,103.898078,+86 931 696 6666,https://www.hilton.com/en/hotels/lhwonht-home2-suites-lanzhou-chengguan/,https://www.hilton.com/zh-hans/hotels/lhwonht-home2-suites-lanzhou-chengguan/,,2025-09-15,,,
HILTON-YBPBPHX,Hampton by Hilton Leshan Railway Station,,Hampton by Hilton,希尔顿欢朋,hilton-hampton-by-hilton,FULLY_BOOKABLE,Hotel,Hotel,Leshan,,,,"Building 4, No.987 Ruixiang Road Section1, Leshan, China",,,29.602862,103.720866,+86 833 538 8888,https://www.hilton.com/en/hotels/ybpbphx-hampton-leshan-railway-station/,https://www.hilton.com/zh-hans/hotels/ybpbphx-hampton-leshan-railway-station/,,2025-06-13,,,
HILTON-CTULWHX,Hampton by Hilton Leshan Shizhong District,,Hampton by Hilton,希尔顿欢朋,hilton-hampton-by-hilton,FULLY_BOOKABLE,Hotel,Hotel,Leshan,,,,"259 Wenxing Back Street, Shizhong, Leshan, China",,,29.618823,103.738238,+86 833 234 3888,https://www.hilton.com/en/hotels/ctulwhx-hampton-leshan-shizhong-district/,https://www.hilton.com/zh-hans/hotels/ctulwhx-hampton-leshan-shizhong-district/,,2023-06-07,,,
HILTON-CTUSZGI,Hilton Garden Inn Leshan Shizhong,,Hilton Garden Inn,希尔顿花园酒店,hilton-hilton-garden-inn,FULLY_BOOKABLE,Hotel,Hotel,Leshan,,,,"388 Luyou Road, Shizhong District, Sichuan Province, Leshan, China",,,29.611153,103.724859,+86 833 633 7777,https://www.hilton.com/en/hotels/ctuszgi-hilton-garden-inn-leshan-shizhong/,https://www.hilton.com/zh-hans/hotels/ctuszgi-hilton-garden-inn-leshan-shizhong/,,2025-04-30,,,
HILTON-LXALHHX,Hampton by Hilton Lhasa Economic Development Zone,,Hampton by Hilton,希尔顿欢朋,hilton-hampton-by-hilton,FULLY_BOOKABLE,Hotel,Hotel,Lhasa,,,,"Building 5, Zhongda Fortune Center,No. 18, Lagong Avenue, Lhasa, China",,,29.63127,91.00367,+86 891 691 0999,https://www.hilton.com/en/hotels/lxalhhx-hampton-lhasa-economic-development-zone/,https://www.hilton.com/zh-hans/hotels/lxalhhx-hampton-lhasa-economic-development-zone/,,2025-07-11,,,
HILTON-LXATTHX,Hampton by Hilton Lhasa Najin Road,,Hampton by Hilton,希尔顿欢朋,hilton-hampton-by-hilton,FULLY_BOOKABLE,Hotel,Hotel,Lhasa,,,,"No.31 Najin Road,, Lhasa, China",,,29.656893,91.142073,+86 891 636 6566,https://www.hilton.com/en/hotels/lxatthx-hampton-lhasa-najin-road/,https://www.hilton.com/zh-hans/hotels/lxatthx-hampton-lhasa-najin-road/,,2021-10-30,,,
HILTON-LXACEHX,Hampton by Hilton Lhasa Potala Palace Square,,Hampton by Hilton,希尔顿欢朋,hilton-hampton-by-hilton,FULLY_BOOKABLE,Hotel,Hotel,Lhasa,,,,"No.1 Tianhai International Square, 6 Tianhai Road, Chengguan District, Lhasa, China",,,29.66355,91.109843,+86 891 680 8999,https://www.hilton.com/en/hotels/lxacehx-hampton-lhasa-potala-palace-square/,https://www.hilton.com/zh-hans/hotels/lxacehx-hampton-lhasa-potala-palace-square/,2026-05-20,2026-05-31,,,
HILTON-LXAGIGI,Hilton Garden Inn Lhasa,,Hilton Garden Inn,希尔顿花园酒店,hilton-hilton-garden-inn,FULLY_BOOKABLE,Hotel,Hotel,Lhasa,,,,"BLD1 Xianghe Yungu, No.2 Xincun N R, Lhasa, China",,,29.620344,91.095027,+86 891 682 1111,https://www.hilton.com/en/hotels/lxagigi-hilton-garden-inn-lhasa/,https://www.hilton.com/zh-hans/hotels/lxagigi-hilton-garden-inn-lhasa/,,2022-08-07,,,
HILTON-LXAXUHT,Home2 Suites by Hilton Lhasa Municipal Government,,Home2 Suites by Hilton,希尔顿惠庭,hilton-home2-suites,FULLY_BOOKABLE,Hotel,Hotel,Lhasa,,,,"Kangxi Building, No.5 Jiangchong Rd, Lhasa, China",,,29.649831,91.167849,+86 891 691 8888,https://www.hilton.com/en/hotels/lxaxuht-home2-suites-lhasa-municipal-government/,https://www.hilton.com/zh-hans/hotels/lxaxuht-home2-suites-lhasa-municipal-government/,,2024-12-22,,,
HILTON-LXANAHT,Home2 Suites by Hilton Lhasa Tibet Museum,,Home2 Suites by Hilton,希尔顿惠庭,hilton-home2-suites,FULLY_BOOKABLE,Hotel,Hotel,Lhasa,,,,"Main Building, Jinlong Yuan, Lhasa, China",,,29.645554,91.140856,+86 891 606 7777,https://www.hilton.com/en/hotels/lxanaht-home2-suites-lhasa-tibet-museum/,https://www.hilton.com/zh-hans/hotels/lxanaht-home2-suites-lhasa-tibet-museum/,,2024-12-25,,,
HILTON-LJGGIGI,Hilton Garden Inn Lijiang,,Hilton Garden Inn,希尔顿花园酒店,hilton-hilton-garden-inn,FULLY_BOOKABLE,Hotel,Hotel,Li Jiang,,,,"Shangri-la Ave 1271, Li Jiang, China",,,26.873174,100.231252,+86 888 516 3888,https://www.hilton.com/en/hotels/ljggigi-hilton-garden-inn-lijiang/,https://www.hilton.com/zh-hans/hotels/ljggigi-hilton-garden-inn-lijiang/,,2014-12-06,,,
HILTON-LYGHOHX,Hampton by Hilton Lianyungang Donghai Shuijingcheng,,Hampton by Hilton,希尔顿欢朋,hilton-hampton-by-hilton,FULLY_BOOKABLE,Hotel,Hotel,Lianyungang,,,,"No.88 Fuhua West Road, Donghai,, Lianyungang, China",,,34.536741,118.740149,+86 518 8507 6666,https://www.hilton.com/en/hotels/lyghohx-hampton-lianyungang-donghai-shuijingcheng/,https://www.hilton.com/zh-hans/hotels/lyghohx-hampton-lianyungang-donghai-shuijingcheng/,,,,,
HILTON-LYGUDHX,Hampton by Hilton Lianyungang Gangli,,Hampton by Hilton,希尔顿欢朋,hilton-hampton-by-hilton,FULLY_BOOKABLE,Hotel,Hotel,Lianyungang,,,,"3 Chaoyang East Road,, Lianyungang, China",,,34.59115284,119.19026998,+86 518 8287 8888,https://www.hilton.com/en/hotels/lygudhx-hampton-lianyungang-gangli/,https://www.hilton.com/zh-hans/hotels/lygudhx-hampton-lianyungang-gangli/,,,,,
HILTON-LYGCNHX,Hampton by Hilton Lianyungang Guannan,,Hampton by Hilton,希尔顿欢朋,hilton-hampton-by-hilton,FULLY_BOOKABLE,Hotel,Hotel,Lianyungang,,,,"No.15 Renmin Middle Road, Lianyungang, China",,,34.098069,119.357,+86 518832888888,https://www.hilton.com/en/hotels/lygcnhx-hampton-lianyungang-guannan/,https://www.hilton.com/zh-hans/hotels/lygcnhx-hampton-lianyungang-guannan/,,2024-04-27,,,
HILTON-LYGZRHX,Hampton by Hilton Lianyungang Haibin,,Hampton by Hilton,希尔顿欢朋,hilton-hampton-by-hilton,FULLY_BOOKABLE,Hotel,Hotel,Lianyungang,,,,"No.36 Haitang Middle Road,, Lianyungang, China",,,34.743163,119.373561,+86 518 8223 5888,https://www.hilton.com/en/hotels/lygzrhx-hampton-lianyungang-haibin/,https://www.hilton.com/zh-hans/hotels/lygzrhx-hampton-lianyungang-haibin/,,,,,
HILTON-LYGTZGI,Hilton Garden Inn Lianyungang Free Trade Zone LIPP,,Hilton Garden Inn,希尔顿花园酒店,hilton-hilton-garden-inn,OPENING_SOON,Hotel,Hotel,Lianyungang,,,,"No. 8, Yantuo West Road, Lianyungang, China",,,34.719821,119.272783,+86 518 8572 6666,https://www.hilton.com/en/hotels/lygtzgi-hilton-garden-inn-lianyungang-free-trade-zone-lipp/,https://www.hilton.com/zh-hans/hotels/lygtzgi-hilton-garden-inn-lianyungang-free-trade-zone-lipp/,,2027-04-01,,,
HILTON-TNALCHX,Hampton by Hilton Liaocheng,,Hampton by Hilton,希尔顿欢朋,hilton-hampton-by-hilton,FULLY_BOOKABLE,Hotel,Hotel,Liaocheng,,,,"No. 86, Dongchang Road,, Liaocheng, China",,,36.4557679534,116.0397940459,+86 635 851 7888,https://www.hilton.com/en/hotels/tnalchx-hampton-liaocheng/,https://www.hilton.com/zh-hans/hotels/tnalchx-hampton-liaocheng/,,,,,
HILTON-TNAGIGI,Hilton Garden Inn Liaocheng Jiangbei Shuicheng,,Hilton Garden Inn,希尔顿花园酒店,hilton-hilton-garden-inn,FULLY_BOOKABLE,Hotel,Hotel,Liaocheng,,,,"Tower A, Modern Pearl Plaza, No.36, Liaocheng, China",,,36.424318,115.957849,+86 635 880 1666,https://www.hilton.com/en/hotels/tnagigi-hilton-garden-inn-liaocheng-jiangbei-shuicheng/,https://www.hilton.com/zh-hans/hotels/tnagigi-hilton-garden-inn-liaocheng-jiangbei-shuicheng/,,2022-12-26,,,
HILTON-TNALIHT,Home2 Suites by Hilton Liaocheng Dongchang,,Home2 Suites by Hilton,希尔顿惠庭,hilton-home2-suites,FULLY_BOOKABLE,Hotel,Hotel,Liaocheng,,,,"Zone B of Mengda Business Center, Liaocheng, China",,,36.415,116.008,+86 635 886 1999,https://www.hilton.com/en/hotels/tnaliht-home2-suites-liaocheng-dongchang/,https://www.hilton.com/zh-hans/hotels/tnaliht-home2-suites-liaocheng-dongchang/,,2023-05-10,,,
HILTON-SJWLLHT,Home2 Suites by Hilton Liaocheng Linqing,,Home2 Suites by Hilton,希尔顿惠庭,hilton-home2-suites,FULLY_BOOKABLE,Hotel,Hotel,Liaocheng,,,,"Intersection of Yongqing Road, Liaocheng, China",,,36.81361111,115.7091667,+86 635 279 4444,https://www.hilton.com/en/hotels/sjwllht-home2-suites-liaocheng-linqing/,https://www.hilton.com/zh-hans/hotels/sjwllht-home2-suites-liaocheng-linqing/,,2022-10-31,,,
HILTON-LJGLCHX,Hampton by Hilton Lijiang Old Town,,Hampton by Hilton,希尔顿欢朋,hilton-hampton-by-hilton,FULLY_BOOKABLE,Hotel,Hotel,Lijiang,,,,"No.1268 Xueshan Road,, Lijiang, China",,,26.867633,100.219873,+86 888 516 6888,https://www.hilton.com/en/hotels/ljglchx-hampton-lijiang-old-town/,https://www.hilton.com/zh-hans/hotels/ljglchx-hampton-lijiang-old-town/,,,,,
HILTON-LJGUFHX,Hampton by Hilton Lijiang Shuhe,,Hampton by Hilton,希尔顿欢朋,hilton-hampton-by-hilton,FULLY_BOOKABLE,Hotel,Hotel,Lijiang,,,,"No.12 Dongkang Village, Lijiang, China",,,26.926064,100.217447,+86 888 666 6010,https://www.hilton.com/en/hotels/ljgufhx-hampton-lijiang-shuhe/,https://www.hilton.com/zh-hans/hotels/ljgufhx-hampton-lijiang-shuhe/,,2025-07-09,,,
HILTON-LJGCNHI,Hilton Lijiang,,Hilton Hotels & Resorts,希尔顿酒店及度假村,hilton-hilton-hotels,FULLY_BOOKABLE,Hotel,Hotel,Lijiang,,,,"No.2, Xiahe Road, Huangshan Town,, Lijiang, China",,,26.82037935468,100.21838858282,+86 888 668 8888,https://www.hilton.com/en/hotels/ljgcnhi-hilton-lijiang/,https://www.hilton.com/zh-hans/hotels/ljgcnhi-hilton-lijiang/,,2021-06-30,,,
HILTON-LJGXXHT,Home2 Suites by Hilton Lijiang Ancient City,,Home2 Suites by Hilton,希尔顿惠庭,hilton-home2-suites,FULLY_BOOKABLE,Hotel,Hotel,Lijiang,,,,"No.1 East Qingyun Road,, Lijiang, China",,,26.856773,100.236877,+86 888 303 8998,https://www.hilton.com/en/hotels/ljgxxht-home2-suites-lijiang-ancient-city/,https://www.hilton.com/zh-hans/hotels/ljgxxht-home2-suites-lijiang-ancient-city/,,2024-09-06,,,
HILTON-SYXUPUP,"The Mermoon Resort Hainan Tufu Bay, Tapestry Collection by Hilton",,Tapestry by Hilton,希尔顿启缤精选,hilton-tapestry-collection,FULLY_BOOKABLE,Hotel,Hotel,Lingshui,,,,"No. 9 Fukang Avenue, Tufu Bay,, Lingshui, China",,,18.403844,109.800835,+86 898 8309 8666,https://www.hilton.com/en/hotels/syxupup-the-mermoon-resort-hainan-tufu-bay/,https://www.hilton.com/zh-hans/hotels/syxupup-the-mermoon-resort-hainan-tufu-bay/,,2023-06-05,,,
HILTON-GXHERHT,Home2 Suites by Hilton Linxia Bafangshisanxiang,,Home2 Suites by Hilton,希尔顿惠庭,hilton-home2-suites,FULLY_BOOKABLE,Hotel,Hotel,Linxia,,,,"No. 29-1 Guanghua East Road, Linxia, Linxia, China",,,35.60192563,103.22746024,+86 930 691 6777,https://www.hilton.com/en/hotels/gxherht-home2-suites-linxia-bafangshisanxiang/,https://www.hilton.com/zh-hans/hotels/gxherht-home2-suites-linxia-bafangshisanxiang/,2026-05-10,2026-05-10,,,
HILTON-LYILIHX,Hampton by Hilton Linyi Beicheng Center,,Hampton by Hilton,希尔顿欢朋,hilton-hampton-by-hilton,FULLY_BOOKABLE,Hotel,Hotel,Linyi,,,,"Yimeng Rd and Tianjin Rd,, Linyi, China",,,35.109997,118.344249,+86 539 361 1111,https://www.hilton.com/en/hotels/lyilihx-hampton-linyi-municipal-government-building/,https://www.hilton.com/zh-hans/hotels/lyilihx-hampton-linyi-municipal-government-building/,,,,,
HILTON-LYICNHX,Hampton by Hilton Linyi Linshu,,Hampton by Hilton,希尔顿欢朋,hilton-hampton-by-hilton,FULLY_BOOKABLE,Hotel,Hotel,Linyi,,,,"No.1 Zhongshan North Road,Linshu,, Linyi, China",,,34.943439,118.656097,+86 539 696 6888,https://www.hilton.com/en/hotels/lyicnhx-hampton-linyi-linshu/,https://www.hilton.com/zh-hans/hotels/lyicnhx-hampton-linyi-linshu/,,2022-09-01,,,
HILTON-LYIHQHX,Hampton by Hilton Linyi Yihe River,,Hampton by Hilton,希尔顿欢朋,hilton-hampton-by-hilton,FULLY_BOOKABLE,Hotel,Hotel,Linyi,,,,"1706 Dongyi Street,, Linyi, China",,,35.093856,118.39162,+86 539 795 2666,https://www.hilton.com/en/hotels/lyihqhx-hampton-linyi-yihe-river/,https://www.hilton.com/zh-hans/hotels/lyihqhx-hampton-linyi-yihe-river/,,,,,
HILTON-LYISCGI,Hilton Garden Inn Linyi Shangcheng,,Hilton Garden Inn,希尔顿花园酒店,hilton-hilton-garden-inn,FULLY_BOOKABLE,Hotel,Hotel,Linyi,,,,"Building1 , Hanlinzhuangyuan, Jucai 7th Road,, Linyi, China",,,35.140366,118.277333,+86 539 757 1717,https://www.hilton.com/en/hotels/lyiscgi-hilton-garden-inn-linyi-shangcheng/,https://www.hilton.com/zh-hans/hotels/lyiscgi-hilton-garden-inn-linyi-shangcheng/,,2025-09-15,,,
HILTON-LZYNYGI,Hilton Garden Inn Linzhi Niyang Avenue,,Hilton Garden Inn,希尔顿花园酒店,hilton-hilton-garden-inn,OPENING_SOON,Hotel,Hotel,Linzhi,,,,"No.200,Taoyuan Road, Niyang Avenue, Linzhi, China",,,29.61,94.38,+86 894 566 1999,https://www.hilton.com/en/hotels/lzynygi-hilton-garden-inn-linzhi-niyang-avenue/,https://www.hilton.com/zh-hans/hotels/lzynygi-hilton-garden-inn-linzhi-niyang-avenue/,2026-11-01,2026-09-01,,,
HILTON-LZYTLHT,Home2 Suites by Hilton Linzhi Yutuo Road,,Home2 Suites by Hilton,希尔顿惠庭,hilton-home2-suites,FULLY_BOOKABLE,Hotel,Hotel,Linzhi,,,,"No.289, Ajie Road, Bayi Town, Linzhi, China",,,29.8602838,94.377901,+86 894 598 2222,https://www.hilton.com/en/hotels/lzytlht-home2-suites-linzhi-yutuo-road/,https://www.hilton.com/zh-hans/hotels/lzytlht-home2-suites-linzhi-yutuo-road/,,2025-05-20,,,
HILTON-LPFANHT,Home2 Suites by Hilton Liupanshui Panzhou,,Home2 Suites by Hilton,希尔顿惠庭,hilton-home2-suites,FULLY_BOOKABLE,Hotel,Hotel,Liupanshui,,,,"No.54, Shengjing Avenue, Liupanshui, China",,,25.716058,104.474261,+86 858 815 5888,https://www.hilton.com/en/hotels/lpfanht-home2-suites-liupanshui-panzhou/,https://www.hilton.com/zh-hans/hotels/lpfanht-home2-suites-liupanshui-panzhou/,,2025-08-06,,,
HILTON-LNLHXHX,Hampton by Hilton Longnan High-Speed Railway Station,,Hampton by Hilton,希尔顿欢朋,hilton-hampton-by-hilton,FULLY_BOOKABLE,Hotel,Hotel,Longnan,,,,"No.42 Jiezhou Avenue, Longnan, China",,,33.37,104.96,+86 939 888 3188,https://www.hilton.com/en/hotels/lnlhxhx-hampton-longnan-high-speed-railway-station/,https://www.hilton.com/zh-hans/hotels/lnlhxhx-hampton-longnan-high-speed-railway-station/,,2024-10-01,,,
HILTON-LNLINHT,Home2 Suites by Hilton Longnan Railway Station,,Home2 Suites by Hilton,希尔顿惠庭,hilton-home2-suites,FULLY_BOOKABLE,Hotel,Hotel,Longnan,,,,"100m northwest of the intersection, Longnan, China",,,33.374484,104.961831,+86 939 692 5555,https://www.hilton.com/en/hotels/lnlinht-home2-suites-longnan-railway-station/,https://www.hilton.com/zh-hans/hotels/lnlinht-home2-suites-longnan-railway-station/,,2025-03-08,,,
HILTON-LLQFOHX,Hampton by Hilton Lu’an Shanghe Street,,Hampton by Hilton,希尔顿欢朋,hilton-hampton-by-hilton,FULLY_BOOKABLE,Hotel,Hotel,Lu'an,,,,"No.32 Foziling East Road, Lu'an, China",,,31.752903,116.546332,+86 564 211 7777,https://www.hilton.com/en/hotels/llqfohx-hampton-luan-shanghe-street/,https://www.hilton.com/zh-hans/hotels/llqfohx-hampton-luan-shanghe-street/,,2025-03-29,,,
HILTON-SWACHHT,Home2 Suites by Hilton Shanwei Lufeng,,Home2 Suites by Hilton,希尔顿惠庭,hilton-home2-suites,FULLY_BOOKABLE,Hotel,Hotel,Lufeng,,,,"G324 & Renmin North Rd, Lufeng, China",,,22.953135,115.635553,+86 660 826 9999,https://www.hilton.com/en/hotels/swachht-home2-suites-lufeng-donghai/,https://www.hilton.com/zh-hans/hotels/swachht-home2-suites-lufeng-donghai/,,2022-03-15,,,
HILTON-LYATTHX,Hampton by Hilton Luoyang Xinyi Street,,Hampton by Hilton,希尔顿欢朋,hilton-hampton-by-hilton,FULLY_BOOKABLE,Hotel,Hotel,luoyang,,,,"Heng Sheng Science Park A zone,Luol, luoyang, China",,,34.62588,112.4991,+86 379 6285 8888,https://www.hilton.com/en/hotels/lyatthx-hampton-luoyang-xinyi-street/,https://www.hilton.com/zh-hans/hotels/lyatthx-hampton-luoyang-xinyi-street/,2025-11-08,2025-11-08,,,
HILTON-LYALAHX,Hampton by Hilton Luanchuan Laojun Mountain,,Hampton by Hilton,希尔顿欢朋,hilton-hampton-by-hilton,FULLY_BOOKABLE,Hotel,Hotel,Luoyang,,,,"50 meters west of Geological Square, No. 88 Luanzhou Avenue, Luoyang, China",,,33.776239,111.651017,+86 379 6368 8888,https://www.hilton.com/en/hotels/lyalahx-hampton-luanchuan-laojun-mountain/,https://www.hilton.com/zh-hans/hotels/lyalahx-hampton-luanchuan-laojun-mountain/,2025-10-24,2025-10-24,,,
HILTON-LYAKYGI,Hilton Garden Inn Luoyang Kaiyuan Avenue,,Hilton Garden Inn,希尔顿花园酒店,hilton-hilton-garden-inn,FULLY_BOOKABLE,Hotel,Hotel,Luoyang,,,,"No. 257 Kaiyuan Avenue, Luolong District, Henan Province, Luoyang, China",,,34.62314,112.2608,+86 379 6379 8888,https://www.hilton.com/en/hotels/lyakygi-hilton-garden-inn-luoyang-kaiyuan-avenue/,https://www.hilton.com/zh-hans/hotels/lyakygi-hilton-garden-inn-luoyang-kaiyuan-avenue/,,2024-10-15,,,
HILTON-LYAQQQQ,"The Reserve Hotel Luoyang, Curio Collection by Hilton",,Curio Collection by Hilton,希尔顿格芮精选,hilton-curio-collection,FULLY_BOOKABLE,Hotel,Hotel,Luoyang,,,,"No. 395 Intersection of Longmen Avenue and Yiren Road, Luoyang, China",,,34.634066,112.480319,+86 379 6223 8888,https://www.hilton.com/en/hotels/lyaqqqq-the-reserve-hotel-luoyang/,https://www.hilton.com/zh-hans/hotels/lyaqqqq-the-reserve-hotel-luoyang/,2026-04-02,2026-04-02,,,
HILTON-TYNFYGI,Hilton Garden Inn Fenyang Yulongwan,,Hilton Garden Inn,希尔顿花园酒店,hilton-hilton-garden-inn,FULLY_BOOKABLE,Hotel,Hotel,Lvliang,,,,"Yingxiong South Road Yulongwan, Lvliang, China",,,37.262772,111.775161,+86 358 732 1000,https://www.hilton.com/en/hotels/tynfygi-hilton-garden-inn-fenyang-yulongwan/,https://www.hilton.com/zh-hans/hotels/tynfygi-hilton-garden-inn-fenyang-yulongwan/,,2025-05-26,,,
HILTON-NKGPOHX,Hampton by Hilton Ma'anshan East Station,,Hampton by Hilton,希尔顿欢朋,hilton-hampton-by-hilton,FULLY_BOOKABLE,Hotel,Hotel,Ma'anshan,,,,"No. 2082 Hunan East Road, Ma'anshan, China",,,31.684788,118.545967,+86 555 221 8888,https://www.hilton.com/en/hotels/nkgpohx-hampton-maanshan-east-station/,https://www.hilton.com/zh-hans/hotels/nkgpohx-hampton-maanshan-east-station/,,2025-01-22,,,
HILTON-ZHAXYGI,Hilton Garden Inn Maoming Xinyi,,Hilton Garden Inn,希尔顿花园酒店,hilton-hilton-garden-inn,FULLY_BOOKABLE,Hotel,Hotel,Maoming,,,,"No. 272, Yingbin North Road,, Maoming, China",,,22.364169,110.94157,+86 668 868 6666,https://www.hilton.com/en/hotels/zhaxygi-hilton-garden-inn-maoming-xinyi/,https://www.hilton.com/zh-hans/hotels/zhaxygi-hilton-garden-inn-maoming-xinyi/,,2025-08-05,,,
HILTON-ZHADBHT,Home2 Suites by Hilton Maoming Dianbai,,Home2 Suites by Hilton,希尔顿惠庭,hilton-home2-suites,FULLY_BOOKABLE,Hotel,Hotel,Maoming,,,,"No.10, Xiangyang Avenue, Maoming, China",,,21.533255,111.019135,+86 668 899 8999,https://www.hilton.com/en/hotels/zhadbht-home2-suites-maoming-dianbai/,https://www.hilton.com/zh-hans/hotels/zhadbht-home2-suites-maoming-dianbai/,2026-01-01,2026-01-01,,,
HILTON-CTUMDHT,Home2 Suites by Hilton Meishan Dongpo,,Home2 Suites by Hilton,希尔顿惠庭,hilton-home2-suites,FULLY_BOOKABLE,Hotel,Hotel,Meishan,,,,"No.29, North 1st Ring Road,, Meishan, China",,,30.05418,103.83809,+86 28 3873 7777,https://www.hilton.com/en/hotels/ctumdht-home2-suites-meishan-dongpo/,https://www.hilton.com/zh-hans/hotels/ctumdht-home2-suites-meishan-dongpo/,,2024-04-03,,,
HILTON-MXZCNHX,Hampton by Hilton Meizhou Meijiang Caisheng Center,,Hampton by Hilton,希尔顿欢朋,hilton-hampton-by-hilton,FULLY_BOOKABLE,Hotel,Hotel,Meizhou,,,,"No.1 Liming Road, Meizhou, China",,,24.271338,116.136876,+86 753 228 6888,https://www.hilton.com/en/hotels/mxzcnhx-hampton-meizhou-meijiang-caisheng-center/,https://www.hilton.com/zh-hans/hotels/mxzcnhx-hampton-meizhou-meijiang-caisheng-center/,,2025-01-25,,,
HILTON-WNHMZHX,Hampton by Hilton Mengzi Nanhu,,Hampton by Hilton,希尔顿欢朋,hilton-hampton-by-hilton,FULLY_BOOKABLE,Hotel,Hotel,Mengzi,,,,"9 Nanhu South Road, Mengzi, China",,,23.358951,103.399407,+86 873 884 6666,https://www.hilton.com/en/hotels/wnhmzhx-hampton-mengzi-nanhu/,https://www.hilton.com/zh-hans/hotels/wnhmzhx-hampton-mengzi-nanhu/,,,,,
HILTON-MIGANHX,Hampton by Hilton Mianyang Fucheng,,Hampton by Hilton,希尔顿欢朋,hilton-hampton-by-hilton,FULLY_BOOKABLE,Hotel,Hotel,Mianyang,,,,"No. 2 Fucheng Road, Fuchegn Distric, Mianyang, China",,,31.467143,104.750484,+86 816 680 8888,https://www.hilton.com/en/hotels/miganhx-hampton-mianyang-fucheng/,https://www.hilton.com/zh-hans/hotels/miganhx-hampton-mianyang-fucheng/,,2022-06-15,,,
HILTON-MIGHXHX,Hampton by Hilton Mianyang Youxian,,Hampton by Hilton,希尔顿欢朋,hilton-hampton-by-hilton,FULLY_BOOKABLE,Hotel,Hotel,Mianyang,,,,"No.6, Youxian East Road, Mianyang, China",,,31.508522,104.772408,+86 816 236 9999,https://www.hilton.com/en/hotels/mighxhx-hampton-mianyang-youxian/,https://www.hilton.com/zh-hans/hotels/mighxhx-hampton-mianyang-youxian/,,2025-01-27,,,
HILTON-MIGSAGI,Hilton Garden Inn Mianyang Santai,,Hilton Garden Inn,希尔顿花园酒店,hilton-hilton-garden-inn,FULLY_BOOKABLE,Hotel,Hotel,Mianyang,,,,"Building 8, Phase 2, Yaosen City, Kaibin Road, Tongchuan Town, Santai County,, Mianyang, China",,,31.088331,105.081506,+86 816 555 5333,https://www.hilton.com/en/hotels/migsagi-hilton-garden-inn-mianyang-santai/,https://www.hilton.com/zh-hans/hotels/migsagi-hilton-garden-inn-mianyang-santai/,2026-02-12,2026-02-12,,,
HILTON-KHNLZHX,Hampton by Hilton Nanchang Chaoyang Center,,Hampton by Hilton,希尔顿欢朋,hilton-hampton-by-hilton,FULLY_BOOKABLE,Hotel,Hotel,Nanchang,,,,"North Building of Chaoyo Center,, Nanchang, China",,,28.647138,115.864894,+86 791 8388 7888,https://www.hilton.com/en/hotels/khnlzhx-hampton-nanchang-chaoyang-center/,https://www.hilton.com/zh-hans/hotels/khnlzhx-hampton-nanchang-chaoyang-center/,,2021-10-30,,,
HILTON-KHNGNHX,Hampton by Hilton Nanchang Honggutan,,Hampton by Hilton,希尔顿欢朋,hilton-hampton-by-hilton,FULLY_BOOKABLE,Hotel,Hotel,Nanchang,,,,"No.2888 Fenghe South Avenue,, Nanchang, China",,,28.66550668,115.83470425,+86 791 8872 8888,https://www.hilton.com/en/hotels/khngnhx-hampton-nangchang-honggutan/,https://www.hilton.com/zh-hans/hotels/khngnhx-hampton-nangchang-honggutan/,,,,,
HILTON-KHNHCHX,Hampton by Hilton Nanchang Honggutan Qiushui Square,,Hampton by Hilton,希尔顿欢朋,hilton-hampton-by-hilton,FULLY_BOOKABLE,Hotel,Hotel,Nanchang,,,,"No.1391 Honggu Middle Blvd, Nanchang, China",,,28.694693,115.869034,+86 791 8270 3555,https://www.hilton.com/en/hotels/khnhchx-hampton-nanchang-honggutan-qiushui-square/,https://www.hilton.com/zh-hans/hotels/khnhchx-hampton-nanchang-honggutan-qiushui-square/,,2025-05-30,,,
HILTON-KHNANHX,Hampton by Hilton Nanchang Qingshanhu,,Hampton by Hilton,希尔顿欢朋,hilton-hampton-by-hilton,FULLY_BOOKABLE,Hotel,Hotel,Nanchang,,,,"No.2269 Gaoxin South Avenue,, Nanchang, China",,,28.636781,115.956857,+86 791 8521 9888,https://www.hilton.com/en/hotels/khnanhx-hampton-nanchang-qingshanhu/,https://www.hilton.com/zh-hans/hotels/khnanhx-hampton-nanchang-qingshanhu/,,,,,
HILTON-KHNDDHX,Hampton by Hilton Nanchang Tengwang Tower,,Hampton by Hilton,希尔顿欢朋,hilton-hampton-by-hilton,FULLY_BOOKABLE,Hotel,Hotel,Nanchang,,,,"No.1555 Yanjiang North Ave,, Nanchang, China",,,28.7024911067,115.9032476151,+86 791 8682 6888,https://www.hilton.com/en/hotels/khnddhx-hampton-nanchang-tengwang-tower/,https://www.hilton.com/zh-hans/hotels/khnddhx-hampton-nanchang-tengwang-tower/,,,,,
HILTON-KHNGIGI,Hilton Garden Inn Nanchang Honggutan,,Hilton Garden Inn,希尔顿花园酒店,hilton-hilton-garden-inn,FULLY_BOOKABLE,Hotel,Hotel,Nanchang,,,,"No. 888 Huizhan Road,, Nanchang, China",,,28.68988648743,115.84650358356,+86 791 8830 2777,https://www.hilton.com/en/hotels/khngigi-hilton-garden-inn-nanchang-honggutan/,https://www.hilton.com/zh-hans/hotels/khngigi-hilton-garden-inn-nanchang-honggutan/,,2021-06-18,,,
HILTON-KHNPAGI,Hilton Garden Inn Nanchang Tengwang Pavilion,,Hilton Garden Inn,希尔顿花园酒店,hilton-hilton-garden-inn,OPENING_SOON,Hotel,Hotel,Nanchang,,,,"No. 312 Rongmen Road, Nanchang, China",,,28.69,115.89,+86 791 8819 5555,https://www.hilton.com/en/hotels/khnpagi-hilton-garden-inn-nanchang-tengwang-pavilion/,https://www.hilton.com/zh-hans/hotels/khnpagi-hilton-garden-inn-nanchang-tengwang-pavilion/,,2026-09-01,,,
HILTON-NKGBDHX,Hampton by Hilton Nanjing Confucius Temple,,Hampton by Hilton,希尔顿欢朋,hilton-hampton-by-hilton,FULLY_BOOKABLE,Hotel,Hotel,Nanjing,,,,"55 Daming Road, Qinhuai District, Nanjing, China",,,32.00738,118.81199,+86 25 8596 7888,https://www.hilton.com/en/hotels/nkgbdhx-hampton-nanjing-confucius-temple/,https://www.hilton.com/zh-hans/hotels/nkgbdhx-hampton-nanjing-confucius-temple/,,2025-04-06,,,
HILTON-NKGSKHX,Hampton by Hilton Nanjing Jiangning,,Hampton by Hilton,希尔顿欢朋,hilton-hampton-by-hilton,FULLY_BOOKABLE,Hotel,Hotel,Nanjing,,,,"No.88 Shanggao Rd,, Nanjing, China",,,31.979964,118.869804,+86 25 6605 9999,https://www.hilton.com/en/hotels/nkgskhx-hampton-nanjing-jiangning/,https://www.hilton.com/zh-hans/hotels/nkgskhx-hampton-nanjing-jiangning/,,,,,
HILTON-NKGRUHX,Hampton by Hilton Nanjing Luhe Xiongzhou,,Hampton by Hilton,希尔顿欢朋,hilton-hampton-by-hilton,FULLY_BOOKABLE,Hotel,Hotel,Nanjing,,,,"No.188 Xiongzhou Road, Nanjing, China",,,32.34146906457,118.8696200039,+86 25 8699 6666,https://www.hilton.com/en/hotels/nkgruhx-hampton-nanjing-luhe-xiongzhou/,https://www.hilton.com/zh-hans/hotels/nkgruhx-hampton-nanjing-luhe-xiongzhou/,2026-01-01,2026-01-01,,,
HILTON-NKGCHHX,Hampton by Hilton Nanjing North Railway Station,,Hampton by Hilton,希尔顿欢朋,hilton-hampton-by-hilton,FULLY_BOOKABLE,Hotel,Hotel,Nanjing,,,,"40 meters west,Chuangzhi Building,, Nanjing, China",,,32.155761,118.695757,+86 25 5858 9666,https://www.hilton.com/en/hotels/nkgchhx-hampton-nanjing-north-railway-station/,https://www.hilton.com/zh-hans/hotels/nkgchhx-hampton-nanjing-north-railway-station/,,2025-10-01,,,
HILTON-NKGNAHX,Hampton by Hilton Nanjing Olympic Sports Center & EXPO,,Hampton by Hilton,希尔顿欢朋,hilton-hampton-by-hilton,FULLY_BOOKABLE,Hotel,Hotel,Nanjing,,,,"Bldg B, Wande Tower,, Nanjing, China",,,31.97696596,118.87178979,+86 25 8555 6111,https://www.hilton.com/en/hotels/nkgnahx-hampton-nanjing-olympic-sports-center-expo/,https://www.hilton.com/zh-hans/hotels/nkgnahx-hampton-nanjing-olympic-sports-center-expo/,,,,,
HILTON-NKGOTHX,Hampton by Hilton Nanjing Qilin Zhongshanling,,Hampton by Hilton,希尔顿欢朋,hilton-hampton-by-hilton,FULLY_BOOKABLE,Hotel,Hotel,Nanjing,,,,"No.96 Binyuan Road, Qilin Street,, Nanjing, China",,,32.017812,118.899568,+86 25 5181 8111,https://www.hilton.com/en/hotels/nkgothx-hampton-nanjing-qilin-zhongshanling/,https://www.hilton.com/zh-hans/hotels/nkgothx-hampton-nanjing-qilin-zhongshanling/,,2022-06-30,,,
HILTON-NKGOSHX,Hampton by Hilton Nanjing South Railway Station Shuzi Road,,Hampton by Hilton,希尔顿欢朋,hilton-hampton-by-hilton,OPENING_SOON,Hotel,Hotel,Nanjing,,,,"No.529,Shuzi Road, Nanjing, China",,,31.96223812,118.7775537,+86 25 8591 7888,https://www.hilton.com/en/hotels/nkgoshx-hampton-nanjing-south-railway-station-shuzi-road/,https://www.hilton.com/zh-hans/hotels/nkgoshx-hampton-nanjing-south-railway-station-shuzi-road/,,2026-06-30,,,
HILTON-NKGCNHX,Hampton by Hilton Nanjing South Station,,Hampton by Hilton,希尔顿欢朋,hilton-hampton-by-hilton,FULLY_BOOKABLE,Hotel,Hotel,Nanjing,,,,"38 Shengli Rd, Jiangning District, Nanjing, China",,,31.9487869,118.80602216,+86 25 5207 6668,https://www.hilton.com/en/hotels/nkgcnhx-hampton-nanjing-south-station/,https://www.hilton.com/zh-hans/hotels/nkgcnhx-hampton-nanjing-south-station/,,,,,
HILTON-NKGHNHX,Hampton by Hilton Nanjing Xianlin University Town,,Hampton by Hilton,希尔顿欢朋,hilton-hampton-by-hilton,FULLY_BOOKABLE,Hotel,Hotel,Nanjing,,,,"Building B, Southeast Youth Hui Plaza, No. 2 Wenlan Road,, Nanjing, China",,,32.094996,118.922324,+86 25 8696 6888,https://www.hilton.com/en/hotels/nkghnhx-hampton-nanjing-xianlin-university-town/,https://www.hilton.com/zh-hans/hotels/nkghnhx-hampton-nanjing-xianlin-university-town/,,2024-08-27,,,
HILTON-NKGNNHX,Hampton by Hilton Nanjing Zhushan Road,,Hampton by Hilton,希尔顿欢朋,hilton-hampton-by-hilton,FULLY_BOOKABLE,Hotel,Hotel,Nanjing,,,,"59 Tianyuan East Rd,, Nanjing, China",,,31.933641,118.849027,+86 25 8612 2777,https://www.hilton.com/en/hotels/nkgnnhx-hampton-nanjing-zhushan-road/,https://www.hilton.com/zh-hans/hotels/nkgnnhx-hampton-nanjing-zhushan-road/,,2022-06-02,,,
HILTON-NKGEEGI,Hilton Garden Inn Nanjing Hexi Olympic Sports Center,,Hilton Garden Inn,希尔顿花园酒店,hilton-hilton-garden-inn,FULLY_BOOKABLE,Hotel,Hotel,Nanjing,,,,"B6, No.9 Bai Long Jiang East Street, Nanjing, China",,,31.986719,118.743543,+86 25 5234 6666,https://www.hilton.com/en/hotels/nkgeegi-hilton-garden-inn-nanjing-hexi-olympic-sports-center/,https://www.hilton.com/zh-hans/hotels/nkgeegi-hilton-garden-inn-nanjing-hexi-olympic-sports-center/,,2023-12-30,,,
HILTON-NKGJFHI,Hilton Nanjing,,Hilton Hotels & Resorts,希尔顿酒店及度假村,hilton-hilton-hotels,FULLY_BOOKABLE,Hotel,Hotel,Nanjing,,,,"No. 100 Middle Jiangdong Road, Nanjing, China",,,32.0332,118.733,+86 25 8665 8888,https://www.hilton.com/en/hotels/nkgjfhi-hilton-nanjing/,https://www.hilton.com/zh-hans/hotels/nkgjfhi-hilton-nanjing/,,2011-11-16,,,
HILTON-NKGNSHI,Hilton Nanjing Niushoushan,,Hilton Hotels & Resorts,希尔顿酒店及度假村,hilton-hilton-hotels,FULLY_BOOKABLE,Hotel,Hotel,Nanjing,,,,"No. 8 Ningdan Ave., Jiangning Dist., Nanjing, China",,,31.912249,118.755851,+86 25 8711 8888,https://www.hilton.com/en/hotels/nkgnshi-hilton-nanjing-niushoushan/,https://www.hilton.com/zh-hans/hotels/nkgnshi-hilton-nanjing-niushoushan/,,2023-10-27,,,
HILTON-NKGNRHI,Hilton Nanjing Riverside,,Hilton Hotels & Resorts,希尔顿酒店及度假村,hilton-hilton-hotels,FULLY_BOOKABLE,Hotel,Hotel,Nanjing,,,,"No.1 Huaibin Road, GuLou District, Nanjing, China",,,32.07,118.73,+86 25 8315 8888,https://www.hilton.com/en/hotels/nkgnrhi-hilton-nanjing-riverside/,https://www.hilton.com/zh-hans/hotels/nkgnrhi-hilton-nanjing-riverside/,,2011-12-08,,,
HILTON-NKGNJLX,"The New Jingli Hotel, an SLH Hotel",,Small Luxury Hotels of the World,全球奢华精品酒店,hilton-small-luxury-hotels-slh,FULLY_BOOKABLE,Hotel,Hotel,Nanjing,,,,"2 Zijinghua Road, Nanjing, China",,,31.991875,118.793171,+86 25 8324 3333,https://www.hilton.com/en/hotels/nkgnjlx-the-new-jingli-hotel/,https://www.hilton.com/zh-hans/hotels/nkgnjlx-the-new-jingli-hotel/,,2024-07-09,,,
HILTON-NNGJCDI,DoubleTree by Hilton Nanning Wuxiang,,DoubleTree by Hilton,希尔顿逸林,hilton-doubletree-by-hilton,FULLY_BOOKABLE,Hotel,Hotel,Nanning,,,,"19 Tiqiang Road, LIangqing District, Nanning, China",,,22.75574019729,108.39018928217,+86 771 808 9999,https://www.hilton.com/en/hotels/nngjcdi-doubletree-nanning-wuxiang/,https://www.hilton.com/zh-hans/hotels/nngjcdi-doubletree-nanning-wuxiang/,,2023-10-15,,,
HILTON-AEBXIHX,Hampton by Hilton Nanning Anji,,Hampton by Hilton,希尔顿欢朋,hilton-hampton-by-hilton,FULLY_BOOKABLE,Hotel,Hotel,Nanning,,,,"18 Anyang Rd, Xixiangtang District,, Nanning, China",,,22.864777,108.297887,+86 771 808 6888,https://www.hilton.com/en/hotels/aebxihx-hampton-nanning-anji/,https://www.hilton.com/zh-hans/hotels/aebxihx-hampton-nanning-anji/,,,,,
HILTON-NNGNNHX,Hampton by Hilton Nanning East Station,,Hampton by Hilton,希尔顿欢朋,hilton-hampton-by-hilton,FULLY_BOOKABLE,Hotel,Hotel,Nanning,,,,"No.17-1 Fenglin Rd,, Nanning, China",,,22.824721,108.411474,+86 771 585 3999,https://www.hilton.com/en/hotels/nngnnhx-hampton-nanning-east-station/,https://www.hilton.com/zh-hans/hotels/nngnnhx-hampton-nanning-east-station/,,2019-09-30,,,
HILTON-NNGJIHX,Hampton by Hilton Nanning Jiangnan,,Hampton by Hilton,希尔顿欢朋,hilton-hampton-by-hilton,FULLY_BOOKABLE,Hotel,Hotel,Nanning,,,,"No. 53 Baisha Avenue,, Nanning, China",,,22.7790059458,108.304313712,+86 771 317 1888,https://www.hilton.com/en/hotels/nngjihx-hampton-nanning-jiangnan/,https://www.hilton.com/zh-hans/hotels/nngjihx-hampton-nanning-jiangnan/,,2017-05-31,,,
HILTON-NNGMTHX,Hampton by Hilton Nanning Qingshan Road,,Hampton by Hilton,希尔顿欢朋,hilton-hampton-by-hilton,FULLY_BOOKABLE,Hotel,Hotel,Nanning,,,,"No. 21 Zhuxi Avenue, Qingxiu District, Nanning, China",,,22.795649,108.357958,+86 771 802 6888,https://www.hilton.com/en/hotels/nngmthx-hampton-nanning-qingshan-road/,https://www.hilton.com/zh-hans/hotels/nngmthx-hampton-nanning-qingshan-road/,,2025-08-26,,,
HILTON-NNGHXHX,Hampton by Hilton Nanning Wuxiang,,Hampton by Hilton,希尔顿欢朋,hilton-hampton-by-hilton,FULLY_BOOKABLE,Hotel,Hotel,Nanning,,,,"9 Yudong Road,, Nanning, China",,,22.739867,108.348262,+86 771 573 5888,https://www.hilton.com/en/hotels/nnghxhx-hampton-nanning-wuxiang/,https://www.hilton.com/zh-hans/hotels/nnghxhx-hampton-nanning-wuxiang/,,,,,
HILTON-AEBNSHX,Hampton by Hilton Nanning Xingning,,Hampton by Hilton,希尔顿欢朋,hilton-hampton-by-hilton,FULLY_BOOKABLE,Hotel,Hotel,Nanning,,,,"58 Kunlun Avenue,, Nanning, China",,,22.862004,108.379767,+86 771 256 8666,https://www.hilton.com/en/hotels/aebnshx-hampton-nanning-xingning/,https://www.hilton.com/zh-hans/hotels/aebnshx-hampton-nanning-xingning/,,2022-09-24,,,
HILTON-AEBNAHT,Home2 Suites by Hilton Nanning Jiangnan,,Home2 Suites by Hilton,希尔顿惠庭,hilton-home2-suites,FULLY_BOOKABLE,Hotel,Hotel,Nanning,,,,"No. 5, Nanjian Road,, Nanning, China",,,22.79248,108.29522,+86 771 805 5888,https://www.hilton.com/en/hotels/aebnaht-home2-suites-nanning-jiangnan/,https://www.hilton.com/zh-hans/hotels/aebnaht-home2-suites-nanning-jiangnan/,,2022-06-12,,,
HILTON-NTGHMDI,DoubleTree by Hilton Nantong Haimen,,DoubleTree by Hilton,希尔顿逸林,hilton-doubletree-by-hilton,OPENING_SOON,Hotel,Hotel,Nantong,,,,"No. 881, Zhang Jian Avenue, Nantong, China",,,31.871156,121.184414,+86 513 8078 9900,https://www.hilton.com/en/hotels/ntghmdi-doubletree-nantong-haimen/,https://www.hilton.com/zh-hans/hotels/ntghmdi-doubletree-nantong-haimen/,,2026-08-28,,,
HILTON-NTGGAHX,Hampton by Hilton Nantong Jianghai Avenue,,Hampton by Hilton,希尔顿欢朋,hilton-hampton-by-hilton,FULLY_BOOKABLE,Hotel,Hotel,Nantong,,,,"No. 259 Jianghai Avenue,, Nantong, China",,,32.038555,120.832991,+86 513 8615 8888,https://www.hilton.com/en/hotels/ntggahx-hampton-nantong-jianghai-avenue/,https://www.hilton.com/zh-hans/hotels/ntggahx-hampton-nantong-jianghai-avenue/,,2023-09-20,,,
HILTON-NTGGGHX,Hampton by Hilton Nantong Railway Station,,Hampton by Hilton,希尔顿欢朋,hilton-hampton-by-hilton,FULLY_BOOKABLE,Hotel,Hotel,Nantong,,,,"No.188 Gongnong North Road,, Nantong, China",,,32.060791,120.879862,+86 513 8710 5555,https://www.hilton.com/en/hotels/ntggghx-hampton-nantong-railway-station/,https://www.hilton.com/zh-hans/hotels/ntggghx-hampton-nantong-railway-station/,,,,,
HILTON-NTGHHGI,Hilton Garden Inn Nantong Haohe Scenic Area,,Hilton Garden Inn,希尔顿花园酒店,hilton-hilton-garden-inn,FULLY_BOOKABLE,Hotel,Hotel,Nantong,,,,"No.98 Zhong Xiu Zhong Road, Nantong, China",,,32.033011,120.862859,+86 513 8021 9999,https://www.hilton.com/en/hotels/ntghhgi-hilton-garden-inn-nantong-haohe-scenic-area/,https://www.hilton.com/zh-hans/hotels/ntghhgi-hilton-garden-inn-nantong-haohe-scenic-area/,,2023-12-11,,,
HILTON-NTGRDGI,Hilton Garden Inn Nantong Rudong,,Hilton Garden Inn,希尔顿花园酒店,hilton-hilton-garden-inn,FULLY_BOOKABLE,Hotel,Hotel,Nantong,,,,"No. 39 Taishan Rd, Chengzhong Str.,, Nantong, China",,,32.34471,121.194,+86 513 8459 9999,https://www.hilton.com/en/hotels/ntgrdgi-hilton-garden-inn-nantong-rudong/,https://www.hilton.com/zh-hans/hotels/ntgrdgi-hilton-garden-inn-nantong-rudong/,,2024-01-01,,,
HILTON-NTGECHT,Home2 Suites by Hilton Nantong Mixc Mall,,Home2 Suites by Hilton,希尔顿惠庭,hilton-home2-suites,FULLY_BOOKABLE,Hotel,Hotel,Nantong,,,,"99 North Street, Nantong, China",,,32.047277,120.859375,+86 513 8581 8888,https://www.hilton.com/en/hotels/ntgecht-home2-suites-nantong-mixc-mall/,https://www.hilton.com/zh-hans/hotels/ntgecht-home2-suites-nantong-mixc-mall/,,2025-06-25,,,
HILTON-RUGDTDI,DoubleTree by Hilton Rugao,,DoubleTree by Hilton,希尔顿逸林,hilton-doubletree-by-hilton,FULLY_BOOKABLE,Hotel,Hotel,Nantong Rugao,,,,"No. 1001 Haiyang South Road, Nantong Rugao, China",,,32.3693182514,120.573486841,+86 513 8722 8888,https://www.hilton.com/en/hotels/rugdtdi-doubletree-rugao/,https://www.hilton.com/zh-hans/hotels/rugdtdi-doubletree-rugao/,,2023-07-15,,,
HILTON-NNYANHX,Hampton by Hilton Nanyang Jiangying Airport,,Hampton by Hilton,希尔顿欢朋,hilton-hampton-by-hilton,FULLY_BOOKABLE,Hotel,Hotel,Nanyang,,,,"No. 266 Changjiang North Road, Nanyang, China",,,32.986278,112.6095,+86 377 6022 7777,https://www.hilton.com/en/hotels/nnyanhx-hampton-nanyang-jiangying-airport/,https://www.hilton.com/zh-hans/hotels/nnyanhx-hampton-nanyang-jiangying-airport/,,2025-09-07,,,
HILTON-NGBNCDI,DoubleTree by Hilton Hotel Ningbo - Chunxiao,,DoubleTree by Hilton,希尔顿逸林,hilton-doubletree-by-hilton,FULLY_BOOKABLE,Hotel,Hotel,Ningbo,,,,"689 Chunxiao Avenue, Beilun, Ningbo, China",,,29.761005,121.908221,+86 574 2691 9999,https://www.hilton.com/en/hotels/ngbncdi-doubletree-ningbo-chunxiao/,https://www.hilton.com/zh-hans/hotels/ngbncdi-doubletree-ningbo-chunxiao/,,2015-12-16,,,
HILTON-NGBNBDI,DoubleTree by Hilton Ningbo Beilun,,DoubleTree by Hilton,希尔顿逸林,hilton-doubletree-by-hilton,FULLY_BOOKABLE,Hotel,Hotel,Ningbo,,,,"No. 699 Huangshan Road, Ningbo, China",,,29.8990273935,121.836509837,+86 574 2690 8888,https://www.hilton.com/en/hotels/ngbnbdi-doubletree-ningbo-beilun/,https://www.hilton.com/zh-hans/hotels/ngbnbdi-doubletree-ningbo-beilun/,,2016-12-27,,,
HILTON-NGBCSHX,Hampton by Hilton Cixi Guanhaiwei,,Hampton by Hilton,希尔顿欢朋,hilton-hampton-by-hilton,FULLY_BOOKABLE,Hotel,Hotel,Ningbo,,,,"No. 256 Shiji Avenue, Guanhaiwei, Ningbo, China",,,30.159723,121.422362,+86 574 6300 6999,https://www.hilton.com/en/hotels/ngbcshx-hampton-cixi-guanhaiwei/,https://www.hilton.com/zh-hans/hotels/ngbcshx-hampton-cixi-guanhaiwei/,2026-02-13,2026-02-13,,,
HILTON-NGBHXHX,Hampton by Hilton Ningbo Eastern New Town,,Hampton by Hilton,希尔顿欢朋,hilton-hampton-by-hilton,FULLY_BOOKABLE,Hotel,Hotel,Ningbo,,,,"14 South District, Hongtai Plaza,, Ningbo, China",,,29.862574,121.587683,+86 574 2762 9888,https://www.hilton.com/en/hotels/ngbhxhx-hampton-ningbo-eastern-new-town/,https://www.hilton.com/zh-hans/hotels/ngbhxhx-hampton-ningbo-eastern-new-town/,,,,,
HILTON-NGBNIHX,Hampton by Hilton Ningbo Ninghai Keji Avenue,,Hampton by Hilton,希尔顿欢朋,hilton-hampton-by-hilton,FULLY_BOOKABLE,Hotel,Hotel,Ningbo,,,,"No. 3 Keji Avenue, Taoyuan Street, Ningbo, China",,,29.341915,121.450793,+86 574 6574 8888,https://www.hilton.com/en/hotels/ngbnihx-hampton-ningbo-ninghai-keji-avenue/,https://www.hilton.com/zh-hans/hotels/ngbnihx-hampton-ningbo-ninghai-keji-avenue/,,2022-06-30,,,
HILTON-ZHYHRHX,Hampton by Hilton Ningbo Xiangshan People's Square,,Hampton by Hilton,希尔顿欢朋,hilton-hampton-by-hilton,FULLY_BOOKABLE,Hotel,Hotel,Ningbo,,,,"No. 368, Danhe East Road, Danxi Sub-district,, Ningbo, China",,,29.452473,121.885449,+86 574 6500 0777,https://www.hilton.com/en/hotels/zhyhrhx-hampton-ningbo-xiangshan-peoples-square/,https://www.hilton.com/zh-hans/hotels/zhyhrhx-hampton-ningbo-xiangshan-peoples-square/,2026-02-04,2026-02-04,,,
HILTON-NGBCHHX,Hampton by Hilton Ningbo Yinzhou City Center,,Hampton by Hilton,希尔顿欢朋,hilton-hampton-by-hilton,FULLY_BOOKABLE,Hotel,Hotel,Ningbo,,,,"No.6, Youxian East Road, Ningbo, China",,,29.832138,121.573844,+86 574 8282 8888,https://www.hilton.com/en/hotels/ngbchhx-hampton-ningbo-yinzhou-city-center/,https://www.hilton.com/zh-hans/hotels/ngbchhx-hampton-ningbo-yinzhou-city-center/,,2025-04-30,,,
HILTON-NGBZDHX,Hampton by Hilton Ningbo Zhenhai Zhaobao Mountain,,Hampton by Hilton,希尔顿欢朋,hilton-hampton-by-hilton,FULLY_BOOKABLE,Hotel,Hotel,Ningbo,,,,"No.28 Miaopu Road, Ningbo, China",,,29.95194,121.711221,+86 574 2780 8888,https://www.hilton.com/en/hotels/ngbzdhx-hampton-ningbo-zhenhai-zhaobao-mountain/,https://www.hilton.com/zh-hans/hotels/ngbzdhx-hampton-ningbo-zhenhai-zhaobao-mountain/,2026-01-10,2026-01-10,,,
HILTON-NGBYAGI,Hilton Garden Inn Ningbo,,Hilton Garden Inn,希尔顿花园酒店,hilton-hilton-garden-inn,FULLY_BOOKABLE,Hotel,Hotel,Ningbo,,,,"No.1099 Yinzhou Avenue, Ningbo, China",,,29.799,121.546188,+86 574 2893 6666,https://www.hilton.com/en/hotels/ngbyagi-hilton-garden-inn-ningbo/,https://www.hilton.com/zh-hans/hotels/ngbyagi-hilton-garden-inn-ningbo/,,2016-12-31,,,
HILTON-NGBQAHI,Hilton Ningbo Dongqian Lake,,Hilton Hotels & Resorts,希尔顿酒店及度假村,hilton-hilton-hotels,FULLY_BOOKABLE,Hotel,Hotel,Ningbo,,,,"99 Lianxin Road, Ningbo, China",,,29.787038,121.650521,+86 574 2799 9999,https://www.hilton.com/en/hotels/ngbqahi-hilton-ningbo-dongqian-lake/,https://www.hilton.com/zh-hans/hotels/ngbqahi-hilton-ningbo-dongqian-lake/,,2016-11-28,,,
HILTON-NGBBNHT,Home2 Suites by Hilton Ningbo Hangzhou Bay New Area,,Home2 Suites by Hilton,希尔顿惠庭,hilton-home2-suites,FULLY_BOOKABLE,Hotel,Hotel,Ningbo,,,,"No. 88 Haicang Road, Qianwan New Area, Ningbo, China",,,30.319674,121.228593,+86 574 8235 8777,https://www.hilton.com/en/hotels/ngbbnht-home2-suites-ningbo-hangzhou-bay-new-area/,https://www.hilton.com/zh-hans/hotels/ngbbnht-home2-suites-ningbo-hangzhou-bay-new-area/,2025-12-18,2025-12-18,,,
HILTON-NGBYZHT,Home2 Suites by Hilton Ningbo Yinzhou,,Home2 Suites by Hilton,希尔顿惠庭,hilton-home2-suites,FULLY_BOOKABLE,Hotel,Hotel,Ningbo,,,,"No. 999 East Section of Yinxian Avenue, Ningbo, China",,,29.81838,121.557689,+86 574 8806 1999,https://www.hilton.com/en/hotels/ngbyzht-home2-suites-ningboy-yinzhou/,https://www.hilton.com/zh-hans/hotels/ngbyzht-home2-suites-ningboy-yinzhou/,,2025-03-15,,,
HILTON-FOCLIHX,Hampton by Hilton Ningde Lithium Electricity Town,,Hampton by Hilton,希尔顿欢朋,hilton-hampton-by-hilton,FULLY_BOOKABLE,Hotel,Hotel,Ningde,,,,"Building 18, Wanhecheng Commercial, Ningde, China",,,26.727836,119.561197,+86 593 616 6999,https://www.hilton.com/en/hotels/foclihx-hampton-ningde-lithium-electricity-town/,https://www.hilton.com/zh-hans/hotels/foclihx-hampton-ningde-lithium-electricity-town/,,2023-02-28,,,
HILTON-WHANGGI,Hilton Garden Inn Ningguo Chengxi Lake,,Hilton Garden Inn,希尔顿花园酒店,hilton-hilton-garden-inn,FULLY_BOOKABLE,Hotel,Hotel,Ningguo,,,,"No. 9 Guotai East Road, Xuancheng, Anhui Province,, Ningguo, China",,,30.612367,118.961266,+86 563 470 2999,https://www.hilton.com/en/hotels/whanggi-hilton-garden-inn-ningguo-chengxi-lake/,https://www.hilton.com/zh-hans/hotels/whanggi-hilton-garden-inn-ningguo-chengxi-lake/,2026-03-26,2026-03-26,,,
HILTON-BPXLCGI,Hilton Garden Inn Nujiang,,Hilton Garden Inn,希尔顿花园酒店,hilton-hilton-garden-inn,FULLY_BOOKABLE,Hotel,Hotel,Nujiang,,,,"Nujiang Westcoast, Liu Town, Nujiang, China",,,25.831057,98.865523,+86 886 305 0888,https://www.hilton.com/en/hotels/bpxlcgi-hilton-garden-inn-nujiang/,https://www.hilton.com/zh-hans/hotels/bpxlcgi-hilton-garden-inn-nujiang/,,2018-12-31,,,
HILTON-HGHLIHI,Hilton Linzhi Resort,,Hilton Hotels & Resorts,希尔顿酒店及度假村,hilton-hilton-hotels,FULLY_BOOKABLE,Hotel,Hotel,Nyingchi City,,,,"Gongbo Manor, Mainling County, Nyingchi City, China",,,29.261,94.293784,+86 894 588 8666,https://www.hilton.com/en/hotels/hghlihi-hilton-linzhi-resort/,https://www.hilton.com/zh-hans/hotels/hghlihi-hilton-linzhi-resort/,,2017-03-22,,,
HILTON-DSNKBGI,Hilton Garden Inn Ordos Kangbashi,,Hilton Garden Inn,希尔顿花园酒店,hilton-hilton-garden-inn,FULLY_BOOKABLE,Hotel,Hotel,Ordos,,,,"No.2 Nadamu Street, Kangbashi District, Inner Mongolia Province, Ordos, China",,,39.645202,109.810419,+86 477 559 0000,https://www.hilton.com/en/hotels/dsnkbgi-hilton-garden-inn-ordos-kangbashi/,https://www.hilton.com/zh-hans/hotels/dsnkbgi-hilton-garden-inn-ordos-kangbashi/,,2025-02-25,,,
HILTON-PZIPZHX,Hampton by Hilton Panzhihua Central Plaza,,Hampton by Hilton,希尔顿欢朋,hilton-hampton-by-hilton,FULLY_BOOKABLE,Hotel,Hotel,Panzhihua,,,,"No.2 Central Plaza, Airport Rd,, Panzhihua, China",,,26.534255,101.713173,+86 812 666 8888,https://www.hilton.com/en/hotels/pzipzhx-hampton-panzhihua-central-plaza/,https://www.hilton.com/zh-hans/hotels/pzipzhx-hampton-panzhihua-central-plaza/,,,,,
HILTON-PZIZAHT,Home2 Suites by Hilton Panzhihua Huacheng New District,,Home2 Suites by Hilton,希尔顿惠庭,hilton-home2-suites,OPENING_SOON,Hotel,Hotel,Panzhihua,,,,"No. 150 Sanxian Avenue, Renhe District, Panzhihua, Sichuan, Panzhihua, China",,,26.522717,101.73803,+86 812 817 9999,https://www.hilton.com/en/hotels/pzizaht-home2-suites-panzhihua-huacheng-new-district/,https://www.hilton.com/zh-hans/hotels/pzizaht-home2-suites-panzhihua-huacheng-new-district/,,2026-06-30,,,
HILTON-YNTLVLX,"Longting Vineyard Hotel, an SLH Hotel",,Small Luxury Hotels of the World,全球奢华精品酒店,hilton-small-luxury-hotels-slh,FULLY_BOOKABLE,Hotel,Hotel,Penglai City,,,,"No. 1 Longting Road, Liujiagou Town, Shandong, Penglai City, China",,,37.772722,120.901533,+86 535 596 8789,https://www.hilton.com/en/hotels/yntlvlx-longting-vineyard-hotel/,https://www.hilton.com/zh-hans/hotels/yntlvlx-longting-vineyard-hotel/,,2025-12-09,,,
HILTON-CTUPZHT,Home2 Suites by Hilton Chengdu Pengzhou,,Home2 Suites by Hilton,希尔顿惠庭,hilton-home2-suites,FULLY_BOOKABLE,Hotel,Hotel,Pengzhou,,,,"No.1175, Section 1, Pengpi Road, Zh, Pengzhou, China",,,30.949267,103.941892,+86 28 6252 2666,https://www.hilton.com/en/hotels/ctupzht-home2-suites-chengdu-pengzhou/,https://www.hilton.com/zh-hans/hotels/ctupzht-home2-suites-chengdu-pengzhou/,,2024-11-15,,,
HILTON-NNYPDHT,Home2 Suites by Hilton Ruzhou,,Home2 Suites by Hilton,希尔顿惠庭,hilton-home2-suites,OPENING_SOON,Hotel,Hotel,Pingdingshan,,,,"No. 306, Jucheng Jianguo Hotel, Pingdingshan, China",,,34.146601,112.865671,+86 375 696 8888,https://www.hilton.com/en/hotels/nnypdht-home2-suites-ruzhou/,https://www.hilton.com/zh-hans/hotels/nnypdht-home2-suites-ruzhou/,,2027-03-31,,,
HILTON-PXGPGHX,Hampton by Hilton Pingxiang,,Hampton by Hilton,希尔顿欢朋,hilton-hampton-by-hilton,FULLY_BOOKABLE,Hotel,Hotel,Pingxiang,,,,"Zhongding Int'l Commercial Plaza,, Pingxiang, China",,,27.648543,113.885189,+86 799 808 8888,https://www.hilton.com/en/hotels/pxgpghx-hampton-pingxiang/,https://www.hilton.com/zh-hans/hotels/pxgpghx-hampton-pingxiang/,,2023-03-07,,,
HILTON-OPQPUHX,Hampton by Hilton Puning Square,,Hampton by Hilton,希尔顿欢朋,hilton-hampton-by-hilton,OPENING_SOON,Hotel,Hotel,Puning,,,,"Building E, Times Center, Puning, China",,,23.311783876,116.1772928,+86 663 259 9888,https://www.hilton.com/en/hotels/opqpuhx-hampton-puning-square/,https://www.hilton.com/zh-hans/hotels/opqpuhx-hampton-puning-square/,,2026-08-31,,,
HILTON-FOCLDDI,DoubleTree by Hilton Hotel Putian,,DoubleTree by Hilton,希尔顿逸林,hilton-doubletree-by-hilton,FULLY_BOOKABLE,Hotel,Hotel,Putian,,,,"No. 2276 Middle Licheng Avenue, Putian, China",,,25.45172,119.009878,+86 594 235 8888,https://www.hilton.com/en/hotels/foclddi-doubletree-putian/,https://www.hilton.com/zh-hans/hotels/foclddi-doubletree-putian/,,2012-12-28,,,
HILTON-HGHLRHI,Hilton Hangzhou Qiandao Lake Resort,,Hilton Hotels & Resorts,希尔顿酒店及度假村,hilton-hilton-hotels,FULLY_BOOKABLE,Hotel,Hotel,"Qiandao Lake, Chun'an County",,,,"600 Huanhu North Road, Qiandao Lake, Chun'an County, China",,,29.609994,119.084574,+86 571 6508 6666,https://www.hilton.com/en/hotels/hghlrhi-hilton-hangzhou-qiandao-lake-resort/,https://www.hilton.com/zh-hans/hotels/hghlrhi-hilton-hangzhou-qiandao-lake-resort/,,2011-07-26,,,
HILTON-JIQQIHX,Hampton by Hilton Qianjiang,,Hampton by Hilton,希尔顿欢朋,hilton-hampton-by-hilton,FULLY_BOOKABLE,Hotel,Hotel,Qianjiang,,,,"NO.1 Dongcheng Avenue, Qianjiang, Qianjiang, China",,,30.396084,112.918352,+86 728 670 8888,https://www.hilton.com/en/hotels/jiqqihx-hampton-qianjiang/,https://www.hilton.com/zh-hans/hotels/jiqqihx-hampton-qianjiang/,,2023-09-08,,,
HILTON-PVGQDDI,DoubleTree by Hilton Qidong,,DoubleTree by Hilton,希尔顿逸林,hilton-doubletree-by-hilton,FULLY_BOOKABLE,Hotel,Hotel,Qidong,,,,"BLDG 1, Yinzhou Financial Center,, Qidong, China",,,31.81083,121.65985,+86 513 8333 7777,https://www.hilton.com/en/hotels/pvgqddi-doubletree-qidong/,https://www.hilton.com/zh-hans/hotels/pvgqddi-doubletree-qidong/,,2021-05-29,,,
HILTON-LLFGIGI,Hilton Garden Inn Qidong,,Hilton Garden Inn,希尔顿花园酒店,hilton-hilton-garden-inn,FULLY_BOOKABLE,Hotel,Hotel,Qidong,,,,"No. 588-1 Central Park Mall,, Qidong, China",,,31.804665,121.680222,+86 513 6668 9999,https://www.hilton.com/en/hotels/llfgigi-hilton-garden-inn-qidong/,https://www.hilton.com/zh-hans/hotels/llfgigi-hilton-garden-inn-qidong/,,2018-04-28,,,
HILTON-TAOLXDI,DoubleTree by Hilton Hotel Qingdao-Jimo,,DoubleTree by Hilton,希尔顿逸林,hilton-doubletree-by-hilton,FULLY_BOOKABLE,Hotel,Hotel,Qingdao,,,,"No. 79 Shengxing Rd, Jimo District, Qingdao, China",,,36.391008,120.442792,+86 532 8850 8888,https://www.hilton.com/en/hotels/taolxdi-doubletree-qingdao-jimo/,https://www.hilton.com/zh-hans/hotels/taolxdi-doubletree-qingdao-jimo/,,2015-09-28,,,
HILTON-TAOMMDI,DoubleTree by Hilton Qingdao Oriental Movie Metropolis,,DoubleTree by Hilton,希尔顿逸林,hilton-doubletree-by-hilton,FULLY_BOOKABLE,Hotel,Hotel,Qingdao,,,,"788 Xinghaiwan Road,, Qingdao, China",,,35.899,120.109918,+86 532 8905 1111,https://www.hilton.com/en/hotels/taommdi-doubletree-qingdao-oriental-movie-metropolis/,https://www.hilton.com/zh-hans/hotels/taommdi-doubletree-qingdao-oriental-movie-metropolis/,,2018-04-28,,,
HILTON-TAOJZHX,Hampton by Hilton Qingdao Airport,,Hampton by Hilton,希尔顿欢朋,hilton-hampton-by-hilton,FULLY_BOOKABLE,Hotel,Hotel,Qingdao,,,,"No.6 Zhanqian Avenue,Jiaozhou, Qingdao, China",,,36.390843,120.052506,+86 532 8323 9888,https://www.hilton.com/en/hotels/taojzhx-hampton-qingdao-airport/,https://www.hilton.com/zh-hans/hotels/taojzhx-hampton-qingdao-airport/,,2025-08-25,,,
HILTON-TAOCHHX,Hampton by Hilton Qingdao CBD,,Hampton by Hilton,希尔顿欢朋,hilton-hampton-by-hilton,FULLY_BOOKABLE,Hotel,Hotel,Qingdao,,,,"No.132 Fuzhou North Road, Qingdao, China",,,36.10434571917,120.39734507691,+86 532 6677 0888,https://www.hilton.com/en/hotels/taochhx-hampton-qingdao-cbd/,https://www.hilton.com/zh-hans/hotels/taochhx-hampton-qingdao-cbd/,,2025-04-30,,,
HILTON-TAOPHHX,Hampton by Hilton Qingdao Chengyang,,Hampton by Hilton,希尔顿欢朋,hilton-hampton-by-hilton,FULLY_BOOKABLE,Hotel,Hotel,Qingdao,,,,"167 Chengyangzhong Road, Qingdao, China",,,36.30576125,120.40506782,+86 532 5555 1678,https://www.hilton.com/en/hotels/taophhx-hampton-qingdao-chengyang/,https://www.hilton.com/zh-hans/hotels/taophhx-hampton-qingdao-chengyang/,,,,,
HILTON-TAOQIHX,Hampton by Hilton Qingdao Jiaodong International Airport South,,Hampton by Hilton,希尔顿欢朋,hilton-hampton-by-hilton,FULLY_BOOKABLE,Hotel,Hotel,Qingdao,,,,"No.68,Xianggang Dong RD, Qingdao, China",,,36.252346,120.07226,+86 532 5559 6868,https://www.hilton.com/en/hotels/taoqihx-hampton-qingdao-jiaodong-international-airport-south/,https://www.hilton.com/zh-hans/hotels/taoqihx-hampton-qingdao-jiaodong-international-airport-south/,,2022-08-01,,,
HILTON-TAOAOHX,Hampton by Hilton Qingdao Jiaozhou Park,,Hampton by Hilton,希尔顿欢朋,hilton-hampton-by-hilton,FULLY_BOOKABLE,Hotel,Hotel,Qingdao,,,,"No.252 Huzhou Road,Jiaozhou, Qingdao, China",,,36.293336,120.017098,+86 532 8221 3777,https://www.hilton.com/en/hotels/taoaohx-hampton-qingdao-jiaozhou-park/,https://www.hilton.com/zh-hans/hotels/taoaohx-hampton-qingdao-jiaozhou-park/,,2022-11-03,,,
HILTON-TAOPSHX,Hampton by Hilton Qingdao Jinshatan,,Hampton by Hilton,希尔顿欢朋,hilton-hampton-by-hilton,FULLY_BOOKABLE,Hotel,Hotel,Qingdao,,,,"No.47-7 Zhujiang Rd, Huangdao District, Qingdao, China",,,35.94885,120.18655,+86 532 8672 8899,https://www.hilton.com/en/hotels/taopshx-hampton-qingdao-jinshatan/,https://www.hilton.com/zh-hans/hotels/taopshx-hampton-qingdao-jinshatan/,,2025-07-11,,,
HILTON-TAOLIHX,Hampton by Hilton Qingdao Laoshan Shilaoren,,Hampton by Hilton,希尔顿欢朋,hilton-hampton-by-hilton,FULLY_BOOKABLE,Hotel,Hotel,Qingdao,,,,"No. 6 Yiling Road, Laoshan District, Qingdao, China",,,36.100677,120.459437,+86 532 8090 5678,https://www.hilton.com/en/hotels/taolihx-hampton-qingdao-laoshan-shilaoren/,https://www.hilton.com/zh-hans/hotels/taolihx-hampton-qingdao-laoshan-shilaoren/,,2025-05-20,,,
HILTON-TAOBTHX,Hampton by Hilton Qingdao May Fourth Square Olympic Sailing Center,,Hampton by Hilton,希尔顿欢朋,hilton-hampton-by-hilton,FULLY_BOOKABLE,Hotel,Hotel,Qingdao,,,,"No.45A Yanerdao Road, Qingdao, China",,,36.076998,120.41256,+86 532 8610 7666,https://www.hilton.com/en/hotels/taobthx-hampton-qingdao-may-fourth-square-olympic-sailing-center/,https://www.hilton.com/zh-hans/hotels/taobthx-hampton-qingdao-may-fourth-square-olympic-sailing-center/,,2025-06-26,,,
HILTON-TAONSHX,Hampton by Hilton Qingdao Shibei Xinduxin,,Hampton by Hilton,希尔顿欢朋,hilton-hampton-by-hilton,FULLY_BOOKABLE,Hotel,Hotel,Qingdao,,,,"No.8 Luoyang Road, Qingdao, China",,,36.144878,120.399489,+86 532 5607 8888,https://www.hilton.com/en/hotels/taonshx-hampton-qingdao-shibei-xinduxin/,https://www.hilton.com/zh-hans/hotels/taonshx-hampton-qingdao-shibei-xinduxin/,,2024-06-22,,,
HILTON-TAODOHX,Hampton by Hilton Qingdao West Coast,,Hampton by Hilton,希尔顿欢朋,hilton-hampton-by-hilton,FULLY_BOOKABLE,Hotel,Hotel,Qingdao,,,,"No.767 Dongyue Middle Road,Huangdao, Qingdao, China",,,35.892307,120.031143,+86 532 8217 9999,https://www.hilton.com/en/hotels/taodohx-hampton-qingdao-west-coast/,https://www.hilton.com/zh-hans/hotels/taodohx-hampton-qingdao-west-coast/,,2022-07-14,,,
HILTON-TAOGBHI,Hilton Qingdao Golden Beach,,Hilton Hotels & Resorts,希尔顿酒店及度假村,hilton-hilton-hotels,FULLY_BOOKABLE,Hotel,Hotel,Qingdao,,,,"1 Jia Ling Jiang East Road, ETDZ, Qingdao, China",,,35.957224,120.234582,+86 532 8315 0000,https://www.hilton.com/en/hotels/taogbhi-hilton-qingdao-golden-beach/,https://www.hilton.com/zh-hans/hotels/taogbhi-hilton-qingdao-golden-beach/,,2014-07-28,,,
HILTON-TAOCOHT,Home2 Suites by Hilton Qingdao West Coast,,Home2 Suites by Hilton,希尔顿惠庭,hilton-home2-suites,FULLY_BOOKABLE,Hotel,Hotel,Qingdao,,,,"No. 2300, Gongbei Road, Boli Town, Qingdao, China",,,35.686822,119.767897,+86 532 8518 2888,https://www.hilton.com/en/hotels/taocoht-home2-suites-qingdao-west-coast/,https://www.hilton.com/zh-hans/hotels/taocoht-home2-suites-qingdao-west-coast/,2026-04-01,2026-04-01,,,
HILTON-TAOQQQQ,"Secan Hotel Qingdao, Curio Collection by Hilton",,Curio Collection by Hilton,希尔顿格芮精选,hilton-curio-collection,FULLY_BOOKABLE,Hotel,Hotel,Qingdao,,,,"NO. 2528 Tuanjie Road, West Coast New Area,, Qingdao, China",,,36.06242,120.142015,+86 532 5879 7888,https://www.hilton.com/en/hotels/taoqqqq-secan-hotel-qingdao/,https://www.hilton.com/zh-hans/hotels/taoqqqq-secan-hotel-qingdao/,,2025-07-06,,,
HILTON-IQNGDHX,Hampton by Hilton Qingyang Rainbow Bridge,,Hampton by Hilton,希尔顿欢朋,hilton-hampton-by-hilton,FULLY_BOOKABLE,Hotel,Hotel,Qingyang,,,,"Southern section of Qihuang Avenue,, Qingyang, China",,,35.687731,107.650874,+86 934 861 9999,https://www.hilton.com/en/hotels/iqngdhx-hampton-qingyang-rainbow-bridge/,https://www.hilton.com/zh-hans/hotels/iqngdhx-hampton-qingyang-rainbow-bridge/,,,,,
HILTON-IQNQNHX,Hampton by Hilton Qingyuan Fengcheng,,Hampton by Hilton,希尔顿欢朋,hilton-hampton-by-hilton,FULLY_BOOKABLE,Hotel,Hotel,Qingyuan,,,,"No.1 Jinxiu Rd,, Qingyuan, China",,,23.7095606,113.05900337,+86 763 688 0333,https://www.hilton.com/en/hotels/iqnqnhx-hampton-qingyuan-fengcheng/,https://www.hilton.com/zh-hans/hotels/iqnqnhx-hampton-qingyuan-fengcheng/,,2018-08-31,,,
HILTON-CANQYHX,Hampton by Hilton Qingyuan Qingxin,,Hampton by Hilton,希尔顿欢朋,hilton-hampton-by-hilton,FULLY_BOOKABLE,Hotel,Hotel,Qingyuan,,,,"10 Huancheng Middle Rd, Taihe Xian,, Qingyuan, China",,,23.7415186793,112.989749438,+86 763 313 7777,https://www.hilton.com/en/hotels/canqyhx-hampton-qingyuan-qingxin/,https://www.hilton.com/zh-hans/hotels/canqyhx-hampton-qingyuan-qingxin/,,,,,
HILTON-CANQIHX,Hampton by Hilton Qingyuan Renmin Road,,Hampton by Hilton,希尔顿欢朋,hilton-hampton-by-hilton,FULLY_BOOKABLE,Hotel,Hotel,Qingyuan,,,,"Ningtong Building, No. 26,, Qingyuan, China",,,23.678598,113.036337,+86 763 334 8888,https://www.hilton.com/en/hotels/canqihx-hampton-qingyuan-renmin-road/,https://www.hilton.com/zh-hans/hotels/canqihx-hampton-qingyuan-renmin-road/,,2023-07-17,,,
HILTON-BPEQNHX,Hampton by Hilton Qinhuangdao Jinmeng Bay,,Hampton by Hilton,希尔顿欢朋,hilton-hampton-by-hilton,FULLY_BOOKABLE,Hotel,Hotel,Qinhuangdao,,,,"92 Hebin Road,, Qinhuangdao, China",,,39.90496921,119.55407934,+86 335 530 2000,https://www.hilton.com/en/hotels/bpeqnhx-hampton-qinhuangdao-jinmeng-bay/,https://www.hilton.com/zh-hans/hotels/bpeqnhx-hampton-qinhuangdao-jinmeng-bay/,,,,,
HILTON-QHXQNHX,Hampton by Hilton Qionghai Railway Station,,Hampton by Hilton,希尔顿欢朋,hilton-hampton-by-hilton,FULLY_BOOKABLE,Hotel,Hotel,Qionghai,,,,"No.70-1 Xinghai South Road,, Qionghai, China",,,19.229827,110.48745,+86 898 6277 7888,https://www.hilton.com/en/hotels/qhxqnhx-hampton-qionghai-railway-station/,https://www.hilton.com/zh-hans/hotels/qhxqnhx-hampton-qionghai-railway-station/,,,,,
HILTON-NDGQIHX,Hampton by Hilton Qiqihar Jianhua District,,Hampton by Hilton,希尔顿欢朋,hilton-hampton-by-hilton,FULLY_BOOKABLE,Hotel,Hotel,Qiqihar,,,,"No.01, Floor 02, Building 28, Qiqihar, China",,,47.364834,123.955022,+86 452 610 0999,https://www.hilton.com/en/hotels/ndgqihx-hampton-qiqihar-jianhua-district/,https://www.hilton.com/zh-hans/hotels/ndgqihx-hampton-qiqihar-jianhua-district/,,2023-03-12,,,
HILTON-JJNCSHX,Hampton by Hilton Dehua,,Hampton by Hilton,希尔顿欢朋,hilton-hampton-by-hilton,FULLY_BOOKABLE,Hotel,Hotel,Quanzhou,,,,"No. 9, Xiatian Road, Quanzhou, China",,,25.482896,118.244868,+86 595 2358 6666,https://www.hilton.com/en/hotels/jjncshx-hampton-dehua/,https://www.hilton.com/zh-hans/hotels/jjncshx-hampton-dehua/,2026-04-08,2026-04-08,,,
HILTON-JJNFFHX,Hampton by Hilton Quanzhou Fengze Jiaofa,,Hampton by Hilton,希尔顿欢朋,hilton-hampton-by-hilton,OPENING_SOON,Hotel,Hotel,Quanzhou,,,,"No. 29 Fengze Street, Quanzhou, China",,,24.905192,118.624248,+86 595 2269 2888,https://www.hilton.com/en/hotels/jjnffhx-hampton-quanzhou-fengze-jiaofa/,https://www.hilton.com/zh-hans/hotels/jjnffhx-hampton-quanzhou-fengze-jiaofa/,,2026-06-30,,,
HILTON-JINNAHX,Hampton by Hilton Quanzhou Nan'an Shuitou,,Hampton by Hilton,希尔顿欢朋,hilton-hampton-by-hilton,FULLY_BOOKABLE,Hotel,Hotel,Quanzhou,,,,"No.336 Jiefang Road,Shuitou,Nan'an, Quanzhou, China",,,24.722868,118.433663,+86 595 8627 7777,https://www.hilton.com/en/hotels/jinnahx-hampton-quanzhou-nanan-shuitou/,https://www.hilton.com/zh-hans/hotels/jinnahx-hampton-quanzhou-nanan-shuitou/,,2022-12-31,,,
HILTON-JJNCNHT,Home2 Suites by Hilton Quanzhou Anxi,,Home2 Suites by Hilton,希尔顿惠庭,hilton-home2-suites,FULLY_BOOKABLE,Hotel,Hotel,Quanzhou,,,,"Building 7, Fortune Center Plaza, No. 390 North Erhuan Road, Quanzhou, China",,,25.068047,118.15258,+86 595 2636 7999,https://www.hilton.com/en/hotels/jjncnht-home2-suites-quanzhou-anxi/,https://www.hilton.com/zh-hans/hotels/jjncnht-home2-suites-quanzhou-anxi/,,2024-08-20,,,
HILTON-JJNQZHT,Home2 Suites by Hilton Quanzhou Hui'an,,Home2 Suites by Hilton,希尔顿惠庭,hilton-home2-suites,OPENING_SOON,Hotel,Hotel,Quanzhou,,,,"Jin Guan Hotel, No. 188, Wan 'an Ro, Quanzhou, China",,,24.957933,118.697209,+86 595 6819 0000,https://www.hilton.com/en/hotels/jjnqzht-home2-suites-quanzhou-huian/,https://www.hilton.com/zh-hans/hotels/jjnqzht-home2-suites-quanzhou-huian/,,2027-01-31,,,
HILTON-JJNKBLX,"Kaipuu Belfry, an SLH Hotel",,Small Luxury Hotels of the World,全球奢华精品酒店,hilton-small-luxury-hotels-slh,FULLY_BOOKABLE,Hotel,Hotel,Quanzhou,,,,"Belfry Department Store, No 2 East Street, Quanzhou, China",,,24.91554,118.58685,+86 595 2838 7777,https://www.hilton.com/en/hotels/jjnkblx-kaipuu-belfry/,https://www.hilton.com/zh-hans/hotels/jjnkblx-kaipuu-belfry/,,2024-07-09,,,
HILTON-JJNKRLX,"Kaipuu on the Reef, an SLH Hotel",,Small Luxury Hotels of the World,全球奢华精品酒店,hilton-small-luxury-hotels-slh,FULLY_BOOKABLE,Hotel,Hotel,Quanzhou,,,,"No.277 South Ring District, Quanzhou, China",,,24.52391,118.57745,+86 595 8259 7777,https://www.hilton.com/en/hotels/jjnkrlx-kaipuu-on-the-reef/,https://www.hilton.com/zh-hans/hotels/jjnkrlx-kaipuu-on-the-reef/,,2024-07-09,,,
HILTON-JJNQCHI,Hilton Quanzhou Riverside,,Hilton Hotels & Resorts,希尔顿酒店及度假村,hilton-hilton-hotels,FULLY_BOOKABLE,Hotel,Hotel,"Quanzhou, Fujian Province",,,,"No 999 Binjiang Road, Jinjiang, Quanzhou, Fujian Province, China",,,24.86803,118.603993,+86 595 8516 6666,https://www.hilton.com/en/hotels/jjnqchi-hilton-quanzhou-riverside/,https://www.hilton.com/zh-hans/hotels/jjnqchi-hilton-quanzhou-riverside/,,2016-12-31,,,
HILTON-KMGQUHX,Hampton by Hilton Qujing,,Hampton by Hilton,希尔顿欢朋,hilton-hampton-by-hilton,FULLY_BOOKABLE,Hotel,Hotel,Qujing,,,,"Building 5, Sanjiang Ave,, Qujing, China",,,25.510187,103.787743,+86 874 333 7222,https://www.hilton.com/en/hotels/kmgquhx-hampton-qujing/,https://www.hilton.com/zh-hans/hotels/kmgquhx-hampton-qujing/,,2018-08-31,,,
HILTON-KMGEDHT,Home2 Suites by Hilton Qujing Luliang,,Home2 Suites by Hilton,希尔顿惠庭,hilton-home2-suites,FULLY_BOOKABLE,Hotel,Hotel,Qujing,,,,"No. 13, Cuan Township, Qingshan Community, Qujing, China",,,25.053492,103.661911,+86 874 621 9999,https://www.hilton.com/en/hotels/kmgedht-home2-suites-qujing-luliang/,https://www.hilton.com/zh-hans/hotels/kmgedht-home2-suites-qujing-luliang/,2026-02-14,2026-02-14,,,
HILTON-JUZQZDI,DoubleTree by Hilton Quzhou,,DoubleTree by Hilton,希尔顿逸林,hilton-doubletree-by-hilton,FULLY_BOOKABLE,Hotel,Hotel,Quzhou,,,,"No. 377 Jiuhua Middle Road,, Quzhou, China",,,28.9583724,118.8469559,+86 570 275 6666,https://www.hilton.com/en/hotels/juzqzdi-doubletree-quzhou/,https://www.hilton.com/zh-hans/hotels/juzqzdi-doubletree-quzhou/,,2021-11-28,,,
HILTON-JUZGIGI,Hilton Garden Inn Quzhou,,Hilton Garden Inn,希尔顿花园酒店,hilton-hilton-garden-inn,FULLY_BOOKABLE,Hotel,Hotel,Quzhou,,,,"Block 1-2, No.188 Zhizao Road, Quzhou, China",,,28.966056,118.806315,+86 570 302 5555,https://www.hilton.com/en/hotels/juzgigi-hilton-garden-inn-quzhou/,https://www.hilton.com/zh-hans/hotels/juzgigi-hilton-garden-inn-quzhou/,2026-04-10,2026-04-10,,,
HILTON-JUZHIHI,Hilton Quzhou,,Hilton Hotels & Resorts,希尔顿酒店及度假村,hilton-hilton-hotels,FULLY_BOOKABLE,Hotel,Hotel,Quzhou,,,,"Block 1-1, No.188 Zhizao Road, Quzhou, China",,,28.966056,118.806315,+86 570 802 8888,https://www.hilton.com/en/hotels/juzhihi-hilton-quzhou/,https://www.hilton.com/zh-hans/hotels/juzhihi-hilton-quzhou/,2026-04-10,2026-04-10,,,
HILTON-WMTREHX,Hampton by Hilton Renhuai Zuimei Avenue,,Hampton by Hilton,希尔顿欢朋,hilton-hampton-by-hilton,FULLY_BOOKABLE,Hotel,Hotel,Renhuai,,,,"26 Renhuai Zuimei Avenue,, Renhuai, China",,,27.7860531795,106.3950500352,+86 851 2230 8777,https://www.hilton.com/en/hotels/wmtrehx-hampton-renhuai-zuimei-avenue/,https://www.hilton.com/zh-hans/hotels/wmtrehx-hampton-renhuai-zuimei-avenue/,,,,,
HILTON-TAORZHX,Hampton by Hilton Rizhao Wanpingkou Dongyi Town,,Hampton by Hilton,希尔顿欢朋,hilton-hampton-by-hilton,FULLY_BOOKABLE,Hotel,Hotel,Rizhao,,,,"Island A, Dongyi Town, Rizhao, China",,,35.433944,119.562868,+86 633 611 1777,https://www.hilton.com/en/hotels/taorzhx-hampton-rizhao-wanpingkou-dongyi-town/,https://www.hilton.com/zh-hans/hotels/taorzhx-hampton-rizhao-wanpingkou-dongyi-town/,,,,,
HILTON-RIZHTGI,Hilton Garden Inn Rizhao High-Tech Zone,,Hilton Garden Inn,希尔顿花园酒店,hilton-hilton-garden-inn,FULLY_BOOKABLE,Hotel,Hotel,Rizhao,,,,"Building No 5, Wisdom Valley,, Rizhao, China",,,35.45351703698,119.53511775653,+86 633 707 9999,https://www.hilton.com/en/hotels/rizhtgi-hilton-garden-inn-rizhao-high-tech-zone/,https://www.hilton.com/zh-hans/hotels/rizhtgi-hilton-garden-inn-rizhao-high-tech-zone/,,2024-03-31,,,
HILTON-RIZRDHT,Home2 Suites by Hilton Rizhao Wanpingkou,,Home2 Suites by Hilton,希尔顿惠庭,hilton-home2-suites,FULLY_BOOKABLE,Hotel,Hotel,Rizhao,,,,"No. 399, Wulian Road,, Rizhao, China",,,35.4282,119.549553,+86 633 556 6666,https://www.hilton.com/en/hotels/rizrdht-home2-suites-rizhao-wanpingkou/,https://www.hilton.com/zh-hans/hotels/rizrdht-home2-suites-rizhao-wanpingkou/,,2024-07-30,,,
HILTON-WEHRSGI,Hilton Garden Inn Weihai Rushan,,Hilton Garden Inn,希尔顿花园酒店,hilton-hilton-garden-inn,OPENING_SOON,Hotel,Hotel,Rushan,,,,"Shiji Avenue, Rushan,, Rushan, China",,,36.89659,121.548867,+86 631 509 9888,https://www.hilton.com/en/hotels/wehrsgi-hilton-garden-inn-weihai-rushan/,https://www.hilton.com/zh-hans/hotels/wehrsgi-hilton-garden-inn-weihai-rushan/,2026-11-01,2026-07-30,,,
HILTON-SQJCNHT,Home2 Suites by Hilton Sanmenxia Mianchi,,Home2 Suites by Hilton,希尔顿惠庭,hilton-home2-suites,FULLY_BOOKABLE,Hotel,Hotel,Sanmenxia,,,,"58 Xinxing Street, Mianchi County, Sanmenxia, China",,,34.767316,111.771464,+86 398 486 6666,https://www.hilton.com/en/hotels/sqjcnht-home2-suites-sanmenxia-mianchi/,https://www.hilton.com/zh-hans/hotels/sqjcnht-home2-suites-sanmenxia-mianchi/,,2024-11-06,,,
HILTON-LCXSAHX,Hampton by Hilton Sanming Sanyuan District,,Hampton by Hilton,希尔顿欢朋,hilton-hampton-by-hilton,FULLY_BOOKABLE,Hotel,Hotel,Sanming,,,,"No. 200 Dongqian Road, Sanyuan, Sanming, China",,,26.282163,117.654261,+86 598 890 8888,https://www.hilton.com/en/hotels/lcxsahx-hampton-sanming-sanyuan-district/,https://www.hilton.com/zh-hans/hotels/lcxsahx-hampton-sanming-sanyuan-district/,,2023-09-30,,,
HILTON-SYXDIDI,DoubleTree by Hilton Sanya Bay,,DoubleTree by Hilton,希尔顿逸林,hilton-doubletree-by-hilton,FULLY_BOOKABLE,Hotel,Hotel,Sanya,,,,"No. 223, Sanya Bay Road,, Sanya, China",,,18.29,109.39,+86 898 8888 8789,https://www.hilton.com/en/hotels/syxdidi-doubletree-sanya-bay/,https://www.hilton.com/zh-hans/hotels/syxdidi-doubletree-sanya-bay/,2026-02-05,2026-02-05,,,
HILTON-SYXYBHX,Hampton by Hilton Sanya Weiming Lake Park,,Hampton by Hilton,希尔顿欢朋,hilton-hampton-by-hilton,FULLY_BOOKABLE,Hotel,Hotel,Sanya,,,,"No.468-1 Yingbin Road,, Sanya, China",,,18.28365261,109.5603982,+86 898 8884 4666,https://www.hilton.com/en/hotels/syxybhx-hampton-sanya-weiming-lake-park/,https://www.hilton.com/zh-hans/hotels/syxybhx-hampton-sanya-weiming-lake-park/,,,,,
HILTON-SYXJRGI,Hilton Garden Inn Sanya,,Hilton Garden Inn,希尔顿花园酒店,hilton-hilton-garden-inn,FULLY_BOOKABLE,Hotel,Hotel,Sanya,,,,"No.116,Huixin Road, Tianya District, Sanya, China",,,18.279806,109.491613,+86 898 8888 0555,https://www.hilton.com/en/hotels/syxjrgi-hilton-garden-inn-sanya/,https://www.hilton.com/zh-hans/hotels/syxjrgi-hilton-garden-inn-sanya/,,2018-12-28,,,
HILTON-SYXGIGI,Hilton Garden Inn Sanya Haitang Bay,,Hilton Garden Inn,希尔顿花园酒店,hilton-hilton-garden-inn,FULLY_BOOKABLE,Hotel,Hotel,Sanya,,,,"No. 199 Honglong Road, Sanya, China",,,18.311389,109.698333,+86 898 3188 1188,https://www.hilton.com/en/hotels/syxgigi-hilton-garden-inn-sanya-haitang-bay/,https://www.hilton.com/zh-hans/hotels/syxgigi-hilton-garden-inn-sanya-haitang-bay/,,2025-04-16,,,
HILTON-SYXHIHI,Hilton Sanya Yalong Bay Resort & Spa,,Hilton Hotels & Resorts,希尔顿酒店及度假村,hilton-hilton-hotels,FULLY_BOOKABLE,Hotel,Hotel,Sanya,,,,"Yalong Bay National Resort District, Sanya, China",,,18.22585549359,109.6286180591,+86 898 8858 8888,https://www.hilton.com/en/hotels/syxhihi-hilton-sanya-yalong-bay-resort-and-spa/,https://www.hilton.com/zh-hans/hotels/syxhihi-hilton-sanya-yalong-bay-resort-and-spa/,,2006-04-01,,,
HILTON-SYXCUQQ,"Thousand Cranes Sanya Yazhou Bay Int'l Exchange Centre, Curio by Hilton",,Curio Collection by Hilton,希尔顿格芮精选,hilton-curio-collection,FULLY_BOOKABLE,Hotel,Hotel,Sanya,,,,"Creative Industry Park, Sanya, China",,,18.334895,109.160488,+86 898 3827 3999,https://www.hilton.com/en/hotels/syxcuqq-thousand-cranes-sanya-yazhou-bay-int-l-exchange-centre/,https://www.hilton.com/zh-hans/hotels/syxcuqq-thousand-cranes-sanya-yazhou-bay-int-l-exchange-centre/,,2017-06-08,,,
HILTON-UYNSXGI,Hilton Garden Inn Yulin Jingbian,,Hilton Garden Inn,希尔顿花园酒店,hilton-hilton-garden-inn,OPENING_SOON,Hotel,Hotel,Shaanxi,,,,"No. 67, Dongxin Street, Jingbian Country, Shaanxi, China",,,37.602749,108.81516,+86 912 805 1888,https://www.hilton.com/en/hotels/uynsxgi-hilton-garden-inn-yulin-jingbian/,https://www.hilton.com/zh-hans/hotels/uynsxgi-hilton-garden-inn-yulin-jingbian/,,2027-04-01,,,
HILTON-SHABPPY,Canopy by Hilton Shanghai Belfry Plaza,,Canopy by Hilton,希尔顿嘉悦里,hilton-canopy-by-hilton,FULLY_BOOKABLE,Hotel,Hotel,Shanghai,上海,,,"1299 Lebin Road, Jinshan District, Shanghai, China",,,30.88525,121.09511,+86 21 3733 2288,https://www.hilton.com/en/hotels/shabppy-canopy-shanghai-belfry-plaza/,https://www.hilton.com/zh-hans/hotels/shabppy-canopy-shanghai-belfry-plaza/,,2025-09-25,,,
HILTON-SHAWSCI,Conrad Shanghai,,Conrad Hotels & Resorts,康莱德酒店及度假村,hilton-conrad-hotels,FULLY_BOOKABLE,Hotel,Hotel,Shanghai,上海,,,"789 East Nanjing Road, Shanghai, China",,,31.2340061,121.4757154,+86 21 3318 9999,https://www.hilton.com/en/hotels/shawsci-conrad-shanghai/,https://www.hilton.com/zh-hans/hotels/shawsci-conrad-shanghai/,,2022-01-01,,,
HILTON-SHASPDI,DoubleTree by Hilton Hotel Shanghai - Pudong,,DoubleTree by Hilton,希尔顿逸林,hilton-doubletree-by-hilton,FULLY_BOOKABLE,Hotel,Hotel,Shanghai,上海,,,"No.889 Yanggao Nan Road, Shanghai, China",,,31.21086207976,121.5340436078,+86 21 5050 4888,https://www.hilton.com/en/hotels/shaspdi-doubletree-shanghai-pudong/,https://www.hilton.com/zh-hans/hotels/shaspdi-doubletree-shanghai-pudong/,,2012-02-28,,,
HILTON-SHADTDI,DoubleTree by Hilton Shanghai Hongqiao,,DoubleTree by Hilton,希尔顿逸林,hilton-doubletree-by-hilton,FULLY_BOOKABLE,Hotel,Hotel,Shanghai,上海,,,"1118 Gaojing Rd, Qingpu District, Shanghai, China",,,31.177173,121.298008,+86 21 8028 9888,https://www.hilton.com/en/hotels/shadtdi-doubletree-shanghai-hongqiao/,https://www.hilton.com/zh-hans/hotels/shadtdi-doubletree-shanghai-hongqiao/,,2024-09-01,,,
HILTON-SHAGGHX,Hampton by Hilton Shanghai Hongqiao Jiuting S&T Innovation Valley,,Hampton by Hilton,希尔顿欢朋,hilton-hampton-by-hilton,FULLY_BOOKABLE,Hotel,Hotel,Shanghai,上海,,,"Lane 255,Wenpu Road,Jiuting Town,So, Shanghai, China",,,31.11405,121.340122,+86 21 6789 7788,https://www.hilton.com/en/hotels/shagghx-hampton-shanghai-hongqiao-jiuting-s-and-t-innovation-valley/,https://www.hilton.com/zh-hans/hotels/shagghx-hampton-shanghai-hongqiao-jiuting-s-and-t-innovation-valley/,,2022-11-30,,,
HILTON-SHACCHX,Hampton by Hilton Shanghai Hongqiao NECC,,Hampton by Hilton,希尔顿欢朋,hilton-hampton-by-hilton,FULLY_BOOKABLE,Hotel,Hotel,Shanghai,上海,,,"Bldg No. 16, Lane 59, Panyang Road,, Shanghai, China",,,31.211473,121.280178,+86 21 5330 9888,https://www.hilton.com/en/hotels/shacchx-hampton-shanghai-hongqiao-necc/,https://www.hilton.com/zh-hans/hotels/shacchx-hampton-shanghai-hongqiao-necc/,,,,,
HILTON-SHATZHX,Hampton by Hilton Shanghai Jiuting Hongqiao NECC,,Hampton by Hilton,希尔顿欢朋,hilton-hampton-by-hilton,FULLY_BOOKABLE,Hotel,Hotel,Shanghai,上海,,,"18 Jiujing Rd, Jiuting Town, Shanghai, China",,,31.1321117383,121.3029442814,+86 21 6482 8888,https://www.hilton.com/en/hotels/shatzhx-hampton-shanghai-jiuting-hongqiao-necc/,https://www.hilton.com/zh-hans/hotels/shatzhx-hampton-shanghai-jiuting-hongqiao-necc/,,2023-04-19,,,
HILTON-SHARIHX,Hampton by Hilton Shanghai Lujiazui Yinding,,Hampton by Hilton,希尔顿欢朋,hilton-hampton-by-hilton,FULLY_BOOKABLE,Hotel,Hotel,Shanghai,上海,,,"No.1287 Shangcheng Road, Lujiazui, Shanghai, China",,,31.23604,121.53037,+86 21 5035 7777,https://www.hilton.com/en/hotels/sharihx-hampton-shanghai-lujiazui-yinding/,https://www.hilton.com/zh-hans/hotels/sharihx-hampton-shanghai-lujiazui-yinding/,2026-01-16,2026-01-16,,,
HILTON-SHAPRHX,Hampton by Hilton Shanghai NECC Hongqiao Airport,,Hampton by Hilton,希尔顿欢朋,hilton-hampton-by-hilton,FULLY_BOOKABLE,Hotel,Hotel,Shanghai,上海,,,"No.377 Panlong Road,Qingpu District, Shanghai, China",,,31.178281,121.285568,+86 21 6567 8888,https://www.hilton.com/en/hotels/shaprhx-hampton-shanghai-necc-hongqiao-airport/,https://www.hilton.com/zh-hans/hotels/shaprhx-hampton-shanghai-necc-hongqiao-airport/,2026-03-27,2026-03-27,,,
HILTON-SHAVEHX,Hampton by Hilton Shanghai North Bund Siping Road,,Hampton by Hilton,希尔顿欢朋,hilton-hampton-by-hilton,FULLY_BOOKABLE,Hotel,Hotel,Shanghai,上海,,,"No.870 Siping Road, Hongkou District, Shanghai, Shanghai, China",,,31.274235,121.501119,+86 21 5607 9888,https://www.hilton.com/en/hotels/shavehx-hampton-shanghai-north-bund-siping-road/,https://www.hilton.com/zh-hans/hotels/shavehx-hampton-shanghai-north-bund-siping-road/,,2025-03-19,,,
HILTON-SHAZRHX,Hampton by Hilton Shanghai Songjiang Railway Station,,Hampton by Hilton,希尔顿欢朋,hilton-hampton-by-hilton,FULLY_BOOKABLE,Hotel,Hotel,Shanghai,上海,,,"No. 70 Kuojie Street, Songjiang District, Shanghai, China",,,31.006335,121.229395,+86 21 6788 0909,https://www.hilton.com/en/hotels/shazrhx-hampton-shanghai-songjiang-railway-station/,https://www.hilton.com/zh-hans/hotels/shazrhx-hampton-shanghai-songjiang-railway-station/,2025-10-22,2025-10-22,,,
HILTON-SHAHTGI,Hilton Garden Inn Shanghai Caohejing Hi-Tech Park,,Hilton Garden Inn,希尔顿花园酒店,hilton-hilton-garden-inn,FULLY_BOOKABLE,Hotel,Hotel,Shanghai,上海,,,"No. 509 Caobao Road, Xuhui District,, Shanghai, China",,,31.169723,121.411647,+86 21 5837 8088,https://www.hilton.com/en/hotels/shahtgi-hilton-garden-inn-shanghai-caohejing-hi-tech-park/,https://www.hilton.com/zh-hans/hotels/shahtgi-hilton-garden-inn-shanghai-caohejing-hi-tech-park/,2026-01-30,2026-01-30,,,
HILTON-SHACYGI,Hilton Garden Inn Shanghai Caoyang,,Hilton Garden Inn,希尔顿花园酒店,hilton-hilton-garden-inn,FULLY_BOOKABLE,Hotel,Hotel,Shanghai,上海,,,"No.395, Meiling South Road, Putuo District, Shanghai, China",,,31.242916,121.416278,+86 21 8065 8333,https://www.hilton.com/en/hotels/shacygi-hilton-garden-inn-shanghai-caoyang/,https://www.hilton.com/zh-hans/hotels/shacygi-hilton-garden-inn-shanghai-caoyang/,,2024-12-20,,,
HILTON-SHACXGI,Hilton Garden Inn Shanghai Changxing Island,,Hilton Garden Inn,希尔顿花园酒店,hilton-hilton-garden-inn,FULLY_BOOKABLE,Hotel,Hotel,Shanghai,上海,,,"No. 777, Haige Road, Shanghai, China",,,31.396262,121.702182,+86 21 5685 6777,https://www.hilton.com/en/hotels/shacxgi-hilton-garden-inn-shanghai-changxing-island/,https://www.hilton.com/zh-hans/hotels/shacxgi-hilton-garden-inn-shanghai-changxing-island/,2026-01-22,2026-01-22,,,
HILTON-SHAERGI,Hilton Garden Inn Shanghai High-Speed East Railway Station,,Hilton Garden Inn,希尔顿花园酒店,hilton-hilton-garden-inn,FULLY_BOOKABLE,Hotel,Hotel,Shanghai,上海,,,"518 Baixi Road,, Shanghai, China",,,31.115552,121.761814,+86 21 6071 8888,https://www.hilton.com/en/hotels/shaergi-hilton-garden-inn-shanghai-high-speed-east-railway-station/,https://www.hilton.com/zh-hans/hotels/shaergi-hilton-garden-inn-shanghai-high-speed-east-railway-station/,,2025-04-22,,,
HILTON-SHAHCGI,Hilton Garden Inn Shanghai Hongqiao NECC,,Hilton Garden Inn,希尔顿花园酒店,hilton-hilton-garden-inn,FULLY_BOOKABLE,Hotel,Hotel,Shanghai,上海,,,"No. 1915 Huqingping Road, Shanghai, China",,,31.1682041189,121.272091463,+86 21 3979 2888,https://www.hilton.com/en/hotels/shahcgi-hilton-garden-inn-shanghai-hongqiao-necc/,https://www.hilton.com/zh-hans/hotels/shahcgi-hilton-garden-inn-shanghai-hongqiao-necc/,,2017-04-07,,,
HILTON-SHAJDGI,Hilton Garden Inn Shanghai Jiading,,Hilton Garden Inn,希尔顿花园酒店,hilton-hilton-garden-inn,FULLY_BOOKABLE,Hotel,Hotel,Shanghai,上海,,,"No.150 Qinghe Road, Jiading Town, Shanghai, China",,,31.38835,121.250197,+86 21 5953 5555,https://www.hilton.com/en/hotels/shajdgi-hilton-garden-inn-shanghai-jiading/,https://www.hilton.com/zh-hans/hotels/shajdgi-hilton-garden-inn-shanghai-jiading/,,2024-12-28,,,
HILTON-SHAPDGI,Hilton Garden Inn Shanghai Lujiazui,,Hilton Garden Inn,希尔顿花园酒店,hilton-hilton-garden-inn,FULLY_BOOKABLE,Hotel,Hotel,Shanghai,上海,,,"Block B, Shinmay Union Square, No. 506 Shangcheng Road, Pudong New District, Shanghai, China",,,31.229981,121.516194,+86 21 3891 9988,https://www.hilton.com/en/hotels/shapdgi-hilton-garden-inn-shanghai-lujiazui/,https://www.hilton.com/zh-hans/hotels/shapdgi-hilton-garden-inn-shanghai-lujiazui/,,2023-06-08,,,
HILTON-SHAWJGI,Hilton Garden Inn Shanghai Wujiaochang,,Hilton Garden Inn,希尔顿花园酒店,hilton-hilton-garden-inn,OPENING_SOON,Hotel,Hotel,Shanghai,上海,,,"No. 345 Guoxia Road, Shanghai, China",,,31.321252,121.511939,+86 21 6512 0008,https://www.hilton.com/en/hotels/shawjgi-hilton-garden-inn-shanghai-wujiaochang/,https://www.hilton.com/zh-hans/hotels/shawjgi-hilton-garden-inn-shanghai-wujiaochang/,2026-06-10,2026-05-30,,,
HILTON-SHAMSHI,Hilton Shanghai City Center,,Hilton Hotels & Resorts,希尔顿酒店及度假村,hilton-hilton-hotels,FULLY_BOOKABLE,Hotel,Hotel,Shanghai,上海,,,"488 West Yan'an Road, Shanghai, China",,,31.21752329855,121.4375482209,+86 21 3211 9999,https://www.hilton.com/en/hotels/shamshi-hilton-shanghai-city-center/,https://www.hilton.com/zh-hans/hotels/shamshi-hilton-shanghai-city-center/,,2024-08-01,,,
HILTON-SHASCHI,Hilton Shanghai Fengxian,,Hilton Hotels & Resorts,希尔顿酒店及度假村,hilton-hilton-hotels,FULLY_BOOKABLE,Hotel,Hotel,Shanghai,上海,,,"818 Rongqin Road,, Shanghai, China",,,30.9018,121.582953,+86 21 6759 9999,https://www.hilton.com/en/hotels/shaschi-hilton-shanghai-fengxian/,https://www.hilton.com/zh-hans/hotels/shaschi-hilton-shanghai-fengxian/,,2021-12-31,,,
HILTON-SHAHQHI,Hilton Shanghai Greater Hongqiao,,Hilton Hotels & Resorts,希尔顿酒店及度假村,hilton-hilton-hotels,FULLY_BOOKABLE,Hotel,Hotel,Shanghai,上海,,,"No. 1923, Huqingping Road, Qingpu District, Shanghai, China",,,31.165377,121.273979,+86 21 5926 8888,https://www.hilton.com/en/hotels/shahqhi-hilton-shanghai-greater-hongqiao/,https://www.hilton.com/zh-hans/hotels/shahqhi-hilton-shanghai-greater-hongqiao/,,2025-06-01,,,
HILTON-SHASHHI,Hilton Shanghai Hongqiao,,Hilton Hotels & Resorts,希尔顿酒店及度假村,hilton-hilton-hotels,FULLY_BOOKABLE,Hotel,Hotel,Shanghai,上海,,,"No. 1116 Hong Song East Rd, Shanghai, China",,,31.1891,121.4039,+86 21 3323 6666,https://www.hilton.com/en/hotels/shashhi-hilton-shanghai-hongqiao/,https://www.hilton.com/zh-hans/hotels/shashhi-hilton-shanghai-hongqiao/,,2010-11-05,,,
HILTON-SHAAPHI,Hilton Shanghai Hongqiao International Airport,,Hilton Hotels & Resorts,希尔顿酒店及度假村,hilton-hilton-hotels,FULLY_BOOKABLE,Hotel,Hotel,Shanghai,上海,,,"No. 188 Yunsha Road, Changning District, Shanghai, China",,,31.2,121.3,+86 21 2235 8888,https://www.hilton.com/en/hotels/shaaphi-hilton-shanghai-hongqiao-international-airport/,https://www.hilton.com/zh-hans/hotels/shaaphi-hilton-shanghai-hongqiao-international-airport/,,2024-12-18,,,
HILTON-SHASGHI,Hilton Shanghai Songjiang Guangfulin,,Hilton Hotels & Resorts,希尔顿酒店及度假村,hilton-hilton-hotels,FULLY_BOOKABLE,Hotel,Hotel,Shanghai,上海,,,"1099 Guang Xuan Road, Shanghai, China",,,31.066667,121.2,+86 21 6789 8888,https://www.hilton.com/en/hotels/shasghi-hilton-shanghai-songjiang-guangfulin/,https://www.hilton.com/zh-hans/hotels/shasghi-hilton-shanghai-songjiang-guangfulin/,,2021-06-30,,,
HILTON-SHAZJHI,Hilton Shanghai Zhangjiang Science City,,Hilton Hotels & Resorts,希尔顿酒店及度假村,hilton-hilton-hotels,FULLY_BOOKABLE,Hotel,Hotel,Shanghai,上海,,,"No 1398 Haike Road, Pudong District, Shanghai, China",,,31.192155,121.623052,+86 21 3817 8888,https://www.hilton.com/en/hotels/shazjhi-hilton-shanghai-zhangjiang-science-city/,https://www.hilton.com/zh-hans/hotels/shazjhi-hilton-shanghai-zhangjiang-science-city/,,2025-03-18,,,
HILTON-SHAHGHT,Home2 Suites by Hilton Shanghai Hongqiao Caohejing,,Home2 Suites by Hilton,希尔顿惠庭,hilton-home2-suites,FULLY_BOOKABLE,Hotel,Hotel,Shanghai,上海,,,"No. 1155, Wuzhong Road, Shanghai, China",,,31.1766617,121.385329,+86 21 5857 5511,https://www.hilton.com/en/hotels/shahght-home2-suites-shanghai-hongqiao-caohejing/,https://www.hilton.com/zh-hans/hotels/shahght-home2-suites-shanghai-hongqiao-caohejing/,,2025-06-13,,,
HILTON-SHAQQQQ,"Shanghai Parkview Hotel, Curio Collection by Hilton",,Curio Collection by Hilton,希尔顿格芮精选,hilton-curio-collection,OPENING_SOON,Hotel,Hotel,Shanghai,上海,,,"183 Kangheng Road Pudong, Shanghai, China",,,31.162066,121.560654,+86 21 2067 1516,https://www.hilton.com/en/hotels/shaqqqq-shanghai-parkview-hotel/,https://www.hilton.com/zh-hans/hotels/shaqqqq-shanghai-parkview-hotel/,,2026-11-30,,,
HILTON-SHASSLX,"The Sukhothai Shanghai, an SLH Hotel",,Small Luxury Hotels of the World,全球奢华精品酒店,hilton-small-luxury-hotels-slh,FULLY_BOOKABLE,Hotel,Hotel,Shanghai,上海,,,"380 Weihai Road, Shanghai, China",,,31.227193,121.46419,+86 21 5237 8888,https://www.hilton.com/en/hotels/shasslx-the-sukhothai-shanghai/,https://www.hilton.com/zh-hans/hotels/shasslx-the-sukhothai-shanghai/,,2024-07-09,,,
HILTON-SHAWAWA,Waldorf Astoria Shanghai on the Bund,,Waldorf Astoria,华尔道夫酒店及度假村,hilton-waldorf-astoria,FULLY_BOOKABLE,Hotel,Hotel,Shanghai,上海,,,"No.2 Zhong Shan Dong Yi Rd, Shanghai, China",,,31.2335669019,121.49003026984,+86 21 6322 9988,https://www.hilton.com/en/hotels/shawawa-waldorf-astoria-shanghai-on-the-bund/,https://www.hilton.com/zh-hans/hotels/shawawa-waldorf-astoria-shanghai-on-the-bund/,,2010-08-18,,,
HILTON-SHAQTWA,Waldorf Astoria Shanghai Qiantan,,Waldorf Astoria,华尔道夫酒店及度假村,hilton-waldorf-astoria,FULLY_BOOKABLE,Hotel,Hotel,Shanghai,上海,,,"No. 18 Linyao Road, Shanghai, China",,,31.15895,121.47378,+86 21 5837 8888,https://www.hilton.com/en/hotels/shaqtwa-waldorf-astoria-shanghai-qiantan/,https://www.hilton.com/zh-hans/hotels/shaqtwa-waldorf-astoria-shanghai-qiantan/,2025-10-16,2025-10-16,,,
HILTON-FUGABHX,Hampton by Hilton Yongcheng,,Hampton by Hilton,希尔顿欢朋,hilton-hampton-by-hilton,FULLY_BOOKABLE,Hotel,Hotel,Shangqiu,,,,"Building 8, Star of Creative City, Shangqiu, China",,,33.960012,116.468969,+86 370 582 1888,https://www.hilton.com/en/hotels/fugabhx-hampton-yongcheng/,https://www.hilton.com/zh-hans/hotels/fugabhx-hampton-yongcheng/,,2024-07-24,,,
HILTON-SQDGGHX,Hampton by Hilton Shangrao Fenghuang Avenue,,Hampton by Hilton,希尔顿欢朋,hilton-hampton-by-hilton,FULLY_BOOKABLE,Hotel,Hotel,Shangrao,,,,"No.100 Phoenix West Avenue,Economic, Shangrao, China",,,28.437774,117.909303,+86 793 869 9999,https://www.hilton.com/en/hotels/sqdgghx-hampton-shangrao-fenghuang-avenue/,https://www.hilton.com/zh-hans/hotels/sqdgghx-hampton-shangrao-fenghuang-avenue/,,2025-03-05,,,
HILTON-SQDGAHX,Hampton by Hilton Shangrao Yushan,,Hampton by Hilton,希尔顿欢朋,hilton-hampton-by-hilton,FULLY_BOOKABLE,Hotel,Hotel,Shangrao,,,,"No.99, Renmin North Road, Shangrao, China",,,28.693031,118.24317,+86 793 225 9999,https://www.hilton.com/en/hotels/sqdgahx-hampton-shangrao-yushan/,https://www.hilton.com/zh-hans/hotels/sqdgahx-hampton-shangrao-yushan/,,2023-08-18,,,
HILTON-SQDHIHI,Hilton Sanqingshan Resort,,Hilton Hotels & Resorts,希尔顿酒店及度假村,hilton-hilton-hotels,FULLY_BOOKABLE,Hotel,Hotel,Shangrao,,,,"Sanqingshan Scenic, Sth Waishuangxi, Shangrao, China",,,28.8799753298,118.062474108,+86 793 606 6666,https://www.hilton.com/en/hotels/sqdhihi-hilton-sanqingshan-resort/,https://www.hilton.com/zh-hans/hotels/sqdhihi-hilton-sanqingshan-resort/,,2016-12-15,,,
HILTON-DIGSLGI,Hilton Garden Inn Shangri-La,,Hilton Garden Inn,希尔顿花园酒店,hilton-hilton-garden-inn,FULLY_BOOKABLE,Hotel,Hotel,Shangri-La,,,,"No. 144 Changzheng Avenue, Shangri-La, China",,,27.835212184,99.7046552285,+86 887 822 2233,https://www.hilton.com/en/hotels/digslgi-hilton-garden-inn-shangri-la/,https://www.hilton.com/zh-hans/hotels/digslgi-hilton-garden-inn-shangri-la/,,2017-06-28,,,
HILTON-LXAMTHX,Hampton by Hilton Shannan,,Hampton by Hilton,希尔顿欢朋,hilton-hampton-by-hilton,FULLY_BOOKABLE,Hotel,Hotel,Shannan,,,,"No.9,Zedang Avenue, Shannan, China",,,29.25,91.77,+86 893 785 8888,https://www.hilton.com/en/hotels/lxamthx-hampton-shannan/,https://www.hilton.com/zh-hans/hotels/lxamthx-hampton-shannan/,,2024-07-25,,,
HILTON-LXASNGI,Hilton Garden Inn Shannan Gesang Road,,Hilton Garden Inn,希尔顿花园酒店,hilton-hilton-garden-inn,FULLY_BOOKABLE,Hotel,Hotel,Shannan,,,,"No. 216 Gesang Road, Naidong District, Shannan, China",,,29.245958,91.770186,+86 893 789 8888,https://www.hilton.com/en/hotels/lxasngi-hilton-garden-inn-shannan-gesang-road/,https://www.hilton.com/zh-hans/hotels/lxasngi-hilton-garden-inn-shannan-gesang-road/,,2025-07-23,,,
HILTON-SWAJIHX,Hampton by Hilton Shantou Chaonan,,Hampton by Hilton,希尔顿欢朋,hilton-hampton-by-hilton,FULLY_BOOKABLE,Hotel,Hotel,Shantou,,,,"No.311 Xiaxi Road, Chaonan District, Shantou, China",,,23.237944,116.442861,+86 754 8996 4888,https://www.hilton.com/en/hotels/swajihx-hampton-shantou-chaonan/,https://www.hilton.com/zh-hans/hotels/swajihx-hampton-shantou-chaonan/,,2025-10-01,,,
HILTON-SWATSHX,Hampton by Hilton Shantou Chaoyang,,Hampton by Hilton,希尔顿欢朋,hilton-hampton-by-hilton,FULLY_BOOKABLE,Hotel,Hotel,Shantou,,,,"No.388 Mianxi Road, Ximen Community, Shantou, China",,,23.25694,116.584354,+86 754 8281 8888,https://www.hilton.com/en/hotels/swatshx-hampton-suites-shantou-chaoyang/,https://www.hilton.com/zh-hans/hotels/swatshx-hampton-suites-shantou-chaoyang/,,2023-07-07,,,
HILTON-SWAGSHX,Hampton by Hilton Shantou Railway Station,,Hampton by Hilton,希尔顿欢朋,hilton-hampton-by-hilton,FULLY_BOOKABLE,Hotel,Hotel,Shantou,,,,"No.45 Huanghe Road, Shantou, China",,,23.39243278278,116.74234944736,+86 754 8329 8888,https://www.hilton.com/en/hotels/swagshx-hampton-shantou-railway-station/,https://www.hilton.com/zh-hans/hotels/swagshx-hampton-shantou-railway-station/,,2024-01-12,,,
HILTON-SWADIDI,DoubleTree by Hilton Shanwei,,DoubleTree by Hilton,希尔顿逸林,hilton-doubletree-by-hilton,FULLY_BOOKABLE,Hotel,Hotel,Shanwei,,,,"Jinting Bay, South Jinting Bay Rd, Shanwei, China",,,22.793012,115.296434,+86 660 391 8888,https://www.hilton.com/en/hotels/swadidi-doubletree-shanwei/,https://www.hilton.com/zh-hans/hotels/swadidi-doubletree-shanwei/,,2019-07-01,,,
HILTON-SWAHBGI,Hilton Garden Inn Shanwei Haibin Boulevard,,Hilton Garden Inn,希尔顿花园酒店,hilton-hilton-garden-inn,FULLY_BOOKABLE,Hotel,Hotel,Shanwei,,,,"No.2638 Haibin Boulevard, Shanwei, China",,,22.783779,115.396717,+86 660 339 7666,https://www.hilton.com/en/hotels/swahbgi-hilton-garden-inn-shanwei-haibin-boulevard/,https://www.hilton.com/zh-hans/hotels/swahbgi-hilton-garden-inn-shanwei-haibin-boulevard/,,2025-04-02,,,
HILTON-HUZSLGI,Hilton Garden Inn Shanwei Luhe,,Hilton Garden Inn,希尔顿花园酒店,hilton-hilton-garden-inn,FULLY_BOOKABLE,Hotel,Hotel,"Shanwei, Guangdong Province",,,,"Linrun Times Center, No.138 Luhe Avenue, Luhe County, Shanwei, Guangdong Province, China",,,23.293026,115.664742,+86 660 556 3888,https://www.hilton.com/en/hotels/huzslgi-hilton-garden-inn-shanwei-luhe/,https://www.hilton.com/zh-hans/hotels/huzslgi-hilton-garden-inn-shanwei-luhe/,2026-04-29,2026-04-29,,,
HILTON-CANSHHX,Hampton by Hilton Shaoguan,,Hampton by Hilton,希尔顿欢朋,hilton-hampton-by-hilton,FULLY_BOOKABLE,Hotel,Hotel,Shaoguan,,,,"3 Jinhui Avenue,, Shaoguan, China",,,24.820525,113.62039,+86 751 866 8888,https://www.hilton.com/en/hotels/canshhx-hampton-shaoguan/,https://www.hilton.com/zh-hans/hotels/canshhx-hampton-shaoguan/,,,,,
HILTON-CANSGGI,Hilton Garden Inn Shaoguan Furong New Town,,Hilton Garden Inn,希尔顿花园酒店,hilton-hilton-garden-inn,FULLY_BOOKABLE,Hotel,Hotel,Shaoguan,,,,"No. 8, Fuyang Road, Wujiang District, Shaoguan, China",,,24.783122,113.554131,+86 751 899 9888,https://www.hilton.com/en/hotels/cansggi-hilton-garden-inn-shaoguan-furong-new-town/,https://www.hilton.com/zh-hans/hotels/cansggi-hilton-garden-inn-shaoguan-furong-new-town/,,2025-08-10,,,
HILTON-CANSWHT,Home2 Suites by Hilton Shaoguan Wengyuan,,Home2 Suites by Hilton,希尔顿惠庭,hilton-home2-suites,FULLY_BOOKABLE,Hotel,Hotel,Shaoguan,,,,"No. 138, West Binhe Road, Shaoguan, China",,,24.36,114.115833,+86 751 280 9999,https://www.hilton.com/en/hotels/canswht-home2-suites-shaoguan-wengyuan/,https://www.hilton.com/zh-hans/hotels/canswht-home2-suites-shaoguan-wengyuan/,,2024-12-24,,,
HILTON-RNXWSHX,Hampton by Hilton Shaoxing Ying'enmen,,Hampton by Hilton,希尔顿欢朋,hilton-hampton-by-hilton,FULLY_BOOKABLE,Hotel,Hotel,Shaoxing,,,,"Block A, 4 Shuijie, Yuexi Road,, Shaoxing, China",,,30.017349,120.563667,+86 575 8815 1888,https://www.hilton.com/en/hotels/rnxwshx-hampton-shaoxing-yingenmen/,https://www.hilton.com/zh-hans/hotels/rnxwshx-hampton-shaoxing-yingenmen/,,,,,
HILTON-JXSTYHX,Hampton by Hilton Shengzhou,,Hampton by Hilton,希尔顿欢朋,hilton-hampton-by-hilton,FULLY_BOOKABLE,Hotel,Hotel,Shaoxing,,,,"No. 666 Xiaofu Road, Shaoxing, China",,,29.5698,120.8062,+86 575 8326 6888,https://www.hilton.com/en/hotels/jxstyhx-hampton-shengzhou/,https://www.hilton.com/zh-hans/hotels/jxstyhx-hampton-shengzhou/,2025-11-15,2025-11-15,,,
HILTON-HGHKQGI,Hilton Garden Inn Shaoxing Keqiao China Textile City Station,,Hilton Garden Inn,希尔顿花园酒店,hilton-hilton-garden-inn,OPENING_SOON,Hotel,Hotel,Shaoxing,,,,"No.1338, Diyang Road, Shaoxing, China",,,30.09,120.5,+86 575 8888 0758,https://www.hilton.com/en/hotels/hghkqgi-hilton-garden-inn-shaoxing-keqiao-china-textile-city-station/,https://www.hilton.com/zh-hans/hotels/hghkqgi-hilton-garden-inn-shaoxing-keqiao-china-textile-city-station/,,2026-08-20,,,
HILTON-HGHYCGI,Hilton Garden Inn Shaoxing Lu Xun Native Place,,Hilton Garden Inn,希尔顿花园酒店,hilton-hilton-garden-inn,FULLY_BOOKABLE,Hotel,Hotel,Shaoxing,,,,"No.328 North Jiefang Rd., Shaoxing, China",,,30.003168,120.581601,+86 575 8817 0555,https://www.hilton.com/en/hotels/hghycgi-hilton-garden-inn-shaoxing-lu-xun-native-place/,https://www.hilton.com/zh-hans/hotels/hghycgi-hilton-garden-inn-shaoxing-lu-xun-native-place/,,2025-09-15,,,
HILTON-HGHYSGI,Hilton Garden Inn Shaoxing Yuecheng South,,Hilton Garden Inn,希尔顿花园酒店,hilton-hilton-garden-inn,FULLY_BOOKABLE,Hotel,Hotel,Shaoxing,,,,"No. 169, Sanhu Road, Yuecheng District, Shaoxing, China",,,30.00745,120.68478,+86 575 8959 9999,https://www.hilton.com/en/hotels/hghysgi-hilton-garden-inn-shaoxing-yuecheng-south/,https://www.hilton.com/zh-hans/hotels/hghysgi-hilton-garden-inn-shaoxing-yuecheng-south/,2025-12-18,2025-12-18,,,
HILTON-HGHSXHI,Hilton Shaoxing Hotel and Residences,,Hilton Hotels & Resorts,希尔顿酒店及度假村,hilton-hilton-hotels,FULLY_BOOKABLE,Hotel,Hotel,Shaoxing,,,,"No. 100 Henghu Road, Shaoxing, China",,,30.05051,120.58958,+86 575 8836 8888,https://www.hilton.com/en/hotels/hghsxhi-hilton-shaoxing-hotel-and-residences/,https://www.hilton.com/zh-hans/hotels/hghsxhi-hilton-shaoxing-hotel-and-residences/,2026-01-12,2026-01-12,,,
HILTON-HGHPHLX,"POKKEI Hotel Shaoxing, an SLH Hotel",,Small Luxury Hotels of the World,全球奢华精品酒店,hilton-small-luxury-hotels-slh,FULLY_BOOKABLE,Hotel,Hotel,Shaoxing City,,,,"No.1 Haishan Road, Shaoxing City, China",,,30.03562,120.49657,+86 575 8118 5888,https://www.hilton.com/en/hotels/hghphlx-pokkei-hotel-shaoxing/,https://www.hilton.com/zh-hans/hotels/hghphlx-pokkei-hotel-shaoxing/,,2024-07-09,,,
HILTON-HGHZHHI,Hilton Zhuji,,Hilton Hotels & Resorts,希尔顿酒店及度假村,hilton-hilton-hotels,FULLY_BOOKABLE,Hotel,Hotel,"Shaoxing, Zhejiang Province",,,,"No. 55, Xishi Street, Zhuji, Shaoxing, Zhejiang Province, China",,,29.714722,120.230556,+86 575 8765 8888,https://www.hilton.com/en/hotels/hghzhhi-hilton-zhuji/,https://www.hilton.com/zh-hans/hotels/hghzhhi-hilton-zhuji/,,2023-03-29,,,
HILTON-SYGYAHX,Hampton by Hilton Shaoyang Railway Station,,Hampton by Hilton,希尔顿欢朋,hilton-hampton-by-hilton,OPENING_SOON,Hotel,Hotel,Shaoyang,,,,"Building 1, Jutai Huafu, Shaoyang, China",,,27.234522,111.492194,+86 739 508 8588,https://www.hilton.com/en/hotels/sygyahx-hampton-shaoyang-railway-station/,https://www.hilton.com/zh-hans/hotels/sygyahx-hampton-shaoyang-railway-station/,,2026-12-31,,,
HILTON-SHEYACI,Conrad Shenyang,,Conrad Hotels & Resorts,康莱德酒店及度假村,hilton-conrad-hotels,FULLY_BOOKABLE,Hotel,Hotel,Shenyang,,,,"Forum 66, 1-1 Qingnian Ave, Shenhe, Shenyang, China",,,41.802042,123.43336,+86 24 8386 8888,https://www.hilton.com/en/hotels/sheyaci-conrad-shenyang/,https://www.hilton.com/zh-hans/hotels/sheyaci-conrad-shenyang/,,2019-09-01,,,
HILTON-SHEDTDI,DoubleTree by Hilton Hotel Shenyang,,DoubleTree by Hilton,希尔顿逸林,hilton-doubletree-by-hilton,FULLY_BOOKABLE,Hotel,Hotel,Shenyang,,,,"No. 89 Fengyutan Street, Shenyang, China",,,41.793232,123.454768,+86 24 8411 8888,https://www.hilton.com/en/hotels/shedtdi-doubletree-shenyang/,https://www.hilton.com/zh-hans/hotels/shedtdi-doubletree-shenyang/,,2012-07-09,,,
HILTON-SHEERHX,Hampton by Hilton Shenyang North Railway Station,,Hampton by Hilton,希尔顿欢朋,hilton-hampton-by-hilton,FULLY_BOOKABLE,Hotel,Hotel,Shenyang,,,,"No.5-1,Jingbin Street, Shenyang, China",,,41.820124,123.445419,+86 24 8961 9999,https://www.hilton.com/en/hotels/sheerhx-hampton-shenyang-north-railway-station/,https://www.hilton.com/zh-hans/hotels/sheerhx-hampton-shenyang-north-railway-station/,,2025-04-25,,,
HILTON-SHELFHX,Hampton by Hilton Shenyang Olympic Sports Center,,Hampton by Hilton,希尔顿欢朋,hilton-hampton-by-hilton,FULLY_BOOKABLE,Hotel,Hotel,Shenyang,,,,"6 Tiancheng Street, Weinan District, Shenyang, China",,,41.74763479,123.46025273,+86 24 2352 8888,https://www.hilton.com/en/hotels/shelfhx-hampton-shenyang-olympic-sports-center/,https://www.hilton.com/zh-hans/hotels/shelfhx-hampton-shenyang-olympic-sports-center/,,,,,
HILTON-SHELIHX,Hampton By Hilton Shenyang Railway Station,,Hampton by Hilton,希尔顿欢朋,hilton-hampton-by-hilton,FULLY_BOOKABLE,Hotel,Hotel,Shenyang,,,,"No.28, Zhonghua Road, Shenyang, China",,,41.799543,123.407532,+86 24 8318 9666,https://www.hilton.com/en/hotels/shelihx-hampton-shenyang-railway-station/,https://www.hilton.com/zh-hans/hotels/shelihx-hampton-shenyang-railway-station/,,2024-12-05,,,
HILTON-SHESHHX,Hampton by Hilton Shenyang Shenbei University Park,,Hampton by Hilton,希尔顿欢朋,hilton-hampton-by-hilton,FULLY_BOOKABLE,Hotel,Hotel,Shenyang,,,,"No.6 Qixing Street, Shenyang, China",,,41.914467,123.428383,+86 24 8383 8333,https://www.hilton.com/en/hotels/sheshhx-hampton-shenyang-shenbei-university-park/,https://www.hilton.com/zh-hans/hotels/sheshhx-hampton-shenyang-shenbei-university-park/,,2021-11-28,,,
HILTON-SHEEPHX,Hampton by Hilton Shenyang Tawan,,Hampton by Hilton,希尔顿欢朋,hilton-hampton-by-hilton,FULLY_BOOKABLE,Hotel,Hotel,Shenyang,,,,"No.77-32 Kunshan West Road Huanggu, Shenyang Liaoning Province China, Shenyang, China",,,41.82698666789,123.37933365132,+86 24 3133 5555,https://www.hilton.com/en/hotels/sheephx-hampton-shenyang-tawan/,https://www.hilton.com/zh-hans/hotels/sheephx-hampton-shenyang-tawan/,,2025-08-26,,,
HILTON-SHEHXHX,Hampton by Hilton Shenyang Tiexi Fortune Plaza,,Hampton by Hilton,希尔顿欢朋,hilton-hampton-by-hilton,FULLY_BOOKABLE,Hotel,Hotel,Shenyang,,,,"No.32 Central Avenue, Shenyang Economic-Technological Development Zone, Shenyang, China",,,41.742321,123.249849,+86 24 8975 5888,https://www.hilton.com/en/hotels/shehxhx-hampton-shenyang-tiexi-fortune-plaza/,https://www.hilton.com/zh-hans/hotels/shehxhx-hampton-shenyang-tiexi-fortune-plaza/,,2025-06-16,,,
HILTON-SHETAHX,Hampton by Hilton Shenyang Youth Park,,Hampton by Hilton,希尔顿欢朋,hilton-hampton-by-hilton,FULLY_BOOKABLE,Hotel,Hotel,Shenyang,,,,"No.40 Xibinhe Road, ShenheDistrict, Shenyang, China",,,41.78875,123.43843,+86 24 8201 8388,https://www.hilton.com/en/hotels/shetahx-hampton-shenyang-youth-park/,https://www.hilton.com/zh-hans/hotels/shetahx-hampton-shenyang-youth-park/,,2025-04-29,,,
HILTON-SHESYHT,Home2 Suites by Hilton Shenyang Yuhong,,Home2 Suites by Hilton,希尔顿惠庭,hilton-home2-suites,FULLY_BOOKABLE,Hotel,Hotel,Shenyang,,,,"No.119 Wanghe Road,, Shenyang, China",,,41.75466408444,123.35274291385,+86 24 8119 1111,https://www.hilton.com/en/hotels/shesyht-home2-suites-shenyang-yuhong/,https://www.hilton.com/zh-hans/hotels/shesyht-home2-suites-shenyang-yuhong/,,2024-12-15,,,
HILTON-SHECHHT,Home2 Suites by Hilton Shenyang Zhongjie Imperial Palace,,Home2 Suites by Hilton,希尔顿惠庭,hilton-home2-suites,OPENING_SOON,Hotel,Hotel,Shenyang,,,,"No. 6 Chaoyang Street, Shenyang, China",,,41.803768,123.460227,+86 24 3191 8666,https://www.hilton.com/en/hotels/shechht-home2-suites-shenyang-zhongjie-imperial-palace/,https://www.hilton.com/zh-hans/hotels/shechht-home2-suites-shenyang-zhongjie-imperial-palace/,,2026-08-31,,,
HILTON-SHEQNHI,Hilton Shenyang,,Hilton Hotels & Resorts,希尔顿酒店及度假村,hilton-hilton-hotels,FULLY_BOOKABLE,Hotel,Hotel,"Shenyang, Liaoning",,,,"No. 374 Qingnian Street, Shenyang, Liaoning, China",,,41.7581737362,123.425577446,+86 24 2271 8888,https://www.hilton.com/en/hotels/sheqnhi-hilton-shenyang/,https://www.hilton.com/zh-hans/hotels/sheqnhi-hilton-shenyang/,,2018-01-28,,,
HILTON-SZXCICI,Conrad Shenzhen,,Conrad Hotels & Resorts,康莱德酒店及度假村,hilton-conrad-hotels,FULLY_BOOKABLE,Hotel,Hotel,Shenzhen,深圳,,,"No. 5001, Tinghai Avenue, Nanshan, Shenzhen, China",,,22.527816,113.897143,+86 755 8898 7999,https://www.hilton.com/en/hotels/szxcici-conrad-shenzhen/,https://www.hilton.com/zh-hans/hotels/szxcici-conrad-shenzhen/,,2023-06-25,,,
HILTON-SZXAPDI,DoubleTree by Hilton Shenzhen Airport,,DoubleTree by Hilton,希尔顿逸林,hilton-doubletree-by-hilton,FULLY_BOOKABLE,Hotel,Hotel,Shenzhen,深圳,,,"66 Hangcheng Avenue,, Shenzhen, China",,,22.6106612139,113.852737,+86 755 2772 9999,https://www.hilton.com/en/hotels/szxapdi-doubletree-shenzhen-airport/,https://www.hilton.com/zh-hans/hotels/szxapdi-doubletree-shenzhen-airport/,,2021-05-29,,,
HILTON-SZXSADI,DoubleTree by Hilton Shenzhen Airport Residences,,DoubleTree by Hilton,希尔顿逸林,hilton-doubletree-by-hilton,FULLY_BOOKABLE,Hotel,Hotel,Shenzhen,深圳,,,"66 Hangcheng Avenue Bao'an District, Shenzhen, China",,,22.610556,113.8475,+86 755 2772 9999,https://www.hilton.com/en/hotels/szxsadi-doubletree-shenzhen-airport-residences/,https://www.hilton.com/zh-hans/hotels/szxsadi-doubletree-shenzhen-airport-residences/,,2023-04-26,,,
HILTON-SZXPODI,DoubleTree by Hilton Shenzhen Bay,,DoubleTree by Hilton,希尔顿逸林,hilton-doubletree-by-hilton,FULLY_BOOKABLE,Hotel,Hotel,Shenzhen,深圳,,,"West Tower of Baidu International Building, Shenzhen, China",,,22.530174,113.948863,+86 755 8822 9888,https://www.hilton.com/en/hotels/szxpodi-doubletree-shenzhen-bay/,https://www.hilton.com/zh-hans/hotels/szxpodi-doubletree-shenzhen-bay/,,2025-06-28,,,
HILTON-SZXDJDI,DoubleTree by Hilton Shenzhen Longhua,,DoubleTree by Hilton,希尔顿逸林,hilton-doubletree-by-hilton,FULLY_BOOKABLE,Hotel,Hotel,Shenzhen,深圳,,,"No.8 Donghuan 2nd Road,, Shenzhen, China",,,22.6591773927,114.031579006,+86 755 6188 8888,https://www.hilton.com/en/hotels/szxdjdi-doubletree-shenzhen-longhua/,https://www.hilton.com/zh-hans/hotels/szxdjdi-doubletree-shenzhen-longhua/,,2017-01-25,,,
HILTON-SZXSDDI,DoubleTree by Hilton Shenzhen Nanshan Hotel & Residences,,DoubleTree by Hilton,希尔顿逸林,hilton-doubletree-by-hilton,FULLY_BOOKABLE,Hotel,Hotel,Shenzhen,深圳,,,"3109 Qianhai Road,, Shenzhen, China",,,22.543628,113.913628,+86 755 6188 8999,https://www.hilton.com/en/hotels/szxsddi-doubletree-shenzhen-nanshan-hotel-and-residences/,https://www.hilton.com/zh-hans/hotels/szxsddi-doubletree-shenzhen-nanshan-hotel-and-residences/,,2021-03-28,,,
HILTON-SZXFHHX,Hampton Apartments by Hilton Shenzhen Futian Mangrove Park,,Hampton by Hilton,希尔顿欢朋,hilton-hampton-by-hilton,FULLY_BOOKABLE,Hotel,Hotel,Shenzhen,深圳,,,"Yitian 5th Road,, Shenzhen, China",,,22.515496,114.046038,+86 755 8328 8788,https://www.hilton.com/en/hotels/szxfhhx-hampton-shenzhen-futian-mangrove-park-apartment/,https://www.hilton.com/zh-hans/hotels/szxfhhx-hampton-shenzhen-futian-mangrove-park-apartment/,,,,,
HILTON-SZXBNHX,Hampton by Hilton Shenzhen Bantian,,Hampton by Hilton,希尔顿欢朋,hilton-hampton-by-hilton,FULLY_BOOKABLE,Hotel,Hotel,Shenzhen,深圳,,,"4001 Banxuegang Avenue, Longgang, Shenzhen, China",,,22.6459776596,114.0657428904,+86 755 2889 5999,https://www.hilton.com/en/hotels/szxbnhx-hampton-shenzhen-bantian/,https://www.hilton.com/zh-hans/hotels/szxbnhx-hampton-shenzhen-bantian/,,2018-10-31,,,
HILTON-SZXBDHX,Hampton by Hilton Shenzhen Bao'an Airport,,Hampton by Hilton,希尔顿欢朋,hilton-hampton-by-hilton,FULLY_BOOKABLE,Hotel,Hotel,Shenzhen,深圳,,,"145 Qianjin 2nd Road,, Shenzhen, China",,,22.607588,113.864784,+86 755 8178 7688,https://www.hilton.com/en/hotels/szxbdhx-hampton-shenzhen-baoan-airport/,https://www.hilton.com/zh-hans/hotels/szxbdhx-hampton-shenzhen-baoan-airport/,,,,,
HILTON-SZXSZHX,Hampton by Hilton Shenzhen Bao'an Stadium,,Hampton by Hilton,希尔顿欢朋,hilton-hampton-by-hilton,FULLY_BOOKABLE,Hotel,Hotel,Shenzhen,深圳,,,"4008 Xinhu Road, Bao'an District,, Shenzhen, China",,,22.576373,113.862085,+86 755 2993 8999,https://www.hilton.com/en/hotels/szxszhx-hampton-shenzhen-baoan-stadium/,https://www.hilton.com/zh-hans/hotels/szxszhx-hampton-shenzhen-baoan-stadium/,,,,,
HILTON-SZXSCHX,Hampton by Hilton Shenzhen Bao’an Xin’an,,Hampton by Hilton,希尔顿欢朋,hilton-hampton-by-hilton,FULLY_BOOKABLE,Hotel,Hotel,Shenzhen,深圳,,,"71 Longjiang Er Alley, Xin'an Er Rd, Shenzhen, China",,,22.560857,113.909779,+86 755 2369 2888,https://www.hilton.com/en/hotels/szxschx-hampton-shenzhen-baoan-xinan/,https://www.hilton.com/zh-hans/hotels/szxschx-hampton-shenzhen-baoan-xinan/,,2024-12-06,,,
HILTON-SZXYAHX,Hampton by Hilton Shenzhen Dameisha,,Hampton by Hilton,希尔顿欢朋,hilton-hampton-by-hilton,FULLY_BOOKABLE,Hotel,Hotel,Shenzhen,深圳,,,"100 Yanmei Road, Yantian District,, Shenzhen, China",,,22.593747,114.306756,+86 755 2525 6288,https://www.hilton.com/en/hotels/szxyahx-hampton-shenzhen-dameisha/,https://www.hilton.com/zh-hans/hotels/szxyahx-hampton-shenzhen-dameisha/,,2022-04-07,,,
HILTON-SZXXXHX,Hampton by Hilton Shenzhen Dongmen,,Hampton by Hilton,希尔顿欢朋,hilton-hampton-by-hilton,FULLY_BOOKABLE,Hotel,Hotel,Shenzhen,深圳,,,"3022 Dongmen South Road,, Shenzhen, China",,,22.54305,114.123931,+86 755 8226 9999,https://www.hilton.com/en/hotels/szxxxhx-hampton-shenzhen-dongmen/,https://www.hilton.com/zh-hans/hotels/szxxxhx-hampton-shenzhen-dongmen/,,2020-12-31,,,
HILTON-SZXEWHX,Hampton by Hilton Shenzhen Futian Huaqiangbei,,Hampton by Hilton,希尔顿欢朋,hilton-hampton-by-hilton,FULLY_BOOKABLE,Hotel,Hotel,Shenzhen,深圳,,,"No.60 Zhenhua Road, Futian District, Shenzhen, China",,,22.544631,114.091157,+86 755 8299 3999,https://www.hilton.com/en/hotels/szxewhx-hampton-shenzhen-futian-huaqiangbei/,https://www.hilton.com/zh-hans/hotels/szxewhx-hampton-shenzhen-futian-huaqiangbei/,,2023-11-28,,,
HILTON-SZXADHX,Hampton by Hilton Shenzhen Futian Port,,Hampton by Hilton,希尔顿欢朋,hilton-hampton-by-hilton,FULLY_BOOKABLE,Hotel,Hotel,Shenzhen,深圳,,,"No. 38 Yuheng Road, Futian District, Shenzhen, China",,,22.516788,114.072072,+86 755 8373 8888,https://www.hilton.com/en/hotels/szxadhx-hampton-shenzhen-futian-port/,https://www.hilton.com/zh-hans/hotels/szxadhx-hampton-shenzhen-futian-port/,,2023-08-18,,,
HILTON-SZXHXHX,Hampton by Hilton Shenzhen Guangming,,Hampton by Hilton,希尔顿欢朋,hilton-hampton-by-hilton,FULLY_BOOKABLE,Hotel,Hotel,Shenzhen,深圳,,,"Tianyuan Rd, 1F Xuexianli Building,, Shenzhen, China",,,22.784509,113.861612,+86 755 2710 0666,https://www.hilton.com/en/hotels/szxhxhx-hampton-shenzhen-guangming/,https://www.hilton.com/zh-hans/hotels/szxhxhx-hampton-shenzhen-guangming/,,,,,
HILTON-SZXLYHX,Hampton by Hilton Shenzhen Longgang Yonghu,,Hampton by Hilton,希尔顿欢朋,hilton-hampton-by-hilton,FULLY_BOOKABLE,Hotel,Hotel,Shenzhen,深圳,,,"Unit C, Building1,, Shenzhen, China",,,22.660838,114.220132,+86 755 2198 8889,https://www.hilton.com/en/hotels/szxlyhx-hampton-shenzhen-longgang-yonghu/,https://www.hilton.com/zh-hans/hotels/szxlyhx-hampton-shenzhen-longgang-yonghu/,,2023-04-25,,,
HILTON-SZXHRHX,Hampton by Hilton Shenzhen Longhua Dalang Commercial Center,,Hampton by Hilton,希尔顿欢朋,hilton-hampton-by-hilton,FULLY_BOOKABLE,Hotel,Hotel,Shenzhen,深圳,,,"Block b, Building 1, Lianjian Indus, Shenzhen, China",,,22.683083,113.992182,+86 755 2980 9999,https://www.hilton.com/en/hotels/szxhrhx-hampton-shenzhen-longhua-dalang-commercial-center/,https://www.hilton.com/zh-hans/hotels/szxhrhx-hampton-shenzhen-longhua-dalang-commercial-center/,,2025-01-08,,,
HILTON-SZXTHHX,Hampton by Hilton Shenzhen Longhua Qinghu,,Hampton by Hilton,希尔顿欢朋,hilton-hampton-by-hilton,FULLY_BOOKABLE,Hotel,Hotel,Shenzhen,深圳,,,"Jindingsheng Industrial Park, Shenzhen, China",,,22.6758706,114.0442644,+86 755 2918 0000,https://www.hilton.com/en/hotels/szxthhx-hampton-shenzhen-longhua-qinghu/,https://www.hilton.com/zh-hans/hotels/szxthhx-hampton-shenzhen-longhua-qinghu/,,,,,
HILTON-SZXHCHX,Hampton by Hilton Shenzhen Nanshan Qianhai,,Hampton by Hilton,希尔顿欢朋,hilton-hampton-by-hilton,OPENING_SOON,Hotel,Hotel,Shenzhen,深圳,,,"Tower C, No.5209 Menghai Avenue, Shenzhen, China",,,22.5263,113.8886,+86 755 8898 3999,https://www.hilton.com/en/hotels/szxhchx-hampton-shenzhen-nanshan-qianhai/,https://www.hilton.com/zh-hans/hotels/szxhchx-hampton-shenzhen-nanshan-qianhai/,,2026-07-31,,,
HILTON-SZXNSHX,Hampton by Hilton Shenzhen Nanshan Science & Technology Park,,Hampton by Hilton,希尔顿欢朋,hilton-hampton-by-hilton,FULLY_BOOKABLE,Hotel,Hotel,Shenzhen,深圳,,,"No.3 Kefa Road,, Shenzhen, China",,,22.542713,113.946483,+86 755 8626 7666,https://www.hilton.com/en/hotels/szxnshx-hampton-shenzhen-nanshan-science-and-technology-park/,https://www.hilton.com/zh-hans/hotels/szxnshx-hampton-shenzhen-nanshan-science-and-technology-park/,,2022-01-05,,,
HILTON-SZXBBHX,Hampton by Hilton Shenzhen North Station,,Hampton by Hilton,希尔顿欢朋,hilton-hampton-by-hilton,FULLY_BOOKABLE,Hotel,Hotel,Shenzhen,深圳,,,"Minzhi Street, Lujing Road, Shenzhen, China",,,22.6303491554,114.0193854364,+86 755 2111 8888,https://www.hilton.com/en/hotels/szxbbhx-hampton-shenzhen-north-station/,https://www.hilton.com/zh-hans/hotels/szxbbhx-hampton-shenzhen-north-station/,,,,,
HILTON-SZXPGHX,Hampton by Hilton Shenzhen Pingshan Station,,Hampton by Hilton,希尔顿欢朋,hilton-hampton-by-hilton,FULLY_BOOKABLE,Hotel,Hotel,Shenzhen,深圳,,,"2 Jinlong Avenue, Baolong Street,, Shenzhen, China",,,22.69320679,114.31592676,+86 755 8999 6188,https://www.hilton.com/en/hotels/szxpghx-hampton-shenzhen-pingshan-station/,https://www.hilton.com/zh-hans/hotels/szxpghx-hampton-shenzhen-pingshan-station/,,,,,
HILTON-SZXHEHX,Hampton by Hilton Shenzhen Yuanshan,,Hampton by Hilton,希尔顿欢朋,hilton-hampton-by-hilton,FULLY_BOOKABLE,Hotel,Hotel,Shenzhen,深圳,,,"No.5 Tianran Huigu Industrial Park,, Shenzhen, China",,,22.630891,114.217376,+86 755 2856 7888,https://www.hilton.com/en/hotels/szxhehx-hampton-shenzhen-yuanshan/,https://www.hilton.com/zh-hans/hotels/szxhehx-hampton-shenzhen-yuanshan/,,,,,
HILTON-SZXHDGI,Hilton Garden Inn Shenzhen Airport,,Hilton Garden Inn,希尔顿花园酒店,hilton-hilton-garden-inn,FULLY_BOOKABLE,Hotel,Hotel,Shenzhen,深圳,,,"No. 9 Cuigang West Road,, Shenzhen, China",,,22.6676572104,113.81823999772,+86 755 2999 3999,https://www.hilton.com/en/hotels/szxhdgi-hilton-garden-inn-shenzhen-airport/,https://www.hilton.com/zh-hans/hotels/szxhdgi-hilton-garden-inn-shenzhen-airport/,,2022-12-25,,,
HILTON-SZXSBGI,Hilton Garden Inn Shenzhen Bao'an,,Hilton Garden Inn,希尔顿花园酒店,hilton-hilton-garden-inn,FULLY_BOOKABLE,Hotel,Hotel,Shenzhen,深圳,,,"529 Xin Sha Road,, Shenzhen, China",,,22.731782,113.818076,+86 755 2771 8888,https://www.hilton.com/en/hotels/szxsbgi-hilton-garden-inn-shenzhen-baoan/,https://www.hilton.com/zh-hans/hotels/szxsbgi-hilton-garden-inn-shenzhen-baoan/,,2014-01-08,,,
HILTON-SZXDMGI,Hilton Garden Inn Shenzhen Dameisha,,Hilton Garden Inn,希尔顿花园酒店,hilton-hilton-garden-inn,OPENING_SOON,Hotel,Hotel,Shenzhen,深圳,,,"No.92 Yanmei Road, Shenzhen, China",,,22.601034,114.31,+86 755 2506 1188,https://www.hilton.com/en/hotels/szxdmgi-hilton-garden-inn-shenzhen-dameisha/,https://www.hilton.com/zh-hans/hotels/szxdmgi-hilton-garden-inn-shenzhen-dameisha/,,2026-10-01,,,
HILTON-SZXSHGI,Hilton Garden Inn Shenzhen Guangming,,Hilton Garden Inn,希尔顿花园酒店,hilton-hilton-garden-inn,FULLY_BOOKABLE,Hotel,Hotel,Shenzhen,深圳,,,"Building C, No. 4545, Songbai Road,, Shenzhen, China",,,22.774411,113.89568,+86 755 2342 3888,https://www.hilton.com/en/hotels/szxshgi-hilton-garden-inn-shenzhen-guangming/,https://www.hilton.com/zh-hans/hotels/szxshgi-hilton-garden-inn-shenzhen-guangming/,,2022-06-30,,,
HILTON-SZXGMGI,Hilton Garden Inn Shenzhen Guangming Hongqiao Park,,Hilton Garden Inn,希尔顿花园酒店,hilton-hilton-garden-inn,FULLY_BOOKABLE,Hotel,Hotel,Shenzhen,深圳,,,"No. 1328 KeTai Rd, Guangming Street, Shenzhen, China",,,22.74845,113.9575,+86 755 8865 6111,https://www.hilton.com/en/hotels/szxgmgi-hilton-garden-inn-shenzhen-guangming-hongqiao-park/,https://www.hilton.com/zh-hans/hotels/szxgmgi-hilton-garden-inn-shenzhen-guangming-hongqiao-park/,,2023-12-15,,,
HILTON-SZXEEGI,Hilton Garden Inn Shenzhen Nanshan Avenue,,Hilton Garden Inn,希尔顿花园酒店,hilton-hilton-garden-inn,FULLY_BOOKABLE,Hotel,Hotel,Shenzhen,深圳,,,"1039 Nanshan Ave, Nanshan Dist, Shenzhen, China",,,22.516788,113.920081,+86 755 8655 1888,https://www.hilton.com/en/hotels/szxeegi-hilton-garden-inn-shenzhen-nanshan-avenue/,https://www.hilton.com/zh-hans/hotels/szxeegi-hilton-garden-inn-shenzhen-nanshan-avenue/,,2021-08-13,,,
HILTON-SZXPSGI,Hilton Garden Inn Shenzhen Pingshan Chaoshang Plaza,,Hilton Garden Inn,希尔顿花园酒店,hilton-hilton-garden-inn,FULLY_BOOKABLE,Hotel,Hotel,Shenzhen,深圳,,,"143, Chaoshang Plaza, Pingshan Avenue, Liulian Community, Pingshan Street, Shenzhen, China",,,22.68577,114.3305,+86 755 8520 8888,https://www.hilton.com/en/hotels/szxpsgi-hilton-garden-inn-shenzhen-pingshan-chaoshang-plaza/,https://www.hilton.com/zh-hans/hotels/szxpsgi-hilton-garden-inn-shenzhen-pingshan-chaoshang-plaza/,2025-12-08,2025-12-08,,,
HILTON-SZXIEGI,Hilton Garden Inn Shenzhen World Exhibition & Convention Center,,Hilton Garden Inn,希尔顿花园酒店,hilton-hilton-garden-inn,FULLY_BOOKABLE,Hotel,Hotel,Shenzhen,深圳,,,"No. 85 Zhanjing Road,, Shenzhen, China",,,22.70858119441,113.77318737963,+86 755 2975 9999,https://www.hilton.com/en/hotels/szxiegi-hilton-garden-inn-shenzhen-world-exhibition-and-convention-center/,https://www.hilton.com/zh-hans/hotels/szxiegi-hilton-garden-inn-shenzhen-world-exhibition-and-convention-center/,,2020-12-30,,,
HILTON-SZXSFHI,Hilton Shenzhen Futian,,Hilton Hotels & Resorts,希尔顿酒店及度假村,hilton-hilton-hotels,FULLY_BOOKABLE,Hotel,Hotel,Shenzhen,深圳,,,"Tower B, Great China International, Shenzhen, China",,,22.544993,114.07636,+86 755 2130 8888,https://www.hilton.com/en/hotels/szxsfhi-hilton-shenzhen-futian/,https://www.hilton.com/zh-hans/hotels/szxsfhi-hilton-shenzhen-futian/,,2015-10-08,,,
HILTON-SZXSSHI,Hilton Shenzhen Shekou Nanhai,,Hilton Hotels & Resorts,希尔顿酒店及度假村,hilton-hilton-hotels,FULLY_BOOKABLE,Hotel,Hotel,Shenzhen,深圳,,,"1177 Wanghai Rd, Nanshan District, Shenzhen, China",,,22.4825,113.91138889,+86 755 2162 8888,https://www.hilton.com/en/hotels/szxsshi-hilton-shenzhen-shekou-nanhai/,https://www.hilton.com/zh-hans/hotels/szxsshi-hilton-shenzhen-shekou-nanhai/,,2013-12-03,,,
HILTON-SZXECHI,Hilton Shenzhen World Exhibition & Convention Center,,Hilton Hotels & Resorts,希尔顿酒店及度假村,hilton-hilton-hotels,FULLY_BOOKABLE,Hotel,Hotel,Shenzhen,深圳,,,"No. 80 Zhanfeng Road,, Shenzhen, China",,,22.70886415807,113.77228519572,+86 755 2975 8888,https://www.hilton.com/en/hotels/szxechi-hilton-shenzhen-world-exhibition-and-convention-center/,https://www.hilton.com/zh-hans/hotels/szxechi-hilton-shenzhen-world-exhibition-and-convention-center/,,2021-01-23,,,
HILTON-SZXLDHT,Home2 Suites by Hilton Shenzhen Dalang,,Home2 Suites by Hilton,希尔顿惠庭,hilton-home2-suites,FULLY_BOOKABLE,Hotel,Hotel,Shenzhen,深圳,,,"Xuanyi Building, No.2 Langjing Road, Shenzhen, China",,,22.70302,113.99754,+86 755 2923 6999,https://www.hilton.com/en/hotels/szxldht-home2-suites-shenzhen-dalang/,https://www.hilton.com/zh-hans/hotels/szxldht-home2-suites-shenzhen-dalang/,,2022-03-18,,,
HILTON-SZXEHHT,Home2 Suites by Hilton Shenzhen Nanshan Science & Technology Park,,Home2 Suites by Hilton,希尔顿惠庭,hilton-home2-suites,FULLY_BOOKABLE,Hotel,Hotel,Shenzhen,深圳,,,"Block B, Kupai Building,, Shenzhen, China",,,22.560871,113.944759,+86 755 8662 9666,https://www.hilton.com/en/hotels/szxehht-home2-suites-shenzhen-nanshan-science-and-technology-park/,https://www.hilton.com/zh-hans/hotels/szxehht-home2-suites-shenzhen-nanshan-science-and-technology-park/,,2022-09-30,,,
HILTON-SZXBAHT,Home2 Suites by Hilton Shenzhen Qianhai Bao'an Center,,Home2 Suites by Hilton,希尔顿惠庭,hilton-home2-suites,FULLY_BOOKABLE,Hotel,Hotel,Shenzhen,深圳,,,"201, Block 2, Lanwan Coast Building, Shenzhen, China",,,22.5573,113.86596,+86 755 2372 2888,https://www.hilton.com/en/hotels/szxbaht-home2-suites-shenzhen-qianhai-baoan-center/,https://www.hilton.com/zh-hans/hotels/szxbaht-home2-suites-shenzhen-qianhai-baoan-center/,,2021-10-18,,,
HILTON-SZXIPHT,Home2 Suites by Hilton Shenzhen Bao'an Airport,,Home2 Suites by Hilton,希尔顿惠庭,hilton-home2-suites,FULLY_BOOKABLE,Hotel,Hotel,SHENZHEN,,,,"Intersection of Shunchang Road and, SHENZHEN, China",,,22.602618,113.843883,+86 755 2796 9888,https://www.hilton.com/en/hotels/szxipht-home2-suites-shenzhen-baoan-airport/,https://www.hilton.com/zh-hans/hotels/szxipht-home2-suites-shenzhen-baoan-airport/,,2025-07-12,,,
HILTON-SZXLHGI,Hilton Garden Inn Shenzhen Luohu Port,,Hilton Garden Inn,希尔顿花园酒店,hilton-hilton-garden-inn,FULLY_BOOKABLE,Hotel,Hotel,"Shenzhen, Guangdong Province",,,,"No. 3011, Jiabin Road, Luohu District,, Shenzhen, Guangdong Province, China",,,22.55,114.12,+86 755 8268 1888,https://www.hilton.com/en/hotels/szxlhgi-hilton-garden-inn-shenzhen-luohu-port/,https://www.hilton.com/zh-hans/hotels/szxlhgi-hilton-garden-inn-shenzhen-luohu-port/,2026-03-03,2026-03-03,,,
HILTON-RKZRCHI,Hilton Shigatse,,Hilton Hotels & Resorts,希尔顿酒店及度假村,hilton-hilton-hotels,FULLY_BOOKABLE,Hotel,Hotel,Shigatse,,,,"12 Mid Shanghai Road, Tibet, Shigatse, China",,,29.264167,88.883611,+86 892 885 5888,https://www.hilton.com/en/hotels/rkzrchi-hilton-shigatse/,https://www.hilton.com/zh-hans/hotels/rkzrchi-hilton-shigatse/,,2022-07-30,,,
HILTON-SJWYUHX,Hampton by Hilton Shijiazhuang Luquan Economic Development Zone,,Hampton by Hilton,希尔顿欢朋,hilton-hampton-by-hilton,FULLY_BOOKABLE,Hotel,Hotel,Shijiazhuang,,,,"No.123 Yuyuan Road,Luquan District, Shijiazhuang, China",,,38.048736,114.34334,+86 311 8219 9888,https://www.hilton.com/en/hotels/sjwyuhx-hampton-shijiazhuang-luquan-economic-development-zone/,https://www.hilton.com/zh-hans/hotels/sjwyuhx-hampton-shijiazhuang-luquan-economic-development-zone/,,2023-06-29,,,
HILTON-SJWSCGI,Hilton Garden Inn Shijiazhuang High-Tech Zone,,Hilton Garden Inn,希尔顿花园酒店,hilton-hilton-garden-inn,OPENING_SOON,Hotel,Hotel,Shijiazhuang,,,,"Building 1 CTI Center, Shijiazhuang, China",,,38.050481,114.612741,+86 311 8669 8666,https://www.hilton.com/en/hotels/sjwscgi-hilton-garden-inn-shijiazhuang-high-tech-zone/,https://www.hilton.com/zh-hans/hotels/sjwscgi-hilton-garden-inn-shijiazhuang-high-tech-zone/,,2026-07-31,,,
HILTON-SJWZSHI,Hilton Shijiazhuang,,Hilton Hotels & Resorts,希尔顿酒店及度假村,hilton-hilton-hotels,FULLY_BOOKABLE,Hotel,Hotel,Shijiazhuang,,,,"5 Dong Da Jie,, Shijiazhuang, China",,,38.045839,114.531525,+86 311 6796 6666,https://www.hilton.com/en/hotels/sjwzshi-hilton-shijiazhuang/,https://www.hilton.com/zh-hans/hotels/sjwzshi-hilton-shijiazhuang/,,2013-06-16,,,
HILTON-SJWSGHT,Home2 Suites by Hilton Shijiazhuang Railway Station,,Home2 Suites by Hilton,希尔顿惠庭,hilton-home2-suites,FULLY_BOOKABLE,Hotel,Hotel,Shijiazhuang,,,,"Building B, Xiangyun International, No. 516, South Zhonghua Avenue, Shijiazhuang, China",,,38.00184988705,114.46977156743,+86 311 8565 6666,https://www.hilton.com/en/hotels/sjwsght-home2-suites-shijiazhuang-railway-station/,https://www.hilton.com/zh-hans/hotels/sjwsght-home2-suites-shijiazhuang-railway-station/,2026-01-01,2026-01-01,,,
HILTON-XFNSHDI,DoubleTree by Hilton Hotel Shiyan,,DoubleTree by Hilton,希尔顿逸林,hilton-doubletree-by-hilton,FULLY_BOOKABLE,Hotel,Hotel,Shiyan,,,,"No 57 Beijing North Road, Shiyan, China",,,32.659662,110.793,+86 719 862 9999,https://www.hilton.com/en/hotels/xfnshdi-doubletree-shiyan/,https://www.hilton.com/zh-hans/hotels/xfnshdi-doubletree-shiyan/,,2016-11-08,,,
HILTON-XFNNNHX,Hampton by Hilton Shiyan Yunyang,,Hampton by Hilton,希尔顿欢朋,hilton-hampton-by-hilton,FULLY_BOOKABLE,Hotel,Hotel,Shiyan,,,,"19 Jiefang South Road, Shiyan, China",,,32.821052,110.821452,+86 719 730 6666,https://www.hilton.com/en/hotels/xfnnnhx-hampton-shiyan-yunyang/,https://www.hilton.com/zh-hans/hotels/xfnnnhx-hampton-shiyan-yunyang/,,,,,
HILTON-XFNKAGI,Hilton Garden Inn Shiyan,,Hilton Garden Inn,希尔顿花园酒店,hilton-hilton-garden-inn,FULLY_BOOKABLE,Hotel,Hotel,Shiyan,,,,"No.9 Kaixuan Road, Shiyan, China",,,32.66284,110.767041,+86 719 862 8888,https://www.hilton.com/en/hotels/xfnkagi-hilton-garden-inn-shiyan/,https://www.hilton.com/zh-hans/hotels/xfnkagi-hilton-garden-inn-shiyan/,,2017-09-28,,,
HILTON-DATSZHX,Hampton by Hilton Shuozhou,,Hampton by Hilton,希尔顿欢朋,hilton-hampton-by-hilton,FULLY_BOOKABLE,Hotel,Hotel,Shuozhou,,,,"Block A, No. 560 South Zhangliao Rd, Shuozhou, China",,,39.292459,112.418516,+86 349 660 0555,https://www.hilton.com/en/hotels/datszhx-hampton-shuozhou/,https://www.hilton.com/zh-hans/hotels/datszhx-hampton-shuozhou/,,2024-02-02,,,
HILTON-YSQNJGI,Hilton Garden Inn Songyuan Ningjiang,,Hilton Garden Inn,希尔顿花园酒店,hilton-hilton-garden-inn,FULLY_BOOKABLE,Hotel,Hotel,Songyuan,,,,"No. 2299, Binjiang East Road, Songyuan, China",,,45.163829,124.849145,+86 438 518 3888,https://www.hilton.com/en/hotels/ysqnjgi-hilton-garden-inn-songyuan-ningjiang/,https://www.hilton.com/zh-hans/hotels/ysqnjgi-hilton-garden-inn-songyuan-ningjiang/,2025-12-15,2025-12-15,,,
HILTON-XUZMTHX,Hampton by Hilton Suqian Siyang,,Hampton by Hilton,希尔顿欢朋,hilton-hampton-by-hilton,FULLY_BOOKABLE,Hotel,Hotel,Suqian,,,,"No.1 Wencheng Middle Road, Suqian, China",,,33.731508,118.718212,+86 527 8587 9999,https://www.hilton.com/en/hotels/xuzmthx-hampton-suqian-siyang/,https://www.hilton.com/zh-hans/hotels/xuzmthx-hampton-suqian-siyang/,,2024-04-30,,,
HILTON-XUZSQHX,Hampton by Hilton Suqian Suning Plaza,,Hampton by Hilton,希尔顿欢朋,hilton-hampton-by-hilton,FULLY_BOOKABLE,Hotel,Hotel,Suqian,,,,"No.88 Xingfu Road,, Suqian, China",,,33.9556128398,118.3002260173,+86 527 8427 8888,https://www.hilton.com/en/hotels/xuzsqhx-hampton-suqian-suning-plaza/,https://www.hilton.com/zh-hans/hotels/xuzsqhx-hampton-suqian-suning-plaza/,,,,,
HILTON-XUZSUHT,Home2 Suites by Hilton Suqian Siyang,,Home2 Suites by Hilton,希尔顿惠庭,hilton-home2-suites,FULLY_BOOKABLE,Hotel,Hotel,Suqian,,,,"No.58, Binhe Road Siyang County, Suqian, China",,,33.700635,118.702831,+86 527 8968 8888,https://www.hilton.com/en/hotels/xuzsuht-home2-suites-suqian-siyang/,https://www.hilton.com/zh-hans/hotels/xuzsuht-home2-suites-suqian-siyang/,,2024-03-31,,,
HILTON-SZVSCHX,Hampton by Hilton Suzhou Guanqian Street,,Hampton by Hilton,希尔顿欢朋,hilton-hampton-by-hilton,FULLY_BOOKABLE,Hotel,Hotel,Suzhou,,,,"No.9-69 Pishi Avenue Pingjiang, Suzhou, China",,,31.312492,120.62504,+86 512 6577 8888,https://www.hilton.com/en/hotels/szvschx-hampton-suzhou-guanqian-avenue/,https://www.hilton.com/zh-hans/hotels/szvschx-hampton-suzhou-guanqian-avenue/,,2025-01-08,,,
HILTON-SZVHOHX,Hampton by Hilton Suzhou Jinji Lake,,Hampton by Hilton,希尔顿欢朋,hilton-hampton-by-hilton,FULLY_BOOKABLE,Hotel,Hotel,Suzhou,,,,"No.88 East Ring Road,, Suzhou, China",,,31.3170405198,120.6488832937,+86 512 8918 8588,https://www.hilton.com/en/hotels/szvhohx-hampton-suzhou-jinji-lake/,https://www.hilton.com/zh-hans/hotels/szvhohx-hampton-suzhou-jinji-lake/,,,,,
HILTON-SZVOUHX,Hampton by Hilton Suzhou Stone Lake,,Hampton by Hilton,希尔顿欢朋,hilton-hampton-by-hilton,FULLY_BOOKABLE,Hotel,Hotel,Suzhou,,,,"77 Binxi Road,, Suzhou, China",,,31.209459,120.591826,+86 512 6652 6333,https://www.hilton.com/en/hotels/szvouhx-hampton-suzhou-stone-lake/,https://www.hilton.com/zh-hans/hotels/szvouhx-hampton-suzhou-stone-lake/,,2023-04-06,,,
HILTON-WUXSUHX,Hampton by Hilton Suzhou Wujiang East Taihu,,Hampton by Hilton,希尔顿欢朋,hilton-hampton-by-hilton,FULLY_BOOKABLE,Hotel,Hotel,Suzhou,,,,"500 Shuixiu Street,, Suzhou, China",,,31.133196,120.593455,+86 512 6309 8588,https://www.hilton.com/en/hotels/wuxsuhx-hampton-suzhou-east-taihu-tourist-area/,https://www.hilton.com/zh-hans/hotels/wuxsuhx-hampton-suzhou-east-taihu-tourist-area/,,,,,
HILTON-SZVWUHX,Hampton by Hilton Suzhou Wuzhong,,Hampton by Hilton,希尔顿欢朋,hilton-hampton-by-hilton,FULLY_BOOKABLE,Hotel,Hotel,Suzhou,,,,"No.38 Yingchun Road,, Suzhou, China",,,31.2659377272,120.6400154761,+86 512 6619 6188,https://www.hilton.com/en/hotels/szvwuhx-hampton-suzhou-wuzhong/,https://www.hilton.com/zh-hans/hotels/szvwuhx-hampton-suzhou-wuzhong/,,2018-09-30,,,
HILTON-SZVXCHX,Hampton by Hilton Suzhou Xiangcheng,,Hampton by Hilton,希尔顿欢朋,hilton-hampton-by-hilton,FULLY_BOOKABLE,Hotel,Hotel,Suzhou,,,,"1609 Xiangcheng Avenue, Xiangcheng, Suzhou, China",,,31.3766330054,120.630509577,+86 512 6683 3366,https://www.hilton.com/en/hotels/szvxchx-hampton-suzhou-xiangcheng/,https://www.hilton.com/zh-hans/hotels/szvxchx-hampton-suzhou-xiangcheng/,,2018-03-16,,,
HILTON-SZVKSGI,Hilton Garden Inn Suzhou Kunshan,,Hilton Garden Inn,希尔顿花园酒店,hilton-hilton-garden-inn,FULLY_BOOKABLE,Hotel,Hotel,Suzhou,,,,"1398, Lucheng Road, Yushan Town, Jiangsu Province,, Suzhou, China",,,31.409216,120.935258,+86 512 5515 8888,https://www.hilton.com/en/hotels/szvksgi-hilton-garden-inn-suzhou-kunshan/,https://www.hilton.com/zh-hans/hotels/szvksgi-hilton-garden-inn-suzhou-kunshan/,,2025-04-11,,,
HILTON-SZVSWGI,Hilton Garden Inn Suzhou Wuzhong,,Hilton Garden Inn,希尔顿花园酒店,hilton-hilton-garden-inn,FULLY_BOOKABLE,Hotel,Hotel,Suzhou,,,,"Building 5, No.99 Youxiang Road,, Suzhou, China",,,31.19206,120.590409,+86 512 6658 6666,https://www.hilton.com/en/hotels/szvswgi-hilton-garden-inn-suzhou-wuzhong/,https://www.hilton.com/zh-hans/hotels/szvswgi-hilton-garden-inn-suzhou-wuzhong/,,2022-10-28,,,
HILTON-SZVTVHI,Hilton Suzhou,,Hilton Hotels & Resorts,希尔顿酒店及度假村,hilton-hilton-hotels,FULLY_BOOKABLE,Hotel,Hotel,Suzhou,,,,"275 Suzhou Ave East Industrial Park, Suzhou, China",,,31.324349,120.735565,+86 512 6292 8888,https://www.hilton.com/en/hotels/szvtvhi-hilton-suzhou/,https://www.hilton.com/zh-hans/hotels/szvtvhi-hilton-suzhou/,,2016-05-18,,,
HILTON-SZVNDHI,Hilton Suzhou New District,,Hilton Hotels & Resorts,希尔顿酒店及度假村,hilton-hilton-hotels,FULLY_BOOKABLE,Hotel,Hotel,Suzhou,,,,"88 Shushan Rd, Suzhou New District, Suzhou, China",,,31.373426,120.471199,+86 512 6269 8888,https://www.hilton.com/en/hotels/szvndhi-hilton-suzhou-new-district/,https://www.hilton.com/zh-hans/hotels/szvndhi-hilton-suzhou-new-district/,,2025-01-01,,,
HILTON-SZVDIHI,Hilton Suzhou Wuzhong,,Hilton Hotels & Resorts,希尔顿酒店及度假村,hilton-hilton-hotels,FULLY_BOOKABLE,Hotel,Hotel,Suzhou,,,,"Building 4, No.99 Jun Yi Road, Suzhou, China",,,31.111762,120.344867,+86 512 6658 0000,https://www.hilton.com/en/hotels/szvdihi-hilton-suzhou-wuzhong/,https://www.hilton.com/zh-hans/hotels/szvdihi-hilton-suzhou-wuzhong/,,2022-10-28,,,
HILTON-SZVSOHI,Hilton Suzhou Yinshan Lake,,Hilton Hotels & Resorts,希尔顿酒店及度假村,hilton-hilton-hotels,FULLY_BOOKABLE,Hotel,Hotel,Suzhou,,,,"1688 Huanhu Road, Suzhou, China",,,31.245411,120.69818,+86 512 8188 0000,https://www.hilton.com/en/hotels/szvsohi-hilton-suzhou-yinshan-lake/,https://www.hilton.com/zh-hans/hotels/szvsohi-hilton-suzhou-yinshan-lake/,,2021-12-30,,,
HILTON-SHAHRLX,"The Hanyu Garden Reserve Suzhou, an SLH hotel",,Small Luxury Hotels of the World,全球奢华精品酒店,hilton-small-luxury-hotels-slh,FULLY_BOOKABLE,Hotel,Hotel,Suzhou,,,,"69 Huan Taihu Lake Avenue, Suzhou, China",,,31.2128617,120.4045238,+86 512 6620 1888,https://www.hilton.com/en/hotels/shahrlx-the-hanyu-garden-reserve-suzhou/,https://www.hilton.com/zh-hans/hotels/shahrlx-the-hanyu-garden-reserve-suzhou/,,2025-02-25,,,
HILTON-SZVASDI,DoubleTree by Hilton Hotel Anhui - Suzhou,,DoubleTree by Hilton,希尔顿逸林,hilton-doubletree-by-hilton,FULLY_BOOKABLE,Hotel,Hotel,Suzhou City,,,,"No.1326 Fuxiao Avenue, Suzhou City, China",,,33.669289,116.956468,+86 557 668 1999,https://www.hilton.com/en/hotels/szvasdi-doubletree-anhui-suzhou/,https://www.hilton.com/zh-hans/hotels/szvasdi-doubletree-anhui-suzhou/,,2013-12-18,,,
HILTON-TNATIHT,Home2 Suites by Hilton Tai’an Dongping Lake,,Home2 Suites by Hilton,希尔顿惠庭,hilton-home2-suites,FULLY_BOOKABLE,Hotel,Hotel,Tai 'an,,,,"North of 250 Prov Hwy Dongjihe Link, Wangtai Vill., Laohu Town, Tai 'an, China",,,35.944683,116.314749,+86 538 283 7888,https://www.hilton.com/en/hotels/tnatiht-home2-suites-taian-dongping-lake/,https://www.hilton.com/zh-hans/hotels/tnatiht-home2-suites-taian-dongping-lake/,2026-04-03,2026-04-03,,,
HILTON-TNASHHX,Hampton by Hilton Taian City Center,,Hampton by Hilton,希尔顿欢朋,hilton-hampton-by-hilton,FULLY_BOOKABLE,Hotel,Hotel,Tai'an,,,,"27 West Wangyue Road, Taishan Dist., Tai'an, China",,,36.18451519753,117.09270289496,+86 538 503 3666,https://www.hilton.com/en/hotels/tnashhx-hampton-taian-city-center/,https://www.hilton.com/zh-hans/hotels/tnashhx-hampton-taian-city-center/,,2023-11-16,,,
HILTON-TNADAHX,Hampton by Hilton Taian Taishan Tianwai Village,,Hampton by Hilton,希尔顿欢朋,hilton-hampton-by-hilton,FULLY_BOOKABLE,Hotel,Hotel,Tai'an,,,,"NO.123 Daizong Street, Tai'an, China",,,36.196918,117.124885,+86 538 806 8888,https://www.hilton.com/en/hotels/tnadahx-hampton-taian-taishan-tianwai-village/,https://www.hilton.com/zh-hans/hotels/tnadahx-hampton-taian-taishan-tianwai-village/,,2024-01-01,,,
HILTON-TNAYQHT,Home2 Suites by Hilton Tai'an Taishan,,Home2 Suites by Hilton,希尔顿惠庭,hilton-home2-suites,FULLY_BOOKABLE,Hotel,Hotel,Tai'an,,,,"Intersection of Tianzhanfeng Road and Donghu Road, Taishan District, Tai'an, China",,,36.187441,117.177179,+86 538 807 1111,https://www.hilton.com/en/hotels/tnayqht-home2-suites-taian-taishan/,https://www.hilton.com/zh-hans/hotels/tnayqht-home2-suites-taian-taishan/,,2025-08-13,,,
HILTON-TNATNHX,Hampton by Hilton Tai'an Mount Tai Scenic Area,,Hampton by Hilton,希尔顿欢朋,hilton-hampton-by-hilton,FULLY_BOOKABLE,Hotel,Hotel,"Tai'an, Shandong",,,,"560 Dongyue Ave, Tai'an, Shandong, China",,,36.206016,117.053677,+86 538 662 6777,https://www.hilton.com/en/hotels/tnatnhx-hampton-taian-mount-tai-scenic-area/,https://www.hilton.com/zh-hans/hotels/tnatnhx-hampton-taian-mount-tai-scenic-area/,,,,,
HILTON-TYNAAHX,Hampton by Hilton Taiyuan Jianshe South Road,,Hampton by Hilton,希尔顿欢朋,hilton-hampton-by-hilton,FULLY_BOOKABLE,Hotel,Hotel,Taiyuan,,,,"No.142 Jianshe South Road,, Taiyuan, China",,,37.831715,112.58723,+86 351 566 8999,https://www.hilton.com/en/hotels/tynaahx-hampton-taiyuan-jianshe-south-road/,https://www.hilton.com/zh-hans/hotels/tynaahx-hampton-taiyuan-jianshe-south-road/,,,,,
HILTON-TYNXDHX,Hampton by Hilton Taiyuan Jinyang,,Hampton by Hilton,希尔顿欢朋,hilton-hampton-by-hilton,FULLY_BOOKABLE,Hotel,Hotel,Taiyuan,,,,"B Tower, 84 Jinyang St, Xiaodian, Taiyuan, China",,,37.7869747162,112.563978331,+86 351 778 6777,https://www.hilton.com/en/hotels/tynxdhx-hampton-taiyuan-jinyang/,https://www.hilton.com/zh-hans/hotels/tynxdhx-hampton-taiyuan-jinyang/,,,,,
HILTON-TYNSZHX,Hampton by Hilton Taiyuan South Railway Station Longcheng Street,,Hampton by Hilton,希尔顿欢朋,hilton-hampton-by-hilton,FULLY_BOOKABLE,Hotel,Hotel,Taiyuan,,,,"29 Longcheng Street,, Taiyuan, China",,,37.7747493,112.6025653,+86 351 603 5222,https://www.hilton.com/en/hotels/tynszhx-hampton-south-railway-station-longcheng-street/,https://www.hilton.com/zh-hans/hotels/tynszhx-hampton-south-railway-station-longcheng-street/,,,,,
HILTON-TYNTSHX,Hampton by Hilton Taiyuan Wuyi Square,,Hampton by Hilton,希尔顿欢朋,hilton-hampton-by-hilton,FULLY_BOOKABLE,Hotel,Hotel,Taiyuan,,,,"No.6 Bingzhou North Road, Taiyuan, China",,,37.857206,112.573416,+86 351 732 7777,https://www.hilton.com/en/hotels/tyntshx-hampton-taiyuan-wuyi-square/,https://www.hilton.com/zh-hans/hotels/tyntshx-hampton-taiyuan-wuyi-square/,,2024-01-12,,,
HILTON-TYNTBGI,Hilton Garden Inn Taiyuan Binhe,,Hilton Garden Inn,希尔顿花园酒店,hilton-hilton-garden-inn,FULLY_BOOKABLE,Hotel,Hotel,Taiyuan,,,,"No. 130 Longcheng South Street, Binhe East Road,, Taiyuan, China",,,37.78007,112.548105,+86 351 563 9999,https://www.hilton.com/en/hotels/tyntbgi-hilton-garden-inn-taiyuan-binhe/,https://www.hilton.com/zh-hans/hotels/tyntbgi-hilton-garden-inn-taiyuan-binhe/,,2024-08-01,,,
HILTON-TYNJFGI,Hilton Garden Inn Taiyuan Jiefang Road,,Hilton Garden Inn,希尔顿花园酒店,hilton-hilton-garden-inn,FULLY_BOOKABLE,Hotel,Hotel,Taiyuan,,,,"No. 4 Qianyingfang Street, Xinghualing District, Shanxi Province, Taiyuan, China",,,37.889901,112.565845,+86 351 721 0999,https://www.hilton.com/en/hotels/tynjfgi-hilton-garden-inn-taiyuan-jiefang-road/,https://www.hilton.com/zh-hans/hotels/tynjfgi-hilton-garden-inn-taiyuan-jiefang-road/,,2025-07-15,,,
HILTON-TYNCNHT,Home2 Suites by Hilton Taiyuan Yingze Avenue,,Home2 Suites by Hilton,希尔顿惠庭,hilton-home2-suites,FULLY_BOOKABLE,Hotel,Hotel,Taiyuan,,,,"Building A, Shidai Tianfeng, No.120 Xida Street, Taiyuan, China",,,37.856814,112.508968,+86 351 289 9888,https://www.hilton.com/en/hotels/tyncnht-home2-suites-taiyuan-yingze-avenue/,https://www.hilton.com/zh-hans/hotels/tyncnht-home2-suites-taiyuan-yingze-avenue/,,2025-09-29,,,
HILTON-HYNBTDI,DoubleTree by Hilton Taizhou Shenxianju,,DoubleTree by Hilton,希尔顿逸林,hilton-doubletree-by-hilton,FULLY_BOOKABLE,Hotel,Hotel,Taizhou,,,,"No. 8-10 Xianfeng Road, Baita Town, Taizhou, China",,,28.741808,120.620099,+86 576 8771 8888,https://www.hilton.com/en/hotels/hynbtdi-doubletree-taizhou-shenxianju/,https://www.hilton.com/zh-hans/hotels/hynbtdi-doubletree-taizhou-shenxianju/,,2022-11-09,,,
HILTON-WUXHAHX,Hampton by Hilton Taizhou Hailing,,Hampton by Hilton,希尔顿欢朋,hilton-hampton-by-hilton,FULLY_BOOKABLE,Hotel,Hotel,Taizhou,,,,"No.588-1 Yangzhou Road,, Taizhou, China",,,32.490006,119.895875,+86 523 8655 6666,https://www.hilton.com/en/hotels/wuxhahx-hampton-taizhou-hailing/,https://www.hilton.com/zh-hans/hotels/wuxhahx-hampton-taizhou-hailing/,,,,,
HILTON-HYNERHX,Hampton by Hilton Taizhou Jiaojiang,,Hampton by Hilton,希尔顿欢朋,hilton-hampton-by-hilton,FULLY_BOOKABLE,Hotel,Hotel,Taizhou,,,,"No. 269 Donghuan Avenue, Taizhou, China",,,28.661639,121.440185,+86 576 8886 5777,https://www.hilton.com/en/hotels/hynerhx-hampton-taizhou-jiaojiang/,https://www.hilton.com/zh-hans/hotels/hynerhx-hampton-taizhou-jiaojiang/,,2025-04-05,,,
HILTON-YTYTXHX,Hampton by Hilton Taizhou Taixing,,Hampton by Hilton,希尔顿欢朋,hilton-hampton-by-hilton,FULLY_BOOKABLE,Hotel,Hotel,Taizhou,,,,"1 Wenchang Middle Rd, Taixing, Taizhou, China",,,32.1602017536,120.0374182202,+86 523 8273 7666,https://www.hilton.com/en/hotels/ytytxhx-hampton-taizhou-taixing/,https://www.hilton.com/zh-hans/hotels/ytytxhx-hampton-taizhou-taixing/,,,,,
HILTON-HYNEWHX,Hampton by Hilton Wenling,,Hampton by Hilton,希尔顿欢朋,hilton-hampton-by-hilton,FULLY_BOOKABLE,Hotel,Hotel,Taizhou,,,,"No.1, Wuyang Road,, Taizhou, China",,,28.571299,121.491888,+86 576 8966 7777,https://www.hilton.com/en/hotels/hynewhx-hampton-wenling/,https://www.hilton.com/zh-hans/hotels/hynewhx-hampton-wenling/,,2024-04-17,,,
HILTON-HYNTCHI,Hilton Taizhou,,Hilton Hotels & Resorts,希尔顿酒店及度假村,hilton-hilton-hotels,FULLY_BOOKABLE,Hotel,Hotel,Taizhou,,,,"No. 88, Wenxue Road, Taizhou, China",,,28.6606325607,121.405678715,+86 576 8806 8888,https://www.hilton.com/en/hotels/hyntchi-hilton-taizhou/,https://www.hilton.com/zh-hans/hotels/hyntchi-hilton-taizhou/,,2019-02-01,,,
HILTON-WUXSHHT,Home2 Suites by Hilton Jingjiang Binjiang New Town,,Home2 Suites by Hilton,希尔顿惠庭,hilton-home2-suites,FULLY_BOOKABLE,Hotel,Hotel,Taizhou,,,,"Building B2,Financial Business Zone, Taizhou, China",,,31.98625,120.279704,+86 523 8022 8888,https://www.hilton.com/en/hotels/wuxshht-home2-suites-jingjiang-binjiang-new-town/,https://www.hilton.com/zh-hans/hotels/wuxshht-home2-suites-jingjiang-binjiang-new-town/,,2024-02-08,,,
HILTON-HYNOBHT,Home2 Suites by Hilton Taizhou Wenling,,Home2 Suites by Hilton,希尔顿惠庭,hilton-home2-suites,FULLY_BOOKABLE,Hotel,Hotel,Taizhou,,,,"No.88, Wuyang Road, Chengxi Street, Taizhou, China",,,28.397678,121.359568,+86 576 8637 1888,https://www.hilton.com/en/hotels/hynobht-home2-suites-taizhou-wenling/,https://www.hilton.com/zh-hans/hotels/hynobht-home2-suites-taizhou-wenling/,,2024-02-01,,,
HILTON-YTYXHGI,Hilton Garden Inn Taizhou Xinghua,,Hilton Garden Inn,希尔顿花园酒店,hilton-hilton-garden-inn,FULLY_BOOKABLE,Hotel,Hotel,"Taizhou, Jiangsu",,,,"806 Yingwu South Road, Taizhou, Jiangsu, China",,,32.900563,119.854395,+86 523 8378 9999,https://www.hilton.com/en/hotels/ytyxhgi-hilton-garden-inn-taizhou-xinghua/,https://www.hilton.com/zh-hans/hotels/ytyxhgi-hilton-garden-inn-taizhou-xinghua/,,2025-06-28,,,
HILTON-TVSHPHX,Hampton by Hilton Tangshan Caofeidian,,Hampton by Hilton,希尔顿欢朋,hilton-hampton-by-hilton,FULLY_BOOKABLE,Hotel,Hotel,Tangshan,,,,"No.170, Kenfeng Street, Tangshan, China",,,39.270348,118.423207,+86 315 879 5555,https://www.hilton.com/en/hotels/tvshphx-hampton-tangshan-caofeidian/,https://www.hilton.com/zh-hans/hotels/tvshphx-hampton-tangshan-caofeidian/,,2024-11-26,,,
HILTON-TVSCKHT,Home2 Suites by Hilton Tangshan South Lake Park,,Home2 Suites by Hilton,希尔顿惠庭,hilton-home2-suites,OPENING_SOON,Hotel,Hotel,Tangshan,,,,"5-501, Nanhu Leisure & Food Plaza, Tangshan, China",,,39.608023,118.179547,+86 315 238 7777,https://www.hilton.com/en/hotels/tvsckht-home2-suites-tangshan-south-lake-park/,https://www.hilton.com/zh-hans/hotels/tvsckht-home2-suites-tangshan-south-lake-park/,,2026-06-30,,,
HILTON-TCZMMLX,"The Moon Mansion, an SLH Hotel",,Small Luxury Hotels of the World,全球奢华精品酒店,hilton-small-luxury-hotels-slh,FULLY_BOOKABLE,Hotel,Hotel,Tengchong,,,,"Bldg 17 19 Jiangshan Yard, Tengchong, China",,,25.026174,98.528226,+86 857 303 5988,https://www.hilton.com/en/hotels/tczmmlx-the-moon-mansion/,https://www.hilton.com/zh-hans/hotels/tczmmlx-the-moon-mansion/,,2025-04-29,,,
HILTON-JNGTZGI,Hilton Garden Inn Tengzhou Pingxing Road,,Hilton Garden Inn,希尔顿花园酒店,hilton-hilton-garden-inn,OPENING_SOON,Hotel,Hotel,Tengzhou,,,,"731 Pingxing South Road, Hongxu Town, Shandong Province, Tengzhou, China",,,35.044483,117.161078,+86 632 523 9777,https://www.hilton.com/en/hotels/jngtzgi-hilton-garden-inn-tengzhou-pingxing-road/,https://www.hilton.com/zh-hans/hotels/jngtzgi-hilton-garden-inn-tengzhou-pingxing-road/,,2035-12-01,,,
HILTON-TSNTNCI,Conrad Tianjin,,Conrad Hotels & Resorts,康莱德酒店及度假村,hilton-conrad-hotels,FULLY_BOOKABLE,Hotel,Hotel,Tianjin,,,,"46 Tianta Road, Nankai District, Tianjin, China",,,39.0927885098,117.169487891,+86 22 5888 6666,https://www.hilton.com/en/hotels/tsntnci-conrad-tianjin/,https://www.hilton.com/zh-hans/hotels/tsntnci-conrad-tianjin/,,2019-08-20,,,
HILTON-TSNBGHX,Hampton by Hilton Tianjin Baodi,,Hampton by Hilton,希尔顿欢朋,hilton-hampton-by-hilton,OPENING_SOON,Hotel,Hotel,Tianjin,,,,"No.23 Guangchuan Road,Baoping Street, Tianjin, China",,,39.720021,117.309349,+86 22 8253 9999,https://www.hilton.com/en/hotels/tsnbghx-hampton-tianjin-baodi/,https://www.hilton.com/zh-hans/hotels/tsnbghx-hampton-tianjin-baodi/,,2026-07-31,,,
HILTON-TSNHXHX,Hampton by Hilton Tianjin Beichen,,Hampton by Hilton,希尔顿欢朋,hilton-hampton-by-hilton,FULLY_BOOKABLE,Hotel,Hotel,Tianjin,,,,"No.1260 Chenchang Road, Tianjin, China",,,39.208101,117.128515,+86 22 5870 9999,https://www.hilton.com/en/hotels/tsnhxhx-hampton-tianjin-beichen/,https://www.hilton.com/zh-hans/hotels/tsnhxhx-hampton-tianjin-beichen/,,2024-01-21,,,
HILTON-TSNPLHX,Hampton by Hilton Tianjin Binhai Dagang,,Hampton by Hilton,希尔顿欢朋,hilton-hampton-by-hilton,OPENING_SOON,Hotel,Hotel,Tianjin,,,,"No. 333 Dagang Shiji blvd, Tianjin, China",,,39.1935982,117.1564625,+86 22 6311 3333,https://www.hilton.com/en/hotels/tsnplhx-hampton-tianjin-binhai-dagang/,https://www.hilton.com/zh-hans/hotels/tsnplhx-hampton-tianjin-binhai-dagang/,,2027-12-31,,,
HILTON-TSNAMHX,Hampton by Hilton Tianjin Binhai International Airport,,Hampton by Hilton,希尔顿欢朋,hilton-hampton-by-hilton,FULLY_BOOKABLE,Hotel,Hotel,Tianjin,,,,"Building2, Jingda Building, No.66, Tianjin, China",,,39.15909,117.398148,+86 22 2482 9888,https://www.hilton.com/en/hotels/tsnamhx-hampton-tianjin-binhai-international-airport/,https://www.hilton.com/zh-hans/hotels/tsnamhx-hampton-tianjin-binhai-international-airport/,,2024-05-18,,,
HILTON-TSNTJHX,Hampton by Hilton Tianjin Binhai TEDA,,Hampton by Hilton,希尔顿欢朋,hilton-hampton-by-hilton,FULLY_BOOKABLE,Hotel,Hotel,Tianjin,,,,"Block A No.17 Nanhai Road, Tianjin, China",,,39.03094,117.70087,+86 22 2526 8888,https://www.hilton.com/en/hotels/tsntjhx-hampton-tianjin-binhai-teda/,https://www.hilton.com/zh-hans/hotels/tsntjhx-hampton-tianjin-binhai-teda/,,2024-07-18,,,
HILTON-TSNBHHX,Hampton by Hilton Tianjin Eco-City,,Hampton by Hilton,希尔顿欢朋,hilton-hampton-by-hilton,FULLY_BOOKABLE,Hotel,Hotel,Tianjin,,,,"No.666 Anzheng Road,, Tianjin, China",,,39.110289,117.759742,+86 22 6718 1111,https://www.hilton.com/en/hotels/tsnbhhx-hampton-tianjin-eco-city/,https://www.hilton.com/zh-hans/hotels/tsnbhhx-hampton-tianjin-eco-city/,,2023-11-01,,,
HILTON-TSNIAHX,Hampton by Hilton Tianjin Five Great Avenues,,Hampton by Hilton,希尔顿欢朋,hilton-hampton-by-hilton,FULLY_BOOKABLE,Hotel,Hotel,Tianjin,,,,"No.10, Nanjing Road,, Tianjin, China",,,39.112472,117.222991,+86 22 2312 5599,https://www.hilton.com/en/hotels/tsniahx-hampton-tianjin-five-great-avenues/,https://www.hilton.com/zh-hans/hotels/tsniahx-hampton-tianjin-five-great-avenues/,,2023-05-12,,,
HILTON-TSNTHHX,Hampton by Hilton Tianjin Haihe Education Park NCEC,,Hampton by Hilton,希尔顿欢朋,hilton-hampton-by-hilton,FULLY_BOOKABLE,Hotel,Hotel,Tianjin,,,,"Building 47, Jincai Garden,, Tianjin, China",,,38.981521,117.367891,+86 22 2852 5999,https://www.hilton.com/en/hotels/tsnthhx-hampton-tianjin-haihe-education-park-ncec/,https://www.hilton.com/zh-hans/hotels/tsnthhx-hampton-tianjin-haihe-education-park-ncec/,,,,,
HILTON-TSNTTHX,Hampton by Hilton Tianjin Hedong,,Hampton by Hilton,希尔顿欢朋,hilton-hampton-by-hilton,FULLY_BOOKABLE,Hotel,Hotel,Tianjin,,,,"No.63, Jinbin Avenue, Tianjin, China",,,39.122586,117.258248,+86 22 2466 6666,https://www.hilton.com/en/hotels/tsntthx-hampton-tianjin-hedong/,https://www.hilton.com/zh-hans/hotels/tsntthx-hampton-tianjin-hedong/,,2023-02-26,,,
HILTON-TSNANHX,Hampton by Hilton Tianjin Jingbin Industrial Park,,Hampton by Hilton,希尔顿欢朋,hilton-hampton-by-hilton,FULLY_BOOKABLE,Hotel,Hotel,Tianjin,,,,"North of Jingbin Avenue,, Tianjin, China",,,39.553465,116.806469,+86 22 2290 1111,https://www.hilton.com/en/hotels/tsnanhx-hampton-tianjin-jingbin-industrial-park/,https://www.hilton.com/zh-hans/hotels/tsnanhx-hampton-tianjin-jingbin-industrial-park/,,2022-10-11,,,
HILTON-TSNINHX,Hampton by Hilton Tianjin Olympic Centre Stadium Jiefang South Road,,Hampton by Hilton,希尔顿欢朋,hilton-hampton-by-hilton,FULLY_BOOKABLE,Hotel,Hotel,Tianjin,,,,"No. 447 Jiefang South Road, Tianjin, China",,,39.082268,117.233047,+86 22 2822 2777,https://www.hilton.com/en/hotels/tsninhx-hampton-tianjin-olympic-centre-stadium-jiefang-south-road/,https://www.hilton.com/zh-hans/hotels/tsninhx-hampton-tianjin-olympic-centre-stadium-jiefang-south-road/,,2022-06-30,,,
HILTON-TSNTCHX,Hampton by Hilton Tianjin Railway Station,,Hampton by Hilton,希尔顿欢朋,hilton-hampton-by-hilton,FULLY_BOOKABLE,Hotel,Hotel,Tianjin,,,,"No.78 Haihe East Road,Hebei Distric, Tianjin, China",,,39.132838,117.203764,+86 22 5998 6999,https://www.hilton.com/en/hotels/tsntchx-hampton-tianjin-railway-station/,https://www.hilton.com/zh-hans/hotels/tsntchx-hampton-tianjin-railway-station/,,2023-04-06,,,
HILTON-TSNOTHX,Hampton by Hilton Tianjin Wuqing,,Hampton by Hilton,希尔顿欢朋,hilton-hampton-by-hilton,FULLY_BOOKABLE,Hotel,Hotel,Tianjin,,,,"Bldg B42, Innovation Headquarters, Tianjin, China",,,39.41560470537,117.05012959176,+86 22 8219 5777,https://www.hilton.com/en/hotels/tsnothx-hampton-tianjin-wuqing/,https://www.hilton.com/zh-hans/hotels/tsnothx-hampton-tianjin-wuqing/,,,,,
HILTON-TSNFWGI,Hilton Garden Inn Tianjin Five Great Avenues,,Hilton Garden Inn,希尔顿花园酒店,hilton-hilton-garden-inn,FULLY_BOOKABLE,Hotel,Hotel,Tianjin,,,,"No.1 Wenjing Road, Hexi District, Tianjin, China",,,39.098217,117.201089,+86 22 2838 7777,https://www.hilton.com/en/hotels/tsnfwgi-hilton-garden-inn-tianjin-five-great-avenues/,https://www.hilton.com/zh-hans/hotels/tsnfwgi-hilton-garden-inn-tianjin-five-great-avenues/,,2025-03-07,,,
HILTON-TSNYSGI,Hilton Garden Inn Tianjin Huayuan,,Hilton Garden Inn,希尔顿花园酒店,hilton-hilton-garden-inn,FULLY_BOOKABLE,Hotel,Hotel,Tianjin,,,,"2 Yingshui West Road, Tianjin, China",,,39.082018,117.112974,+86 22 2371 5999,https://www.hilton.com/en/hotels/tsnysgi-hilton-garden-inn-tianjin-huayuan/,https://www.hilton.com/zh-hans/hotels/tsnysgi-hilton-garden-inn-tianjin-huayuan/,,2023-06-19,,,
HILTON-TSNNNGI,Hilton Garden Inn Tianjin Jinnan,,Hilton Garden Inn,希尔顿花园酒店,hilton-hilton-garden-inn,OPENING_SOON,Hotel,Hotel,Tianjin,,,,"No.1 Building , Yicai Tingyuan,Baer, Tianjin, China",,,38.951204,117.342086,+86 22 2866 6666,https://www.hilton.com/en/hotels/tsnnngi-hilton-garden-inn-tianjin-jinnan/,https://www.hilton.com/zh-hans/hotels/tsnnngi-hilton-garden-inn-tianjin-jinnan/,2026-05-26,2026-05-26,,,
HILTON-TSNJIGI,Hilton Garden Inn Tianjin Railway Station,,Hilton Garden Inn,希尔顿花园酒店,hilton-hilton-garden-inn,FULLY_BOOKABLE,Hotel,Hotel,Tianjin,,,,"38 Jinbu Street, Tianjin, China",,,39.13576349,117.2024039,+86 22 2621 1666,https://www.hilton.com/en/hotels/tsnjigi-hilton-garden-inn-tianjin-railway-station/,https://www.hilton.com/zh-hans/hotels/tsnjigi-hilton-garden-inn-tianjin-railway-station/,,2024-08-13,,,
HILTON-TSNTLGI,Hilton Garden Inn Tianjin Tuanbo Lake,,Hilton Garden Inn,希尔顿花园酒店,hilton-hilton-garden-inn,OPENING_SOON,Hotel,Hotel,Tianjin,,,,"Xizhili Road, Tianjin, China",,,38.94656,117.091265,,https://www.hilton.com/en/hotels/tsntlgi-hilton-garden-inn-tianjin-tuanbo-lake/,https://www.hilton.com/zh-hans/hotels/tsntlgi-hilton-garden-inn-tianjin-tuanbo-lake/,,2027-01-31,,,
HILTON-TSNECHI,Hilton Tianjin Eco-City,,Hilton Hotels & Resorts,希尔顿酒店及度假村,hilton-hilton-hotels,FULLY_BOOKABLE,Hotel,Hotel,Tianjin,,,,"No.82 Dong Man Zhong Lu, Tianjin, China",,,39.103159,117.73814,+86 22 5999 8888,https://www.hilton.com/en/hotels/tsnechi-hilton-tianjin-eco-city/,https://www.hilton.com/zh-hans/hotels/tsnechi-hilton-tianjin-eco-city/,,2014-12-31,,,
HILTON-SHEHHHX,Hampton by Hilton Tieling New City,,Hampton by Hilton,希尔顿欢朋,hilton-hampton-by-hilton,OPENING_SOON,Hotel,Hotel,Tieling,,,,"No.35 Changjiang Road Fanhe NewTown, Tieling, China",,,42.237718,123.734994,+86 24 7457 8888,https://www.hilton.com/en/hotels/shehhhx-hampton-tieling-new-city/,https://www.hilton.com/zh-hans/hotels/shehhhx-hampton-tieling-new-city/,,2026-07-31,,,
HILTON-TGOXMHX,Hampton by Hilton Tongliao,,Hampton by Hilton,希尔顿欢朋,hilton-hampton-by-hilton,FULLY_BOOKABLE,Hotel,Hotel,Tongliao,,,,"Intersection of Binhe Street and, Tongliao, China",,,43.636848,122.268578,+86 475 659 9999,https://www.hilton.com/en/hotels/tgoxmhx-hampton-tongliao/,https://www.hilton.com/zh-hans/hotels/tgoxmhx-hampton-tongliao/,,2023-07-16,,,
HILTON-TENTOHT,Home2 Suites by Hilton Tongren Ancient City,,Home2 Suites by Hilton,希尔顿惠庭,hilton-home2-suites,OPENING_SOON,Hotel,Hotel,Tongren,,,,"Zhongnan Gate Tea Garden Groups, Tongren, China",,,27.71429,109.186192,+86 856 895 6666,https://www.hilton.com/en/hotels/tentoht-home2-suites-tongren-ancient-city/,https://www.hilton.com/zh-hans/hotels/tentoht-home2-suites-tongren-ancient-city/,,2028-03-31,,,
HILTON-HGHTNHX,Hampton by Hilton Tongxiang Wuzhen,,Hampton by Hilton,希尔顿欢朋,hilton-hampton-by-hilton,FULLY_BOOKABLE,Hotel,Hotel,Tongxiang,,,,"No.318 Fengxian West Road,, Tongxiang, China",,,30.71889880461,120.51762645346,+86 573 8888 0909,https://www.hilton.com/en/hotels/hghtnhx-hampton-tongxiang-wuzhen-xizha-scenic-area/,https://www.hilton.com/zh-hans/hotels/hghtnhx-hampton-tongxiang-wuzhen-xizha-scenic-area/,,,,,
HILTON-TLQCNHX,Hampton by Hilton Turpan,,Hampton by Hilton,希尔顿欢朋,hilton-hampton-by-hilton,FULLY_BOOKABLE,Hotel,Hotel,Turpan,,,,"No. 44 Gaochang Road, Gaochang, Turpan, China",,,42.949235,89.180082,+86 995 850 9999,https://www.hilton.com/en/hotels/tlqcnhx-hampton-turpan/,https://www.hilton.com/zh-hans/hotels/tlqcnhx-hampton-turpan/,,2023-07-19,,,
HILTON-URCCICI,Conrad Urumqi,,Conrad Hotels & Resorts,康莱德酒店及度假村,hilton-conrad-hotels,FULLY_BOOKABLE,Hotel,Hotel,Urumqi,,,,"No.669, Youhao North Road, Urumqi, China",,,43.821358,87.589383,+86 991 699 9999,https://www.hilton.com/en/hotels/urccici-conrad-urumqi/,https://www.hilton.com/zh-hans/hotels/urccici-conrad-urumqi/,,2021-07-09,,,
HILTON-URCUSHX,Hampton by Hilton Urumqi Exhibition Center,,Hampton by Hilton,希尔顿欢朋,hilton-hampton-by-hilton,FULLY_BOOKABLE,Hotel,Hotel,Urumqi,,,,"No.718 Longteng Road,, Urumqi, China",,,43.86538,87.63181,+86 991 352 8888,https://www.hilton.com/en/hotels/urcushx-hampton-urumqi-exhibition-center/,https://www.hilton.com/zh-hans/hotels/urcushx-hampton-urumqi-exhibition-center/,,,,,
HILTON-URCUCHX,Hampton by Hilton Urumqi High-speed Railway Station,,Hampton by Hilton,希尔顿欢朋,hilton-hampton-by-hilton,FULLY_BOOKABLE,Hotel,Hotel,Urumqi,,,,"No.369 Yanshan Street, Urumqi, China",,,43.852514,87.512753,+86 991 372 0888,https://www.hilton.com/en/hotels/urcuchx-hampton-urumqi-high-speed-railway-station/,https://www.hilton.com/zh-hans/hotels/urcuchx-hampton-urumqi-high-speed-railway-station/,,2025-01-18,,,
HILTON-URCQIHX,Hampton by Hilton Urumqi Innovation Plaza,,Hampton by Hilton,希尔顿欢朋,hilton-hampton-by-hilton,FULLY_BOOKABLE,Hotel,Hotel,Urumqi,,,,"1899 Siping Road, Urumqi, China",,,43.891813,87.591698,+86 991 522 6666,https://www.hilton.com/en/hotels/urcqihx-hampton-urumqi-innovation-plaza/,https://www.hilton.com/zh-hans/hotels/urcqihx-hampton-urumqi-innovation-plaza/,,2024-09-10,,,
HILTON-URCURHX,Hampton by Hilton Urumqi International Airport,,Hampton by Hilton,希尔顿欢朋,hilton-hampton-by-hilton,FULLY_BOOKABLE,Hotel,Hotel,Urumqi,,,,"5 Silk Road Global Harbor Phase II,, Urumqi, China",,,43.91783014756,87.54305399514,+86 991 353 5555,https://www.hilton.com/en/hotels/urcurhx-hampton-urumqi-international-airport/,https://www.hilton.com/zh-hans/hotels/urcurhx-hampton-urumqi-international-airport/,,,,,
HILTON-URCIDHX,Hampton by Hilton Urumqi Midong,,Hampton by Hilton,希尔顿欢朋,hilton-hampton-by-hilton,OPENING_SOON,Hotel,Hotel,Urumqi,,,,"No. 111 Fuqian Middle Road, Midong District, Urumqi, Urumqi, China",,,43.979124,87.673369,+86 991 431 9999,https://www.hilton.com/en/hotels/urcidhx-hampton-urumqi-midong/,https://www.hilton.com/zh-hans/hotels/urcidhx-hampton-urumqi-midong/,,2026-06-30,,,
HILTON-URCBJGI,Hilton Garden Inn Urumqi Beijing South Road,,Hilton Garden Inn,希尔顿花园酒店,hilton-hilton-garden-inn,OPENING_SOON,Hotel,Hotel,Urumqi,,,,"No. 499, Beijing South Road, Urumqi, China",,,43.852428,87.568759,+86 991 875 6666,https://www.hilton.com/en/hotels/urcbjgi-hilton-garden-inn-urumqi-beijing-south-road/,https://www.hilton.com/zh-hans/hotels/urcbjgi-hilton-garden-inn-urumqi-beijing-south-road/,2026-08-15,2026-06-15,,,
HILTON-URCEXGI,Hilton Garden Inn Urumqi Exhibition Center,,Hilton Garden Inn,希尔顿花园酒店,hilton-hilton-garden-inn,FULLY_BOOKABLE,Hotel,Hotel,Urumqi,,,,"No.555 Huizhan Avenue, Urumqi, China",,,43.85,87.62,+86 991 355 0999,https://www.hilton.com/en/hotels/urcexgi-hilton-garden-inn-urumqi-exhibition-center/,https://www.hilton.com/zh-hans/hotels/urcexgi-hilton-garden-inn-urumqi-exhibition-center/,2026-01-28,2026-01-28,,,
HILTON-URCRSGI,Hilton Garden Inn Urumqi Railway Station,,Hilton Garden Inn,希尔顿花园酒店,hilton-hilton-garden-inn,FULLY_BOOKABLE,Hotel,Hotel,Urumqi,,,,"218 Gaotie South 5th Road, Economic & Technological Development Zone, Toutunhe District, Urumqi, China",,,43.835955,87.527263,+86 991 776 6666,https://www.hilton.com/en/hotels/urcrsgi-hilton-garden-inn-urumqi-railway-station/,https://www.hilton.com/zh-hans/hotels/urcrsgi-hilton-garden-inn-urumqi-railway-station/,,2025-08-17,,,
HILTON-URCHHHI,Hilton Urumqi,,Hilton Hotels & Resorts,希尔顿酒店及度假村,hilton-hilton-hotels,FULLY_BOOKABLE,Hotel,Hotel,Urumqi,,,,"1237 Hongguang Hill Road, Urumqi, China",,,43.876428,87.614083,+86 991 783 8888,https://www.hilton.com/en/hotels/urchhhi-hilton-urumqi/,https://www.hilton.com/zh-hans/hotels/urchhhi-hilton-urumqi/,,2015-09-12,,,
HILTON-WXJXADI,DoubleTree Resort by Hilton Hainan – Xinglong Lakeside,,DoubleTree by Hilton,希尔顿逸林,hilton-doubletree-by-hilton,FULLY_BOOKABLE,Hotel,Hotel,Wanning,,,,"NO.2 Xingmei Avenue, Wanning, China",,,18.721346,110.262967,+86 898 6226 6666,https://www.hilton.com/en/hotels/wxjxadi-doubletree-resort-hainan-xinglong-lakeside/,https://www.hilton.com/zh-hans/hotels/wxjxadi-doubletree-resort-hainan-xinglong-lakeside/,,2018-09-28,,,
HILTON-WEFAXHX,Hampton by Hilton Anqiu,,Hampton by Hilton,希尔顿欢朋,hilton-hampton-by-hilton,FULLY_BOOKABLE,Hotel,Hotel,Weifang,,,,"No.888 Shimao Street, Weifang, China",,,36.456026,119.223894,+86 536 437 0888,https://www.hilton.com/en/hotels/wefaxhx-hampton-anqiu/,https://www.hilton.com/zh-hans/hotels/wefaxhx-hampton-anqiu/,,2024-02-02,,,
HILTON-WEFERHX,Hampton by Hilton Qingzhou,,Hampton by Hilton,希尔顿欢朋,hilton-hampton-by-hilton,FULLY_BOOKABLE,Hotel,Hotel,Weifang,,,,"No.2385 Shengshui Road,, Weifang, China",,,36.695931,118.520855,+86 536 827 0888,https://www.hilton.com/en/hotels/weferhx-hampton-qingzhou/,https://www.hilton.com/zh-hans/hotels/weferhx-hampton-qingzhou/,,2024-01-26,,,
HILTON-WEFTAHX,Hampton by Hilton Weifang City Center,,Hampton by Hilton,希尔顿欢朋,hilton-hampton-by-hilton,FULLY_BOOKABLE,Hotel,Hotel,Weifang,,,,"No. 10766, Jiankang East Street, Weifang, China",,,36.701689,119.177573,+86 536 223 7777,https://www.hilton.com/en/hotels/weftahx-hampton-weifang-city-center/,https://www.hilton.com/zh-hans/hotels/weftahx-hampton-weifang-city-center/,2026-04-24,2026-04-24,,,
HILTON-WEFFAHX,Hampton by Hilton Weifang Weicheng,,Hampton by Hilton,希尔顿欢朋,hilton-hampton-by-hilton,FULLY_BOOKABLE,Hotel,Hotel,Weifang,,,,"No.398 Xiangyang Road,, Weifang, China",,,36.709051,119.102182,+86 536 677 5777,https://www.hilton.com/en/hotels/weffahx-hampton-weifang-weicheng/,https://www.hilton.com/zh-hans/hotels/weffahx-hampton-weifang-weicheng/,,2022-01-01,,,
HILTON-WEHWHDI,DoubleTree by Hilton Weihai,,DoubleTree by Hilton,希尔顿逸林,hilton-doubletree-by-hilton,FULLY_BOOKABLE,Hotel,Hotel,Weihai,,,,"17-3B Xinwei Road, Weihai, China",,,37.5044524,122.124266,+86 631 528 9688,https://www.hilton.com/en/hotels/wehwhdi-doubletree-weihai/,https://www.hilton.com/zh-hans/hotels/wehwhdi-doubletree-weihai/,,2025-01-21,,,
HILTON-WEHAIHX,Hampton by Hilton Rongcheng,,Hampton by Hilton,希尔顿欢朋,hilton-hampton-by-hilton,FULLY_BOOKABLE,Hotel,Hotel,Weihai,,,,"389 Chengshan Avenue, Weihai, China",,,37.155138,122.458057,+86 631 751 9699,https://www.hilton.com/en/hotels/wehaihx-hampton-rongcheng/,https://www.hilton.com/zh-hans/hotels/wehaihx-hampton-rongcheng/,,2023-09-23,,,
HILTON-WEHCTHX,Hampton by Hilton Torch Eighth Street Weihai International Bathing Beach,,Hampton by Hilton,希尔顿欢朋,hilton-hampton-by-hilton,FULLY_BOOKABLE,Hotel,Hotel,Weihai,,,,"No.101 Hengtai Street, Hi-Tech Zone, Weihai, China",,,37.520711,122.062515,+86 631 567 6988,https://www.hilton.com/en/hotels/wehcthx-hampton-torch-eighth-street-weihai-international-bathing-beach/,https://www.hilton.com/zh-hans/hotels/wehcthx-hampton-torch-eighth-street-weihai-international-bathing-beach/,2025-10-26,2025-10-26,,,
HILTON-HAKWEHI,Hilton Wenchang,,Hilton Hotels & Resorts,希尔顿酒店及度假村,hilton-hilton-hotels,FULLY_BOOKABLE,Hotel,Hotel,Wenchang City,,,,"28 Ziwei Road, Longlou Town, Wenchang City, China",,,19.649204,110.991159,+86 898 3199 8888,https://www.hilton.com/en/hotels/hakwehi-hilton-wenchang/,https://www.hilton.com/zh-hans/hotels/hakwehi-hilton-wenchang/,,2015-09-08,,,
HILTON-WNZCNDI,DoubleTree by Hilton Cangnan,,DoubleTree by Hilton,希尔顿逸林,hilton-doubletree-by-hilton,FULLY_BOOKABLE,Hotel,Hotel,Wenzhou,,,,"No. 669, Tiyuchang Rd., Lingxi Town, Wenzhou, China",,,27.517386,120.434102,+86 577 2686 6666,https://www.hilton.com/en/hotels/wnzcndi-doubletree-cangnan/,https://www.hilton.com/zh-hans/hotels/wnzcndi-doubletree-cangnan/,,2023-11-11,,,
HILTON-WNZOKHX,Hampton by Hilton Wenzhou Yueqing,,Hampton by Hilton,希尔顿欢朋,hilton-hampton-by-hilton,FULLY_BOOKABLE,Hotel,Hotel,Wenzhou,,,,"No.77, Xiangyun East Road, Wenzhou, China",,,28.106804,121.0052505,+86 577 2777 2777,https://www.hilton.com/en/hotels/wnzokhx-hampton-wenzhou-yueqing/,https://www.hilton.com/zh-hans/hotels/wnzokhx-hampton-wenzhou-yueqing/,,2025-03-23,,,
HILTON-WNZWHHI,Hilton Wenzhou,,Hilton Hotels & Resorts,希尔顿酒店及度假村,hilton-hilton-hotels,OPENING_SOON,Hotel,Hotel,Wenzhou,,,,"No.111 Huanjiang Avenue, Sanjiang District, Wenzhou, China",,,28.0428667118,120.693950562,+86 577 8888 8818,https://www.hilton.com/en/hotels/wnzwhhi-hilton-wenzhou/,https://www.hilton.com/zh-hans/hotels/wnzwhhi-hilton-wenzhou/,,2026-06-30,,,
HILTON-WNZCCHI,Hilton Wenzhou City Center,,Hilton Hotels & Resorts,希尔顿酒店及度假村,hilton-hilton-hotels,FULLY_BOOKABLE,Hotel,Hotel,Wenzhou,,,,"No. 969 Ouhai Avenue,, Wenzhou, China",,,27.963245,120.622506,+86 577 8888 8339,https://www.hilton.com/en/hotels/wnzcchi-hilton-wenzhou-city-center/,https://www.hilton.com/zh-hans/hotels/wnzcchi-hilton-wenzhou-city-center/,,2023-09-16,,,
HILTON-WNZOUHT,Home2 Suites by Hilton Wenzhou Wencheng,,Home2 Suites by Hilton,希尔顿惠庭,hilton-home2-suites,FULLY_BOOKABLE,Hotel,Hotel,Wenzhou,,,,"Building 1, Jingshuiwan,, Wenzhou, China",,,27.786996,120.091498,+86 577 5686 9999,https://www.hilton.com/en/hotels/wnzouht-home2-suites-wenzhou-wencheng/,https://www.hilton.com/zh-hans/hotels/wnzouht-home2-suites-wenzhou-wencheng/,,2023-12-20,,,
HILTON-WNZINHT,Home2 Suites by Hilton Wenzhou Yongjia,,Home2 Suites by Hilton,希尔顿惠庭,hilton-home2-suites,FULLY_BOOKABLE,Hotel,Hotel,Wenzhou,,,,"No.668,Qiaotou Avenue,Qiaotou Town, Wenzhou, China",,,28.16358,120.49292,+86 577 5775 6789,https://www.hilton.com/en/hotels/wnzinht-home2-suites-wenzhou-yongjia/,https://www.hilton.com/zh-hans/hotels/wnzinht-home2-suites-wenzhou-yongjia/,,2025-05-01,,,
HILTON-WUHCEHX,Hampton by Hilton Wuhan Baishazhou Avenue,,Hampton by Hilton,希尔顿欢朋,hilton-hampton-by-hilton,FULLY_BOOKABLE,Hotel,Hotel,Wuhan,,,,"No.165 Batan Road,Hongshan District, Wuhan, China",,,30.489347,114.286316,+86 27 8811 5888,https://www.hilton.com/en/hotels/wuhcehx-hampton-wuhan-baishazhou-avenue/,https://www.hilton.com/zh-hans/hotels/wuhcehx-hampton-wuhan-baishazhou-avenue/,,2023-05-12,,,
HILTON-WUHWCHX,Hampton by Hilton Wuhan East Lake Chuhe Hanjie,,Hampton by Hilton,希尔顿欢朋,hilton-hampton-by-hilton,FULLY_BOOKABLE,Hotel,Hotel,Wuhan,,,,"No. 79 Xudong Street, Wuhan, Wuhan, China",,,30.586192,114.36521,+86 27 5931 4888,https://www.hilton.com/en/hotels/wuhwchx-hampton-wuhan-east-lake-chuhe-hanjie/,https://www.hilton.com/zh-hans/hotels/wuhwchx-hampton-wuhan-east-lake-chuhe-hanjie/,,2024-09-06,,,
HILTON-WUHUHHX,Hampton by Hilton Wuhan East Lake Optics Valley,,Hampton by Hilton,希尔顿欢朋,hilton-hampton-by-hilton,FULLY_BOOKABLE,Hotel,Hotel,Wuhan,,,,"No.9 Guanshan 2nd Road, Wuhan, China",,,30.507449,114.409402,+86 27 8787 8566,https://www.hilton.com/en/hotels/wuhuhhx-hampton-wuhan-east-lake-optics-valley/,https://www.hilton.com/zh-hans/hotels/wuhuhhx-hampton-wuhan-east-lake-optics-valley/,,,,,
HILTON-WUHGUHX,Hampton by Hilton Wuhan Guanggu First Road,,Hampton by Hilton,希尔顿欢朋,hilton-hampton-by-hilton,FULLY_BOOKABLE,Hotel,Hotel,Wuhan,,,,"No.16, Gaoxin Sixth Road, Fozuling,, Wuhan, China",,,30.438227,114.442813,+86 27 5930 9888,https://www.hilton.com/en/hotels/wuhguhx-hampton-wuhan-guanggu-first-road/,https://www.hilton.com/zh-hans/hotels/wuhguhx-hampton-wuhan-guanggu-first-road/,,2022-10-28,,,
HILTON-WUHHNHX,Hampton by Hilton Wuhan Huashiyuan North Road,,Hampton by Hilton,希尔顿欢朋,hilton-hampton-by-hilton,FULLY_BOOKABLE,Hotel,Hotel,Wuhan,,,,"Building 2, No. 12-1 Huashiyuan, Wuhan, China",,,30.458022,114.396637,+86 27 8792 5688,https://www.hilton.com/en/hotels/wuhhnhx-hampton-wuhan-huashiyuan-north-road/,https://www.hilton.com/zh-hans/hotels/wuhhnhx-hampton-wuhan-huashiyuan-north-road/,,2025-01-27,,,
HILTON-WUHENHX,Hampton by Hilton Wuhan International Plaza,,Hampton by Hilton,希尔顿欢朋,hilton-hampton-by-hilton,FULLY_BOOKABLE,Hotel,Hotel,Wuhan,,,,"No.50WushengRoad, Qiaokou District,, Wuhan, China",,,30.58020394646,114.27527707653,+86 27 5931 6999,https://www.hilton.com/en/hotels/wuhenhx-hampton-wuhan-international-plaza/,https://www.hilton.com/zh-hans/hotels/wuhenhx-hampton-wuhan-international-plaza/,,2023-12-18,,,
HILTON-WUHBSHX,Hampton by Hilton Wuhan Jiangxia,,Hampton by Hilton,希尔顿欢朋,hilton-hampton-by-hilton,FULLY_BOOKABLE,Hotel,Hotel,Wuhan,,,,"Jingchu Building, Zhifng Street, Wuhan, China",,,30.16161,114.352435,+86 27 5960 0888,https://www.hilton.com/en/hotels/wuhbshx-hampton-wuhan-jiangxia/,https://www.hilton.com/zh-hans/hotels/wuhbshx-hampton-wuhan-jiangxia/,,2024-07-11,,,
HILTON-WUHBBHX,Hampton by Hilton Wuhan Jingkai,,Hampton by Hilton,希尔顿欢朋,hilton-hampton-by-hilton,FULLY_BOOKABLE,Hotel,Hotel,Wuhan,,,,"No.411 Zhuanyang Ave,, Wuhan, China",,,30.488524,114.158025,+86 27 8588 1999,https://www.hilton.com/en/hotels/wuhbbhx-hampton-wuhan-jingkai/,https://www.hilton.com/zh-hans/hotels/wuhbbhx-hampton-wuhan-jingkai/,,2022-01-28,,,
HILTON-WUHTSHX,Hampton by Hilton Wuhan OVCEC,,Hampton by Hilton,希尔顿欢朋,hilton-hampton-by-hilton,FULLY_BOOKABLE,Hotel,Hotel,Wuhan,,,,"No.50 Gaokeyuan 2nd Road, East lake, Wuhan, China",,,30.48959,114.52679,+86 27 5931 5999,https://www.hilton.com/en/hotels/wuhtshx-hampton-wuhan-ovcec/,https://www.hilton.com/zh-hans/hotels/wuhtshx-hampton-wuhan-ovcec/,,2023-07-31,,,
HILTON-WUHOOHX,Hampton by Hilton Wuhan Qiaokou Gutian,,Hampton by Hilton,希尔顿欢朋,hilton-hampton-by-hilton,FULLY_BOOKABLE,Hotel,Hotel,Wuhan,,,,"Building 6, Jiang Shan Yue,, Wuhan, China",,,30.5916629,114.18878,+86 27 5971 0999,https://www.hilton.com/en/hotels/wuhoohx-hampton-wuhan-qiaokou-gutian/,https://www.hilton.com/zh-hans/hotels/wuhoohx-hampton-wuhan-qiaokou-gutian/,,2021-10-28,,,
HILTON-WUHQNHX,Hampton by Hilton Wuhan Qingnian Road,,Hampton by Hilton,希尔顿欢朋,hilton-hampton-by-hilton,FULLY_BOOKABLE,Hotel,Hotel,Wuhan,,,,"No.299 Qingnian Road, Wuhan, China",,,30.602992,114.260714,+86 27 5930 6777,https://www.hilton.com/en/hotels/wuhqnhx-hampton-wuhan-qingnian-road/,https://www.hilton.com/zh-hans/hotels/wuhqnhx-hampton-wuhan-qingnian-road/,,2023-02-04,,,
HILTON-WUHNAHX,Hampton by Hilton Wuhan Railway Station,,Hampton by Hilton,希尔顿欢朋,hilton-hampton-by-hilton,FULLY_BOOKABLE,Hotel,Hotel,Wuhan,,,,"No.1919 Tuanjie Avenue,, Wuhan, China",,,30.60934,114.41131,+86 27 5960 6999,https://www.hilton.com/en/hotels/wuhnahx-hampton-wuhan-railway-station/,https://www.hilton.com/zh-hans/hotels/wuhnahx-hampton-wuhan-railway-station/,,2021-12-21,,,
HILTON-WUHLYHX,Hampton by Hilton Wuhan Sixin Guobo,,Hampton by Hilton,希尔顿欢朋,hilton-hampton-by-hilton,FULLY_BOOKABLE,Hotel,Hotel,Wuhan,,,,"No.27 Liyuzhou Jiayuan Unit,, Wuhan, China",,,30.5496457071,114.27495942192,+86 27 5950 2999,https://www.hilton.com/en/hotels/wuhlyhx-hampton-wuhan-sixin/,https://www.hilton.com/zh-hans/hotels/wuhlyhx-hampton-wuhan-sixin/,,,,,
HILTON-WUHHPHX,Hampton by Hilton Wuhan Tiandi Hankou Riverside,,Hampton by Hilton,希尔顿欢朋,hilton-hampton-by-hilton,FULLY_BOOKABLE,Hotel,Hotel,Wuhan,,,,"Wuhan Huangpu Center, No.1183, Jinghan Avenue, Wuhan, China",,,30.608045,114.306669,+86 27 8233 8885,https://www.hilton.com/en/hotels/wuhhphx-hampton-wuhan-tiandi-hankou-riverside/,https://www.hilton.com/zh-hans/hotels/wuhhphx-hampton-wuhan-tiandi-hankou-riverside/,2025-11-19,2025-11-19,,,
HILTON-WUHHXHX,Hampton by Hilton Wuhan Tianhe Airport East,,Hampton by Hilton,希尔顿欢朋,hilton-hampton-by-hilton,FULLY_BOOKABLE,Hotel,Hotel,Wuhan,,,,"No. 190, Julong Boulevard,, Wuhan, China",,,30.7120977209,114.255237721,+86 27 8575 7888,https://www.hilton.com/en/hotels/wuhhxhx-hampton-wuhan-tianhe-airport-east/,https://www.hilton.com/zh-hans/hotels/wuhhxhx-hampton-wuhan-tianhe-airport-east/,,2016-10-25,,,
HILTON-WUHZZHX,Hampton by Hilton Wuhan Yellow Crane Tower,,Hampton by Hilton,希尔顿欢朋,hilton-hampton-by-hilton,FULLY_BOOKABLE,Hotel,Hotel,Wuhan,,,,"Building 10, City of Glory, Wuhan, China",,,30.53857402972,114.30435854961,+86 27 5931 8666,https://www.hilton.com/en/hotels/wuhzzhx-hampton-wuhan-yellow-crane-tower/,https://www.hilton.com/zh-hans/hotels/wuhzzhx-hampton-wuhan-yellow-crane-tower/,,2023-12-15,,,
HILTON-WUHDOHX,Hampton by Hilton Wuhan Zhongnan Jiedaokou,,Hampton by Hilton,希尔顿欢朋,hilton-hampton-by-hilton,FULLY_BOOKABLE,Hotel,Hotel,Wuhan,,,,"No.175 Xiongchu Ave,, Wuhan, China",,,30.518784,114.329124,+86 27 5930 3999,https://www.hilton.com/en/hotels/wuhdohx-hampton-wuhan-zhongnan-jiedaokou/,https://www.hilton.com/zh-hans/hotels/wuhdohx-hampton-wuhan-zhongnan-jiedaokou/,,,,,
HILTON-WUHHKGI,Hilton Garden Inn Wuhan Hankou,,Hilton Garden Inn,希尔顿花园酒店,hilton-hilton-garden-inn,FULLY_BOOKABLE,Hotel,Hotel,Wuhan,,,,"No.1 Jiangfa Road Jianghan District, Wuhan, China",,,30.622863,114.23898,+86 27 8335 5888,https://www.hilton.com/en/hotels/wuhhkgi-hilton-garden-inn-wuhan-hankou/,https://www.hilton.com/zh-hans/hotels/wuhhkgi-hilton-garden-inn-wuhan-hankou/,,2023-12-31,,,
HILTON-WUHOVHI,Hilton Wuhan Optics Valley,,Hilton Hotels & Resorts,希尔顿酒店及度假村,hilton-hilton-hotels,FULLY_BOOKABLE,Hotel,Hotel,Wuhan,,,,"9 Chunhe Road,Huashan Eco City, Wuhan, China",,,30.553164,114.482957,+86 27 5933 8888,https://www.hilton.com/en/hotels/wuhovhi-hilton-wuhan-optics-valley/,https://www.hilton.com/zh-hans/hotels/wuhovhi-hilton-wuhan-optics-valley/,,2013-12-31,,,
HILTON-WUHRSHI,Hilton Wuhan Riverside,,Hilton Hotels & Resorts,希尔顿酒店及度假村,hilton-hilton-hotels,FULLY_BOOKABLE,Hotel,Hotel,Wuhan,,,,"190 Binjiang Ave, Hanyang District, Wuhan, China",,,30.5414429276,114.268626889,+86 27 5955 8888,https://www.hilton.com/en/hotels/wuhrshi-hilton-wuhan-riverside/,https://www.hilton.com/zh-hans/hotels/wuhrshi-hilton-wuhan-riverside/,,2016-07-01,,,
HILTON-WUHTLHT,Home2 Suites by Hilton Wuhan Eco-Tech Development Zone,,Home2 Suites by Hilton,希尔顿惠庭,hilton-home2-suites,FULLY_BOOKABLE,Hotel,Hotel,Wuhan,,,,"Building J1, Haitang Road,, Wuhan, China",,,30.507633,114.201205,+86 27 5933 1999,https://www.hilton.com/en/hotels/wuhtlht-home2-suites-wuhan-eco-tech-development-zone/,https://www.hilton.com/zh-hans/hotels/wuhtlht-home2-suites-wuhan-eco-tech-development-zone/,,2024-02-08,,,
HILTON-WUHOUHT,Home2 Suites by Hilton Wuhan Hankou Railway Station,,Home2 Suites by Hilton,希尔顿惠庭,hilton-home2-suites,FULLY_BOOKABLE,Hotel,Hotel,Wuhan,,,,"6 Jindun Street, Jianghan District, Wuhan, China",,,30.617049,114.259259,+86 27 5931 2666,https://www.hilton.com/en/hotels/wuhouht-home2-suites-wuhan-hankou-railway-station/,https://www.hilton.com/zh-hans/hotels/wuhouht-home2-suites-wuhan-hankou-railway-station/,,2023-03-15,,,
HILTON-WUHRDHT,Home2 Suites by Hilton Wuhan Optics Valley,,Home2 Suites by Hilton,希尔顿惠庭,hilton-home2-suites,FULLY_BOOKABLE,Hotel,Hotel,Wuhan,,,,"No.18, Guanggu Sixth Road,, Wuhan, China",,,30.48778,114.512139,+86 27 8695 1999,https://www.hilton.com/en/hotels/wuhrdht-home2-suites-wuhan-optics-valley/,https://www.hilton.com/zh-hans/hotels/wuhrdht-home2-suites-wuhan-optics-valley/,,2024-05-31,,,
HILTON-WUHHVHT,Home2 Suites by Hilton Wuhan Railway Station,,Home2 Suites by Hilton,希尔顿惠庭,hilton-home2-suites,FULLY_BOOKABLE,Hotel,Hotel,Wuhan,,,,"No. 2-1 Huangzhou Street, Wuhan, China",,,30.6228,114.387958,+86 27 5931 1999,https://www.hilton.com/en/hotels/wuhhvht-home2-suites-wuhan-railway-station/,https://www.hilton.com/zh-hans/hotels/wuhhvht-home2-suites-wuhan-railway-station/,,2022-11-18,,,
HILTON-WUHHEHT,Home2 Suites by Hilton Wuhan Xudong,,Home2 Suites by Hilton,希尔顿惠庭,hilton-home2-suites,FULLY_BOOKABLE,Hotel,Hotel,Wuhan,,,,"No. 661, Youyi Avenue,, Wuhan, China",,,30.597487,114.352017,+86 27 5937 6999,https://www.hilton.com/en/hotels/wuhheht-home2-suites-wuhan-xudong/,https://www.hilton.com/zh-hans/hotels/wuhheht-home2-suites-wuhan-xudong/,,2022-04-30,,,
HILTON-WUHGGHX,Hampton by Hilton Wuhan East Railway Station Optics Valley Tiandi,,Hampton by Hilton,希尔顿欢朋,hilton-hampton-by-hilton,FULLY_BOOKABLE,Hotel,Hotel,WUHAN,,,,"No. 25, Gaoxin 2nd Road,Guannan Industrial Park, WUHAN, China",,,30.484586,114.430157,+86 27 8564 9999,https://www.hilton.com/en/hotels/wuhgghx-hampton-wuhan-east-railway-station-optics-valley-tiandi/,https://www.hilton.com/zh-hans/hotels/wuhgghx-hampton-wuhan-east-railway-station-optics-valley-tiandi/,2026-04-03,2026-04-03,,,
HILTON-NKGWUDI,DoubleTree by Hilton Hotel Wuhu,,DoubleTree by Hilton,希尔顿逸林,hilton-doubletree-by-hilton,FULLY_BOOKABLE,Hotel,Hotel,Wuhu,,,,"15 Changjiang Middle Rd, Wuhu, China",,,31.3295298536,118.356710547,+86 553 822 8888,https://www.hilton.com/en/hotels/nkgwudi-doubletree-wuhu/,https://www.hilton.com/zh-hans/hotels/nkgwudi-doubletree-wuhu/,,2013-10-31,,,
HILTON-NKGWZGI,Hilton Garden Inn Wuhu Economic Tech Zone,,Hilton Garden Inn,希尔顿花园酒店,hilton-hilton-garden-inn,FULLY_BOOKABLE,Hotel,Hotel,Wuhu,,,,"Building 10, Fengming Research and Innovation Center, Wuhu, China",,,31.423868,118.387129,+86 553 491 8888,https://www.hilton.com/en/hotels/nkgwzgi-hilton-garden-inn-wuhu-economic-tech-zone/,https://www.hilton.com/zh-hans/hotels/nkgwzgi-hilton-garden-inn-wuhu-economic-tech-zone/,2025-12-16,2025-12-16,,,
HILTON-WHUWUHT,Home2 Suites by Hilton Wuhu Jiujiang,,Home2 Suites by Hilton,希尔顿惠庭,hilton-home2-suites,FULLY_BOOKABLE,Hotel,Hotel,Wuhu,,,,"Intersection of Wanchun Middle Road, Wuhu, China",,,31.378946,118.43716,+86 553 756 0666,https://www.hilton.com/en/hotels/whuwuht-home2-suites-wuhu-jiujiang/,https://www.hilton.com/zh-hans/hotels/whuwuht-home2-suites-wuhu-jiujiang/,,2022-05-20,,,
HILTON-HAKWUHX,Hampton by Hilton Wuwei Liangzhou,,Hampton by Hilton,希尔顿欢朋,hilton-hampton-by-hilton,FULLY_BOOKABLE,Hotel,Hotel,Wuwei,,,,"Building B2, Phase 2 of Wanjiahui,, Wuwei, China",,,37.938088,102.609334,+86 935 623 9999,https://www.hilton.com/en/hotels/hakwuhx-hampton-wuwei-liangzhou/,https://www.hilton.com/zh-hans/hotels/hakwuhx-hampton-wuwei-liangzhou/,,2021-12-01,,,
HILTON-WUXTRHX,Hampton by Hilton Wuxi Dongting,,Hampton by Hilton,希尔顿欢朋,hilton-hampton-by-hilton,FULLY_BOOKABLE,Hotel,Hotel,Wuxi,,,,"No.21 Erquan Middle Road,, Wuxi, China",,,31.591682,120.35795,+86 510 8191 8888,https://www.hilton.com/en/hotels/wuxtrhx-hampton-wuxi-dongting/,https://www.hilton.com/zh-hans/hotels/wuxtrhx-hampton-wuxi-dongting/,,2023-10-13,,,
HILTON-WUXWIHX,Hampton by Hilton Wuxi East Railway Station,,Hampton by Hilton,希尔顿欢朋,hilton-hampton-by-hilton,FULLY_BOOKABLE,Hotel,Hotel,Wuxi,,,,"539 Dongxiang Rd, High Speed Train, Wuxi, China",,,31.591176,120.458698,+86 510 8992 8888,https://www.hilton.com/en/hotels/wuxwihx-hampton-wuxi-east-railway-station/,https://www.hilton.com/zh-hans/hotels/wuxwihx-hampton-wuxi-east-railway-station/,,2022-09-28,,,
HILTON-WUXSSHT,Home2 Suites by Hilton Wuxi Huishan,,Home2 Suites by Hilton,希尔顿惠庭,hilton-home2-suites,FULLY_BOOKABLE,Hotel,Hotel,Wuxi,,,,"No.1 Luo'ou Road, Luoshe Town, Wuxi, China",,,31.633123,120.187849,+86 510 8339 7999,https://www.hilton.com/en/hotels/wuxssht-home2-suites-wuxi-huishan/,https://www.hilton.com/zh-hans/hotels/wuxssht-home2-suites-wuxi-huishan/,,2021-12-31,,,
HILTON-WUXQQQQ,"Xi Zhe Wuxi, Curio Collection by Hilton",,Curio Collection by Hilton,希尔顿格芮精选,hilton-curio-collection,OPENING_SOON,Hotel,Hotel,Wuxi,,,,"No. 65, Jiankang Road, Wuxi, China",,,31.57232,120.297504,+86 510 8989 8888,https://www.hilton.com/en/hotels/wuxqqqq-xi-zhe-wuxi/,https://www.hilton.com/zh-hans/hotels/wuxqqqq-xi-zhe-wuxi/,,2026-08-28,,,
HILTON-XIYPYPY,Canopy by Hilton Xi'an Qujiang,,Canopy by Hilton,希尔顿嘉悦里,hilton-canopy-by-hilton,FULLY_BOOKABLE,Hotel,Hotel,Xi'an,,,,"No.15 Yannanyilu Road,, Xi'an, China",,,34.2123123,108.9632965,+86 29 8550 8888,https://www.hilton.com/en/hotels/xiypypy-canopy-xian-qujiang/,https://www.hilton.com/zh-hans/hotels/xiypypy-canopy-xian-qujiang/,,2021-12-28,,,
HILTON-XIYBLHX,Hampton by Hilton Xi'an Bell Tower,,Hampton by Hilton,希尔顿欢朋,hilton-hampton-by-hilton,FULLY_BOOKABLE,Hotel,Hotel,Xi'an,,,,"No.334 East Street, Beilin District, Xi'an, China",,,34.1538,108.574,+86 29 8769 0000,https://www.hilton.com/en/hotels/xiyblhx-hampton-xian-bell-tower/,https://www.hilton.com/zh-hans/hotels/xiyblhx-hampton-xian-bell-tower/,2026-05-22,2026-05-22,,,
HILTON-XIYHXHX,Hampton by Hilton Xi'an Bell Tower North Street,,Hampton by Hilton,希尔顿欢朋,hilton-hampton-by-hilton,FULLY_BOOKABLE,Hotel,Hotel,Xi'an,,,,"No.382 North Street,, Xi'an, China",,,34.268132,108.947119,+86 29 6829 9666,https://www.hilton.com/en/hotels/xiyhxhx-hampton-by-hilton-xian-bell-tower-north-street/,https://www.hilton.com/zh-hans/hotels/xiyhxhx-hampton-by-hilton-xian-bell-tower-north-street/,,,,,
HILTON-XIYXIHX,Hampton by Hilton Xi'an Chanba ICEC,,Hampton by Hilton,希尔顿欢朋,hilton-hampton-by-hilton,FULLY_BOOKABLE,Hotel,Hotel,Xi'an,,,,"Guangyuntan Avenue, Xingtai 6th St., Xi'an, China",,,34.340457,109.013542,+86 29 8808 6777,https://www.hilton.com/en/hotels/xiyxihx-hampton-xian-chanba-icec/,https://www.hilton.com/zh-hans/hotels/xiyxihx-hampton-xian-chanba-icec/,,2024-06-29,,,
HILTON-SIAHXHX,Hampton by Hilton Xi'an Dayan Pagoda,,Hampton by Hilton,希尔顿欢朋,hilton-hampton-by-hilton,FULLY_BOOKABLE,Hotel,Hotel,Xi'an,,,,"No.659 Yannan 1st Road,, Xi'an, China",,,34.2138545646,108.956634988,+86 29888869888,https://www.hilton.com/en/hotels/siahxhx-hampton-xian-dayan-pagoda/,https://www.hilton.com/zh-hans/hotels/siahxhx-hampton-xian-dayan-pagoda/,,,,,
HILTON-XIYHZHX,Hampton by Hilton Xi'an High-tech Zone,,Hampton by Hilton,希尔顿欢朋,hilton-hampton-by-hilton,FULLY_BOOKABLE,Hotel,Hotel,Xi'an,,,,"No.15 Keji 7th Rd,, Xi'an, China",,,34.2082843715,108.8729837963,+86 29 8886 1888,https://www.hilton.com/en/hotels/xiyhzhx-hampton-xian-high-tech-zone/,https://www.hilton.com/zh-hans/hotels/xiyhzhx-hampton-xian-high-tech-zone/,,,,,
HILTON-XIYXAHX,Hampton by Hilton Xi'an High-Tech Zone Zhangba North Road,,Hampton by Hilton,希尔顿欢朋,hilton-hampton-by-hilton,FULLY_BOOKABLE,Hotel,Hotel,Xi'an,,,,"No.10 Zhangba North Road, Xi'an, China",,,34.247154,108.878085,+86 29 8133 9666,https://www.hilton.com/en/hotels/xiyxahx-hampton-xian-high-tech-zone-zhangba-north-road/,https://www.hilton.com/zh-hans/hotels/xiyxahx-hampton-xian-high-tech-zone-zhangba-north-road/,,2025-02-20,,,
HILTON-SIAXAHX,Hampton by Hilton Xi'an Qujiang New District,,Hampton by Hilton,希尔顿欢朋,hilton-hampton-by-hilton,FULLY_BOOKABLE,Hotel,Hotel,Xi'an,,,,"Building 7, Yanxiang Road, Yanta District, Xi'an, China",,,34.201844,109.015587,+86 29 6823 9999,https://www.hilton.com/en/hotels/siaxahx-hampton-xian-qujiang-new-district/,https://www.hilton.com/zh-hans/hotels/siaxahx-hampton-xian-qujiang-new-district/,,2025-09-03,,,
HILTON-XIYSSHX,Hampton by Hilton Xi'an Sanqiao Subway Station,,Hampton by Hilton,希尔顿欢朋,hilton-hampton-by-hilton,FULLY_BOOKABLE,Hotel,Hotel,Xi'an,,,,"No.108 Sanqiao New Street, Fengdong, Xi'an, China",,,34.289049,108.832739,+86 29 8638 1888,https://www.hilton.com/en/hotels/xiysshx-hampton-xian-sanqiao-subway-station/,https://www.hilton.com/zh-hans/hotels/xiysshx-hampton-xian-sanqiao-subway-station/,,2023-05-10,,,
HILTON-XIYHRHX,Hampton by Hilton Xi'an South Gate City Wall,,Hampton by Hilton,希尔顿欢朋,hilton-hampton-by-hilton,FULLY_BOOKABLE,Hotel,Hotel,Xi'an,,,,"Building C, 18 West Section,, Xi'an, China",,,34.25015,108.94356,+86 29 8842 9999,https://www.hilton.com/en/hotels/xiyhrhx-hampton-xian-south-gate-city-wall/,https://www.hilton.com/zh-hans/hotels/xiyhrhx-hampton-xian-south-gate-city-wall/,,2024-04-20,,,
HILTON-XIYBTGI,Hilton Garden Inn Xi'an Bell Tower,,Hilton Garden Inn,希尔顿花园酒店,hilton-hilton-garden-inn,FULLY_BOOKABLE,Hotel,Hotel,Xi'an,,,,"15 Fenxiang Road, Beilin District, Xi'an, China",,,34.23053,108.93425,+86 29 8130 8888,https://www.hilton.com/en/hotels/xiybtgi-hilton-garden-inn-xian-bell-tower/,https://www.hilton.com/zh-hans/hotels/xiybtgi-hilton-garden-inn-xian-bell-tower/,,2024-10-20,,,
HILTON-SIATZGI,Hilton Garden Inn Xi'an High-Tech Zone,,Hilton Garden Inn,希尔顿花园酒店,hilton-hilton-garden-inn,FULLY_BOOKABLE,Hotel,Hotel,Xi'an,,,,"No. 60, Boshi Road, Hi-Tech Zone, Xi'an, China",,,34.1715503601,108.863865369,+86 29 8819 0999,https://www.hilton.com/en/hotels/siatzgi-hilton-garden-inn-xian-high-tech-zone/,https://www.hilton.com/zh-hans/hotels/siatzgi-hilton-garden-inn-xian-high-tech-zone/,,2016-06-25,,,
HILTON-XIYHIHI,Hilton Xi'an,,Hilton Hotels & Resorts,希尔顿酒店及度假村,hilton-hilton-hotels,FULLY_BOOKABLE,Hotel,Hotel,Xi'an,,,,"199 Dongxin Road, Xi'an, China",,,34.264927,108.966447,+86 29 8738 8888,https://www.hilton.com/en/hotels/xiyhihi-hilton-xian/,https://www.hilton.com/zh-hans/hotels/xiyhihi-hilton-xian/,,2011-08-23,,,
HILTON-XIYCHHI,Hilton Xi'an High-tech Zone,,Hilton Hotels & Resorts,希尔顿酒店及度假村,hilton-hilton-hotels,FULLY_BOOKABLE,Hotel,Hotel,Xi'an,,,,"No. 22 Feng Hui South Road, Xi'an, China",,,34.2223419534,108.883105186,+86 29 6858 8888,https://www.hilton.com/en/hotels/xiychhi-hilton-xian-high-tech-zone/,https://www.hilton.com/zh-hans/hotels/xiychhi-hilton-xian-high-tech-zone/,,2017-06-18,,,
HILTON-SIAXNHT,Home2 Suites by Hilton Xi'an Bell Tower South Gate,,Home2 Suites by Hilton,希尔顿惠庭,hilton-home2-suites,FULLY_BOOKABLE,Hotel,Hotel,Xi'an,,,,"1st Floor, Unit 1, Building 1,No. 228 Wenyi North Rd, Xi'an, China",,,34.250587,108.952902,+86 29 6823 5666,https://www.hilton.com/en/hotels/siaxnht-home2-suites-xian-bell-tower-south-gate/,https://www.hilton.com/zh-hans/hotels/siaxnht-home2-suites-xian-bell-tower-south-gate/,,2025-09-12,,,
HILTON-XNNXDHX,Hampton by Hilton Xining Railway Station,,Hampton by Hilton,希尔顿欢朋,hilton-hampton-by-hilton,FULLY_BOOKABLE,Hotel,Hotel,Xi'ning,,,,"No. 9 Danxia Road, Xi'ning, China",,,36.61202166293,101.81066991173,+86 971 823 0424,https://www.hilton.com/en/hotels/xnnxdhx-hampton-xining-railway-station/,https://www.hilton.com/zh-hans/hotels/xnnxdhx-hampton-xining-railway-station/,2026-05-16,2026-05-16,,,
HILTON-XMNCICI,Conrad Xiamen,,Conrad Hotels & Resorts,康莱德酒店及度假村,hilton-conrad-hotels,FULLY_BOOKABLE,Hotel,Hotel,Xiamen,,,,"No 186, Yanwuxi Road, Siming, Xiamen, China",,,24.436456,118.089887,+86 592 258 6666,https://www.hilton.com/en/hotels/xmncici-conrad-xiamen/,https://www.hilton.com/zh-hans/hotels/xmncici-conrad-xiamen/,,2016-08-18,,,
HILTON-XMNXHDI,DoubleTree by Hilton Hotel Xiamen - Haicang,,DoubleTree by Hilton,希尔顿逸林,hilton-doubletree-by-hilton,FULLY_BOOKABLE,Hotel,Hotel,Xiamen,,,,"No. 208 Binhu 1 Rd,, Xiamen, China",,,24.478,118.027577,+86 592 688 8111,https://www.hilton.com/en/hotels/xmnxhdi-doubletree-xiamen-haicang/,https://www.hilton.com/zh-hans/hotels/xmnxhdi-doubletree-xiamen-haicang/,,2017-05-11,,,
HILTON-XMNWBDI,DoubleTree by Hilton Hotel Xiamen - Wuyuan Bay,,DoubleTree by Hilton,希尔顿逸林,hilton-doubletree-by-hilton,FULLY_BOOKABLE,Hotel,Hotel,Xiamen,,,,"No.105, Mu Pu Road, Xiamen, China",,,24.529543,118.186574,+86 592 811 9888,https://www.hilton.com/en/hotels/xmnwbdi-doubletree-xiamen-wuyuan-bay/,https://www.hilton.com/zh-hans/hotels/xmnwbdi-doubletree-xiamen-wuyuan-bay/,,2015-08-06,,,
HILTON-XMNXPHX,Hampton by Hilton Xiamen City Plaza,,Hampton by Hilton,希尔顿欢朋,hilton-hampton-by-hilton,FULLY_BOOKABLE,Hotel,Hotel,Xiamen,,,,"No.775 Xinglong Rd, Huli District, Xiamen, China",,,24.51492,118.122911,+86 592 573 5999,https://www.hilton.com/en/hotels/xmnxphx-hampton-xiamen-city-plaza/,https://www.hilton.com/zh-hans/hotels/xmnxphx-hampton-xiamen-city-plaza/,,,,,
HILTON-XMNFJHX,Hampton by Hilton Xiamen Hubin South Road,,Hampton by Hilton,希尔顿欢朋,hilton-hampton-by-hilton,FULLY_BOOKABLE,Hotel,Hotel,Xiamen,,,,"No.26 Hubin Yili,Siming District, Xiamen, China",,,24.478946,118.109777,+86 592 588 8888,https://www.hilton.com/en/hotels/xmnfjhx-hampton-xiamen-hubin-south-road/,https://www.hilton.com/zh-hans/hotels/xmnfjhx-hampton-xiamen-hubin-south-road/,,2024-08-27,,,
HILTON-XMNIAHX,Hampton by Hilton Xiamen Jimei Xinglin Bay,,Hampton by Hilton,希尔顿欢朋,hilton-hampton-by-hilton,FULLY_BOOKABLE,Hotel,Hotel,Xiamen,,,,"Xiamen,Fujian Province,China, Xiamen, China",,,24.569467,118.04167,+86 592 621 8888,https://www.hilton.com/en/hotels/xmniahx-hampton-xiamen-jimei-xinglin-bay/,https://www.hilton.com/zh-hans/hotels/xmniahx-hampton-xiamen-jimei-xinglin-bay/,,2024-10-01,,,
HILTON-XMNXNHX,Hampton by Hilton Xiamen Liang'an Financial Center,,Hampton by Hilton,希尔顿欢朋,hilton-hampton-by-hilton,FULLY_BOOKABLE,Hotel,Hotel,Xiamen,,,,"493 Gaolin Middle Rd, Xiamen, China",,,24.5070835344,118.1836961062,+86 592 888 0018,https://www.hilton.com/en/hotels/xmnxnhx-hampton-xiamen-liangan-financial-center/,https://www.hilton.com/zh-hans/hotels/xmnxnhx-hampton-xiamen-liangan-financial-center/,,,,,
HILTON-XMNENHX,Hampton by Hilton Xiamen Tong'an Chengnan,,Hampton by Hilton,希尔顿欢朋,hilton-hampton-by-hilton,FULLY_BOOKABLE,Hotel,Hotel,Xiamen,,,,"No.379 South City Ring Road, Xiamen, China",,,24.714902,118.141192,+86 592 705 8999,https://www.hilton.com/en/hotels/xmnenhx-hampton-xiamen-tongan-chengnan/,https://www.hilton.com/zh-hans/hotels/xmnenhx-hampton-xiamen-tongan-chengnan/,,2023-09-28,,,
HILTON-XMNBLGI,Hilton Garden Inn Xiamen Bailuzhou Park,,Hilton Garden Inn,希尔顿花园酒店,hilton-hilton-garden-inn,FULLY_BOOKABLE,Hotel,Hotel,Xiamen,,,,"No.160 Hubin Middle Road, Mingfang Building Siming District,, Xiamen, China",,,24.489278,118.101355,+86 592 315 6666,https://www.hilton.com/en/hotels/xmnblgi-hilton-garden-inn-xiamen-bailuzhou-park/,https://www.hilton.com/zh-hans/hotels/xmnblgi-hilton-garden-inn-xiamen-bailuzhou-park/,,2024-12-31,,,
HILTON-XMNTAGI,Hilton Garden Inn Xiamen Tong'an,,Hilton Garden Inn,希尔顿花园酒店,hilton-hilton-garden-inn,FULLY_BOOKABLE,Hotel,Hotel,Xiamen,,,,"No.1333 Tongji North Road,, Xiamen, China",,,24.712268,118.145522,+86 592 703 1333,https://www.hilton.com/en/hotels/xmntagi-hilton-garden-inn-xiamen-tongan/,https://www.hilton.com/zh-hans/hotels/xmntagi-hilton-garden-inn-xiamen-tongan/,,2023-12-05,,,
HILTON-XMNHIHI,Hilton Xiamen,,Hilton Hotels & Resorts,希尔顿酒店及度假村,hilton-hilton-hotels,FULLY_BOOKABLE,Hotel,Hotel,Xiamen,,,,"No.199, Jiahe Road, Xiamen, China",,,24.487567,118.127259,+86 592 539 9999,https://www.hilton.com/en/hotels/xmnhihi-hilton-xiamen/,https://www.hilton.com/zh-hans/hotels/xmnhihi-hilton-xiamen/,,2018-06-01,,,
HILTON-XMNHTLX,"HUANG YAN 36 Hotel, an SLH Hotel",,Small Luxury Hotels of the World,全球奢华精品酒店,hilton-small-luxury-hotels-slh,FULLY_BOOKABLE,Hotel,Hotel,Xiamen,,,,"No. 36, Huangyan Road, Gulangyu, Siming District, Xiamen, China",,,24.44258347408,118.06962200055,+86 592 220 3636,https://www.hilton.com/en/hotels/xmnhtlx-huang-yan-36-hotel/,https://www.hilton.com/zh-hans/hotels/xmnhtlx-huang-yan-36-hotel/,,2025-03-25,,,
HILTON-XMNXCQQ,"Joyze Hotel Xiamen, Curio Collection by Hilton",,Curio Collection by Hilton,希尔顿格芮精选,hilton-curio-collection,FULLY_BOOKABLE,Hotel,Hotel,Xiamen,,,,"No.6-8 Longhushan Road, Zengcuoan,, Xiamen, China",,,24.42927,118.12034,+86 592 562 2666,https://www.hilton.com/en/hotels/xmnxcqq-joyze-hotel-xiamen/,https://www.hilton.com/zh-hans/hotels/xmnxcqq-joyze-hotel-xiamen/,,2018-11-28,,,
HILTON-XMNWAWA,Waldorf Astoria Xiamen,,Waldorf Astoria,华尔道夫酒店及度假村,hilton-waldorf-astoria,FULLY_BOOKABLE,Hotel,Hotel,Xiamen,,,,"1 Lianhua North Rd, Siming District, Xiamen, China",,,24.481788,118.120262,+86 592 537 3333,https://www.hilton.com/en/hotels/xmnwawa-waldorf-astoria-xiamen/,https://www.hilton.com/zh-hans/hotels/xmnwawa-waldorf-astoria-xiamen/,,2020-12-15,,,
HILTON-XIYYHLX,"Younch Hotel Xi'an, an SLH Hotel",,Small Luxury Hotels of the World,全球奢华精品酒店,hilton-small-luxury-hotels-slh,FULLY_BOOKABLE,Hotel,Hotel,Xian,,,,"123 Shang Ai Road, Xin Cheng District, Xian, China",,,34.27678998252,108.96927689063,+86 29 8116 5888,https://www.hilton.com/en/hotels/xiyyhlx-younch-hotel-xian/,https://www.hilton.com/zh-hans/hotels/xiyyhlx-younch-hotel-xian/,,2025-10-28,,,
HILTON-CSXHUHT,Home2 Suites by Hilton Xiangtan Jiuhua,,Home2 Suites by Hilton,希尔顿惠庭,hilton-home2-suites,FULLY_BOOKABLE,Hotel,Hotel,Xiangtan,,,,"No.11, Kaiyuan Road, Xiangtan, China",,,27.908,112.938,+86 731 5218 8888,https://www.hilton.com/en/hotels/csxhuht-home2-suites-xiangtan-jiuhua/,https://www.hilton.com/zh-hans/hotels/csxhuht-home2-suites-xiangtan-jiuhua/,,2024-08-28,,,
HILTON-XFNDAHX,Hampton by Hilton Xiangyang High-tech Zone,,Hampton by Hilton,希尔顿欢朋,hilton-hampton-by-hilton,FULLY_BOOKABLE,Hotel,Hotel,Xiangyang,,,,"Building 7, Tianmao Mall,, Xiangyang, China",,,32.090245,112.138875,+86 710 376 1818,https://www.hilton.com/en/hotels/xfndahx-hampton-xiangyang-high-tech-zone/,https://www.hilton.com/zh-hans/hotels/xfndahx-hampton-xiangyang-high-tech-zone/,,2023-09-26,,,
HILTON-XFNANHT,Home2 Suites by Hilton Xiangyang Xiangzhou,,Home2 Suites by Hilton,希尔顿惠庭,hilton-home2-suites,FULLY_BOOKABLE,Hotel,Hotel,Xiangyang,,,,"No,48 Jinhuasi Road, Xiangyang, China",,,32.088654,112.203186,+86 710 555 6666,https://www.hilton.com/en/hotels/xfnanht-home2-suites-xiangyang-xiangzhou/,https://www.hilton.com/zh-hans/hotels/xfnanht-home2-suites-xiangyang-xiangzhou/,,2024-03-31,,,
HILTON-XIYINHX,Hampton by Hilton Xianyang Stadium,,Hampton by Hilton,希尔顿欢朋,hilton-hampton-by-hilton,FULLY_BOOKABLE,Hotel,Hotel,Xianyang,,,,"No. 1, Weiyang Middle Road, Qindu, Xianyang, China",,,34.328182,108.705966,+86 29 3800 9999,https://www.hilton.com/en/hotels/xiyinhx-hampton-xianyang-stadium/,https://www.hilton.com/zh-hans/hotels/xiyinhx-hampton-xianyang-stadium/,,2023-06-29,,,
HILTON-XNTCNHX,Hampton by Hilton Xingtai Development Zone,,Hampton by Hilton,希尔顿欢朋,hilton-hampton-by-hilton,FULLY_BOOKABLE,Hotel,Hotel,Xingtai,,,,"No.1881 Zhongxing East Street,, Xingtai, China",,,37.062013,114.56141,+86 319 520 2222,https://www.hilton.com/en/hotels/xntcnhx-hampton-xingtai-development-zone/,https://www.hilton.com/zh-hans/hotels/xntcnhx-hampton-xingtai-development-zone/,,2022-09-04,,,
HILTON-XNTXGHX,Hampton by Hilton Xingtai Xingzhou Avenue,,Hampton by Hilton,希尔顿欢朋,hilton-hampton-by-hilton,FULLY_BOOKABLE,Hotel,Hotel,Xingtai,,,,"No.888 Xingda Road,, Xingtai, China",,,37.100143,114.490805,+86 319 322 6666,https://www.hilton.com/en/hotels/xntxghx-hampton-xingtai-xingzhou-avenue/,https://www.hilton.com/zh-hans/hotels/xntxghx-hampton-xingtai-xingzhou-avenue/,,,,,
HILTON-XNTXXGI,Hilton Garden Inn Xingtai Xiangdu District,,Hilton Garden Inn,希尔顿花园酒店,hilton-hilton-garden-inn,FULLY_BOOKABLE,Hotel,Hotel,Xingtai,,,,"No.258 Tuanjie Street East,, Xingtai, China",,,37.084861,114.521763,+86 319 525 5555,https://www.hilton.com/en/hotels/xntxxgi-hilton-garden-inn-xingtai-xiangdu-district/,https://www.hilton.com/zh-hans/hotels/xntxxgi-hilton-garden-inn-xingtai-xiangdu-district/,,2023-04-28,,,
HILTON-ACXXYGI,Hilton Garden Inn Xingyi Wanfenglin,,Hilton Garden Inn,希尔顿花园酒店,hilton-hilton-garden-inn,FULLY_BOOKABLE,Hotel,Hotel,Xingyi,,,,"Building 21, Fengyu Bay, Jinfeng Road, Xiawutun Street,, Xingyi, China",,,25.104743,104.903959,+86 859 229 6666,https://www.hilton.com/en/hotels/acxxygi-hilton-garden-inn-xingyi-wanfenglin/,https://www.hilton.com/zh-hans/hotels/acxxygi-hilton-garden-inn-xingyi-wanfenglin/,,2024-08-31,,,
HILTON-ACXXNHT,Home2 Suites by Hilton Xingyi Jushan Plaza,,Home2 Suites by Hilton,希尔顿惠庭,hilton-home2-suites,FULLY_BOOKABLE,Hotel,Hotel,Xingyi,,,,"No.1, East Shenqi Rd, Jushan Sub-district, Xingyi, China",,,25.091954,104.916167,+86 859 666 8777,https://www.hilton.com/en/hotels/acxxnht-home2-suites-xingyi-jushan-plaza/,https://www.hilton.com/zh-hans/hotels/acxxnht-home2-suites-xingyi-jushan-plaza/,,2024-10-18,,,
HILTON-XNNWUHX,Hampton by Hilton Xining Haihu,,Hampton by Hilton,希尔顿欢朋,hilton-hampton-by-hilton,FULLY_BOOKABLE,Hotel,Hotel,Xining,,,,"Building 2,No. 84, Wusi West Road, Xining, China",,,36.647861,101.705444,+86 971 630 8888,https://www.hilton.com/en/hotels/xnnwuhx-hampton-xining-haihu/,https://www.hilton.com/zh-hans/hotels/xnnwuhx-hampton-xining-haihu/,,2025-09-26,,,
HILTON-LHWXIHX,Hampton by Hilton Xining Jiaboyuan,,Hampton by Hilton,希尔顿欢朋,hilton-hampton-by-hilton,FULLY_BOOKABLE,Hotel,Hotel,Xining,,,,"99 Haihu Avenue, Chengbei District, Xining, China",,,36.6659179636,101.7499455514,+86 971 617 0888,https://www.hilton.com/en/hotels/lhwxihx-hampton-xining-jiaboyuan/,https://www.hilton.com/zh-hans/hotels/lhwxihx-hampton-xining-jiaboyuan/,,,,,
HILTON-XNNXIHX,Hampton by Hilton Xining Kunlun Road,,Hampton by Hilton,希尔顿欢朋,hilton-hampton-by-hilton,FULLY_BOOKABLE,Hotel,Hotel,Xining,,,,"191 Kunlun Dong Rd, Xining City, Xining, China",,,36.594892,101.808449,+86 971 358 9999,https://www.hilton.com/en/hotels/xnnxihx-hampton-xining-kunlun-road/,https://www.hilton.com/zh-hans/hotels/xnnxihx-hampton-xining-kunlun-road/,,,,,
HILTON-XNNBHHX,Hampton by Hilton Xining Shangri-La Road,,Hampton by Hilton,希尔顿欢朋,hilton-hampton-by-hilton,FULLY_BOOKABLE,Hotel,Hotel,Xining,,,,"18 Shangri-La Road,, Xining, China",,,36.606709,101.754709,+86 971 824 7777,https://www.hilton.com/en/hotels/xnnbhhx-hampton-xining-shangri-la-road/,https://www.hilton.com/zh-hans/hotels/xnnbhhx-hampton-xining-shangri-la-road/,,2021-12-08,,,
HILTON-XNNCDGI,Hilton Garden Inn Xining Chengdong,,Hilton Garden Inn,希尔顿花园酒店,hilton-hilton-garden-inn,FULLY_BOOKABLE,Hotel,Hotel,Xining,,,,"No. 70 Bayi East Road, Chengdong District,, Xining, China",,,36.585382,101.83814,+86 971 881 3999,https://www.hilton.com/en/hotels/xnncdgi-hilton-garden-inn-xining-chengdong/,https://www.hilton.com/zh-hans/hotels/xnncdgi-hilton-garden-inn-xining-chengdong/,2026-03-02,2026-03-02,,,
HILTON-XHOMIHX,Hampton by Hilton Aksu,,Hampton by Hilton,希尔顿欢朋,hilton-hampton-by-hilton,FULLY_BOOKABLE,Hotel,Hotel,Xinjiang,,,,"No.18 Caihe Road, Aksu, Xinjiang, China",,,41.197876,80.270463,+86 997 616 6666,https://www.hilton.com/en/hotels/xhomihx-hampton-aksu/,https://www.hilton.com/zh-hans/hotels/xhomihx-hampton-aksu/,2025-11-08,2025-11-08,,,
HILTON-URCELHX,Hampton by Hilton Tacheng,,Hampton by Hilton,希尔顿欢朋,hilton-hampton-by-hilton,FULLY_BOOKABLE,Hotel,Hotel,Xinjiang,,,,"No.119 South Wenhua Road, Tacheng, Xinjiang, China",,,46.730575,82.968771,+86 901 620 9999,https://www.hilton.com/en/hotels/urcelhx-hampton-tacheng/,https://www.hilton.com/zh-hans/hotels/urcelhx-hampton-tacheng/,,2024-10-01,,,
HILTON-LYIXDHX,Hampton by Hilton Xintai,,Hampton by Hilton,希尔顿欢朋,hilton-hampton-by-hilton,FULLY_BOOKABLE,Hotel,Hotel,Xintai,,,,"No. 678 Dongzhou Road,, Xintai, China",,,35.921217,117.77149,+86 538 701 6666,https://www.hilton.com/en/hotels/lyixdhx-hampton-xintai/,https://www.hilton.com/zh-hans/hotels/lyixdhx-hampton-xintai/,,2023-10-30,,,
HILTON-XAIANHX,Hampton by Hilton Xinyang Yangshan New District,,Hampton by Hilton,希尔顿欢朋,hilton-hampton-by-hilton,FULLY_BOOKABLE,Hotel,Hotel,Xinyang,,,,"Intersection of Xinqi Avenue, Xinyang, China",,,32.141444,114.106272,+86 376 659 8888,https://www.hilton.com/en/hotels/xaianhx-hampton-xinyang-yangshan-new-district/,https://www.hilton.com/zh-hans/hotels/xaianhx-hampton-xinyang-yangshan-new-district/,,2025-06-19,,,
HILTON-CGORSGI,Hilton Garden Inn Xinyang East Railway Station,,Hilton Garden Inn,希尔顿花园酒店,hilton-hilton-garden-inn,FULLY_BOOKABLE,Hotel,Hotel,Xinyang,,,,"Southwest corner of the intersection, Xinyang, China",,,32.155609,114.142145,+86 376 668 8999,https://www.hilton.com/en/hotels/cgorsgi-hilton-garden-inn-xinyang-east-railway-station/,https://www.hilton.com/zh-hans/hotels/cgorsgi-hilton-garden-inn-xinyang-east-railway-station/,,2025-07-01,,,
HILTON-WUTACHT,Home2 Suites by Hilton Xinzhou Ancient City,,Home2 Suites by Hilton,希尔顿惠庭,hilton-home2-suites,FULLY_BOOKABLE,Hotel,Hotel,Xinzhou,,,,"No.13, South Yunzhong Road, Xinzhou, China",,,38.421156,112.743025,+86 350 528 8888,https://www.hilton.com/en/hotels/wutacht-home2-suites-xinzhou-ancient-city/,https://www.hilton.com/zh-hans/hotels/wutacht-home2-suites-xinzhou-ancient-city/,,2025-08-08,,,
HILTON-HGHCRHX,Hampton by Hilton Xuancheng Economic Development Zone,,Hampton by Hilton,希尔顿欢朋,hilton-hampton-by-hilton,FULLY_BOOKABLE,Hotel,Hotel,Xuancheng,,,,"Shuiyangjiang Ave and Chuangye Rd,, Xuancheng, China",,,30.93805,118.730411,+86 563 370 9999,https://www.hilton.com/en/hotels/hghcrhx-hampton-xuancheng-economic-development-zone/,https://www.hilton.com/zh-hans/hotels/hghcrhx-hampton-xuancheng-economic-development-zone/,,,,,
HILTON-WHUENHT,Home2 Suites by Hilton Xuancheng Xuanzhou,,Home2 Suites by Hilton,希尔顿惠庭,hilton-home2-suites,FULLY_BOOKABLE,Hotel,Hotel,Xuancheng,,,,"No. 502 North Zhaoting Road, Xuancheng, China",,,31.013766,118.727887,+86 563 527 8888,https://www.hilton.com/en/hotels/whuenht-home2-suites-xuancheng-xuanzhou/,https://www.hilton.com/zh-hans/hotels/whuenht-home2-suites-xuancheng-xuanzhou/,,2023-10-30,,,
HILTON-XUZOHHX,Hampton by Hilton Xuzhou Dalong Lake,,Hampton by Hilton,希尔顿欢朋,hilton-hampton-by-hilton,FULLY_BOOKABLE,Hotel,Hotel,Xuzhou,,,,"Tower 11, Greenland Business City,, Xuzhou, China",,,34.211707,117.284102,+86 516 8587 5555,https://www.hilton.com/en/hotels/xuzohhx-hampton-xuzhou-dalong-lake/,https://www.hilton.com/zh-hans/hotels/xuzohhx-hampton-xuzhou-dalong-lake/,2025-08-16,2025-08-16,,,
HILTON-XUZXRHX,Hampton by Hilton Xuzhou Huaihai Road,,Hampton by Hilton,希尔顿欢朋,hilton-hampton-by-hilton,FULLY_BOOKABLE,Hotel,Hotel,Xuzhou,,,,"241 Huaihai West Rd,, Xuzhou, China",,,34.262695,117.164704,+86 516 8583 5555,https://www.hilton.com/en/hotels/xuzxrhx-hampton-xuzhou-huaihai-road/,https://www.hilton.com/zh-hans/hotels/xuzxrhx-hampton-xuzhou-huaihai-road/,,2022-02-17,,,
HILTON-XUZHNHX,Hampton by Hilton Xuzhou Wushan Park,,Hampton by Hilton,希尔顿欢朋,hilton-hampton-by-hilton,FULLY_BOOKABLE,Hotel,Hotel,Xuzhou,,,,"No. 12 Sanhuan East Road, Building 3, Rose Gold Street, Xuzhou, China",,,34.215711,117.293121,+86 516 8587 8888,https://www.hilton.com/en/hotels/xuzhnhx-hampton-xuzhou-wushan-park/,https://www.hilton.com/zh-hans/hotels/xuzhnhx-hampton-xuzhou-wushan-park/,2026-04-25,2026-04-25,,,
HILTON-XUZXOHX,Hampton by Hilton Xuzhou Xinhuai Center,,Hampton by Hilton,希尔顿欢朋,hilton-hampton-by-hilton,FULLY_BOOKABLE,Hotel,Hotel,Xuzhou,,,,"Building 22, No.118 Heping Avenue,, Xuzhou, China",,,34.254021,117.266271,+86 516 8580 1999,https://www.hilton.com/en/hotels/xuzxohx-hampton-xuzhou-xinhuai-center/,https://www.hilton.com/zh-hans/hotels/xuzxohx-hampton-xuzhou-xinhuai-center/,,,,,
HILTON-XUZHXHX,Hampton by Hilton Xuzhou Yunlong Mountain,,Hampton by Hilton,希尔顿欢朋,hilton-hampton-by-hilton,FULLY_BOOKABLE,Hotel,Hotel,Xuzhou,,,,"246 Jiefang Road, Yunlong District, Xuzhou, China",,,34.198426,117.184271,+86 516 8088 8888,https://www.hilton.com/en/hotels/xuzhxhx-hampton-xuzhou-yunlong-mountain/,https://www.hilton.com/zh-hans/hotels/xuzhxhx-hampton-xuzhou-yunlong-mountain/,,,,,
HILTON-XUZPCGI,Hilton Garden Inn Xuzhou Pengcheng Square,,Hilton Garden Inn,希尔顿花园酒店,hilton-hilton-garden-inn,FULLY_BOOKABLE,Hotel,Hotel,Xuzhou,,,,"No.10, Xi 'an North Road, Xuzhou, China",,,34.27,117.18,+86 516 8388 8999,https://www.hilton.com/en/hotels/xuzpcgi-hilton-garden-inn-xuzhou-pengcheng-square/,https://www.hilton.com/zh-hans/hotels/xuzpcgi-hilton-garden-inn-xuzhou-pengcheng-square/,,2025-01-23,,,
HILTON-XUZHOGI,Hilton Garden Inn Xuzhou Yunlong,,Hilton Garden Inn,希尔顿花园酒店,hilton-hilton-garden-inn,FULLY_BOOKABLE,Hotel,Hotel,Xuzhou,,,,"D2 Bldg, Xiangxi Zuo'an Sub-Dist., Xuzhou, China",,,34.2547695531,117.2511461458,+86 516 8080 1888,https://www.hilton.com/en/hotels/xuzhogi-hilton-garden-inn-xuzhou-yunlong/,https://www.hilton.com/zh-hans/hotels/xuzhogi-hilton-garden-inn-xuzhou-yunlong/,,2019-10-30,,,
HILTON-XUZCHHT,Home2 Suites by Hilton Xuzhou Yunlong,,Home2 Suites by Hilton,希尔顿惠庭,hilton-home2-suites,FULLY_BOOKABLE,Hotel,Hotel,Xuzhou,,,,"No. 99, Auxiliary Road, Xuzhou, China",,,34.266151,117.25728,+86 516 8388 9888,https://www.hilton.com/en/hotels/xuzchht-home2-suites-xuzhou-yunlong/,https://www.hilton.com/zh-hans/hotels/xuzchht-home2-suites-xuzhou-yunlong/,,2025-06-15,,,
HILTON-CTUYCDI,DoubleTree by Hilton Ya'an,,DoubleTree by Hilton,希尔顿逸林,hilton-doubletree-by-hilton,FULLY_BOOKABLE,Hotel,Hotel,Ya'an,,,,"No. 2 Peace Road,, Ya'an, China",,,30.021282,103.055622,+86 835 838 8888,https://www.hilton.com/en/hotels/ctuycdi-doubletree-yaan/,https://www.hilton.com/zh-hans/hotels/ctuycdi-doubletree-yaan/,,2023-09-30,,,
HILTON-CTUAAHT,Home2 Suites by Hilton Ya'an Lushan,,Home2 Suites by Hilton,希尔顿惠庭,hilton-home2-suites,FULLY_BOOKABLE,Hotel,Hotel,Ya'an,,,,"Building 4, No.18 Yingbin Avenue, Ya'an, China",,,30.14407,102.92826,+86 835 688 8888,https://www.hilton.com/en/hotels/ctuaaht-home2-suites-yaan-lushan/,https://www.hilton.com/zh-hans/hotels/ctuaaht-home2-suites-yaan-lushan/,,2023-11-15,,,
HILTON-YNJOPHT,Home2 Suites by Hilton Changbaishan Hot Spring,,Home2 Suites by Hilton,希尔顿惠庭,hilton-home2-suites,FULLY_BOOKABLE,Hotel,Hotel,Yanbian,,,,"West side of North Bus Terminal on Baishan Street, Erdao Town, Yanbian, China",,,42.450295,128.133303,+86 433 599 3666,https://www.hilton.com/en/hotels/ynjopht-home2-suites-changbaishan-hot-spring/,https://www.hilton.com/zh-hans/hotels/ynjopht-home2-suites-changbaishan-hot-spring/,2026-01-18,2026-01-18,,,
HILTON-YNZYDDI,DoubleTree by Hilton Yancheng Dayangwan,,DoubleTree by Hilton,希尔顿逸林,hilton-doubletree-by-hilton,FULLY_BOOKABLE,Hotel,Hotel,Yancheng,,,,"No.39 Donghuanbei Road, Yancheng, China",,,33.424263,120.187309,+86 515 8188 8888,https://www.hilton.com/en/hotels/ynzyddi-doubletree-yancheng-dayangwan/,https://www.hilton.com/zh-hans/hotels/ynzyddi-doubletree-yancheng-dayangwan/,,2022-06-18,,,
HILTON-YNZAAHX,Hampton by Hilton Yancheng Dafeng,,Hampton by Hilton,希尔顿欢朋,hilton-hampton-by-hilton,FULLY_BOOKABLE,Hotel,Hotel,Yancheng,,,,"No.33-1 Jiankang West Road,, Yancheng, China",,,33.199054,120.443561,+86 515 8382 6666,https://www.hilton.com/en/hotels/ynzaahx-hampton-yancheng-dafeng/,https://www.hilton.com/zh-hans/hotels/ynzaahx-hampton-yancheng-dafeng/,,2022-01-01,,,
HILTON-YNZRRHX,Hampton by Hilton Yancheng Sheyang,,Hampton by Hilton,希尔顿欢朋,hilton-hampton-by-hilton,FULLY_BOOKABLE,Hotel,Hotel,Yancheng,,,,"No.182 Renmin Road, Sheyang County, Yancheng, China",,,33.770983,120.253065,+86 515 8246 6666,https://www.hilton.com/en/hotels/ynzrrhx-hampton-yancheng-sheyang/,https://www.hilton.com/zh-hans/hotels/ynzrrhx-hampton-yancheng-sheyang/,,2023-09-23,,,
HILTON-YNZHIHI,Hilton Yancheng,,Hilton Hotels & Resorts,希尔顿酒店及度假村,hilton-hilton-hotels,FULLY_BOOKABLE,Hotel,Hotel,Yancheng,,,,"No. 12 Building, Financial City, Yancheng, China",,,33.344352,120.146512,+86 515 8089 9999,https://www.hilton.com/en/hotels/ynzhihi-hilton-yancheng/,https://www.hilton.com/zh-hans/hotels/ynzhihi-hilton-yancheng/,,2021-09-17,,,
HILTON-TYNQYHX,Hampton by Hilton Yangquan East Railway Station,,Hampton by Hilton,希尔顿欢朋,hilton-hampton-by-hilton,FULLY_BOOKABLE,Hotel,Hotel,Yangquan,,,,"Building A6, Quanmin Fortune Center, No.100 Pingyang Street, Yangquan, China",,,37.887918,113.597415,+86 353 211 9999,https://www.hilton.com/en/hotels/tynqyhx-hampton-yangquan-east-station/,https://www.hilton.com/zh-hans/hotels/tynqyhx-hampton-yangquan-east-station/,2026-02-06,2026-02-06,,,
HILTON-YTYDTDI,DoubleTree by Hilton Yangzhou,,DoubleTree by Hilton,希尔顿逸林,hilton-doubletree-by-hilton,FULLY_BOOKABLE,Hotel,Hotel,Yangzhou,,,,"198 Wenhui West Road, Hanjiang, Yangzhou, China",,,32.383,119.392477,+86 514 8933 1999,https://www.hilton.com/en/hotels/ytydtdi-doubletree-yangzhou/,https://www.hilton.com/zh-hans/hotels/ytydtdi-doubletree-yangzhou/,,2019-09-01,,,
HILTON-YTYYZHX,Hampton by Hilton Yangzhou East Railway Station,,Hampton by Hilton,希尔顿欢朋,hilton-hampton-by-hilton,FULLY_BOOKABLE,Hotel,Hotel,Yangzhou,,,,"No.5 Wenchang East Rd, Guangling, Yangzhou, China",,,32.40013654935,119.495152276,+86 514 8235 9999,https://www.hilton.com/en/hotels/ytyyzhx-hampton-yangzhou-east-railway-station/,https://www.hilton.com/zh-hans/hotels/ytyyzhx-hampton-yangzhou-east-railway-station/,,,,,
HILTON-YTYYAHX,Hampton by Hilton Yangzhou Slender West Lake,,Hampton by Hilton,希尔顿欢朋,hilton-hampton-by-hilton,FULLY_BOOKABLE,Hotel,Hotel,Yangzhou,,,,"579 Wenchang Middle Rd,, Yangzhou, China",,,32.3950888332,119.410934037,+86 514 8760 9999,https://www.hilton.com/en/hotels/ytyyahx-hampton-yangzhou-slender-west-lake/,https://www.hilton.com/zh-hans/hotels/ytyyahx-hampton-yangzhou-slender-west-lake/,,,,,
HILTON-YTYGZHX,Hampton by Hilton Yangzhou Wenchang Road,,Hampton by Hilton,希尔顿欢朋,hilton-hampton-by-hilton,FULLY_BOOKABLE,Hotel,Hotel,Yangzhou,,,,"460 Wenchang West Road, Yangzhou, China",,,32.3916712415,119.3798658176,+86 514 8206 9999,https://www.hilton.com/en/hotels/ytygzhx-hampton-yangzhou-wenchang-road/,https://www.hilton.com/zh-hans/hotels/ytygzhx-hampton-yangzhou-wenchang-road/,,,,,
HILTON-YTYBSHX,Hampton by Hilton Yangzhou Yangtze River,,Hampton by Hilton,希尔顿欢朋,hilton-hampton-by-hilton,FULLY_BOOKABLE,Hotel,Hotel,Yangzhou,,,,"27 Weiyang Road, Yangzhou, China",,,32.364132,119.415772,+86 514 8032 8666,https://www.hilton.com/en/hotels/ytybshx-hampton-yangzhou-yangtze-river/,https://www.hilton.com/zh-hans/hotels/ytybshx-hampton-yangzhou-yangtze-river/,,,,,
HILTON-YNJDIDI,DoubleTree by Hilton Yanji,,DoubleTree by Hilton,希尔顿逸林,hilton-doubletree-by-hilton,FULLY_BOOKABLE,Hotel,Hotel,Yanji,,,,"No.2551 Gongyuan Road, Jilin Province, Yanji, China",,,42.905405,129.466331,+86 433 278 7777,https://www.hilton.com/en/hotels/ynjdidi-doubletree-yanji/,https://www.hilton.com/zh-hans/hotels/ynjdidi-doubletree-yanji/,,2025-05-01,,,
HILTON-YNJJSHX,Hampton by Hilton Yanji City Center,,Hampton by Hilton,希尔顿欢朋,hilton-hampton-by-hilton,FULLY_BOOKABLE,Hotel,Hotel,Yanji,,,,"NO.336 Juzi Street, Yanji, China",,,42.904407,129.51489,+86 433 318 1111,https://www.hilton.com/en/hotels/ynjjshx-hampton-by-hilton-yanji-city-center/,https://www.hilton.com/zh-hans/hotels/ynjjshx-hampton-by-hilton-yanji-city-center/,,2024-07-11,,,
HILTON-YNTLAHX,Hampton By Hilton Laizhou,,Hampton by Hilton,希尔顿欢朋,hilton-hampton-by-hilton,FULLY_BOOKABLE,Hotel,Hotel,yantai,,,,"NO.317 Beiyuan Road, Laizhou,Yantai, yantai, China",,,37.204773,119.93054,+86 535 217 8888,https://www.hilton.com/en/hotels/yntlahx-hampton-by-hilton-laizhou/,https://www.hilton.com/zh-hans/hotels/yntlahx-hampton-by-hilton-laizhou/,,2024-09-09,,,
HILTON-YNTGBDI,DoubleTree by Hilton Yantai Golden Coast Hotel & Suites,,DoubleTree by Hilton,希尔顿逸林,hilton-doubletree-by-hilton,FULLY_BOOKABLE,Hotel,Hotel,Yantai,,,,"15 Ningbo Road, Economic and Techno, Yantai, China",,,37.573412,121.181703,+86 535 610 0777,https://www.hilton.com/en/hotels/yntgbdi-doubletree-yantai-golden-coast-hotel-and-suites/,https://www.hilton.com/zh-hans/hotels/yntgbdi-doubletree-yantai-golden-coast-hotel-and-suites/,,2024-05-15,,,
HILTON-YNTYAHX,Hampton by Hilton Yantai Jinshatan,,Hampton by Hilton,希尔顿欢朋,hilton-hampton-by-hilton,FULLY_BOOKABLE,Hotel,Hotel,Yantai,,,,"No.32 Haibin Road, Economic, Yantai, China",,,37.573234,121.266931,+86 535 639 3888,https://www.hilton.com/en/hotels/yntyahx-hampton-yantai-jinshatan/,https://www.hilton.com/zh-hans/hotels/yntyahx-hampton-yantai-jinshatan/,,2023-05-16,,,
HILTON-YNTREHX,Hampton by Hilton Yantai Penglai Pavilion,,Hampton by Hilton,希尔顿欢朋,hilton-hampton-by-hilton,FULLY_BOOKABLE,Hotel,Hotel,Yantai,,,,"No.6 Xianshan Road, Penglai Street, Yantai, China",,,37.82025699999,120.776661,+86 535 575 0777,https://www.hilton.com/en/hotels/yntrehx-hampton-yantai-penglai-pavilion/,https://www.hilton.com/zh-hans/hotels/yntrehx-hampton-yantai-penglai-pavilion/,,2024-07-31,,,
HILTON-YNTJRHI,Hilton Yantai,,Hilton Hotels & Resorts,希尔顿酒店及度假村,hilton-hilton-hotels,FULLY_BOOKABLE,Hotel,Hotel,Yantai,,,,"No. 53 Dama Road, Yantai, China",,,37.539,121.401527,+86 535 679 8888,https://www.hilton.com/en/hotels/yntjrhi-hilton-yantai/,https://www.hilton.com/zh-hans/hotels/yntjrhi-hilton-yantai/,,2017-08-08,,,
HILTON-YNTDIHI,Hilton Yantai Golden Coast,,Hilton Hotels & Resorts,希尔顿酒店及度假村,hilton-hilton-hotels,FULLY_BOOKABLE,Hotel,Hotel,Yantai,,,,"No. 1 Ningbo Road, Yantai, China",,,37.582841,121.185602,+86 535 610 7777,https://www.hilton.com/en/hotels/yntdihi-hilton-yantai-golden-coast/,https://www.hilton.com/zh-hans/hotels/yntdihi-hilton-yantai-golden-coast/,,2016-05-30,,,
HILTON-YNTFJHT,Home2 Suites by Hilton Yantai Laishan,,Home2 Suites by Hilton,希尔顿惠庭,hilton-home2-suites,FULLY_BOOKABLE,Hotel,Hotel,Yantai,,,,"No. 301 Fenghuang Avenue,, Yantai, China",,,37.453509,121.458693,+86 535 671 0999,https://www.hilton.com/en/hotels/yntfjht-home2-suites-yantai-laishan/,https://www.hilton.com/zh-hans/hotels/yntfjht-home2-suites-yantai-laishan/,,2023-08-18,,,
HILTON-YBPSYHX,Hampton by Hilton Yibin Cuiping,,Hampton by Hilton,希尔顿欢朋,hilton-hampton-by-hilton,FULLY_BOOKABLE,Hotel,Hotel,Yibin,,,,"Building C,No.13,Wuxin Origin Plaza, Yibin, China",,,28.777278,104.618389,+86 831 451 6888,https://www.hilton.com/en/hotels/ybpsyhx-hampton-yibin-cuiping/,https://www.hilton.com/zh-hans/hotels/ybpsyhx-hampton-yibin-cuiping/,,2025-09-26,,,
HILTON-YBPYCHX,Hampton by Hilton Yibin Railway Station,,Hampton by Hilton,希尔顿欢朋,hilton-hampton-by-hilton,FULLY_BOOKABLE,Hotel,Hotel,Yibin,,,,"No. 119 Jinshajiang South Road,, Yibin, China",,,28.731624,104.622131,+86 831 787 8888,https://www.hilton.com/en/hotels/ybpychx-hampton-yibin-railway-station/,https://www.hilton.com/zh-hans/hotels/ybpychx-hampton-yibin-railway-station/,,2023-04-28,,,
HILTON-YBPINHX,Hampton by Hilton Yibin University Town,,Hampton by Hilton,希尔顿欢朋,hilton-hampton-by-hilton,FULLY_BOOKABLE,Hotel,Hotel,Yibin,,,,"No.371, Changcui Road,, Yibin, China",,,28.799973,104.677896,+86 831 826 6666,https://www.hilton.com/en/hotels/ybpinhx-hampton-yibin-university-town/,https://www.hilton.com/zh-hans/hotels/ybpinhx-hampton-yibin-university-town/,,2023-06-01,,,
HILTON-YBPCNHT,Home2 Suites by Hilton Yibin Gaoxian,,Home2 Suites by Hilton,希尔顿惠庭,hilton-home2-suites,FULLY_BOOKABLE,Hotel,Hotel,Yibin,,,,"No.299 Zhenxing Road,, Yibin, China",,,28.433746,104.539549,+86 831 559 8888,https://www.hilton.com/en/hotels/ybpcnht-home2-suites-yibin-gaoxian/,https://www.hilton.com/zh-hans/hotels/ybpcnht-home2-suites-yibin-gaoxian/,,2023-09-15,,,
HILTON-YBPYIHT,Home2 Suites by Hilton Yibin Xingwen,,Home2 Suites by Hilton,希尔顿惠庭,hilton-home2-suites,FULLY_BOOKABLE,Hotel,Hotel,Yibin,,,,"Intersection of Guangming Dadao and, Yibin, China",,,28.330545,105.208925,+86 831 588 8888,https://www.hilton.com/en/hotels/ybpyiht-home2-suites-yibin-xingwen/,https://www.hilton.com/zh-hans/hotels/ybpyiht-home2-suites-yibin-xingwen/,,2022-05-15,,,
HILTON-YIHYYGI,Hilton Garden Inn Yichang Yiling,,Hilton Garden Inn,希尔顿花园酒店,hilton-hilton-garden-inn,FULLY_BOOKABLE,Hotel,Hotel,Yichang,,,,"168 Development Avenue, Yiling District,, Yichang, China",,,30.754743,111.349029,+86 717 752 8888,https://www.hilton.com/en/hotels/yihyygi-hilton-garden-inn-yichang-yiling/,https://www.hilton.com/zh-hans/hotels/yihyygi-hilton-garden-inn-yichang-yiling/,,2024-07-25,,,
HILTON-YICEYHX,Hampton by Hilton Yichun High-Speed Railway Station,,Hampton by Hilton,希尔顿欢朋,hilton-hampton-by-hilton,FULLY_BOOKABLE,Hotel,Hotel,Yichun,,,,"No.818 Zhongshandong Road Yuanzhou, Yichun, China",,,27.796671,114.436547,+86 795 327 7666,https://www.hilton.com/en/hotels/yiceyhx-hampton-yichun-high-speed-railway-station/,https://www.hilton.com/zh-hans/hotels/yiceyhx-hampton-yichun-high-speed-railway-station/,,2025-04-04,,,
HILTON-INCYGHX,Hampton by Hilton Yinchuan Glorious Center,,Hampton by Hilton,希尔顿欢朋,hilton-hampton-by-hilton,FULLY_BOOKABLE,Hotel,Hotel,Yinchuan,,,,"Block A of Glorious Center,, Yinchuan, China",,,38.444065,106.273633,+86 951 517 6666,https://www.hilton.com/en/hotels/incyghx-hampton-yinchuan-glorious-center/,https://www.hilton.com/zh-hans/hotels/incyghx-hampton-yinchuan-glorious-center/,,,,,
HILTON-INCYIHX,Hampton by Hilton Yinchuan Jinfeng,,Hampton by Hilton,希尔顿欢朋,hilton-hampton-by-hilton,FULLY_BOOKABLE,Hotel,Hotel,Yinchuan,,,,"Intersection of Yinjiaqu St., Yinchuan, China",,,38.495987,106.245111,+86 951 510 5888,https://www.hilton.com/en/hotels/incyihx-hampton-yinchuan-jinfeng/,https://www.hilton.com/zh-hans/hotels/incyihx-hampton-yinchuan-jinfeng/,,2022-07-20,,,
HILTON-INCYNHT,Home2 Suites by Hilton Yinchuan Xingqing,,Home2 Suites by Hilton,希尔顿惠庭,hilton-home2-suites,FULLY_BOOKABLE,Hotel,Hotel,Yinchuan,,,,"No. 433, East Beijing Road, Yinchuan, China",,,38.47414,106.286858,+86 951 788 8333,https://www.hilton.com/en/hotels/incynht-home2-suites-yinchuan-xingqing/,https://www.hilton.com/zh-hans/hotels/incynht-home2-suites-yinchuan-xingqing/,,2025-01-06,,,
HILTON-YKHZQGI,Hilton Garden Inn Yingkou Zhanqian,,Hilton Garden Inn,希尔顿花园酒店,hilton-hilton-garden-inn,FULLY_BOOKABLE,Hotel,Hotel,Yingkou,,,,"No.13 North Shifu Road, Yingkou Station, Yingkou, China",,,40.6783916,122.2426834,+86 417 328 8888,https://www.hilton.com/en/hotels/ykhzqgi-hilton-garden-inn-yingkou-zhanqian/,https://www.hilton.com/zh-hans/hotels/ykhzqgi-hilton-garden-inn-yingkou-zhanqian/,,2025-08-15,,,
HILTON-HAKLGDI,DoubleTree by Hilton Lingshui Hot Spring,,DoubleTree by Hilton,希尔顿逸林,hilton-doubletree-by-hilton,FULLY_BOOKABLE,Hotel,Hotel,Yingzhou Town,,,,"No.1 Hot Spring Avenue, Yingzhou Town, China",,,18.44256684569,109.8495295617,+86 898 3738 8999,https://www.hilton.com/en/hotels/haklgdi-doubletree-lingshui-hot-spring/,https://www.hilton.com/zh-hans/hotels/haklgdi-doubletree-lingshui-hot-spring/,,2020-12-22,,,
HILTON-YINDEHX,Hampton by Hilton Yining,,Hampton by Hilton,希尔顿欢朋,hilton-hampton-by-hilton,FULLY_BOOKABLE,Hotel,Hotel,Yining,,,,"No. 360, Xihuan Road, Yining City, Yining, China",,,43.942173,81.290562,+86 999 809 9999,https://www.hilton.com/en/hotels/yindehx-hampton-yining/,https://www.hilton.com/zh-hans/hotels/yindehx-hampton-yining/,,2025-08-20,,,
HILTON-YINNYHT,Home2 Suites by Hilton Yining,,Home2 Suites by Hilton,希尔顿惠庭,hilton-home2-suites,FULLY_BOOKABLE,Hotel,Hotel,Yining,,,,"Comm Bldg. 1, intersection south of, Yining, China",,,43.947143,81.236937,+86 999 788 0000,https://www.hilton.com/en/hotels/yinnyht-home2-suites-yining/,https://www.hilton.com/zh-hans/hotels/yinnyht-home2-suites-yining/,,2025-06-26,,,
HILTON-YIWYIHX,Hampton by Hilton Yiwu International Trade City,,Hampton by Hilton,希尔顿欢朋,hilton-hampton-by-hilton,FULLY_BOOKABLE,Hotel,Hotel,Yiwu,,,,"181 Chouzhou North Road,, Yiwu, China",,,29.31132287,120.08428036,+86 579 8568 8666,https://www.hilton.com/en/hotels/yiwyihx-hampton-yiwu-international-trade-market/,https://www.hilton.com/zh-hans/hotels/yiwyihx-hampton-yiwu-international-trade-market/,,,,,
HILTON-WUXYDHX,Hampton by Hilton Yixing Renmin Middle Road,,Hampton by Hilton,希尔顿欢朋,hilton-hampton-by-hilton,FULLY_BOOKABLE,Hotel,Hotel,Yixing,,,,"No.1 Jiefang East Road, Yixing, China",,,31.406316,119.837362,+86 510 8159 9999,https://www.hilton.com/en/hotels/wuxydhx-hampton-yixing-renmin-middle-road/,https://www.hilton.com/zh-hans/hotels/wuxydhx-hampton-yixing-renmin-middle-road/,,,,,
HILTON-YCUYOHT,Home2 Suites by Hilton Yongji,,Home2 Suites by Hilton,希尔顿惠庭,hilton-home2-suites,FULLY_BOOKABLE,Hotel,Hotel,Yongji,,,,"No.149 Fuqiang West Street, Yongji, China",,,34.855963,110.414891,+86 359 807 5555,https://www.hilton.com/en/hotels/ycuyoht-home2-suites-yongji/,https://www.hilton.com/zh-hans/hotels/ycuyoht-home2-suites-yongji/,,2023-09-25,,,
HILTON-CSXJRHX,Hampton by Hilton Yueyang Yueyang Avenue,,Hampton by Hilton,希尔顿欢朋,hilton-hampton-by-hilton,FULLY_BOOKABLE,Hotel,Hotel,Yueyang,,,,"219 Jin'e East Road,, Yueyang, China",,,29.356728,113.148273,+86 730 817 9999,https://www.hilton.com/en/hotels/csxjrhx-hampton-yueyang-yueyang-avenue/,https://www.hilton.com/zh-hans/hotels/csxjrhx-hampton-yueyang-yueyang-avenue/,,,,,
HILTON-UYNYNDI,DoubleTree by Hilton Shenmu,,DoubleTree by Hilton,希尔顿逸林,hilton-doubletree-by-hilton,OPENING_SOON,Hotel,Hotel,Yulin,,,,"The cross of Binhe New Area, Yulin, China",,,38.903496,110.477494,+86 912000,https://www.hilton.com/en/hotels/uynyndi-doubletree-shenmu/,https://www.hilton.com/zh-hans/hotels/uynyndi-doubletree-shenmu/,,2026-10-03,,,
HILTON-UYNEDHX,Hampton by Hilton Yulin International Convention and Exhibition Center,,Hampton by Hilton,希尔顿欢朋,hilton-hampton-by-hilton,FULLY_BOOKABLE,Hotel,Hotel,Yulin,,,,"No.336 Minzhu South Road, Yulin, China",,,22.62696434407,110.17543884684,+86 775 253 3888,https://www.hilton.com/en/hotels/uynedhx-hampton-yulin-international-convention-and-exhibition-center/,https://www.hilton.com/zh-hans/hotels/uynedhx-hampton-yulin-international-convention-and-exhibition-center/,,2025-01-28,,,
HILTON-YLXCNHX,Hampton by Hilton Yulin Jingbian,,Hampton by Hilton,希尔顿欢朋,hilton-hampton-by-hilton,FULLY_BOOKABLE,Hotel,Hotel,Yulin,,,,"No.3 Changcheng Road North, Yulin, China",,,37.6165880522,108.80129587682,+86 912 806 8888,https://www.hilton.com/en/hotels/ylxcnhx-hampton-yulin-jingbian/,https://www.hilton.com/zh-hans/hotels/ylxcnhx-hampton-yulin-jingbian/,,2024-01-24,,,
HILTON-BHYYMHX,Hampton by Hilton Yulin Yudong New Area,,Hampton by Hilton,希尔顿欢朋,hilton-hampton-by-hilton,FULLY_BOOKABLE,Hotel,Hotel,Yulin,,,,"No.1 Wenti North Road, Yulin, China",,,22.66107928914,110.19988854005,+86 775 226 8888,https://www.hilton.com/en/hotels/bhyymhx-hampton-yulin-yudong-new-area/,https://www.hilton.com/zh-hans/hotels/bhyymhx-hampton-yulin-yudong-new-area/,,2022-04-01,,,
HILTON-YCUNCHX,Hampton by Hilton Yuncheng Yanhu,,Hampton by Hilton,希尔顿欢朋,hilton-hampton-by-hilton,FULLY_BOOKABLE,Hotel,Hotel,Yuncheng,,,,"East Tiaoshan Street, Yanhu, Yuncheng, China",,,35.056088,111.008068,+86 359 233 3888,https://www.hilton.com/en/hotels/ycunchx-hampton-yuncheng-yanhu/,https://www.hilton.com/zh-hans/hotels/ycunchx-hampton-yuncheng-yanhu/,,2024-01-08,,,
HILTON-YCUWRGI,Hilton Garden Inn Yuncheng Wanrong,,Hilton Garden Inn,希尔顿花园酒店,hilton-hilton-garden-inn,OPENING_SOON,Hotel,Hotel,Yuncheng,,,,"NO.188 Houtu Avenue, Yuncheng, China",,,35.42071,110.836441,+86 359 532 8888,https://www.hilton.com/en/hotels/ycuwrgi-hilton-garden-inn-yuncheng-wanrong/,https://www.hilton.com/zh-hans/hotels/ycuwrgi-hilton-garden-inn-yuncheng-wanrong/,,2027-01-06,,,
HILTON-XIYABHX,Hampton by Hilton Yuxi Hongta Railway Station,,Hampton by Hilton,希尔顿欢朋,hilton-hampton-by-hilton,FULLY_BOOKABLE,Hotel,Hotel,Yuxi,,,,"104 Mingzhu Road, Hongta District,, Yuxi, China",,,24.350461,102.543907,+86 877 209 0666,https://www.hilton.com/en/hotels/xiyabhx-hampton-yuxi-hongta-railway-station/,https://www.hilton.com/zh-hans/hotels/xiyabhx-hampton-yuxi-hongta-railway-station/,,,,,
HILTON-KMGYXGI,Hilton Garden Inn Yuxi Xinping,,Hilton Garden Inn,希尔顿花园酒店,hilton-hilton-garden-inn,OPENING_SOON,Hotel,Hotel,Yuxi,,,,"No.1 Mopan Road Jinxiu Community, Yuxi, China",,,24.063065,101.979746,+86 877 771 9999,https://www.hilton.com/en/hotels/kmgyxgi-hilton-garden-inn-yuxi-xinping/,https://www.hilton.com/zh-hans/hotels/kmgyxgi-hilton-garden-inn-yuxi-xinping/,2026-09-30,2026-07-31,,,
HILTON-NKGYFHI,Hilton Yuxi Fuxian Lake,,Hilton Hotels & Resorts,希尔顿酒店及度假村,hilton-hilton-hotels,FULLY_BOOKABLE,Hotel,Hotel,Yuxi,,,,"No.10 Huanhu East Road, Yuxi, China",,,24.577331,102.956324,+86 877 668 8888,https://www.hilton.com/en/hotels/nkgyfhi-hilton-yuxi-fuxian-lake/,https://www.hilton.com/zh-hans/hotels/nkgyfhi-hilton-yuxi-fuxian-lake/,,2015-05-28,,,
HILTON-NGBYYHI,Hilton Yuyao,,Hilton Hotels & Resorts,希尔顿酒店及度假村,hilton-hilton-hotels,FULLY_BOOKABLE,Hotel,Hotel,Yuyao,,,,"No. 8 Beiheyan Road, Yuyao, China",,,30.05,121.1494,+86 574 2266 8888,https://www.hilton.com/en/hotels/ngbyyhi-hilton-yuyao/,https://www.hilton.com/zh-hans/hotels/ngbyyhi-hilton-yuyao/,2026-02-10,2026-02-10,,,
HILTON-BRNYHHX,Hampton by Hilton Yuzhou,,Hampton by Hilton,希尔顿欢朋,hilton-hampton-by-hilton,FULLY_BOOKABLE,Hotel,Hotel,Yuzhou,,,,"No.126,East Section,Yuwang Avenue, Yuzhou, China",,,34.137165,113.49342,+86 374 868 8988,https://www.hilton.com/en/hotels/brnyhhx-hampton-yuzhou/,https://www.hilton.com/zh-hans/hotels/brnyhhx-hampton-yuzhou/,2026-02-11,2026-02-11,,,
HILTON-ZZHXMHX,Hampton by Hilton Zaozhuang Lu‘nan Water City,,Hampton by Hilton,希尔顿欢朋,hilton-hampton-by-hilton,OPENING_SOON,Hotel,Hotel,Zaozhuang,,,,"Building13, Lu’nan Water City, No. 1 Xichang Middle Road, Zaozhuang, China",,,34.847315,117.534017,+86 632 333 7666,https://www.hilton.com/en/hotels/zzhxmhx-hampton-zaozhuang-lunan-water-city/,https://www.hilton.com/zh-hans/hotels/zzhxmhx-hampton-zaozhuang-lunan-water-city/,,2026-07-31,,,
HILTON-XUZZZGI,Hilton Garden Inn Zaozhuang Shizhong,,Hilton Garden Inn,希尔顿花园酒店,hilton-hilton-garden-inn,OPENING_SOON,Hotel,Hotel,Zaozhuang,,,,"No. 1 Hengshan Road, Zaozhuang, China",,,34.846915,117.528534,+86 632 339 8888,https://www.hilton.com/en/hotels/xuzzzgi-hilton-garden-inn-zaozhuang-shizhong/,https://www.hilton.com/zh-hans/hotels/xuzzzgi-hilton-garden-inn-zaozhuang-shizhong/,2026-09-30,2026-08-01,,,
HILTON-WUXZJGI,Hilton Garden Inn Zhangjiagang Chang'an South Road,,Hilton Garden Inn,希尔顿花园酒店,hilton-hilton-garden-inn,OPENING_SOON,Hotel,Hotel,Zhangjiagang,,,,"No. 221 South Chang'an Road, Building 2, Zhangjiagang, China",,,31.8642,120.541665,+86 512 5855 6888,https://www.hilton.com/en/hotels/wuxzjgi-hilton-garden-inn-zhangjiagang-changan-south-road/,https://www.hilton.com/zh-hans/hotels/wuxzjgi-hilton-garden-inn-zhangjiagang-changan-south-road/,,2026-08-30,,,
HILTON-DYGZJHX,Hampton by Hilton Zhangjiajie National Forest Park,,Hampton by Hilton,希尔顿欢朋,hilton-hampton-by-hilton,FULLY_BOOKABLE,Hotel,Hotel,Zhangjiajie,,,,"Guihua Road and Jundi Road, Wulingyuan District, Zhangjiajie, China",,,29.350845,110.545938,+86 744 282 8666,https://www.hilton.com/en/hotels/dygzjhx-hampton-zhangjiajie-national-forest-park/,https://www.hilton.com/zh-hans/hotels/dygzjhx-hampton-zhangjiajie-national-forest-park/,,2024-09-14,,,
HILTON-DYGWSHX,Hampton by Hilton Zhangjiajie Seventy-two Wonder Towers,,Hampton by Hilton,希尔顿欢朋,hilton-hampton-by-hilton,OPENING_SOON,Hotel,Hotel,Zhangjiajie,,,,"No.1 Wuling Mountain Avenue, Zhangjiajie, China",,,29.145558,110.454898,+86 744 617 2999,https://www.hilton.com/en/hotels/dygwshx-hampton-zhangjiajie-seventy-two-wonder-towers/,https://www.hilton.com/zh-hans/hotels/dygwshx-hampton-zhangjiajie-seventy-two-wonder-towers/,,2026-06-30,,,
HILTON-DYGZAHX,Hampton by Hilton Zhangjiajie Tianmen Mountain,,Hampton by Hilton,希尔顿欢朋,hilton-hampton-by-hilton,FULLY_BOOKABLE,Hotel,Hotel,Zhangjiajie,,,,"Building 1, Nancheng Jinzuo,, Zhangjiajie, China",,,29.11091,110.484339,+86 744 888 0888,https://www.hilton.com/en/hotels/dygzahx-hampton-zhangjiajie-tianmen-mountain/,https://www.hilton.com/zh-hans/hotels/dygzahx-hampton-zhangjiajie-tianmen-mountain/,,,,,
HILTON-DYGTMGI,Hilton Garden Inn Zhangjiajie Tianmen Mountain,,Hilton Garden Inn,希尔顿花园酒店,hilton-hilton-garden-inn,FULLY_BOOKABLE,Hotel,Hotel,Zhangjiajie,,,,"No. 32 Airport Road, Yongding District,, Zhangjiajie, China",,,29.1120417,110.4622762,+86 744 226 7777,https://www.hilton.com/en/hotels/dygtmgi-hilton-garden-inn-zhangjiajie-tianmen-mountain/,https://www.hilton.com/zh-hans/hotels/dygtmgi-hilton-garden-inn-zhangjiajie-tianmen-mountain/,,2025-07-08,,,
HILTON-DYGGIGI,Hilton Garden Inn Zhangjiajie Wulingyuan,,Hilton Garden Inn,希尔顿花园酒店,hilton-hilton-garden-inn,FULLY_BOOKABLE,Hotel,Hotel,Zhangjiajie,,,,"108 Bao Feng Road, Zhangjiajie, China",,,29.341882,110.557339,+86 744 562 8888,https://www.hilton.com/en/hotels/dyggigi-hilton-garden-inn-zhangjiajie-wulingyuan/,https://www.hilton.com/zh-hans/hotels/dyggigi-hilton-garden-inn-zhangjiajie-wulingyuan/,,2025-05-15,,,
HILTON-DYGZCHT,Home2 Suites by Hilton Zhangjiajie Tianmen Mountain,,Home2 Suites by Hilton,希尔顿惠庭,hilton-home2-suites,FULLY_BOOKABLE,Hotel,Hotel,Zhangjiajie,,,,"Bldg. C1, Zhangjiajie Intl. Tourism Commercial City, Zhangjiajie, China",,,29.110966,110.484261,+86 744 859 7999,https://www.hilton.com/en/hotels/dygzcht-home2-suites-zhangjiajie-tianmen-mountain/,https://www.hilton.com/zh-hans/hotels/dygzcht-home2-suites-zhangjiajie-tianmen-mountain/,,2025-01-22,,,
HILTON-ZQZANHT,Home2 Suites by Hilton Zhangjiakou Zhangbei,,Home2 Suites by Hilton,希尔顿惠庭,hilton-home2-suites,FULLY_BOOKABLE,Hotel,Hotel,Zhangjiakou,,,,"Yuandu Plaza, North Guanghua Street, Zhangjiakou, China",,,41.153451,114.699274,+86 313 538 0888,https://www.hilton.com/en/hotels/zqzanht-home2-suites-zhangjiakou-zhangbei/,https://www.hilton.com/zh-hans/hotels/zqzanht-home2-suites-zhangjiakou-zhangbei/,,2024-12-27,,,
HILTON-YZYHNHX,Hampton by Hilton Zhangye West Railway Station,,Hampton by Hilton,希尔顿欢朋,hilton-hampton-by-hilton,FULLY_BOOKABLE,Hotel,Hotel,Zhangye,,,,"No.66 Danxia East Road, Zhangye, China",,,38.932016,100.45257,+86 936 692 1313,https://www.hilton.com/en/hotels/yzyhnhx-hampton-zhangye-west-railway-station/,https://www.hilton.com/zh-hans/hotels/yzyhnhx-hampton-zhangye-west-railway-station/,,2024-09-20,,,
HILTON-XMNZZDI,DoubleTree by Hilton Zhangzhou,,DoubleTree by Hilton,希尔顿逸林,hilton-doubletree-by-hilton,FULLY_BOOKABLE,Hotel,Hotel,Zhangzhou,,,,"No. 18-1,Jianyuan East Road,, Zhangzhou, China",,,24.502722,117.704535,+86 596 202 5999,https://www.hilton.com/en/hotels/xmnzzdi-doubletree-zhangzhou/,https://www.hilton.com/zh-hans/hotels/xmnzzdi-doubletree-zhangzhou/,2026-02-08,2026-02-08,,,
HILTON-ZHADAHX,Hampton by Hilton Zhanjiang Renmin Avenue,,Hampton by Hilton,希尔顿欢朋,hilton-hampton-by-hilton,FULLY_BOOKABLE,Hotel,Hotel,Zhanjiang,,,,"No.71 Renmin Middle Ave,, Zhanjiang, China",,,21.23934,110.388176,+86 759 812 3888,https://www.hilton.com/en/hotels/zhadahx-hampton-zhanjiang-renmin-avenue/,https://www.hilton.com/zh-hans/hotels/zhadahx-hampton-zhanjiang-renmin-avenue/,,,,,
HILTON-ZHAWCGI,Hilton Garden Inn Zhanjiang Wuchuan,,Hilton Garden Inn,希尔顿花园酒店,hilton-hilton-garden-inn,OPENING_SOON,Hotel,Hotel,Zhanjiang,,,,"Jiangong Building, Haibin Street, Zhanjiang, China",,,21.424734,110.79693,,https://www.hilton.com/en/hotels/zhawcgi-hilton-garden-inn-zhanjiang-wuchan/,https://www.hilton.com/zh-hans/hotels/zhawcgi-hilton-garden-inn-zhanjiang-wuchan/,,2026-10-28,,,
HILTON-CGOZUDI,DoubleTree by Hilton Zhengzhou Airport Aerotropolis,,DoubleTree by Hilton,希尔顿逸林,hilton-doubletree-by-hilton,FULLY_BOOKABLE,Hotel,Hotel,Zhengzhou,,,,"No. 29-1, Xiaodian Road, Airport Economy Zone, Zhengzhou, China",,,34.501039,113.923383,+86 371 6809 8888,https://www.hilton.com/en/hotels/cgozudi-doubletree-zhengzhou-airport-aerotropolis/,https://www.hilton.com/zh-hans/hotels/cgozudi-doubletree-zhengzhou-airport-aerotropolis/,2025-12-31,2025-12-31,,,
HILTON-CGODIDI,DoubleTree by Hilton Zhengzhou East,,DoubleTree by Hilton,希尔顿逸林,hilton-doubletree-by-hilton,FULLY_BOOKABLE,Hotel,Hotel,Zhengzhou,,,,"No.20 Shunyi Street, Jinshui District, Zhengzhou, China",,,34.769398,113.792188,+86 371 6796 9999,https://www.hilton.com/en/hotels/cgodidi-doubletree-zhengzhou-east/,https://www.hilton.com/zh-hans/hotels/cgodidi-doubletree-zhengzhou-east/,,2025-07-31,,,
HILTON-CGOMVHX,Hampton by Hilton Zhengzhou East Railway Station,,Hampton by Hilton,希尔顿欢朋,hilton-hampton-by-hilton,FULLY_BOOKABLE,Hotel,Hotel,Zhengzhou,,,,"No. 39 Jiayuan East Road, Zhengzhou, China",,,34.762161,113.793798,+86 371 6056 1888,https://www.hilton.com/en/hotels/cgomvhx-hampton-zhengzhou-east-railway-station/,https://www.hilton.com/zh-hans/hotels/cgomvhx-hampton-zhengzhou-east-railway-station/,,2025-08-01,,,
HILTON-CGONYHX,Hampton by Hilton Zhengzhou Jinshui,,Hampton by Hilton,希尔顿欢朋,hilton-hampton-by-hilton,FULLY_BOOKABLE,Hotel,Hotel,Zhengzhou,,,,"27 Nongye Rd,, Zhengzhou, China",,,34.787868,113.656653,+86 371 5861 0000,https://www.hilton.com/en/hotels/cgonyhx-hampton-zhengzhou-jinshui/,https://www.hilton.com/zh-hans/hotels/cgonyhx-hampton-zhengzhou-jinshui/,,,,,
HILTON-CGOYBHX,Hampton by Hilton Zhengzhou Xinzheng International Airport,,Hampton by Hilton,希尔顿欢朋,hilton-hampton-by-hilton,FULLY_BOOKABLE,Hotel,Hotel,Zhengzhou,,,,"NO.6 Yingbin Avenue,Xinzheng Airport, Zhengzhou, China",,,34.540316,113.836381,+86 371 8882 7666,https://www.hilton.com/en/hotels/cgoybhx-hampton-zhengzhou-xinzheng-international-airport/,https://www.hilton.com/zh-hans/hotels/cgoybhx-hampton-zhengzhou-xinzheng-international-airport/,,2025-08-14,,,
HILTON-CGOHDHX,Hampton by Hilton Zhengzhou Zhengdong New District,,Hampton by Hilton,希尔顿欢朋,hilton-hampton-by-hilton,FULLY_BOOKABLE,Hotel,Hotel,Zhengzhou,,,,"67 Shangdu Road,, Zhengzhou, China",,,34.745044,113.763057,+86 371 6337 6666,https://www.hilton.com/en/hotels/cgohdhx-hampton-zhengzhou-zhengdong-new-district/,https://www.hilton.com/zh-hans/hotels/cgohdhx-hampton-zhengzhou-zhengdong-new-district/,,,,,
HILTON-CGOAPGI,Hilton Garden Inn Zhengzhou Airport Aerotropolis,,Hilton Garden Inn,希尔顿花园酒店,hilton-hilton-garden-inn,FULLY_BOOKABLE,Hotel,Hotel,Zhengzhou,,,,"No. 29-2, Xiaodian Road, Airport Economy Zone, Zhengzhou, China",,,34.501039,113.923383,+86 371 6809 8888,https://www.hilton.com/en/hotels/cgoapgi-hilton-garden-inn-zhengzhou-airport-aerotropolis/,https://www.hilton.com/zh-hans/hotels/cgoapgi-hilton-garden-inn-zhengzhou-airport-aerotropolis/,2025-06-11,2025-11-06,,,
HILTON-CGOATGI,Hilton Garden Inn Zhengzhou Zhengdong New District,,Hilton Garden Inn,希尔顿花园酒店,hilton-hilton-garden-inn,FULLY_BOOKABLE,Hotel,Hotel,Zhengzhou,,,,"Intersection of Shangdu Road and Qilihe River, Zhengzhou, China",,,34.752824,113.748287,+86 371 5568 6999,https://www.hilton.com/en/hotels/cgoatgi-hilton-garden-inn-zhengzhou-zhengdong-new-district/,https://www.hilton.com/zh-hans/hotels/cgoatgi-hilton-garden-inn-zhengzhou-zhengdong-new-district/,2026-02-27,2026-02-28,,,
HILTON-CGOZHHI,Hilton Zhengzhou,,Hilton Hotels & Resorts,希尔顿酒店及度假村,hilton-hilton-hotels,FULLY_BOOKABLE,Hotel,Hotel,Zhengzhou,,,,"No. 288 Jinshui Road, Zhengzhou, China",,,34.7644447089,113.701947746,+86 371 8996 0888,https://www.hilton.com/en/hotels/cgozhhi-hilton-zhengzhou/,https://www.hilton.com/zh-hans/hotels/cgozhhi-hilton-zhengzhou/,,2014-03-14,,,
HILTON-CGOSHHT,Home2 Suites by Hilton Zhengzhou East Railway Station,,Home2 Suites by Hilton,希尔顿惠庭,hilton-home2-suites,FULLY_BOOKABLE,Hotel,Hotel,Zhengzhou,,,,"Building 6#, Xinfakailin Plaza, No.107 Shangding Road, Zhengzhou, China",,,34.753092,113.788563,+86 371 8991 9666,https://www.hilton.com/en/hotels/cgoshht-home2-suites-zhengzhou-east-railway-station/,https://www.hilton.com/zh-hans/hotels/cgoshht-home2-suites-zhengzhou-east-railway-station/,2025-10-15,2025-10-15,,,
HILTON-ZUJHIHX,Hampton by Hilton Zhenjiang,,Hampton by Hilton,希尔顿欢朋,hilton-hampton-by-hilton,FULLY_BOOKABLE,Hotel,Hotel,Zhenjiang,,,,"No. 99 Tonggang Road, Zhenjiang, China",,,32.182066,119.670832,+86 511 8365 3999,https://www.hilton.com/en/hotels/zujhihx-hampton-by-hilton-zhenjiang/,https://www.hilton.com/zh-hans/hotels/zujhihx-hampton-by-hilton-zhenjiang/,,2024-09-28,,,
HILTON-ZGNZHHX,Hampton by Hilton Zhongshan Cuiheng New District,,Hampton by Hilton,希尔顿欢朋,hilton-hampton-by-hilton,FULLY_BOOKABLE,Hotel,Hotel,Zhongshan,,,,"No.18 Hexin Road,, Zhongshan, China",,,22.557947,113.598984,+86 760 2818 0888,https://www.hilton.com/en/hotels/zgnzhhx-hampton-zhongshan-cuiheng-new-district/,https://www.hilton.com/zh-hans/hotels/zgnzhhx-hampton-zhongshan-cuiheng-new-district/,,2022-06-25,,,
HILTON-ZGNHXHX,Hampton by Hilton Zhongshan Nanlang,,Hampton by Hilton,希尔顿欢朋,hilton-hampton-by-hilton,FULLY_BOOKABLE,Hotel,Hotel,Zhongshan,,,,"C Block, Lingnan Street, Nanlang,, Zhongshan, China",,,22.4975103,113.52385251,+86 760 8796 3333,https://www.hilton.com/en/hotels/zgnhxhx-hampton-zhongshan-nanlang/,https://www.hilton.com/zh-hans/hotels/zgnhxhx-hampton-zhongshan-nanlang/,,,,,
HILTON-ZHAZXHX,Hampton by Hilton Zhongshan Xiaolan,,Hampton by Hilton,希尔顿欢朋,hilton-hampton-by-hilton,FULLY_BOOKABLE,Hotel,Hotel,Zhongshan,,,,"9 Shengping East Rd, Xiaolan Town,, Zhongshan, China",,,22.6748081,113.24594416,+86 760 8816 6666,https://www.hilton.com/en/hotels/zhazxhx-hampton-zhongshan-xiaolan/,https://www.hilton.com/zh-hans/hotels/zhazxhx-hampton-zhongshan-xiaolan/,,,,,
HILTON-ZGNGIGI,Hilton Garden Inn Zhongshan Guzhen,,Hilton Garden Inn,希尔顿花园酒店,hilton-hilton-garden-inn,FULLY_BOOKABLE,Hotel,Hotel,Zhongshan,,,,"No.103 Tongxing Road, Guzhen Town, Zhongshan, China",,,22.601,113.197634,+86 760 8711 9999,https://www.hilton.com/en/hotels/zgngigi-hilton-garden-inn-zhongshan-guzhen/,https://www.hilton.com/zh-hans/hotels/zgngigi-hilton-garden-inn-zhongshan-guzhen/,,2016-10-21,,,
HILTON-ZGNSOGI,Hilton Garden Inn Zhongshan South,,Hilton Garden Inn,希尔顿花园酒店,hilton-hilton-garden-inn,FULLY_BOOKABLE,Hotel,Hotel,Zhongshan,,,,"No.1 Chengnan 1st Road, South District, Zhongshan, China",,,22.499504,113.369006,+86 760 8898 8888,https://www.hilton.com/en/hotels/zgnsogi-hilton-garden-inn-zhongshan-south/,https://www.hilton.com/zh-hans/hotels/zgnsogi-hilton-garden-inn-zhongshan-south/,,2025-08-06,,,
HILTON-ZGNZDHI,Hilton Zhongshan Downtown,,Hilton Hotels & Resorts,希尔顿酒店及度假村,hilton-hilton-hotels,FULLY_BOOKABLE,Hotel,Hotel,Zhongshan,,,,"16 Zhongshan 3rd Road, Zhongshan, China",,,22.519201,113.389899,+86 760 8888 8888,https://www.hilton.com/en/hotels/zgnzdhi-hilton-zhongshan-downtown/,https://www.hilton.com/zh-hans/hotels/zgnzdhi-hilton-zhongshan-downtown/,,2012-12-18,,,
HILTON-ZHYZGHX,Hampton by Hilton Zhongwei Shapotou,,Hampton by Hilton,希尔顿欢朋,hilton-hampton-by-hilton,FULLY_BOOKABLE,Hotel,Hotel,Zhongwei,,,,"Building 1, Ziyunxindu Plaza, East Gulou Street, Zhongwei, China",,,37.515028,105.201444,+86 955 859 9999,https://www.hilton.com/en/hotels/zhyzghx-hampton-zhongwei-shapotou/,https://www.hilton.com/zh-hans/hotels/zhyzghx-hampton-zhongwei-shapotou/,,2025-08-02,,,
HILTON-ZHYZSGI,Hilton Garden Inn Zhongwei Shapotou,,Hilton Garden Inn,希尔顿花园酒店,hilton-hilton-garden-inn,FULLY_BOOKABLE,Hotel,Hotel,Zhongwei,,,,"419 Yingli South Street, Shapotou District, Ningxia Hui Autonomous Region, Zhongwei, China",,,37.50441,105.18763,+86 955 859 8888,https://www.hilton.com/en/hotels/zhyzsgi-hilton-garden-inn-zhongwei-shapotou/,https://www.hilton.com/zh-hans/hotels/zhyzsgi-hilton-garden-inn-zhongwei-shapotou/,,2025-08-25,,,
HILTON-ZRHZHHX,Hampton by Hilton Zhoukou Chuanhui District,,Hampton by Hilton,希尔顿欢朋,hilton-hampton-by-hilton,FULLY_BOOKABLE,Hotel,Hotel,Zhoukou,,,,"Tower 17, One Waitan, Qingfeng middle Road, Zhoukou, China",,,33.62705064075,114.672555,+86 394 216 8888,https://www.hilton.com/en/hotels/zrhzhhx-hampton-zhoukou-chuanhui-district/,https://www.hilton.com/zh-hans/hotels/zrhzhhx-hampton-zhoukou-chuanhui-district/,,2025-04-27,,,
HILTON-CGOZCGI,Hilton Garden Inn Zhoukou Chuanhui,,Hilton Garden Inn,希尔顿花园酒店,hilton-hilton-garden-inn,FULLY_BOOKABLE,Hotel,Hotel,Zhoukou,,,,"The intersection of Ping'an Road and Renhe Road, Zhoukou, China",,,33.646974,114.709536,+86 394 369 9999,https://www.hilton.com/en/hotels/cgozcgi-hilton-garden-inn-zhoukou-chuanhui/,https://www.hilton.com/zh-hans/hotels/cgozcgi-hilton-garden-inn-zhoukou-chuanhui/,2026-03-17,2026-03-17,,,
HILTON-CGOZKGI,Hilton Garden Inn Zhoukou Huaiyang,,Hilton Garden Inn,希尔顿花园酒店,hilton-hilton-garden-inn,FULLY_BOOKABLE,Hotel,Hotel,Zhoukou,,,,"Xiyuan Road South Side, Xinxing Road East Side, Hanjiang Road North Side, Zhoukou, China",,,33.751535,114.871317,+86 394 878 7666,https://www.hilton.com/en/hotels/cgozkgi-hilton-garden-inn-zhoukou-huaiyang/,https://www.hilton.com/zh-hans/hotels/cgozkgi-hilton-garden-inn-zhoukou-huaiyang/,,2025-02-10,,,
HILTON-HSNDCHX,Hampton by Hilton Zhoushan Daishan,,Hampton by Hilton,希尔顿欢朋,hilton-hampton-by-hilton,FULLY_BOOKABLE,Hotel,Hotel,Zhoushan,,,,"257 Changhe Road, Gaoting Town,, Zhoushan, China",,,30.247657,122.213178,+86 580 779 9888,https://www.hilton.com/en/hotels/hsndchx-hampton-zhoushan-daishan/,https://www.hilton.com/zh-hans/hotels/hsndchx-hampton-zhoushan-daishan/,,2022-11-11,,,
HILTON-HSNZNHX,Hampton by Hilton Zhoushan New Town,,Hampton by Hilton,希尔顿欢朋,hilton-hampton-by-hilton,FULLY_BOOKABLE,Hotel,Hotel,Zhoushan,,,,"Building 1,No.78 Lvdao Road, Zhoushan, China",,,29.976193,122.220245,+86 580 210 0888,https://www.hilton.com/en/hotels/hsnznhx-hampton-zhoushan-new-town/,https://www.hilton.com/zh-hans/hotels/hsnznhx-hampton-zhoushan-new-town/,,2024-02-09,,,
HILTON-HSNOTHX,Hampton by Hilton Zhoushan Putuo,,Hampton by Hilton,希尔顿欢朋,hilton-hampton-by-hilton,FULLY_BOOKABLE,Hotel,Hotel,Zhoushan,,,,"No.1 Shanhai Street,, Zhoushan, China",,,29.968896,122.313516,+86 580 636 3888,https://www.hilton.com/en/hotels/hsnothx-hampton-zhoushan-putuo/,https://www.hilton.com/zh-hans/hotels/hsnothx-hampton-zhoushan-putuo/,,,,,
HILTON-HSNBRHX,Hampton by Hilton Zhoushan Putuo Banshengdong Wharf,,Hampton by Hilton,希尔顿欢朋,hilton-hampton-by-hilton,FULLY_BOOKABLE,Hotel,Hotel,Zhoushan,,,,"Building #12, No. 460 Bingang Road, Zhoushan, China",,,29.949773,122.32386,+86 580 666 6660,https://www.hilton.com/en/hotels/hsnbrhx-hampton-zhoushan-putuo-banshengdong-wharf/,https://www.hilton.com/zh-hans/hotels/hsnbrhx-hampton-zhoushan-putuo-banshengdong-wharf/,,2024-08-14,,,
HILTON-HSNPTGI,Hilton Garden Inn Zhoushan Mount Putuo,,Hilton Garden Inn,希尔顿花园酒店,hilton-hilton-garden-inn,FULLY_BOOKABLE,Hotel,Hotel,Zhoushan,,,,"No. 61, Fayu Road, Putuo Mountain, Zhoushan, China",,,30.002308,122.398043,+86 580 609 0588,https://www.hilton.com/en/hotels/hsnptgi-hilton-garden-inn-zhoushan-mount-putuo/,https://www.hilton.com/zh-hans/hotels/hsnptgi-hilton-garden-inn-zhoushan-mount-putuo/,2025-10-15,2025-10-15,,,
HILTON-HSNZOGI,Hilton Garden Inn Zhoushan Putuo District,,Hilton Garden Inn,希尔顿花园酒店,hilton-hilton-garden-inn,OPENING_SOON,Hotel,Hotel,Zhoushan,,,,"No.2830-2, Haitian Avenue, Zhoushan, China",,,29.97,122.33,+86 580 380 9888,https://www.hilton.com/en/hotels/hsnzogi-hilton-garden-inn-zhoushan-putuo-dongang/,https://www.hilton.com/zh-hans/hotels/hsnzogi-hilton-garden-inn-zhoushan-putuo-dongang/,,2026-07-20,,,
HILTON-HSNZHHI,Hilton Zhoushan,,Hilton Hotels & Resorts,希尔顿酒店及度假村,hilton-hilton-hotels,FULLY_BOOKABLE,Hotel,Hotel,Zhoushan,,,,"777 HaiZhou Road, Zhoushan, China",,,29.9791199276,122.325432532,+86 580 386 6666,https://www.hilton.com/en/hotels/hsnzhhi-hilton-zhoushan/,https://www.hilton.com/zh-hans/hotels/hsnzhhi-hilton-zhoushan/,,2015-09-25,,,
HILTON-ZUHAIDI,DoubleTree by Hilton Zhuhai Hengqin,,DoubleTree by Hilton,希尔顿逸林,hilton-doubletree-by-hilton,FULLY_BOOKABLE,Hotel,Hotel,Zhuhai,,,,"No. 258 Haojiang Road, Hengqin,, Zhuhai, China",,,22.138,113.540126,+86 756 688 9999,https://www.hilton.com/en/hotels/zuhaidi-doubletree-zhuhai-hengqin/,https://www.hilton.com/zh-hans/hotels/zuhaidi-doubletree-zhuhai-hengqin/,,2023-12-18,,,
HILTON-ZUHMGHX,Hampton by Hilton Zhuhai Chengfeng Plaza,,Hampton by Hilton,希尔顿欢朋,hilton-hampton-by-hilton,FULLY_BOOKABLE,Hotel,Hotel,Zhuhai,,,,"1101 Mingzhu South Road,, Zhuhai, China",,,22.2432093926,113.515473729,+86 756 858 5888,https://www.hilton.com/en/hotels/zuhmghx-hampton-zhuhai-chengfeng-plaza/,https://www.hilton.com/zh-hans/hotels/zuhmghx-hampton-zhuhai-chengfeng-plaza/,,,,,
HILTON-MFMZUHX,Hampton by Hilton Zhuhai Doumen,,Hampton by Hilton,希尔顿欢朋,hilton-hampton-by-hilton,FULLY_BOOKABLE,Hotel,Hotel,Zhuhai,,,,"No.17 Baijiao South Road,, Zhuhai, China",,,22.19698,113.304364,+86 756 551 8888,https://www.hilton.com/en/hotels/mfmzuhx-hampton-zhuhai-doumen/,https://www.hilton.com/zh-hans/hotels/mfmzuhx-hampton-zhuhai-doumen/,,,,,
HILTON-ZUHZAHX,Hampton by Hilton Zhuhai Gongbei Port,,Hampton by Hilton,希尔顿欢朋,hilton-hampton-by-hilton,FULLY_BOOKABLE,Hotel,Hotel,Zhuhai,,,,"1025 East Yuehai Road, Zhuhai, China",,,22.2284837852,113.551538159,+86 756 899 8888,https://www.hilton.com/en/hotels/zuhzahx-hampton-zhuhai-gongbei-port/,https://www.hilton.com/zh-hans/hotels/zuhzahx-hampton-zhuhai-gongbei-port/,,,,,
HILTON-MFMZHGI,Hilton Garden Inn Zhuhai Hengqin,,Hilton Garden Inn,希尔顿花园酒店,hilton-hilton-garden-inn,FULLY_BOOKABLE,Hotel,Hotel,Zhuhai,,,,"Bld 2, Hengqin Int'l Innotech Ctr,, Zhuhai, China",,,22.1376049373,113.4683203697,+86 756 812 6888,https://www.hilton.com/en/hotels/mfmzhgi-hilton-garden-inn-zhuhai-hengqin/,https://www.hilton.com/zh-hans/hotels/mfmzhgi-hilton-garden-inn-zhuhai-hengqin/,,2018-12-31,,,
HILTON-MFMHQGI,Hilton Garden Inn Zhuhai Hengqin Sumlodol Park,,Hilton Garden Inn,希尔顿花园酒店,hilton-hilton-garden-inn,FULLY_BOOKABLE,Hotel,Hotel,Zhuhai,,,,"No.2169 Huandao North Road,, Zhuhai, China",,,22.1376049373,113.4683203697,+86 756 628 1888,https://www.hilton.com/en/hotels/mfmhqgi-hilton-garden-inn-zhuhai-hengqin-sumlodol-park/,https://www.hilton.com/zh-hans/hotels/mfmhqgi-hilton-garden-inn-zhuhai-hengqin-sumlodol-park/,,2021-01-29,,,
HILTON-ZUHJNGI,Hilton Garden Inn Zhuhai Jinan University,,Hilton Garden Inn,希尔顿花园酒店,hilton-hilton-garden-inn,FULLY_BOOKABLE,Hotel,Hotel,Zhuhai,,,,"No.348, Yuanming Road, Zhuhai, China",,,22.24561,113.53131,+86 756 866 7666,https://www.hilton.com/en/hotels/zuhjngi-hilton-garden-inn-zhuhai-jinan-university/,https://www.hilton.com/zh-hans/hotels/zuhjngi-hilton-garden-inn-zhuhai-jinan-university/,,2023-06-15,,,
HILTON-ZUHHIHI,Hilton Zhuhai,,Hilton Hotels & Resorts,希尔顿酒店及度假村,hilton-hilton-hotels,FULLY_BOOKABLE,Hotel,Hotel,Zhuhai,,,,"No.2989 Nanwan South Road,, Zhuhai, China",,,22.18976719012,113.52488830668,+86 756 828 2222,https://www.hilton.com/en/hotels/zuhhihi-hilton-zhuhai/,https://www.hilton.com/zh-hans/hotels/zuhhihi-hilton-zhuhai/,,2023-09-23,,,
HILTON-ZUHARHT,Home2 Suites by Hilton Zhuhai Jinwan Airport,,Home2 Suites by Hilton,希尔顿惠庭,hilton-home2-suites,FULLY_BOOKABLE,Hotel,Hotel,Zhuhai,,,,"No. 639, Yulin Road, Sanzao Town, Zhuhai, China",,,22.035135,113.331173,+86 756 776 8888,https://www.hilton.com/en/hotels/zuharht-home2-suites-zhuhai-jinwan/,https://www.hilton.com/zh-hans/hotels/zuharht-home2-suites-zhuhai-jinwan/,,2025-01-27,,,
HILTON-HGHZJGI,Hilton Garden Inn Zhuji East,,Hilton Garden Inn,希尔顿花园酒店,hilton-hilton-garden-inn,FULLY_BOOKABLE,Hotel,Hotel,Zhuji,,,,"No.76, Jidong Road, Zhuji, China",,,29.718251,120.278335,+86 575 8879 9777,https://www.hilton.com/en/hotels/hghzjgi-hilton-garden-inn-zhuji-east/,https://www.hilton.com/zh-hans/hotels/hghzjgi-hilton-garden-inn-zhuji-east/,,2025-08-25,,,
HILTON-LYAZNHX,Hampton by Hilton Zhumadian Sports Center,,Hampton by Hilton,希尔顿欢朋,hilton-hampton-by-hilton,FULLY_BOOKABLE,Hotel,Hotel,Zhumadian,,,,"Southeast of Shenyang Rd and, Zhumadian, China",,,33.018695,113.997332,+86 396 369 2111,https://www.hilton.com/en/hotels/lyaznhx-hampton-zhumadian-sports-center/,https://www.hilton.com/zh-hans/hotels/lyaznhx-hampton-zhumadian-sports-center/,,,,,
HILTON-DHUHUHX,Hampton by Hilton Zhuzhou Hongqi Square,,Hampton by Hilton,希尔顿欢朋,hilton-hampton-by-hilton,FULLY_BOOKABLE,Hotel,Hotel,Zhuzhou,,,,"No.1660 Xintang Rd,, Zhuzhou, China",,,27.861662,113.163249,+86 731 2296 6666,https://www.hilton.com/en/hotels/dhuhuhx-hampton-zhuzhou-hongqi-square/,https://www.hilton.com/zh-hans/hotels/dhuhuhx-hampton-zhuzhou-hongqi-square/,,,,,
HILTON-CSXZHHI,Hilton Zhuzhou,,Hilton Hotels & Resorts,希尔顿酒店及度假村,hilton-hilton-hotels,FULLY_BOOKABLE,Hotel,Hotel,Zhuzhou,,,,"8, Yanjiang Road, Zhuzhou, China",,,27.8404558039,113.143652786,+86 731 2777 9999,https://www.hilton.com/en/hotels/csxzhhi-hilton-zhuzhou/,https://www.hilton.com/zh-hans/hotels/csxzhhi-hilton-zhuzhou/,,2015-12-22,,,
HILTON-TNAZOHX,Hampton by Hilton Zibo Haidai Tower,,Hampton by Hilton,希尔顿欢朋,hilton-hampton-by-hilton,FULLY_BOOKABLE,Hotel,Hotel,Zibo,,,,"No. 66 Zhongrun Avenue West, Zibo, China",,,36.842814,118.016294,+86 533 602 0888,https://www.hilton.com/en/hotels/tnazohx-hampton-zibo-hadai-tower/,https://www.hilton.com/zh-hans/hotels/tnazohx-hampton-zibo-hadai-tower/,,2024-05-22,,,
HILTON-ZHAZMHX,Hampton by Hilton Zibo Zhangdian Badaju,,Hampton by Hilton,希尔顿欢朋,hilton-hampton-by-hilton,FULLY_BOOKABLE,Hotel,Hotel,Zibo,,,,"15 Shifu Dongyi Street,, Zibo, China",,,36.81778964,118.05081581,+86 533 319 3666,https://www.hilton.com/en/hotels/zhazmhx-hampton-zibo-zhangdian-badaju/,https://www.hilton.com/zh-hans/hotels/zhazmhx-hampton-zibo-zhangdian-badaju/,,,,,
HILTON-TNAZIGI,Hilton Garden Inn Zibo Zhangdian,,Hilton Garden Inn,希尔顿花园酒店,hilton-hilton-garden-inn,FULLY_BOOKABLE,Hotel,Hotel,Zibo,,,,"29 Beijing Road, Zibo, China",,,36.828224,118.00067,+86 533 275 5888,https://www.hilton.com/en/hotels/tnazigi-hilton-garden-inn-zibo-zhangdian/,https://www.hilton.com/zh-hans/hotels/tnazigi-hilton-garden-inn-zibo-zhangdian/,,2020-12-30,,,
HILTON-TNAZBHT,Home2 Suites by Hilton Zibo Zhangdian,,Home2 Suites by Hilton,希尔顿惠庭,hilton-home2-suites,FULLY_BOOKABLE,Hotel,Hotel,Zibo,,,,"No. 26 Beitianjin Rd, Fangzhen Town, Zibo, China",,,36.828871,117.973025,+86 533 272 8999,https://www.hilton.com/en/hotels/tnazbht-home2-suites-zibo-zhangdian/,https://www.hilton.com/zh-hans/hotels/tnazbht-home2-suites-zibo-zhangdian/,2025-11-06,2025-11-06,,,
HILTON-YBPDIDI,DoubleTree by Hilton Zigong,,DoubleTree by Hilton,希尔顿逸林,hilton-doubletree-by-hilton,FULLY_BOOKABLE,Hotel,Hotel,Zigong,,,,"No. 222, Dangui South Street, Zigong, China",,,29.31839545,104.77327651,+86 813 288 8888,https://www.hilton.com/en/hotels/ybpdidi-doubletree-zigong/,https://www.hilton.com/zh-hans/hotels/ybpdidi-doubletree-zigong/,2026-02-16,2026-02-16,,,
HILTON-YBPHZGI,Hilton Garden Inn Zigong High-Tech Zone,,Hilton Garden Inn,希尔顿花园酒店,hilton-hilton-garden-inn,FULLY_BOOKABLE,Hotel,Hotel,Zigong,,,,"No.760, Xingchuan South Street,, Zigong, China",,,29.314263,104.787613,+86 813 822 8888,https://www.hilton.com/en/hotels/ybphzgi-hilton-garden-inn-zigong-high-tech-zone/,https://www.hilton.com/zh-hans/hotels/ybphzgi-hilton-garden-inn-zigong-high-tech-zone/,,2023-12-29,,,
HILTON-WMTMTGI,Hilton Garden Inn Guizhou Maotai Town,,Hilton Garden Inn,希尔顿花园酒店,hilton-hilton-garden-inn,FULLY_BOOKABLE,Hotel,Hotel,"Zunyi, Guizhou Province",,,,"No. 98 Hebin Road, Zunyi, Guizhou Province, China",,,27.852197,106.375588,+86 851 2233 5888,https://www.hilton.com/en/hotels/wmtmtgi-hilton-garden-inn-guizhou-maotai-town/,https://www.hilton.com/zh-hans/hotels/wmtmtgi-hilton-garden-inn-guizhou-maotai-town/,,2020-11-23,,,
HILTON-MFMCSCI,Conrad Macao,,Conrad Hotels & Resorts,康莱德酒店及度假村,hilton-conrad-hotels,FULLY_BOOKABLE,Hotel,Hotel,Macao,澳门,,,"Estrada do Istmo. s n Cotai, Macao, Macao",,,22.146775,113.564279,+853 2882 9000,https://www.hilton.com/en/hotels/mfmcsci-conrad-macao/,https://www.hilton.com/zh-hans/hotels/mfmcsci-conrad-macao/,,2012-04-13,,,
HILTON-TPEBSLX,"Hotel Beore Sun Moon Lake, an SLH Hotel",,Small Luxury Hotels of the World,全球奢华精品酒店,hilton-small-luxury-hotels-slh,FULLY_BOOKABLE,Hotel,Hotel,Nantou,,,,"196 Zhongshan Road, Nantou, Taiwan",,,23.866685,120.909324,+886 4 9285 6528,https://www.hilton.com/en/hotels/tpebslx-hotel-beore-sun-moon-lake/,https://www.hilton.com/zh-hans/hotels/tpebslx-hotel-beore-sun-moon-lake/,,2024-07-09,,,
HILTON-TXGEMLX,"The Old England Manor, an SLH Hotel",,Small Luxury Hotels of the World,全球奢华精品酒店,hilton-small-luxury-hotels-slh,FULLY_BOOKABLE,Hotel,Hotel,Nantou,,,,"No 20 to 3 Shouting Lane, Nantou, Taiwan",,,24.037686,121.15888,+886 4 9280 1808,https://www.hilton.com/en/hotels/txgemlx-the-old-england-manor/,https://www.hilton.com/zh-hans/hotels/txgemlx-the-old-england-manor/,,2024-07-09,,,
HILTON-TSATCHI,Hilton Taipei Sinban,,Hilton Hotels & Resorts,希尔顿酒店及度假村,hilton-hilton-hotels,FULLY_BOOKABLE,Hotel,Hotel,New Taipei City,,,,"No.88 Minquan Rd, Banqiao District, New Taipei City, Taiwan",,,25.011858,121.462778,+886 2 2958 3000,https://www.hilton.com/en/hotels/tsatchi-hilton-taipei-sinban/,https://www.hilton.com/zh-hans/hotels/tsatchi-hilton-taipei-sinban/,,2018-10-12,,,
HILTON-TNNSASA,Signia by Hilton Tainan,,Signia by Hilton,希尔顿 Signia,hilton-signia-by-hilton,OPENING_SOON,Hotel,Hotel,Tainan,台南,,,"No. 660, Section 1, Ximen Road,, Tainan, Taiwan",,,22.998046,120.207032,+886 6 236 2323,https://www.hilton.com/en/hotels/tnnsasa-signia-tainan/,https://www.hilton.com/zh-hans/hotels/tnnsasa-signia-tainan/,,2026-11-08,,,
HILTON-TSATPDI,DoubleTree By Hilton Taipei Zhongshan,,DoubleTree by Hilton,希尔顿逸林,hilton-doubletree-by-hilton,FULLY_BOOKABLE,Hotel,Hotel,Taipei,台北,,,"No. 123, Sec. 1, Zhongshan N. Rd, Taipei, Taiwan",,,25.051481,121.522621,+886 2 6619 9999,https://www.hilton.com/en/hotels/tsatpdi-doubletree-taipei-zhongshan/,https://www.hilton.com/zh-hans/hotels/tsatpdi-doubletree-taipei-zhongshan/,,2018-12-28,,,
HILTON-TPEGVLX,"Grand Victoria Hotel, an SLH Hotel",,Small Luxury Hotels of the World,全球奢华精品酒店,hilton-small-luxury-hotels-slh,FULLY_BOOKABLE,Hotel,Hotel,Taipei,台北,,,"No 168 Jingye 4th Road, Taipei, Taiwan",,,25.084617,121.55888,+886 2 8502 0000,https://www.hilton.com/en/hotels/tpegvlx-grand-victoria-hotel/,https://www.hilton.com/zh-hans/hotels/tpegvlx-grand-victoria-hotel/,,2024-07-09,,,
HILTON-TSAUPUP,"Hotel Resonance Taipei, Tapestry Collection by Hilton",,Tapestry by Hilton,希尔顿启缤精选,hilton-tapestry-collection,FULLY_BOOKABLE,Hotel,Hotel,Taipei,台北,,,"No. 7 Linsen S. Rd, Happy Village, Taipei, Taiwan",,,25.0445525,121.523334,+886 2 7752 1888,https://www.hilton.com/en/hotels/tsaupup-hotel-resonance-taipei/,https://www.hilton.com/zh-hans/hotels/tsaupup-hotel-resonance-taipei/,,2020-12-02,,,
HILTON-TSAQQQQ,"Humble House Taipei, Curio Collection by Hilton",,Curio Collection by Hilton,希尔顿格芮精选,hilton-curio-collection,FULLY_BOOKABLE,Hotel,Hotel,Taipei,台北,,,"18 Songgao Road, Xinyi District, Taipei, Taiwan",,,25.03890559227,121.56734824494,+886 2 6631 8000,https://www.hilton.com/en/hotels/tsaqqqq-humble-house-taipei/,https://www.hilton.com/zh-hans/hotels/tsaqqqq-humble-house-taipei/,,2023-12-18,,,
