spiritCode,name_en,name_zh,brand_en,brand_zh,brandKey,hotelStatus,propertyType,gpCategory,city_en,city_zh,province_en,province_zh,address1_en,address1_zh,zipcode,latitude,longitude,phone,propertySiteURL_en,propertySiteURL_zh,bookableDate,openDate,checkinTime,checkoutTime,nonSmoking
AATFI,Fairfield By Marriott Altay City,阿勒泰市万豪万枫酒店,Fairfield Inn & Suites,万枫酒店,FI,OPENING_SOON,hotel,,Altay,阿勒泰,Xinjiang,新疆,"District7, No.215, Tuanjie Road",团结路215号7区,836500,47.822784,88.125639,+86 906 210 8888,https://www.marriott.com/en-us/hotels/aatfi-fairfield-altay-city/overview/,https://www.marriott.com.cn/zh-cn/hotels/aatfi-fairfield-altay-city/overview/,,2026-10-31,15:00,12:00,true
AATJP,Four Points by Sheraton Altay City,阿勒泰市福朋喜来登酒店,Four Points by Sheraton,福朋喜来登酒店,FP,FULLY_BOOKABLE,hotel,,Altay,阿勒泰,Xinjiang,新疆,"District7, No.215, Tuanjie Road",团结路215号7区,836500,47.82277,88.12562,+86 906 211 1111,https://www.marriott.com/en-us/hotels/aatjp-four-points-altay-city/overview/,https://www.marriott.com.cn/zh-cn/hotels/aatjp-four-points-altay-city/overview/,,2026-04-28,15:00,12:00,true
HGHAJ,JW Marriott Hotel Zhejiang Anji,浙江安吉 JW 万豪酒店,JW Marriott,JW万豪酒店,JW,FULLY_BOOKABLE,resort,,Anji,安吉,Zhejiang,浙江,No 1 Raocheng South Line,绕城南线 1 号,313300,30.614168,119.707498,+86 572 561 8888,https://www.marriott.com/en-us/hotels/hghaj-jw-marriott-hotel-zhejiang-anji/overview/,https://www.marriott.com.cn/zh-cn/hotels/hghaj-jw-marriott-hotel-zhejiang-anji/overview/,,2015-05-18,15:00,12:00,true
AVAHU,"Four Points by Sheraton Anshun, Huangguoshu",安顺黄果树福朋喜来登酒店,Four Points by Sheraton,福朋喜来登酒店,FP,FULLY_BOOKABLE,hotel,,Anshun,安顺,Guizhou,贵州,"230 Boyuan Road, Guizhou Province",贵州省博园路 230 号,561000,26.00319,105.687964,+86 851 3227 7777,https://www.marriott.com/en-us/hotels/avahu-four-points-anshun-huangguoshu/overview/,https://www.marriott.com.cn/zh-cn/hotels/avahu-four-points-anshun-huangguoshu/overview/,,2025-01-18,15:00,12:00,false
LHWFB,Fairfield by Marriott Baiyin Downtown,白银万枫酒店,Fairfield Inn & Suites,万枫酒店,FI,FULLY_BOOKABLE,hotel,,Baiyin,白银,Gansu,甘肃,"No. 189 Fangzhi Road, Baiyin District",白银区纺织路 189 号,,36.5439214,104.158976,+86 943 883 5666,https://www.marriott.com/en-us/hotels/lhwfb-fairfield-baiyin-downtown/overview/,https://www.marriott.com.cn/zh-cn/hotels/lhwfb-fairfield-baiyin-downtown/overview/,,2021-12-31,15:00,12:00,false
SJWFI,Fairfield by Marriott Baoding High-Tech Zone,保定高新区万枫酒店,Fairfield Inn & Suites,万枫酒店,FI,FULLY_BOOKABLE,hotel,,Baoding,保定,Hebei,河北,"No.9, Huaguang Road, High-Tech Development Zone",高新区华光路 9 号,071000,38.924279,115.445072,+86 312 595 5588,https://www.marriott.com/en-us/hotels/sjwfi-fairfield-baoding-high-tech-zone/overview/,https://www.marriott.com.cn/zh-cn/hotels/sjwfi-fairfield-baoding-high-tech-zone/overview/,,2020-06-18,14:00,14:00,false
BJSXF,Fairfield by Marriott Xiong'an,雄安万豪万枫酒店,Fairfield Inn & Suites,万枫酒店,FI,FULLY_BOOKABLE,hotel,,Baoding,保定,Hebei,河北,"Wucheng Road, Yanling Street, Xiong'an",雄安鄢陵街坞城路,070001,39.034087,115.95357,+86 312 567 6666,https://www.marriott.com/en-us/hotels/bjsxf-fairfield-xiongan/overview/,https://www.marriott.com.cn/zh-cn/hotels/bjsxf-fairfield-xiongan/overview/,,2025-08-21,14:00,12:00,true
BAVMC,Baotou Marriott Hotel,包头茂业万豪酒店,Marriott Hotels & Resorts,万豪酒店,MC,FULLY_BOOKABLE,hotel,,Baotou,包头,Nei Mongol,内蒙古,"31 Gang Tie Street, Kundulun District",昆都仑区钢铁大街 31 号,014010,40.65797,109.836734,+86 472 622 8888,https://www.marriott.com/en-us/hotels/bavmc-baotou-marriott-hotel/overview/,https://www.marriott.com.cn/zh-cn/hotels/bavmc-baotou-marriott-hotel/overview/,,2021-01-09,15:00,12:00,false
BHYMC,Beihai Marriott Resort,北海万豪度假酒店,Marriott Hotels & Resorts,万豪酒店,MC,FULLY_BOOKABLE,resort,,Beihai,北海,Guangxi,广西,"No.118 Yintan Third Road, YinHai District Guangxi Zhuang Autonomous",广西壮族自治区银海区银滩三号路 118 号,536000,21.4041598,109.159084,+86 779 687 7777,https://www.marriott.com/en-us/hotels/bhymc-beihai-marriott-resort/overview/,https://www.marriott.com.cn/zh-cn/hotels/bhymc-beihai-marriott-resort/overview/,,2024-12-21,15:00,12:00,true
BHYSI,Sheraton Beihai Resort,北海喜来登度假酒店,Sheraton,喜来登酒店,SI,FULLY_BOOKABLE,resort,,Beihai,北海,Guangxi,广西,"Seaview Avenue, Yinhai District, Guangxi Zhuang Autonomous Region",广西壮族自治区银海区海景大道,536009,21.442713,109.052101,+86 779 866 6666,https://www.marriott.com/en-us/hotels/bhysi-sheraton-beihai-resort/overview/,https://www.marriott.com.cn/zh-cn/hotels/bhysi-sheraton-beihai-resort/overview/,,2023-04-28,15:00,12:00,true
BJSHL,Aloft Beijing Huairou,北京怀柔雅乐轩酒店,Aloft Hotels,雅乐轩酒店,AL,FULLY_BOOKABLE,hotel,,Beijing,北京,,,"Building No 3, Compound No 9, Yong Le North 2 Street, Huairou District",怀柔区永乐北二街 9 号院 3 号楼,101407,40.381652,116.690116,+86 10 5673 6666,https://www.marriott.com/en-us/hotels/bjshl-aloft-beijing-huairou/overview/,https://www.marriott.com.cn/zh-cn/hotels/bjshl-aloft-beijing-huairou/overview/,,2024-01-31,15:00,12:00,true
BJSAL,"Aloft Beijing, Haidian",北京海淀雅乐轩酒店,Aloft Hotels,雅乐轩酒店,AL,FULLY_BOOKABLE,hotel,,Beijing,北京,Beijing,北京,"Tower 2 No. 25 Yuanda Road, Haidian District",海淀区远大路 25 号 2 座,100097,39.95803,116.279068,+86 10 8889 8000,https://www.marriott.com/en-us/hotels/bjsal-aloft-beijing-haidian/overview/,https://www.marriott.com.cn/zh-cn/hotels/bjsal-aloft-beijing-haidian/overview/,,2008-11-01,15:00,12:00,true
BJSBG,Bvlgari Hotel Beijing,北京宝格丽酒店,Bvlgari,宝格丽,BG,FULLY_BOOKABLE,hotel,,Beijing,北京,,,"Building 2 Courtyard No 8 Xinyuan South Road, Chaoyang District",朝阳区新源南路 8 号院 2 号楼,100027,39.948417,116.457333,+86 10 8555 8555,https://www.marriott.com/en-us/hotels/bjsbg-bvlgari-hotel-beijing/overview/,https://www.marriott.com.cn/zh-cn/hotels/bjsbg-bvlgari-hotel-beijing/overview/,,2017-09-25,15:00,12:00,true
BJSYC,Courtyard By Marriott Beijing Yanqing,北京延庆万怡酒店,Courtyard,万怡酒店,CY,OPENING_SOON,hotel,,Beijing,北京,,,"Yard No 92, Xincheng Street, Yanqing District",延庆区新城街 92 号院,102100,40.47638,115.98379,+86 10 5786 6666,https://www.marriott.com/en-us/hotels/bjsyc-courtyard-beijing-yanqing/overview/,https://www.marriott.com.cn/zh-cn/hotels/bjsyc-courtyard-beijing-yanqing/overview/,,2026-06-01,15:00,12:00,false
BJSBP,Courtyard by Marriott Beijing Changping,北京未来科学城万怡酒店,Courtyard,万怡酒店,CY,FULLY_BOOKABLE,hotel,,Beijing,北京,Beijing,北京,"101 No.2 Building Binhe Road, Changping District",昌平区滨河路 101 号 2 座,102200,40.126542,116.480346,+86 10 8975 9999,https://www.marriott.com/en-us/hotels/bjsbp-courtyard-beijing-changping/overview/,https://www.marriott.com.cn/zh-cn/hotels/bjsbp-courtyard-beijing-changping/overview/,,2023-10-17,15:00,12:00,true
BJSHE,Element Beijing Huairou,北京怀柔源宿酒店,Element Hotels,源宿酒店,EL,OPENING_SOON,hotel,,Beijing,北京,Beijing,北京,"No.1576, 460 Jingjia Road, Huabei Town, Huairou District",怀柔区怀北镇京加路460号1576,101407,40.375127,116.696568,,https://www.marriott.com/en-us/hotels/bjshe-element-beijing-huairou/overview/,https://www.marriott.com.cn/zh-cn/hotels/bjshe-element-beijing-huairou/overview/,,2026-07-01,15:00,12:00,true
BJSPE,Fairfield by Marriott Beijing Capital Airport,北京首都机场万豪万枫酒店,Fairfield Inn & Suites,万枫酒店,FI,FULLY_BOOKABLE,hotel,,Beijing,北京,Beijing,北京,"No.17 Fuqian First Street, Shunyi District",顺义区府前一街17号,101312,40.0619347,116.5784488,+86 10 6458 5888,https://www.marriott.com/en-us/hotels/bjspe-fairfield-beijing-capital-airport/overview/,https://www.marriott.com.cn/zh-cn/hotels/bjspe-fairfield-beijing-capital-airport/overview/,,2025-11-22,15:00,12:00,true
BJSDA,Fairfield by Marriott Beijing Daxing Airport,北京大兴机场万枫酒店,Fairfield Inn & Suites,万枫酒店,FI,FULLY_BOOKABLE,hotel,,Beijing,北京,,,"Building 3, Yard 6, Yuanjingxi 2nd Road, Daxing District",大兴区苑景西二路 6 号院 3 栋,102603,39.525854,116.410808,+86 10 5087 5888,https://www.marriott.com/en-us/hotels/bjsda-fairfield-beijing-daxing-airport/overview/,https://www.marriott.com.cn/zh-cn/hotels/bjsda-fairfield-beijing-daxing-airport/overview/,,2023-07-30,14:00,12:00,true
BJSFH,Fairfield by Marriott Beijing Haidian,北京海淀万豪万枫酒店,Fairfield Inn & Suites,万枫酒店,FI,FULLY_BOOKABLE,hotel,,Beijing,北京,,,"Intersection of Sanxingzhuang Road and Daoxianghu Road, Haidian District",海淀区三星庄路和稻香湖路交汇处,100194,40.080302,116.187284,+86 10 6097 6688,https://www.marriott.com/en-us/hotels/bjsfh-fairfield-beijing-haidian/overview/,https://www.marriott.com.cn/zh-cn/hotels/bjsfh-fairfield-beijing-haidian/overview/,,2020-12-22,15:00,12:00,true
BJSFO,Fairfield by Marriott Beijing Olympic Sports Center,北京奥体中心万枫酒店,Fairfield Inn & Suites,万枫酒店,FI,FULLY_BOOKABLE,hotel,,Beijing,北京,Beijing,北京,"Building 1, 2 Anxiang Road, Chaoyang District",朝阳区安翔路 2 号 1 幢,100000,39.99044755052895,116.38550246321955,+86 10 6488 6988,https://www.marriott.com/en-us/hotels/bjsfo-fairfield-beijing-olympic-sports-center/overview/,https://www.marriott.com.cn/zh-cn/hotels/bjsfo-fairfield-beijing-olympic-sports-center/overview/,,2024-09-03,15:00,12:00,true
BJSPF,Four Points by Sheraton Beijing Fangshan,北京房山福朋喜来登酒店,Four Points by Sheraton,福朋喜来登酒店,FP,OPENING_SOON,hotel,,Beijing,北京,,,"Builiding 1,Yard 3 ,Yihe North Road, Changyang Town,Fangshan District",房山区长阳镇怡和北路3号院1号楼,102442,39.76178,116.21372,,https://www.marriott.com/en-us/hotels/bjspf-four-points-beijing-fangshan/overview/,https://www.marriott.com.cn/zh-cn/hotels/bjspf-four-points-beijing-fangshan/overview/,,2027-01-30,15:00,12:00,true
BJSPS,Four Points by Sheraton Beijing Sanlitun Workers Stadium,北京三里屯工体福朋喜来登酒店,Four Points by Sheraton,福朋喜来登酒店,FP,FULLY_BOOKABLE,hotel,,Beijing,北京,,,"No.20,Gongti East Road,Chaoyang District",朝阳区工体东路20号,100020,39.92456956,116.4509949,+86 10 6516 0888,https://www.marriott.com/en-us/hotels/bjsps-four-points-beijing-sanlitun-workers-stadium/overview/,https://www.marriott.com.cn/zh-cn/hotels/bjsps-four-points-beijing-sanlitun-workers-stadium/overview/,,2025-08-29,15:00,12:00,true
BJSWS,Four Points by Sheraton Beijing West Station,北京西站福朋喜来登酒店,Four Points by Sheraton,福朋喜来登酒店,FP,FULLY_BOOKABLE,hotel,,Beijing,北京,,,"132 Lianhuachi Road East, Fengtai District",丰台区莲花池东路132号,100055,39.8959,116.31141,+86 10 6623 0399,https://www.marriott.com/en-us/hotels/bjsws-four-points-beijing-west-station/overview/,https://www.marriott.com.cn/zh-cn/hotels/bjsws-four-points-beijing-west-station/overview/,,2026-04-10,15:00,12:00,true
BJSIP,Four Points by Sheraton Beijing Xidan,北京西单福朋喜来登酒店,Four Points by Sheraton,福朋喜来登酒店,FP,OPENING_SOON,hotel,,Beijing,北京,Beijing,北京,"Building 13,Huayuan Street, Xicheng District",西城区花园街13号楼,100032,39.909242,116.371355,,https://www.marriott.com/en-us/hotels/bjsip-four-points-beijing-xidan/overview/,https://www.marriott.com.cn/zh-cn/hotels/bjsip-four-points-beijing-xidan/overview/,,2027-01-31,15:00,12:00,true
BJSFP,"Four Points by Sheraton Beijing, Haidian Hotel & Serviced Apartments",北京海淀永泰福朋喜来登酒店及服务公寓,Four Points by Sheraton,福朋喜来登酒店,FP,FULLY_BOOKABLE,hotel,,Beijing,北京,Beijing,北京,"Tower 1, 25 Yuanda Road, Haidian District",海淀区远大路 25 号 1 座,100097,39.95742,116.27932,+86 10 8889 8888,https://www.marriott.com/en-us/hotels/bjsfp-four-points-beijing-haidian-hotel-and-serviced-apartments/overview/,https://www.marriott.com.cn/zh-cn/hotels/bjsfp-four-points-beijing-haidian-hotel-and-serviced-apartments/overview/,,2008-08-01,15:00,12:00,false
BJSRP,"Four Points by Sheraton Beijing, South Railway Station",北京南站福朋喜来登酒店,Four Points by Sheraton,福朋喜来登酒店,FP,OPENING_SOON,hotel,,Beijing,北京,Beijing,北京,"No. 1 Building, 2nd Courtyard, Youwai West Road, Fengtai District, Beijing",北京丰台区右外西路2号院1楼,100069,39.85603133526187,116.36325035085798,+86 10 8375 2388,https://www.marriott.com/en-us/hotels/bjsrp-four-points-beijing-south-railway-station/overview/,https://www.marriott.com.cn/zh-cn/hotels/bjsrp-four-points-beijing-south-railway-station/overview/,,2026-08-30,15:00,12:00,true
BJSJW,JW Marriott Hotel Beijing,北京 JW 万豪酒店,JW Marriott,JW万豪酒店,JW,FULLY_BOOKABLE,hotel,,Beijing,北京,Beijing,北京,"83 Jian Guo Road, Chaoyang District",朝阳区建国路 83 号,100025,39.91019,116.48198,+86 10 5908 6688,https://www.marriott.com/en-us/hotels/bjsjw-jw-marriott-hotel-beijing/overview/,https://www.marriott.com.cn/zh-cn/hotels/bjsjw-jw-marriott-hotel-beijing/overview/,,2007-11-22,14:00,12:00,true
BJSJC,JW Marriott Hotel Beijing Central,北京粤财 JW 万豪酒店,JW Marriott,JW万豪酒店,JW,FULLY_BOOKABLE,hotel,,Beijing,北京,Beijing,北京,"18 Xuanwumenwai Street, Xicheng District",西城区宣外大街 18 号,100052,39.8954699275211,116.37563750688759,+86 10 6391 6666,https://www.marriott.com/en-us/hotels/bjsjc-jw-marriott-hotel-beijing-central/overview/,https://www.marriott.com.cn/zh-cn/hotels/bjsjc-jw-marriott-hotel-beijing-central/overview/,,2014-06-26,14:00,12:00,true
BJSJD,JW Marriott Hotel Beijing Dongzhimen,北京东直门JW万豪酒店,JW Marriott,JW万豪酒店,JW,OPENING_SOON,hotel,,Beijing,北京,Beijing,北京,"No. 7, Dongzhimenwai Xiejie, Dongcheng District",东城区东直门外斜街7号,100028,39.9439398,116.438543,,https://www.marriott.com/en-us/hotels/bjsjd-jw-marriott-hotel-beijing-dongzhimen/overview/,https://www.marriott.com.cn/zh-cn/hotels/bjsjd-jw-marriott-hotel-beijing-dongzhimen/overview/,,2027-01-15,15:00,12:00,true
BJSIM,"The Imperial Mansion, Beijing Marriott Executive Apartments",北京万豪行政公寓,Marriott Executive Apartments,万豪行政公寓,ER,FULLY_BOOKABLE,hotel,,Beijing,北京,Beijing,北京,"North Gate, No 1 Xiagongfu Street, Dongcheng District",东城区霞公府街 1 号北门,100004,39.909925,116.409163,+86 10 6564 9999,https://www.marriott.com/en-us/hotels/bjsim-the-imperial-mansion-beijing-marriott-executive-apartments/overview/,https://www.marriott.com.cn/zh-cn/hotels/bjsim-the-imperial-mansion-beijing-marriott-executive-apartments/overview/,,2012-10-26,14:00,12:00,true
BJSSW,"The Sandalwood, Beijing - Marriott Executive Apartments",北京紫檀万豪行政公寓,Marriott Executive Apartments,万豪行政公寓,ER,FULLY_BOOKABLE,hotel,,Beijing,北京,Beijing,北京,"23 Jian Guo Road, Chaoyang District",朝阳区建国路 23 号,100123,39.912064,116.525832,+86 10 8557 8888,https://www.marriott.com/en-us/hotels/bjssw-the-sandalwood-beijing-marriott-executive-apartments/overview/,https://www.marriott.com.cn/zh-cn/hotels/bjssw-the-sandalwood-beijing-marriott-executive-apartments/overview/,,2009-08-13,14:00,12:00,true
BJSCP,Beijing Marriott Hotel Changping,北京乐多港万豪酒店,Marriott Hotels & Resorts,万豪酒店,MC,FULLY_BOOKABLE,resort,,Beijing,北京,,,"29 Nan Kou Road, Cheng Nan Street, Changping District",昌平区城南街道南口路 29 号,102200,40.23264,116.18889,+86 10 8191 8888,https://www.marriott.com/en-us/hotels/bjscp-beijing-marriott-hotel-changping/overview/,https://www.marriott.com.cn/zh-cn/hotels/bjscp-beijing-marriott-hotel-changping/overview/,,2018-08-03,15:00,12:00,true
BJSHM,Beijing Marriott Hotel Huairou,北京怀柔万豪酒店,Marriott Hotels & Resorts,万豪酒店,MC,FULLY_BOOKABLE,hotel,,Beijing,北京,Beijing,北京,"Building 12, No. 3, Yongle North First Street, Huairou District",怀柔区永乐北一街3号12栋,101407,40.369488,116.673163,+86 10 5661 6666,https://www.marriott.com/en-us/hotels/bjshm-beijing-marriott-hotel-huairou/overview/,https://www.marriott.com.cn/zh-cn/hotels/bjshm-beijing-marriott-hotel-huairou/overview/,,2025-03-02,15:00,12:00,true
BJSES,Beijing Marriott Hotel Northeast,北京海航大厦万豪酒店,Marriott Hotels & Resorts,万豪酒店,MC,FULLY_BOOKABLE,hotel,,Beijing,北京,,,"26A Xiao Yun Road, Chaoyang District",朝阳区霄云路甲 26 号,100125,39.959861,116.4673626,+86 10 5927 8888,https://www.marriott.com/en-us/hotels/bjses-beijing-marriott-hotel-northeast/overview/,https://www.marriott.com.cn/zh-cn/hotels/bjses-beijing-marriott-hotel-northeast/overview/,,2009-03-31,14:00,12:00,true
BJSMY,Beijing Marriott Hotel Yanqing,北京延庆万豪酒店,Marriott Hotels & Resorts,万豪酒店,MC,FULLY_BOOKABLE,hotel,,Beijing,北京,,,"Yard No 92, Xincheng Street, Yanqing District",延庆区新城街 92 号院,102100,40.47638,115.98379,+86 10 5786 6666,https://www.marriott.com/en-us/hotels/bjsmy-beijing-marriott-hotel-yanqing/overview/,https://www.marriott.com.cn/zh-cn/hotels/bjsmy-beijing-marriott-hotel-yanqing/overview/,,2021-08-29,15:00,12:00,true
BJSMQ,Beijing Marriott Marquis Hotel,北京北辰万豪侯爵酒店,Marriott Hotels & Resorts,万豪酒店,MC,OPENING_SOON,hotel,,Beijing,北京,Beijing,北京,"Jia NO6. B Beichen West Street, Chaoyang District",朝阳区北辰西街甲6B号,,40.0047,116.3868,,https://www.marriott.com/en-us/hotels/bjsmq-beijing-marriott-marquis-hotel/overview/,https://www.marriott.com.cn/zh-cn/hotels/bjsmq-beijing-marriott-marquis-hotel/overview/,,2026-09-01,15:00,12:00,true
BJSBC,Renaissance Beijing Capital Hotel,北京富力万丽酒店,Renaissance Hotels,万丽酒店,BR,FULLY_BOOKABLE,hotel,,Beijing,北京,Beijing,北京,"61 Dongsanhuan Middle Road, Chaoyang District",朝阳区东三环中路 61 号,100022,39.897967,116.460698,+86 10 5863 8888,https://www.marriott.com/en-us/hotels/bjsbc-renaissance-beijing-capital-hotel/overview/,https://www.marriott.com.cn/zh-cn/hotels/bjsbc-renaissance-beijing-capital-hotel/overview/,,2008-08-01,15:00,12:00,true
BJSHR,Renaissance Beijing Haidian Hotel,北京中关村东升科技园万丽酒店,Renaissance Hotels,万丽酒店,BR,FULLY_BOOKABLE,hotel,,Beijing,北京,Beijing,北京,"8-6 Dongsheng Science and Technology Park, Haidian District",海淀区东升科技园北街 8 号 6 栋,100096,40.049864,116.357711,+86 10 5080 6666,https://www.marriott.com/en-us/hotels/bjshr-renaissance-beijing-haidian-hotel/overview/,https://www.marriott.com.cn/zh-cn/hotels/bjshr-renaissance-beijing-haidian-hotel/overview/,,2024-05-21,15:00,12:00,true
BJSWF,Renaissance Beijing Wangfujing Hotel,北京金茂万丽酒店,Renaissance Hotels,万丽酒店,BR,FULLY_BOOKABLE,hotel,,Beijing,北京,Beijing,北京,"57 Wangfujing Street, Dongcheng District",东城区王府井大街 57 号,100006,39.921223,116.41007,+86 10 6520 8888,https://www.marriott.com/en-us/hotels/bjswf-renaissance-beijing-wangfujing-hotel/overview/,https://www.marriott.com.cn/zh-cn/hotels/bjswf-renaissance-beijing-wangfujing-hotel/overview/,,2014-09-01,14:00,12:00,true
BJSSH,Sheraton Beijing Huairou Hotel,北京怀柔益田喜来登酒店,Sheraton,喜来登酒店,SI,OPENING_SOON,hotel,,Beijing,北京,,,Long Zhao Shu Lu,龙爪树路,,40.290841,116.676001,,https://www.marriott.com/en-us/hotels/bjssh-sheraton-beijing-huairou-hotel/overview/,https://www.marriott.com.cn/zh-cn/hotels/bjssh-sheraton-beijing-huairou-hotel/overview/,,2026-09-16,,,false
BJSSL,Sheraton Beijing Lize Hotel,北京新青海喜来登酒店,Sheraton,喜来登酒店,SI,FULLY_BOOKABLE,hotel,,Beijing,北京,,,"Building No.1, Compound No.8, Xiying Street, Fengtai District",丰台区西营街 8 号院 1 栋,100073,39.86376055813569,116.32254145572882,+86 10 6339 8888,https://www.marriott.com/en-us/hotels/bjssl-sheraton-beijing-lize-hotel/overview/,https://www.marriott.com.cn/zh-cn/hotels/bjssl-sheraton-beijing-lize-hotel/overview/,,2019-12-13,14:00,12:00,true
BJSDO,Sheraton Grand Beijing Dongcheng Hotel,北京金隅喜来登大酒店,Sheraton,喜来登酒店,SI,FULLY_BOOKABLE,hotel,,Beijing,北京,Beijing,北京,"36 North Third Ring Road East, Dongcheng District",东城区北三环东路 36 号,100013,39.9671,116.40832,+86 10 5798 8888,https://www.marriott.com/en-us/hotels/bjsdo-sheraton-grand-beijing-dongcheng-hotel/overview/,https://www.marriott.com.cn/zh-cn/hotels/bjsdo-sheraton-grand-beijing-dongcheng-hotel/overview/,,2011-10-08,15:00,12:00,true
BJSXR,The St. Regis Beijing,北京瑞吉酒店,St. Regis,瑞吉酒店,XR,FULLY_BOOKABLE,hotel,,Beijing,北京,Beijing,北京,21 Jianguomenwai Dajie,建国门外大街 21 号,100020,39.910847,116.440155,+86 10 6460 6688,https://www.marriott.com/en-us/hotels/bjsxr-the-st-regis-beijing/overview/,https://www.marriott.com.cn/zh-cn/hotels/bjsxr-the-st-regis-beijing/overview/,,1997-10-06,15:00,12:00,true
BJSFS,"The Ritz-Carlton Beijing, Financial Street",北京金融街丽思卡尔顿酒店,The Ritz-Carlton,丽思卡尔顿酒店,RZ,FULLY_BOOKABLE,hotel,,Beijing,北京,Beijing,北京,"1 Jin Cheng Fang Street East, Financial Street",金融街，金城坊东街 1 号,100033,39.9153673,116.3624485,+86 10 6601 6666,https://www.marriott.com/en-us/hotels/bjsfs-the-ritz-carlton-beijing-financial-street/overview/,https://www.marriott.com.cn/zh-cn/hotels/bjsfs-the-ritz-carlton-beijing-financial-street/overview/,,2006-10-14,14:00,12:00,true
BJSZN,"The Ritz-Carlton Beijing, North",北京北辰丽思卡尔顿酒店,The Ritz-Carlton,丽思卡尔顿酒店,RZ,OPENING_SOON,hotel,,Beijing,北京,Beijing,北京,"Jia NO.6A Beichen West Street, Chaoyang District",朝阳区北辰西街甲6A号,100020,40.0096,116.387,,https://www.marriott.com/en-us/hotels/bjszn-the-ritz-carlton-beijing-north/overview/,https://www.marriott.com.cn/zh-cn/hotels/bjszn-the-ritz-carlton-beijing-north/overview/,,2026-09-30,15:00,12:00,true
BJSRZ,"The Ritz-Carlton, Beijing",北京丽思卡尔顿酒店,The Ritz-Carlton,丽思卡尔顿酒店,RZ,FULLY_BOOKABLE,hotel,,Beijing,北京,Beijing,北京,"83A Jian Guo Road, China Central Place, Chaoyang District",朝阳区建国路甲 83A 华贸中心,100025,39.910619,116.480779,+86 10 5908 8888,https://www.marriott.com/en-us/hotels/bjsrz-the-ritz-carlton-beijing/overview/,https://www.marriott.com.cn/zh-cn/hotels/bjsrz-the-ritz-carlton-beijing/overview/,,2007-12-12,14:00,12:00,true
BJSFW,The Westin Beijing Financial Street,北京金融街威斯汀大酒店,Westin Hotels & Resorts,威斯汀酒店及度假村,WI,FULLY_BOOKABLE,hotel,,Beijing,北京,Beijing,北京,"9C Financial Street, XiCheng District",西城区金融街丙 9 号,100140,39.9174701,116.3594824,+86 10 6606 8866,https://www.marriott.com/en-us/hotels/bjsfw-the-westin-beijing-financial-street/overview/,https://www.marriott.com.cn/zh-cn/hotels/bjsfw-the-westin-beijing-financial-street/overview/,,2006-10-17,15:00,12:00,true
HFEBL,Fairfield by Marriott Bengbu Longzihu,蚌埠龙子湖万豪万枫酒店,Fairfield Inn & Suites,万枫酒店,FI,OPENING_SOON,hotel,,Bengbu,蚌埠,Anhui,安徽,"No.890 Yanhuai Road , Longzihu District",龙子湖区燕淮路890号,233060,32.9538371,117.376375,+86 552 301 3333,https://www.marriott.com/en-us/hotels/hfebl-fairfield-bengbu-longzihu/overview/,https://www.marriott.com.cn/zh-cn/hotels/hfebl-fairfield-bengbu-longzihu/overview/,,2027-01-01,15:00,12:00,true
BFJFI,Fairfield by Marriott Bijie,毕节越秀万豪万枫酒店,Fairfield Inn & Suites,万枫酒店,FI,FULLY_BOOKABLE,hotel,,Bijie,毕节,Guizhou,贵州,"Dashui Community, Pengcheng Street, Baili Azalea Management Area",酒店位于百里杜鹃管理区鹏程街大水社区,551600,27.2269476,105.8408689,+86 857 711 8888,https://www.marriott.com/en-us/hotels/bfjfi-fairfield-bijie/overview/,https://www.marriott.com.cn/zh-cn/hotels/bfjfi-fairfield-bijie/overview/,,2023-10-31,15:00,12:00,false
BPLAC,AC Hotel Xinjiang Sayram Lake,新疆赛里木湖AC酒店,AC Hotels,AC酒店,AR,FULLY_BOOKABLE,hotel,,Bole,Bole,Xinjiang,新疆,Sayram Lake Scenic Management District,赛里木湖景区管理处,833400,44.61911403,81.3848543,+86 909 699 9999,https://www.marriott.com/en-us/hotels/bplac-ac-hotel-xinjiang-sayram-lake/overview/,https://www.marriott.com.cn/zh-cn/hotels/bplac-ac-hotel-xinjiang-sayram-lake/overview/,,2025-11-14,15:00,12:00,true
YNJSI,Sheraton Changbaishan Resort,长白山万达喜来登度假酒店,Sheraton,喜来登酒店,SI,FULLY_BOOKABLE,resort,,Changbaishan,长白山,Jilin,吉林,"No. 369 Baiyun Road, Changbaishan International Resort, Fusong County",抚松县长白山国际度假区白云路 369 号,134504,42.100444,127.507816,+86 439 698 6888,https://www.marriott.com/en-us/hotels/ynjsi-sheraton-changbaishan-resort/overview/,https://www.marriott.com.cn/zh-cn/hotels/ynjsi-sheraton-changbaishan-resort/overview/,,2012-07-29,15:00,12:00,false
TNHWI,The Westin Changbaishan Resort,长白山万达威斯汀度假酒店,Westin Hotels & Resorts,威斯汀酒店及度假村,WI,FULLY_BOOKABLE,resort,,Changbaishan,长白山,Jilin,吉林,"No. 333 Baiyun Road, Changbaishan International Resort",长白山国际度假区白云路 333 号,134504,42.101192,127.509324,+86 439 698 6999,https://www.marriott.com/en-us/hotels/tnhwi-the-westin-changbaishan-resort/overview/,https://www.marriott.com.cn/zh-cn/hotels/tnhwi-the-westin-changbaishan-resort/overview/,,2012-07-29,15:00,12:00,true
CGQCY,Courtyard by Marriott Changchun,长春保利万怡酒店,Courtyard,万怡酒店,CY,FULLY_BOOKABLE,hotel,,Changchun,长春,Jilin,吉林,"No 7847 Xihu Avenue, Auto Economic and Technological Development Zone",汽车经济技术开发区西湖大路 7847 号,130000,43.82988,125.18961,+86 431 8295 5555,https://www.marriott.com/en-us/hotels/cgqcy-courtyard-changchun/overview/,https://www.marriott.com.cn/zh-cn/hotels/cgqcy-courtyard-changchun/overview/,,2022-06-30,14:00,12:00,true
CGQCF,Fairfield by Marriott Changchun Chaoyang,长春朝阳万豪万枫酒店,Fairfield Inn & Suites,万枫酒店,FI,FULLY_BOOKABLE,hotel,,Changchun,长春,Jilin,吉林,"No.121,Renmin Avenue, Chaoyang District",朝阳区人民路121号,130024,43.842611,125.3251467,+86 431 8265 5999,https://www.marriott.com/en-us/hotels/cgqcf-fairfield-changchun-chaoyang/overview/,https://www.marriott.com.cn/zh-cn/hotels/cgqcf-fairfield-changchun-chaoyang/overview/,,2026-04-02,15:00,12:00,true
CGQJF,Fairfield by Marriott Changchun Jingyue High-Tech Zone,长春伟峰万豪万枫酒店,Fairfield Inn & Suites,万枫酒店,FI,FULLY_BOOKABLE,hotel,,Changchun,长春,Jilin,吉林,"No.1946, Tulip Street, Jingyue District",净月区郁金香街1946号,130118,43.769845,125.416077,+86 431 8185 5777,https://www.marriott.com/en-us/hotels/cgqjf-fairfield-changchun-jingyue-high-tech-zone/overview/,https://www.marriott.com.cn/zh-cn/hotels/cgqjf-fairfield-changchun-jingyue-high-tech-zone/overview/,,2025-12-23,14:00,12:00,true
CGQUW,Four Points by Sheraton Changchun West,长春汽开区福朋喜来登酒店,Four Points by Sheraton,福朋喜来登酒店,FP,FULLY_BOOKABLE,hotel,,Changchun,长春,Jilin,吉林,"West Huancheng Road, Luyuan District",绿园区环城西路,130062,43.871429,125.240407,+86 431 8576 5666,https://www.marriott.com/en-us/hotels/cgquw-four-points-changchun-west/overview/,https://www.marriott.com.cn/zh-cn/hotels/cgquw-four-points-changchun-west/overview/,,2024-11-08,15:00,12:00,true
CGQFP,"Four Points by Sheraton Changchun, Hi-Tech Zone",长春高新益田福朋喜来登酒店,Four Points by Sheraton,福朋喜来登酒店,FP,FULLY_BOOKABLE,hotel,,Changchun,长春,Jilin,吉林,"No. 5666 Guigu Street, Hi-Tech Zone",高新区硅谷大街 5666 号,130000,43.80244487,125.2403579,+86 431 8186 1111,https://www.marriott.com/en-us/hotels/cgqfp-four-points-changchun-hi-tech-zone/overview/,https://www.marriott.com.cn/zh-cn/hotels/cgqfp-four-points-changchun-hi-tech-zone/overview/,,2016-08-16,15:00,12:00,true
CGQSI,Sheraton Changchun Jingyuetan Hotel,长春净月潭益田喜来登酒店,Sheraton,喜来登酒店,SI,FULLY_BOOKABLE,hotel,,Changchun,长春,Jilin,吉林,"No. 1777, Yongshun Road, Jingyue District",净月区永顺路 1777 号,,43.770622,125.43198,+86 431 8181 1111,https://www.marriott.com/en-us/hotels/cgqsi-sheraton-changchun-jingyuetan-hotel/overview/,https://www.marriott.com.cn/zh-cn/hotels/cgqsi-sheraton-changchun-jingyuetan-hotel/overview/,,2012-12-24,15:00,12:00,true
CGDSI,Sheraton Changde Wuling Hotel,常德武陵天济喜来登酒店,Sheraton,喜来登酒店,SI,FULLY_BOOKABLE,hotel,,Changde,常德,Hunan,湖南,"No.899 Zaoguo Road, Wuling District",武陵区皂果路 899 号,415000,29.053239,111.681347,+86 736 788 8888,https://www.marriott.com/en-us/hotels/cgdsi-sheraton-changde-wuling-hotel/overview/,https://www.marriott.com.cn/zh-cn/hotels/cgdsi-sheraton-changde-wuling-hotel/overview/,,2014-08-31,15:00,12:00,false
CSXCY,Courtyard by Marriott Changsha South,长沙中建万怡酒店,Courtyard,万怡酒店,CY,FULLY_BOOKABLE,hotel,,Changsha,长沙,Hunan,湖南,No 69 Zhengtangpo Road Yuhua District,雨花区正塘坡路69号,410004,28.11915800000001,113.00739300000009,+86 731 8598 9888,https://www.marriott.com/en-us/hotels/csxcy-courtyard-changsha-south/overview/,https://www.marriott.com.cn/zh-cn/hotels/csxcy-courtyard-changsha-south/overview/,,2017-07-31,14:00,12:00,false
CSXNF,Fairfield By Marriott Ningxiang,宁乡万豪万枫酒店,Fairfield Inn & Suites,万枫酒店,FI,OPENING_SOON,hotel,,Changsha,长沙,Hunan,湖南,"Building 1, Intersection of Dongsheng Road and 3rd Ring Road, Economic and Technological Development Zone, Ningxiang",宁乡经济技术开发区东升路与三环路路口1栋,410699,28.281455,112.584919,+86 731 8585 9999,https://www.marriott.com/en-us/hotels/csxnf-fairfield-ningxiang/overview/,https://www.marriott.com.cn/zh-cn/hotels/csxnf-fairfield-ningxiang/overview/,,2027-05-10,15:00,12:00,true
CSXTF,Fairfield by Marriott Changsha Tianxin,长沙天心万枫酒店,Fairfield Inn & Suites,万枫酒店,FI,FULLY_BOOKABLE,hotel,,Changsha,长沙,Hunan,湖南,"No 368, Section 1, Furong South Road, Tianxin District",天心区芙蓉南路一段 368 号,410000,28.135444,112.986167,+86 731 8968 5555,https://www.marriott.com/en-us/hotels/csxtf-fairfield-changsha-tianxin/overview/,https://www.marriott.com.cn/zh-cn/hotels/csxtf-fairfield-changsha-tianxin/overview/,,2024-01-01,14:00,12:00,true
CSXYF,Fairfield by Marriott Changsha Yuelu,长沙岳麓万豪万枫酒店,Fairfield Inn & Suites,万枫酒店,FI,FULLY_BOOKABLE,hotel,,Changsha,长沙,Hunan,湖南,"Jinxing Road No. 36 Wangchengpo St., Yuelu District",岳麓区望城坡街 36 号金星路,410000,28.198965,112.920325,+86 731 8229 3999,https://www.marriott.com/en-us/hotels/csxyf-fairfield-changsha-yuelu/overview/,https://www.marriott.com.cn/zh-cn/hotels/csxyf-fairfield-changsha-yuelu/overview/,,2023-08-01,15:00,12:00,true
CSXFP,"Four Points by Sheraton Changsha, Meixi Lake",长沙步步高福朋喜来登酒店,Four Points by Sheraton,福朋喜来登酒店,FP,FULLY_BOOKABLE,hotel,,Changsha,长沙,Hunan,湖南,"A Zone No.1099 Fenglin 3rd Road, Yuelu District",岳麓区枫林三路 1099 号 A 区,410205,28.196146,112.861787,+86 731 8804 9999,https://www.marriott.com/en-us/hotels/csxfp-four-points-changsha-meixi-lake/overview/,https://www.marriott.com.cn/zh-cn/hotels/csxfp-four-points-changsha-meixi-lake/overview/,,2017-12-08,15:00,12:00,false
CSXCT,"Four Points by Sheraton Changsha, Tianxin",长沙天心福朋喜来登酒店,Four Points by Sheraton,福朋喜来登酒店,FP,FULLY_BOOKABLE,hotel,,Changsha,长沙,Hunan,湖南,"179 Zhutang West Road, Tianxin District",天心区竹塘西路 179 号,410000,28.142341,112.989418,+86 731 8586 8888,https://www.marriott.com/en-us/hotels/csxct-four-points-changsha-tianxin/overview/,https://www.marriott.com.cn/zh-cn/hotels/csxct-four-points-changsha-tianxin/overview/,,2024-04-17,15:00,12:00,true
CSXJC,JW Marriott Hotel Changsha,长沙建鸿达 JW 万豪酒店,JW Marriott,JW万豪酒店,JW,FULLY_BOOKABLE,hotel,,Changsha,长沙,Hunan,湖南,"567 Furong Middle Road, Yuhua District",雨花区芙蓉中路 567 号,410000,28.1511347,112.9860753,+86 731 8329 9999,https://www.marriott.com/en-us/hotels/csxjc-jw-marriott-hotel-changsha/overview/,https://www.marriott.com.cn/zh-cn/hotels/csxjc-jw-marriott-hotel-changsha/overview/,,2022-05-20,15:00,12:00,true
CSXLC,"Meixi Lake Hotel, a Luxury Collection Hotel, Changsha",长沙梅溪湖金茂豪华精选酒店,The Luxury Collection,豪华精选酒店,LC,FULLY_BOOKABLE,hotel,,Changsha,长沙,Hunan,湖南,"1177 Huanhu Road, Meixi Lake, Yuelu District",岳麓区梅溪湖环湖路 1177 号,410006,28.195456,112.90429,+86 731 8869 8888,https://www.marriott.com/en-us/hotels/csxlc-meixi-lake-hotel-a-luxury-collection-hotel-changsha/overview/,https://www.marriott.com.cn/zh-cn/hotels/csxlc-meixi-lake-hotel-a-luxury-collection-hotel-changsha/overview/,,2016-10-01,15:00,12:00,false
CSXER,"The Meixi Lake, Changsha Marriott Executive Apartments",长沙梅溪湖万豪行政公寓,Marriott Executive Apartments,万豪行政公寓,ER,FULLY_BOOKABLE,hotel,,Changsha,长沙,Hunan,湖南,"No 32 Jinhu 7th Road, Meixi Lake Street, Yuelu District",岳麓区梅溪湖街道近湖七路 32 号,410006,28.178983,112.886745,+86 731 8888 0588,https://www.marriott.com/en-us/hotels/csxer-the-meixi-lake-changsha-marriott-executive-apartments/overview/,https://www.marriott.com.cn/zh-cn/hotels/csxer-the-meixi-lake-changsha-marriott-executive-apartments/overview/,,2021-04-28,15:00,12:00,true
CSXCW,Changsha Marriott Hotel West,长沙岳麓万豪酒店,Marriott Hotels & Resorts,万豪酒店,MC,FULLY_BOOKABLE,hotel,,Changsha,长沙,Hunan,湖南,No. 18 Jinxing Middle Road,金星中路 18 号,410205,28.2053,112.9307,+86 731 8586 6666,https://www.marriott.com/en-us/hotels/csxcw-changsha-marriott-hotel-west/overview/,https://www.marriott.com.cn/zh-cn/hotels/csxcw-changsha-marriott-hotel-west/overview/,,2025-07-09,15:00,12:00,true
CSXSI,Sheraton Changsha Hotel,长沙运达喜来登酒店,Sheraton,喜来登酒店,SI,FULLY_BOOKABLE,hotel,,Changsha,长沙,Hunan,湖南,"Yunda International Plaza, 478 Furong Zhong Lu, Section 1",芙蓉中路一段 478 号运达国际广场,410005,28.2028619,112.9853273,+86 731 8488 8888,https://www.marriott.com/en-us/hotels/csxsi-sheraton-changsha-hotel/overview/,https://www.marriott.com.cn/zh-cn/hotels/csxsi-sheraton-changsha-hotel/overview/,,2007-03-26,15:00,12:00,false
CSXXR,The St. Regis Changsha,长沙瑞吉酒店,St. Regis,瑞吉酒店,XR,FULLY_BOOKABLE,hotel,,Changsha,长沙,Hunan,湖南,"Yunda Central Plaza, No. 289, Shawan Road, Yuhua District",运达中央广场，雨花区沙湾路 289 号,410000,28.169556,113.044209,+86 731 8968 8888,https://www.marriott.com/en-us/hotels/csxxr-the-st-regis-changsha/overview/,https://www.marriott.com.cn/zh-cn/hotels/csxxr-the-st-regis-changsha/overview/,,2017-01-19,15:00,12:00,true
CSXWH,W Changsha,长沙 W 酒店,W Hotels,W 酒店,WH,FULLY_BOOKABLE,hotel,,Changsha,长沙,Hunan,湖南,"Yunda Central Plaza, No.567 Changsha Avenue, Yuhua District",雨花区长沙大道 567 号运达中央广场,410129,28.1696983,113.0425479,+86 731 8225 8888,https://www.marriott.com/en-us/hotels/csxwh-w-changsha/overview/,https://www.marriott.com.cn/zh-cn/hotels/csxwh-w-changsha/overview/,,2021-09-05,15:00,12:00,true
CSXSW,The Westin Changsha,长沙威斯汀酒店,Westin Hotels & Resorts,威斯汀酒店及度假村,WI,FULLY_BOOKABLE,hotel,,Changsha,长沙,Hunan,湖南,"No 419, Shaoshan Middle Road, Yuhua District",雨花区韶山中路419号,410007,28.158417,112.99525,+86 731 8463 3333,https://www.marriott.com/en-us/hotels/csxsw-the-westin-changsha/overview/,https://www.marriott.com.cn/zh-cn/hotels/csxsw-the-westin-changsha/overview/,,2025-12-29,14:00,12:00,false
WUXCF,Fairfield by Marriott Changshu Hi-Tech Zone,常熟高新区万枫酒店,Fairfield Inn & Suites,万枫酒店,FI,FULLY_BOOKABLE,hotel,,Changshu,常熟,Jiangsu,江苏,"No.55-57 Dongnan Avenue, Hi-Tech Zone",高新区东南大道 55-57 号,215500,31.600406,120.793422,+86 512 5299 1188,https://www.marriott.com/en-us/hotels/wuxcf-fairfield-changshu-hi-tech-zone/overview/,https://www.marriott.com.cn/zh-cn/hotels/wuxcf-fairfield-changshu-hi-tech-zone/overview/,,2024-09-01,15:00,12:00,true
CZXQL,"The QuchanInner Liyang, Autograph Collection",溧阳曲禅里酒店·傲途格精选,Autograph Collection,傲途格精选酒店,AK,OPENING_SOON,hotel,,Changzhou,常州,Jiangsu,江苏,"No.388, No.3666 Lijiayuan Village, Daibu Town, Liyang",溧阳市戴埠镇李家园村3666号388号,213335,31.1909754,119.5408278,+86 519 8786 6666,https://www.marriott.com/en-us/hotels/czxql-the-quchaninner-liyang-autograph-collection/overview/,https://www.marriott.com.cn/zh-cn/hotels/czxql-the-quchaninner-liyang-autograph-collection/overview/,,2026-08-31,15:00,12:00,true
CZXYC,Courtyard by Marriott Changzhou China,常州万怡酒店,Courtyard,万怡酒店,CY,FULLY_BOOKABLE,hotel,,Changzhou,常州,Jiangsu,江苏,"11 Shunping East Road, Zhenglu Town, Tianning District",天宁区郑陆镇舜平东路 11 号,,31.844918,120.174364,+86 519 6968 8888,https://www.marriott.com/en-us/hotels/czxyc-courtyard-changzhou-china/overview/,https://www.marriott.com.cn/zh-cn/hotels/czxyc-courtyard-changzhou-china/overview/,,2024-06-27,15:00,12:00,true
CZXFJ,Fairfield by Marriott Changzhou Jintan,常州金坛万豪万枫酒店,Fairfield Inn & Suites,万枫酒店,FI,FULLY_BOOKABLE,hotel,,Changzhou,常州,Jiangsu,江苏,"No 299 Jinshan Road, Xicheng Street, Jintan District",金坛区西城街道金山路 299 号,213251,31.717594,119.590535,+86 519 8218 8888,https://www.marriott.com/en-us/hotels/czxfj-fairfield-changzhou-jintan/overview/,https://www.marriott.com.cn/zh-cn/hotels/czxfj-fairfield-changzhou-jintan/overview/,,2022-12-15,14:00,12:00,true
CZXLF,Fairfield by Marriott Changzhou Liyang,常州溧阳万豪万枫酒店,Fairfield Inn & Suites,万枫酒店,FI,FULLY_BOOKABLE,hotel,,Changzhou,常州,Jiangsu,江苏,"No.98, Yongsheng Road, Kunlun Street, Liyang City",溧阳市昆仑街道永胜路98号,213300,31.45498,119.430728,+86 519 8710 9999,https://www.marriott.com/en-us/hotels/czxlf-fairfield-changzhou-liyang/overview/,https://www.marriott.com.cn/zh-cn/hotels/czxlf-fairfield-changzhou-liyang/overview/,,2025-11-12,15:00,12:00,true
CZXFP,Four Points by Sheraton Changzhou Economic Development Zone,常州经开区福朋喜来登酒店,Four Points by Sheraton,福朋喜来登酒店,FP,FULLY_BOOKABLE,hotel,,Changzhou,常州,Jiangsu,江苏,"No. 159, Shuntong Road, Henglin Town, Wujin District Economic Development Zone",武进区经济开发区横林镇顺通路 159 号,213000,31.682178,120.097443,+86 519 8578 8888,https://www.marriott.com/en-us/hotels/czxfp-four-points-changzhou-economic-development-zone/overview/,https://www.marriott.com.cn/zh-cn/hotels/czxfp-four-points-changzhou-economic-development-zone/overview/,,2024-08-16,14:00,12:00,true
CZXCM,Le Méridien Changzhou,常州艾美酒店,Le Méridien,艾美酒店,MD,FULLY_BOOKABLE,hotel,,Changzhou,常州,Jiangsu,江苏,"56 Hehai East Road, Xinbei District",新北区河海东路56号,213000,31.817887,120.010633,+86 519 8208 8888,https://www.marriott.com/en-us/hotels/czxcm-le-meridien-changzhou/overview/,https://www.marriott.com.cn/zh-cn/hotels/czxcm-le-meridien-changzhou/overview/,,2026-02-12,14:00,12:00,true
CZXMC,Changzhou Marriott Hotel,常州万豪酒店,Marriott Hotels & Resorts,万豪酒店,MC,FULLY_BOOKABLE,hotel,,Changzhou,常州,Jiangsu,江苏,"No 1590 Long Jin Road, Xinbei District",新北区龙锦路 1590 号,213022,31.813378,119.973128,+86 519 6801 8888,https://www.marriott.com/en-us/hotels/czxmc-changzhou-marriott-hotel/overview/,https://www.marriott.com.cn/zh-cn/hotels/czxmc-changzhou-marriott-hotel/overview/,,2015-11-27,14:00,12:00,true
CZXMJ,Changzhou Marriott Hotel Jintan,常州金坛万豪酒店,Marriott Hotels & Resorts,万豪酒店,MC,FULLY_BOOKABLE,hotel,,Changzhou,常州,Jiangsu,江苏,"No 299 Jinshan Road, Xicheng Street, Jintan District",金坛区西城街道金山路 299 号,213251,31.717594,119.590535,+86 519 8238 8888,https://www.marriott.com/en-us/hotels/czxmj-changzhou-marriott-hotel-jintan/overview/,https://www.marriott.com.cn/zh-cn/hotels/czxmj-changzhou-marriott-hotel-jintan/overview/,,2022-12-15,14:00,12:00,true
CZXBR,Renaissance Changzhou Wujin Hotel,常州星河万丽酒店,Renaissance Hotels,万丽酒店,BR,FULLY_BOOKABLE,hotel,,Changzhou,常州,Jiangsu,江苏,"No. 689 Lanyue Road, Wujin District",武进区揽月路 689 号,213164,31.685109419622474,119.83814529276479,+86 519 8988 8888,https://www.marriott.com/en-us/hotels/czxbr-renaissance-changzhou-wujin-hotel/overview/,https://www.marriott.com.cn/zh-cn/hotels/czxbr-renaissance-changzhou-wujin-hotel/overview/,,2022-07-08,14:00,12:00,true
CZXWS,Sheraton Changzhou Wujin Hotel,常州武进九洲喜来登酒店,Sheraton,喜来登酒店,SI,FULLY_BOOKABLE,hotel,,Changzhou,常州,Jiangsu,江苏,"No. 1 West Yanzheng Avenue, Wujin District",武进区延政西大道 1 号,213168,31.69572,119.91255,+86 519 6996 8888,https://www.marriott.com/en-us/hotels/czxws-sheraton-changzhou-wujin-hotel/overview/,https://www.marriott.com.cn/zh-cn/hotels/czxws-sheraton-changzhou-wujin-hotel/overview/,,2011-11-01,15:00,12:00,false
CZXSX,Sheraton Changzhou Xinbei Hotel,常州富力喜来登酒店,Sheraton,喜来登酒店,SI,FULLY_BOOKABLE,hotel,,Changzhou,常州,Jiangsu,江苏,"No.88-1 Tong Jiang Zhong Road, Xinbei District",新北区通江中路 88-1 号,213022,31.816821,119.968431,+86 519 8158 8888,https://www.marriott.com/en-us/hotels/czxsx-sheraton-changzhou-xinbei-hotel/overview/,https://www.marriott.com.cn/zh-cn/hotels/czxsx-sheraton-changzhou-xinbei-hotel/overview/,,2011-12-10,15:00,12:00,true
CTUAC,AC Hotel Chengdu North,成都 AC 酒店,AC Hotels,AC酒店,AR,FULLY_BOOKABLE,hotel,,Chengdu,成都,Sichuan,四川,"No 4228-2, Section 1, Beixing Avenue, Jinniu District",金牛区北星大道一段 4228-2 号,610083,30.766823,104.080387,+86 28 6137 8888,https://www.marriott.com/en-us/hotels/ctuac-ac-hotel-chengdu-north/overview/,https://www.marriott.com.cn/zh-cn/hotels/ctuac-ac-hotel-chengdu-north/overview/,,2024-04-20,14:00,12:00,true
CTUCS,Courtyard by Marriott Chengdu South,成都天投万怡酒店,Courtyard,万怡酒店,CY,FULLY_BOOKABLE,hotel,,Chengdu,成都,Sichuan,四川,"No. 288 Expo City Road, Tianfu New Area",天府新区博览城路 288 号,610218,30.41889,104.0762,+86 28 6719 8888,https://www.marriott.com/en-us/hotels/ctucs-courtyard-chengdu-south/overview/,https://www.marriott.com.cn/zh-cn/hotels/ctucs-courtyard-chengdu-south/overview/,,2020-06-10,15:00,12:00,true
CTUFH,Fairfield by Marriott Chengdu Hi-Tech Zone,成都高新万枫酒店,Fairfield Inn & Suites,万枫酒店,FI,FULLY_BOOKABLE,hotel,,Chengdu,成都,Sichuan,四川,"NO.888, Jilong Road, High-Tech Zone",高新区吉龙路 888 号,610096,30.540781387518493,104.08743428426973,+86 28 8768 9999,https://www.marriott.com/en-us/hotels/ctufh-fairfield-chengdu-hi-tech-zone/overview/,https://www.marriott.com.cn/zh-cn/hotels/ctufh-fairfield-chengdu-hi-tech-zone/overview/,,2024-03-24,14:00,12:00,true
CTUTF,Fairfield by Marriott Chengdu Tianfu Square,成都天府广场万豪万枫酒店,Fairfield Inn & Suites,万枫酒店,FI,FULLY_BOOKABLE,hotel,,Chengdu,成都,Sichuan,四川,"No 1 Section 3 Renmin South Road, Wuhou District",武侯区人民南路3段1号,610000,30.645758,104.066407,+86 28 6019 4333,https://www.marriott.com/en-us/hotels/ctutf-fairfield-chengdu-tianfu-square/overview/,https://www.marriott.com.cn/zh-cn/hotels/ctutf-fairfield-chengdu-tianfu-square/overview/,,2025-08-28,15:00,12:00,true
CTUEP,Four Points by Sheraton Chengdu East Station,成都东站福朋喜来登酒店,Four Points by Sheraton,福朋喜来登酒店,FP,FULLY_BOOKABLE,hotel,,Chengdu,成都,Sichuan,四川,"No.318, Bairihong West Road, Jinjiang District",锦江区百日红西路318号,610066,30.6022,104.146371,+86 28 8158 1777,https://www.marriott.com/en-us/hotels/ctuep-four-points-chengdu-east-station/overview/,https://www.marriott.com.cn/zh-cn/hotels/ctuep-four-points-chengdu-east-station/overview/,,2026-03-25,15:00,12:00,true
CTUFT,Four Points by Sheraton Chengdu Tianfu New Area,成都天府新区福朋喜来登酒店,Four Points by Sheraton,福朋喜来登酒店,FP,FULLY_BOOKABLE,hotel,,Chengdu,成都,Sichuan,四川,"No. 198, West 2nd Longxiang Street, Tianfu New Area",天府新区隆祥西二街 198 号,610000,30.433521,104.080598,+86 28 6759 6666,https://www.marriott.com/en-us/hotels/ctuft-four-points-chengdu-tianfu-new-area/overview/,https://www.marriott.com.cn/zh-cn/hotels/ctuft-four-points-chengdu-tianfu-new-area/overview/,,2020-07-25,14:00,12:00,false
CTUAF,"Four Points by Sheraton Chengdu, Anren",成都安仁福朋喜来登酒店,Four Points by Sheraton,福朋喜来登酒店,FP,FULLY_BOOKABLE,hotel,,Chengdu,成都,Sichuan,四川,"No.198 Ying Bin Road, Anren",安仁镇迎宾路 198 号,611331,30.506673,103.616683,+86 28 6782 6666,https://www.marriott.com/en-us/hotels/ctuaf-four-points-chengdu-anren/overview/,https://www.marriott.com.cn/zh-cn/hotels/ctuaf-four-points-chengdu-anren/overview/,,2016-01-31,15:00,12:00,false
CTUUC,"Four Points by Sheraton Chengdu, Chunxi Road",成都春熙路福朋喜来登酒店,Four Points by Sheraton,福朋喜来登酒店,FP,FULLY_BOOKABLE,hotel,,Chengdu,成都,Sichuan,四川,"Building 1, No. 1 Fuxing Street, Jinjiang District",锦江区福兴街 1 号 1 栋,610020,30.658556,104.080194,+86 28 8501 9999,https://www.marriott.com/en-us/hotels/ctuuc-four-points-chengdu-chunxi-road/overview/,https://www.marriott.com.cn/zh-cn/hotels/ctuuc-four-points-chengdu-chunxi-road/overview/,,2025-01-27,14:00,12:00,true
CTUPH,"Four Points by Sheraton Chengdu, High-Tech Zone Exhibition Center",成都高新会展中心福朋喜来登酒店,Four Points by Sheraton,福朋喜来登酒店,FP,FULLY_BOOKABLE,hotel,,Chengdu,成都,Sichuan,四川,"288 Jiqing Yi Road, Hi-Tech District",高新区吉庆一路 288 号,610041,30.553209634368397,104.0602178112123,+86 28 8605 6888,https://www.marriott.com/en-us/hotels/ctuph-four-points-chengdu-high-tech-zone-exhibition-center/overview/,https://www.marriott.com.cn/zh-cn/hotels/ctuph-four-points-chengdu-high-tech-zone-exhibition-center/overview/,,2024-05-01,15:00,12:00,true
CTUFP,"Four Points by Sheraton Chengdu, Pujiang Resort",成都蒲江花样年福朋喜来登度假酒店,Four Points by Sheraton,福朋喜来登酒店,FP,FULLY_BOOKABLE,resort,,Chengdu,成都,Sichuan,四川,"No. 88 Shuncheng Road, Pujiang County",蒲江县顺城路 88 号,611630,30.179421,103.518677,+86 28 6910 8888,https://www.marriott.com/en-us/hotels/ctufp-four-points-chengdu-pujiang-resort/overview/,https://www.marriott.com.cn/zh-cn/hotels/ctufp-four-points-chengdu-pujiang-resort/overview/,,2015-12-31,15:00,12:00,false
CTUMJ,JW Marriott Hotel Chengdu,成都茂业 JW 万豪酒店,JW Marriott,JW万豪酒店,JW,FULLY_BOOKABLE,hotel,,Chengdu,成都,Sichuan,四川,"No 19 Dongyu Street, Jinjiang District",锦江区东御街 19 号,610020,30.65681,104.070995,+86 28 6111 8888,https://www.marriott.com/en-us/hotels/ctumj-jw-marriott-hotel-chengdu/overview/,https://www.marriott.com.cn/zh-cn/hotels/ctumj-jw-marriott-hotel-chengdu/overview/,,2016-10-13,14:00,12:00,false
CTUMC,Chengdu Marriott Hotel Financial Centre,成都首座万豪酒店,Marriott Hotels & Resorts,万豪酒店,MC,FULLY_BOOKABLE,hotel,,Chengdu,成都,Sichuan,四川,"No 999 TianFu Avenue North, High-Tech Zone",高新区天府大道北段 999 号,610041,30.586807,104.069879,+86 28 8808 8888,https://www.marriott.com/en-us/hotels/ctumc-chengdu-marriott-hotel-financial-centre/overview/,https://www.marriott.com.cn/zh-cn/hotels/ctumc-chengdu-marriott-hotel-financial-centre/overview/,,2016-10-27,15:00,12:00,true
CTUBR,Renaissance Chengdu Hotel,成都首座万丽酒店,Renaissance Hotels,万丽酒店,BR,FULLY_BOOKABLE,hotel,,Chengdu,成都,Sichuan,四川,"No 48, Section 4, South Renmin Road, Wuhou District",武侯区人民南路四段 48 号,610041,30.612153,104.066667,+86 28 8887 8888,https://www.marriott.com/en-us/hotels/ctubr-renaissance-chengdu-hotel/overview/,https://www.marriott.com.cn/zh-cn/hotels/ctubr-renaissance-chengdu-hotel/overview/,,2014-04-01,14:00,12:00,true
CTULS,Sheraton Chengdu Lido Hotel,成都天府丽都喜来登饭店,Sheraton,喜来登酒店,SI,FULLY_BOOKABLE,hotel,,Chengdu,成都,Sichuan,四川,"No. 15, Section 1, Ren Min Zhong Road",人民中路一段 15 号,610015,30.665025,104.066475,+86 28 8676 8999,https://www.marriott.com/en-us/hotels/ctuls-sheraton-chengdu-lido-hotel/overview/,https://www.marriott.com.cn/zh-cn/hotels/ctuls-sheraton-chengdu-lido-hotel/overview/,,2000-05-08,15:00,12:00,true
CTUSP,Sheraton Chengdu Pidu,成都恒邦天府喜来登酒店,Sheraton,喜来登酒店,SI,FULLY_BOOKABLE,hotel,,Chengdu,成都,Sichuan,四川,"No.560 Huashi Street, Deyuan Road, Pidu District",郫都区德源路花石街 560 号,611730,30.789705,103.855361,+86 28 6827 7777,https://www.marriott.com/en-us/hotels/ctusp-sheraton-chengdu-pidu/overview/,https://www.marriott.com.cn/zh-cn/hotels/ctusp-sheraton-chengdu-pidu/overview/,,2022-04-23,14:00,12:00,true
CTUXR,The St. Regis Chengdu,成都瑞吉酒店,St. Regis,瑞吉酒店,XR,FULLY_BOOKABLE,hotel,,Chengdu,成都,Sichuan,四川,"88 Taisheng Road South, Qingyang District",青羊区太升南路 88 号,610016,30.6605,104.0743,+86 28 6287 6666,https://www.marriott.com/en-us/hotels/ctuxr-the-st-regis-chengdu/overview/,https://www.marriott.com.cn/zh-cn/hotels/ctuxr-the-st-regis-chengdu/overview/,,2014-09-04,15:00,12:00,false
CTURZ,"The Ritz-Carlton, Chengdu",成都富力丽思卡尔顿酒店,The Ritz-Carlton,丽思卡尔顿酒店,RZ,FULLY_BOOKABLE,hotel,,Chengdu,成都,Sichuan,四川,"269 Shuncheng Avenue, Qingyang District",青羊区顺城大街 269 号,610017,30.663913,104.069935,+86 28 8358 8888,https://www.marriott.com/en-us/hotels/cturz-the-ritz-carlton-chengdu/overview/,https://www.marriott.com.cn/zh-cn/hotels/cturz-the-ritz-carlton-chengdu/overview/,,2013-10-09,15:00,12:00,true
CTUWH,W Chengdu,成都 W 酒店,W Hotels,W 酒店,WH,FULLY_BOOKABLE,hotel,,Chengdu,成都,Sichuan,四川,"No 300 Jiaozi Avenue, Gaoxin District",高新区交子大道 300 号,610041,30.58325,104.0552,+86 28 8311 9999,https://www.marriott.com/en-us/hotels/ctuwh-w-chengdu/overview/,https://www.marriott.com.cn/zh-cn/hotels/ctuwh-w-chengdu/overview/,,2020-10-17,15:00,12:00,true
CKGFP,Four Points by Sheraton Chongqing,重庆福朋喜来登酒店,Four Points by Sheraton,福朋喜来登酒店,FP,FULLY_BOOKABLE,hotel,,ChongQing,重庆,Chongqing,重庆,"No.82, Zourong Road, Jiefangbei Subdistrict Yuzhong District",渝中区解放碑街道邹容路82号,400010,29.557149,106.578132,+86 23 6033 5888,https://www.marriott.com/en-us/hotels/ckgfp-four-points-chongqing/overview/,https://www.marriott.com.cn/zh-cn/hotels/ckgfp-four-points-chongqing/overview/,,2025-09-20,15:00,12:00,true
CKGCY,Courtyard by Marriott Chongqing Jiangjin,重庆江津万怡酒店,Courtyard,万怡酒店,CY,FULLY_BOOKABLE,hotel,,Chongqing,重庆,Chongqing,重庆,"No 518 Shengquan Section, Debao Road, Shengquan Street, Jiangjin",江津区圣泉街和德堡路路口圣泉段518号,402200,29.301325,106.253259,+86 23 4768 8888,https://www.marriott.com/en-us/hotels/ckgcy-courtyard-chongqing-jiangjin/overview/,https://www.marriott.com.cn/zh-cn/hotels/ckgcy-courtyard-chongqing-jiangjin/overview/,,2026-01-23,15:00,12:00,false
CKGFN,Fairfield by Marriott Chongqing Nan’an District,重庆南岸万豪万枫酒店,Fairfield Inn & Suites,万枫酒店,FI,FULLY_BOOKABLE,hotel,,Chongqing,重庆,,,"No 9, Jiangnan Avenue , Nan'an District",南岸区江南大道9号,400060,29.529702,106.570482,+86 23 8819 1919,https://www.marriott.com/en-us/hotels/ckgfn-fairfield-chongqing-nanan-district/overview/,https://www.marriott.com.cn/zh-cn/hotels/ckgfn-fairfield-chongqing-nanan-district/overview/,,2026-04-30,15:00,12:00,true
CKGFI,Fairfield by Marriott Chongqing Yongchuan,重庆永川重宾万豪万枫酒店,Fairfield Inn & Suites,万枫酒店,FI,FULLY_BOOKABLE,hotel,,Chongqing,重庆,Chongqing,重庆,"No 2 Feilong Road, Yongchuan District",永川区飞龙路 2 号,402160,29.3688888889,105.94,+86 23 4988 3333,https://www.marriott.com/en-us/hotels/ckgfi-fairfield-chongqing-yongchuan/overview/,https://www.marriott.com.cn/zh-cn/hotels/ckgfi-fairfield-chongqing-yongchuan/overview/,,2022-03-10,15:00,12:00,false
CKGYF,Fairfield by Marriott Chongqing Yubei,重庆渝北万豪万枫酒店,Fairfield Inn & Suites,万枫酒店,FI,FULLY_BOOKABLE,hotel,,Chongqing,重庆,,,"No. 466 Baoshi Road, Baoshenghu Sub-district Yubei District",渝北区宝圣湖街道宝石路466号,401120,29.6438363412003,106.605421391153,+86 23 6139 8999,https://www.marriott.com/en-us/hotels/ckgyf-fairfield-chongqing-yubei/overview/,https://www.marriott.com.cn/zh-cn/hotels/ckgyf-fairfield-chongqing-yubei/overview/,,2025-12-24,14:00,12:00,true
CKGJU,Four Points by Sheraton Chongqing Jiangjin,重庆江津福朋喜来登酒店,Four Points by Sheraton,福朋喜来登酒店,FP,FULLY_BOOKABLE,hotel,,Chongqing,重庆,,,"No.185, Xijiang Avenue, Shengquan Street, Jiangjin Disrtict",江津区圣泉街道西江大道185号,402218,29.317486,106.264685,+86 23 4736 9999,https://www.marriott.com/en-us/hotels/ckgju-four-points-chongqing-jiangjin/overview/,https://www.marriott.com.cn/zh-cn/hotels/ckgju-four-points-chongqing-jiangjin/overview/,,2026-03-03,15:00,12:00,true
CKGJP,Four Points by Sheraton Chongqing Jiulongpo,重庆九龙坡福朋喜来登酒店,Four Points by Sheraton,福朋喜来登酒店,FP,FULLY_BOOKABLE,hotel,,Chongqing,重庆,Chongqing,重庆,"No. 20, Shiyang Road, Jiulongpo District",九龙坡区石杨路20号,400050,29.526684731437975,106.48394601866447,+86 23 6888 3999,https://www.marriott.com/en-us/hotels/ckgjp-four-points-chongqing-jiulongpo/overview/,https://www.marriott.com.cn/zh-cn/hotels/ckgjp-four-points-chongqing-jiulongpo/overview/,,2026-02-10,15:00,12:00,true
CKGLN,Four Points by Sheraton Chongqing Liangjiang New Area Jinkai Avenue,重庆两江新区金开大道福朋喜来登酒店,Four Points by Sheraton,福朋喜来登酒店,FP,OPENING_SOON,hotel,,Chongqing,重庆,Chongqing,重庆,"No.35 Jinfu Road, Renhe Subdistrict, Liangjiang New Area",两江新区人和街道金福路35号,400000,29.6391521,106.5484612,+86 23 6786 6866,https://www.marriott.com/en-us/hotels/ckgln-four-points-chongqing-liangjiang-new-area-jinkai-avenue/overview/,https://www.marriott.com.cn/zh-cn/hotels/ckgln-four-points-chongqing-liangjiang-new-area-jinkai-avenue/overview/,,2026-09-30,15:00,12:00,true
CKGNP,Four Points by Sheraton Chongqing Nanchuan,重庆南川福朋喜来登酒店,Four Points by Sheraton,福朋喜来登酒店,FP,FULLY_BOOKABLE,hotel,,Chongqing,重庆,Sichuan,四川,"No.3-28 Jinshan Avenue ,Nanchuan District, Chongqing City Sichuan Province",南川区金山大道3号附28号,408499,29.151235,107.108342,+86 23 8111 5888,https://www.marriott.com/en-us/hotels/ckgnp-four-points-chongqing-nanchuan/overview/,https://www.marriott.com.cn/zh-cn/hotels/ckgnp-four-points-chongqing-nanchuan/overview/,,2026-04-26,15:00,12:00,true
CKGNU,Four Points by Sheraton Chongqing North Railway Station,重庆北站福朋喜来登酒店,Four Points by Sheraton,福朋喜来登酒店,FP,FULLY_BOOKABLE,hotel,,Chongqing,重庆,,,"NO.28 Xiangjin Road, Tiangongdian Street",天宫殿街香锦路 28 号,401120,29.610135,106.530015,+86 23 6768 5888,https://www.marriott.com/en-us/hotels/ckgnu-four-points-chongqing-north-railway-station/overview/,https://www.marriott.com.cn/zh-cn/hotels/ckgnu-four-points-chongqing-north-railway-station/overview/,,2024-10-31,14:00,12:00,true
CKGYP,Four Points by Sheraton Chongqing Yuzhong Peninsula,重庆渝中半岛福朋喜来登酒店,Four Points by Sheraton,福朋喜来登酒店,FP,FULLY_BOOKABLE,hotel,,Chongqing,重庆,Chongqing,重庆,"No. 156, Zhongshan 3rd Road, Yuzhong District",渝中区中山三路156号,400014,29.5583074,106.5490328,+86 23 6331 2999,https://www.marriott.com/en-us/hotels/ckgyp-four-points-chongqing-yuzhong-peninsula/overview/,https://www.marriott.com.cn/zh-cn/hotels/ckgyp-four-points-chongqing-yuzhong-peninsula/overview/,,2026-04-25,14:00,12:00,true
CKGFY,"Four Points by Sheraton Chongqing, Yongchuan",重庆永川重宾福朋喜来登酒店,Four Points by Sheraton,福朋喜来登酒店,FP,FULLY_BOOKABLE,hotel,,Chongqing,重庆,,,"1-2, No 889, East Section of Changzhou Avenue, Yongchuan District",永川区昌州大道东段 889 号 1-2,402160,29.365335,105.944902,+86 23 4988 6666,https://www.marriott.com/en-us/hotels/ckgfy-four-points-chongqing-yongchuan/overview/,https://www.marriott.com.cn/zh-cn/hotels/ckgfy-four-points-chongqing-yongchuan/overview/,,2023-01-08,15:00,12:00,true
CKGJW,JW Marriott Hotel Chongqing,重庆 JW 万豪酒店,JW Marriott,JW万豪酒店,JW,FULLY_BOOKABLE,hotel,,Chongqing,重庆,,,235 Minsheng Road,民生路 235 号,400010,29.556886,106.571024,+86 23 6379 9999,https://www.marriott.com/en-us/hotels/ckgjw-jw-marriott-hotel-chongqing/overview/,https://www.marriott.com.cn/zh-cn/hotels/ckgjw-jw-marriott-hotel-chongqing/overview/,,2014-12-16,15:00,12:00,true
CKGMD,"Le Méridien Chongqing, Nan'an",重庆富力艾美酒店,Le Méridien,艾美酒店,MD,FULLY_BOOKABLE,hotel,,Chongqing,重庆,Chongqing,重庆,"10 Jiangnan Avenue, Nan'an District",南岸区江南大道 10 号,400060,29.524273,106.57053,+86 23 8638 8888,https://www.marriott.com/en-us/hotels/ckgmd-le-meridien-chongqing-nanan/overview/,https://www.marriott.com.cn/zh-cn/hotels/ckgmd-le-meridien-chongqing-nanan/overview/,,2009-12-11,15:00,12:00,false
CKGER,Marriott Executive Apartments Chongqing,重庆万豪行政公寓,Marriott Executive Apartments,万豪行政公寓,ER,FULLY_BOOKABLE,hotel,,Chongqing,重庆,,,"77 Qing Nian Road, Yuzhong District",渝中区青年路 77 号,400010,29.555397,106.573975,+86 23 6881 7777,https://www.marriott.com/en-us/hotels/ckger-marriott-executive-apartments-chongqing/overview/,https://www.marriott.com.cn/zh-cn/hotels/ckger-marriott-executive-apartments-chongqing/overview/,,2020-04-15,15:00,12:00,true
CKGMC,Chongqing Marriott Hotel,重庆万豪酒店,Marriott Hotels & Resorts,万豪酒店,MC,FULLY_BOOKABLE,hotel,,Chongqing,重庆,,,"No 9 Yan Yu Road, Nan An District",南岸区烟雨路9号,400060,29.537889,106.586672,+86 23 8666 9999,https://www.marriott.com/en-us/hotels/ckgmc-chongqing-marriott-hotel/overview/,https://www.marriott.com.cn/zh-cn/hotels/ckgmc-chongqing-marriott-hotel/overview/,,2015-09-06,14:00,12:00,true
CKGOX,Moxy Chongqing,重庆 Moxy 酒店,MOXY Hotels,MOXY酒店,OX,FULLY_BOOKABLE,hotel,,Chongqing,重庆,Chongqing,重庆,"168 Bayi Road, Yuzhong District",渝中区八一路 168 号,400010,29.556465,106.57774,+86 23 6390 7777,https://www.marriott.com/en-us/hotels/ckgox-moxy-chongqing/overview/,https://www.marriott.com.cn/zh-cn/hotels/ckgox-moxy-chongqing/overview/,,2024-05-23,15:00,12:00,true
CKGSI,Sheraton Chongqing Hotel,重庆喜来登大酒店,Sheraton,喜来登酒店,SI,FULLY_BOOKABLE,hotel,,Chongqing,重庆,Chongqing,重庆,"No. 78 Nan Bin Road, Nan'an District",南岸区南滨路 78 号,400060,29.543612,106.586036,+86 23 6277 7777,https://www.marriott.com/en-us/hotels/ckgsi-sheraton-chongqing-hotel/overview/,https://www.marriott.com.cn/zh-cn/hotels/ckgsi-sheraton-chongqing-hotel/overview/,,2011-09-15,15:00,12:00,true
CKGGB,"MajesTang Hotel, Chongqing, a Tribute Portfolio Hotel",重庆开元名都臻品之选酒店,Tribute Portfolio,臻品之选酒店,TX,FULLY_BOOKABLE,hotel,,Chongqing,重庆,Chongqing,重庆,"No.1 Minzu Road, Yuzhong District",渝中区民族路1号,400011,29.5601109,106.5832072,+86 23 6360 9999,https://www.marriott.com/en-us/hotels/ckggb-majestang-hotel-chongqing-a-tribute-portfolio-hotel/overview/,https://www.marriott.com.cn/zh-cn/hotels/ckggb-majestang-hotel-chongqing-a-tribute-portfolio-hotel/overview/,,2026-03-15,15:00,12:00,true
CKGWI,The Westin Chongqing Liberation Square,重庆解放碑威斯汀酒店,Westin Hotels & Resorts,威斯汀酒店及度假村,WI,FULLY_BOOKABLE,hotel,,Chongqing,重庆,Chongqing,重庆,"No. 222 Xin Hua Road, Yu Zhong District",渝中区新华路 222 号,400010,29.5566,106.579919,+86 23 6380 6666,https://www.marriott.com/en-us/hotels/ckgwi-the-westin-chongqing-liberation-square/overview/,https://www.marriott.com.cn/zh-cn/hotels/ckgwi-the-westin-chongqing-liberation-square/overview/,,2014-04-28,15:00,12:00,true
NKGCF,Fairfield by Marriott Chuzhou Railway Station,滁州高铁站万枫酒店,Fairfield Inn & Suites,万枫酒店,FI,FULLY_BOOKABLE,hotel,,Chuzhou,滁州,,,"No.200 Hongwudong Road, Nanqiao District",南谯区洪武东路 200 号,239000,32.204575,118.328928,+86 550 330 6888,https://www.marriott.com/en-us/hotels/nkgcf-fairfield-chuzhou-railway-station/overview/,https://www.marriott.com.cn/zh-cn/hotels/nkgcf-fairfield-chuzhou-railway-station/overview/,,2024-08-08,15:00,12:00,true
NKGZS,Sheraton Chuzhou Hotel,滁州港汇喜来登酒店,Sheraton,喜来登酒店,SI,FULLY_BOOKABLE,hotel,,Chuzhou,滁州,Anhui,安徽,"Ganghui Plaza, No. 1599 Zhongdu Road",中都大道 1599 号港汇中心,239000,32.244945,118.331098,+86 550 220 1888,https://www.marriott.com/en-us/hotels/nkgzs-sheraton-chuzhou-hotel/overview/,https://www.marriott.com.cn/zh-cn/hotels/nkgzs-sheraton-chuzhou-hotel/overview/,,2015-10-08,14:00,12:00,true
DLUEB,The Dali EDITION,大理艾迪逊酒店,EDITION Hotels,艾迪逊酒店,EB,OPENING_SOON,hotel,,Dali,大理,Yunnan,云南,"No. 6, Wan Fu Road North",万福北路6号,671003,25.726714,100.126677,+86 872 699 8888,https://www.marriott.com/en-us/hotels/dlueb-the-dali-edition/overview/,https://www.marriott.com.cn/zh-cn/hotels/dlueb-the-dali-edition/overview/,,2026-06-18,15:00,12:00,true
DLUEU,"Four Points by Sheraton Dali, Erhai",大理洱海福朋喜来登酒店,Four Points by Sheraton,福朋喜来登酒店,FP,FULLY_BOOKABLE,hotel,,Dali,大理,Yunnan,云南,"Building 1 Construction Investment., Erhai Huanqiu Era, Southeast intersection of Airport Road and Fengfei Road.",机场路和凤飞路交叉东南口洱海寰球时代 1 栋,671000,25.63101,100.27645,+86 872 881 9999,https://www.marriott.com/en-us/hotels/dlueu-four-points-dali-erhai/overview/,https://www.marriott.com.cn/zh-cn/hotels/dlueu-four-points-dali-erhai/overview/,,2024-10-01,14:00,12:00,false
DLCAL,Aloft Dalian,大连雅乐轩酒店,Aloft Hotels,雅乐轩酒店,AL,FULLY_BOOKABLE,hotel,,Dalian,大连,Liaoning,辽宁,"18-1 LuXun Road, Zhongshan District",中山区鲁迅路 18-1 号,116001,38.921239,121.647938,+86 411 3907 1111,https://www.marriott.com/en-us/hotels/dlcal-aloft-dalian/overview/,https://www.marriott.com.cn/zh-cn/hotels/dlcal-aloft-dalian/overview/,,2013-12-31,15:00,12:00,false
DLCJF,Fairfield by Marriott Dalian Jinpu New Area,大连金普新区万豪万枫酒店,Fairfield Inn & Suites,万枫酒店,FI,FULLY_BOOKABLE,hotel,,Dalian,大连,Liaoning,辽宁,"No 112 Jinma Road, Economic and Technological Development Zone",经济技术开发区金马路112号,116000,39.0480862,121.7587994,+86 411 8166 6999,https://www.marriott.com/en-us/hotels/dlcjf-fairfield-dalian-jinpu-new-area/overview/,https://www.marriott.com.cn/zh-cn/hotels/dlcjf-fairfield-dalian-jinpu-new-area/overview/,,2025-08-21,14:00,12:00,true
DLCDP,Four Points by Sheraton Dalian Donggang,大连东港福朋喜来登酒店,Four Points by Sheraton,福朋喜来登酒店,FP,FULLY_BOOKABLE,hotel,,Dalian,大连,Liaoning,辽宁,"No. 1, 1st Floor, Building 4, 21 Zhulian Street, Zhongshan District",中山区珠莲街21号4栋1楼1号,116001,38.92583,121.67559,+86 411 8360 3999,https://www.marriott.com/en-us/hotels/dlcdp-four-points-dalian-donggang/overview/,https://www.marriott.com.cn/zh-cn/hotels/dlcdp-four-points-dalian-donggang/overview/,,2025-07-01,15:00,12:00,true
DLCLC,"The Castle Hotel, a Luxury Collection Hotel, Dalian",大连一方城堡豪华精选酒店,The Luxury Collection,豪华精选酒店,LC,FULLY_BOOKABLE,hotel,,Dalian,大连,Liaoning,辽宁,"No. 600 Binhai West Road, Shahekou District",沙河口区滨海西路 600 号,116023,38.87730522480211,121.59034159588498,+86 411 8656 0000,https://www.marriott.com/en-us/hotels/dlclc-the-castle-hotel-a-luxury-collection-hotel-dalian/overview/,https://www.marriott.com.cn/zh-cn/hotels/dlclc-the-castle-hotel-a-luxury-collection-hotel-dalian/overview/,,2014-07-30,15:00,12:00,false
CZXFD,Fairfield by Marriott Danyang,丹阳万枫酒店­­,Fairfield Inn & Suites,万枫酒店,FI,FULLY_BOOKABLE,hotel,,Danyang,丹阳,Jiangsu,江苏,No. 999 Fuxing Road,复兴路 999 号,212300,31.994585,119.575051,+86 511 8656 5888,https://www.marriott.com/en-us/hotels/czxfd-fairfield-danyang/overview/,https://www.marriott.com.cn/zh-cn/hotels/czxfd-fairfield-danyang/overview/,,2023-02-18,15:00,12:00,false
CGDFP,Four Points by Sheraton Danzhou,儋州福朋喜来登酒店,Four Points by Sheraton,福朋喜来登酒店,FP,FULLY_BOOKABLE,hotel,,Danzhou,儋州,Hainan,海南,No.1 Guosheng Road,国盛路 1 号,571700,19.535838,109.584117,+86 898 2882 8888,https://www.marriott.com/en-us/hotels/cgdfp-four-points-danzhou/overview/,https://www.marriott.com.cn/zh-cn/hotels/cgdfp-four-points-danzhou/overview/,,2017-03-31,15:00,12:00,false
DQASI,Sheraton Daqing Hotel,大庆富力喜来登酒店,Sheraton,喜来登酒店,SI,FULLY_BOOKABLE,hotel,,Daqing,大庆,Heilongjiang,黑龙江,"No.13 Dongfeng Street, Sartu District",萨尔图区东风街13号,163311,46.593593,125.087929,+86 459 685 8888,https://www.marriott.com/en-us/hotels/dqasi-sheraton-daqing-hotel/overview/,https://www.marriott.com.cn/zh-cn/hotels/dqasi-sheraton-daqing-hotel/overview/,,2011-11-25,15:00,12:00,false
DATFI,Fairfield by Marriott Datong,大同同瑞里万豪万枫酒店,Fairfield Inn & Suites,万枫酒店,FI,OPENING_SOON,hotel,,Datong,大同,Shanxi,山西,"Wenxing Rd, Xingyun Street Pingcheng District",平城区兴云街与文兴路路口,037000,40.0923475,113.3439893,+86 352 389 6666,https://www.marriott.com/en-us/hotels/datfi-fairfield-datong/overview/,https://www.marriott.com.cn/zh-cn/hotels/datfi-fairfield-datong/overview/,,2026-05-30,15:00,12:00,false
DATFP,Four Points by Sheraton Datong Pingcheng,大同平城福朋喜来登酒店,Four Points by Sheraton,福朋喜来登酒店,FP,FULLY_BOOKABLE,hotel,,Datong,大同,Shanxi,山西,"Shanghe Time Square E, Wanshou Rd, Gucheng Street, Pingcheng District",平城区古城街万寿路上河时代广场 E,,40.089444,113.319639,+86 352 535 3333,https://www.marriott.com/en-us/hotels/datfp-four-points-datong-pingcheng/overview/,https://www.marriott.com.cn/zh-cn/hotels/datfp-four-points-datong-pingcheng/overview/,,2024-09-29,15:00,12:00,false
SZXAL,Aloft Dongguan Songshan Lake,东莞松山湖雅乐轩酒店,Aloft Hotels,雅乐轩酒店,AL,FULLY_BOOKABLE,hotel,,Dongguan,东莞,Guangdong,广东,"No. 7 Xinzhu Road, Vanke Plaza, Songshan Lake National High Tech Development Zone",松山湖国家高新技术开发区新竹路 7 号万科生活广场,523808,22.929869,113.892328,+86 769 8210 6666,https://www.marriott.com/en-us/hotels/szxal-aloft-dongguan-songshan-lake/overview/,https://www.marriott.com.cn/zh-cn/hotels/szxal-aloft-dongguan-songshan-lake/overview/,,2014-12-30,15:00,12:00,true
SZXFI,Fairfield by Marriott Dongguan Changping,东莞常平万枫酒店,Fairfield Inn & Suites,万枫酒店,FI,FULLY_BOOKABLE,hotel,,Dongguan,东莞,Guangdong,广东,"Tower 3 Xinghui Plaza, Hengjiangxia Village, Changping Town",常平镇横江厦村星汇广场 3 栋,523570,22.980736,114.012706,+86 769 8333 6333,https://www.marriott.com/en-us/hotels/szxfi-fairfield-dongguan-changping/overview/,https://www.marriott.com.cn/zh-cn/hotels/szxfi-fairfield-dongguan-changping/overview/,,2017-12-23,15:00,12:00,false
SZXDM,Dongguan Marriott Hotel,东莞万豪酒店,Marriott Hotels & Resorts,万豪酒店,MC,FULLY_BOOKABLE,hotel,,Dongguan,东莞,Guangdong,广东,"No 32 Dongcheng Middle Road, Dongcheng District",东城区东城中路32号,523129,23.02179,113.771142,+86 769 2336 8888,https://www.marriott.com/en-us/hotels/szxdm-dongguan-marriott-hotel/overview/,https://www.marriott.com.cn/zh-cn/hotels/szxdm-dongguan-marriott-hotel/overview/,,2025-07-11,15:00,12:00,true
SZXSI,Sheraton Dongguan Hotel,东莞喜来登大酒店,Sheraton,喜来登酒店,SI,FULLY_BOOKABLE,hotel,,Dongguan,东莞,Guangdong,广东,"No 281 Houjie Section, Guantai Road, Houjie Town",厚街镇莞太路厚街段 281 号,523962,22.934189,113.669468,+86 769 8598 8888,https://www.marriott.com/en-us/hotels/szxsi-sheraton-dongguan-hotel/overview/,https://www.marriott.com.cn/zh-cn/hotels/szxsi-sheraton-dongguan-hotel/overview/,,2003-08-22,15:00,12:00,false
DNHFP,Four Points by Sheraton Dunhuang,敦煌福朋喜来登酒店,Four Points by Sheraton,福朋喜来登酒店,FP,FULLY_BOOKABLE,hotel,,Dunhuang,敦煌,Gansu,甘肃,"North of Sanwei Road and west of Feitian Avenue, No. 888-1",飞天大道西，三危路北 888-1 号,736200,40.1404087,94.6824135,+86 937 888 3999,https://www.marriott.com/en-us/hotels/dnhfp-four-points-dunhuang/overview/,https://www.marriott.com.cn/zh-cn/hotels/dnhfp-four-points-dunhuang/overview/,,2024-12-10,15:00,12:00,true
CTUMD,Le Méridien Emei Mountain Resort,峨眉山恒邦艾美度假酒店,Le Méridien,艾美酒店,MD,FULLY_BOOKABLE,resort,,Emeishan,峨眉山,Sichuan,四川,No 555 Mingshan Road South Section,名山路南段 555 号,614200,29.569021,103.45734,+86 833 532 8888,https://www.marriott.com/en-us/hotels/ctumd-le-meridien-emei-mountain-resort/overview/,https://www.marriott.com.cn/zh-cn/hotels/ctumd-le-meridien-emei-mountain-resort/overview/,,2019-01-08,15:00,12:00,false
SHAFN,Courtyard by Marriott Shanghai Fengxian,上海圣淘沙万怡酒店,Courtyard,万怡酒店,CY,FULLY_BOOKABLE,hotel,,Fengxian,奉贤,Shanghai,上海,"No1 Nanqiao Road, Nanqiao Town",南桥镇南桥路 1 号,201499,30.9109,121.456508,+86 21 5742 9999,https://www.marriott.com/en-us/hotels/shafn-courtyard-shanghai-fengxian/overview/,https://www.marriott.com.cn/zh-cn/hotels/shafn-courtyard-shanghai-fengxian/overview/,,2016-06-16,14:00,12:00,true
FUOAL,"Aloft Nanhai, Foshan",佛山南海雅乐轩酒店,Aloft Hotels,雅乐轩酒店,AL,FULLY_BOOKABLE,hotel,,Foshan,佛山,Guangdong,广东,"Boai Road, Shishan Town, Nanhai",南海区狮山镇博爱路,528225,23.120588,113.009624,+86 757 8878 8888,https://www.marriott.com/en-us/hotels/fuoal-aloft-nanhai-foshan/overview/,https://www.marriott.com.cn/zh-cn/hotels/fuoal-aloft-nanhai-foshan/overview/,,2011-06-12,15:00,12:00,false
FUOCF,Courtyard by Marriott Foshan,佛山万怡酒店,Courtyard,万怡酒店,CY,FULLY_BOOKABLE,hotel,,Foshan,佛山,Guangdong,广东,"No 38 Haibadong Road Guicheng Street, Nanhai District",南海区桂城街道海八东路 38 号,528200,23.06556,113.150427,+86 757 8870 3333,https://www.marriott.com/en-us/hotels/fuocf-courtyard-foshan/overview/,https://www.marriott.com.cn/zh-cn/hotels/fuocf-courtyard-foshan/overview/,,2023-04-04,15:00,12:00,false
FUOGA,Courtyard by Marriott Foshan Gaoming,佛山高明联塑万怡酒店,Courtyard,万怡酒店,CY,FULLY_BOOKABLE,hotel,,Foshan,佛山,Guangdong,广东,"No 492 Gaoming Avenue East, Gaoming District",高明区高明大道东 492 号,528599,22.8876733,112.8640803,+86 757 8888 6888,https://www.marriott.com/en-us/hotels/fuoga-courtyard-foshan-gaoming/overview/,https://www.marriott.com.cn/zh-cn/hotels/fuoga-courtyard-foshan-gaoming/overview/,,2022-08-09,14:00,12:00,true
FUOSC,Courtyard by Marriott Shunde,顺德美的万怡酒店,Courtyard,万怡酒店,CY,FULLY_BOOKABLE,hotel,,Foshan,佛山,Guangdong,广东,"Building 4 Xingwan Garden, No 2 Lvze Road, Junlan Community Beijiao Town, Shunde District",顺德区北滘镇君兰社区绿泽路2号星湾苑4栋,528311,22.94866,113.215584,+86 757 2622 8888,https://www.marriott.com/en-us/hotels/fuosc-courtyard-shunde/overview/,https://www.marriott.com.cn/zh-cn/hotels/fuosc-courtyard-shunde/overview/,,2025-05-01,15:00,12:00,true
FUOCY,Courtyard by Marriott Shunde Longjiang,顺德联塑万怡酒店,Courtyard,万怡酒店,CY,FULLY_BOOKABLE,hotel,,Foshan,佛山,Guangdong,广东,"No 11 Wenhua Road, Longjiang Town, Shunde District",顺德区龙江镇文华路11号,528318,22.871042,113.0777,+86 757 2938 3888,https://www.marriott.com/en-us/hotels/fuocy-courtyard-shunde-longjiang/overview/,https://www.marriott.com.cn/zh-cn/hotels/fuocy-courtyard-shunde-longjiang/overview/,,2017-11-25,15:00,12:00,true
FUOFI,Fairfield by Marriott Foshan Nanhai,佛山新凯广场万豪万枫酒店,Fairfield Inn & Suites,万枫酒店,FI,FULLY_BOOKABLE,hotel,,Foshan,佛山,Guangdong,广东,"No 22 YongSheng West Road, Nanhai District",南海区永胜西路 22 号,528200,23.061369,113.159075,+86 757 6686 8686,https://www.marriott.com/en-us/hotels/fuofi-fairfield-foshan-nanhai/overview/,https://www.marriott.com.cn/zh-cn/hotels/fuofi-fairfield-foshan-nanhai/overview/,,2019-11-03,15:00,12:00,false
FUOFU,Fairfield by Marriott Shunde,顺德万豪万枫酒店,Fairfield Inn & Suites,万枫酒店,FI,FULLY_BOOKABLE,hotel,,Foshan,佛山,Guangdong,广东,"No 1 Desheng East Road, Shunde District",顺德区德胜东路1号,528318,22.80879001945401,113.32972102369399,+86 757 2322 6888,https://www.marriott.com/en-us/hotels/fuofu-fairfield-shunde/overview/,https://www.marriott.com.cn/zh-cn/hotels/fuofu-fairfield-shunde/overview/,,2025-08-21,15:00,12:00,true
FUOMC,Foshan Marriott Hotel,佛山万豪酒店,Marriott Hotels & Resorts,万豪酒店,MC,FULLY_BOOKABLE,hotel,,Foshan,佛山,Guangdong,广东,"No 38 Haibadong Road Guicheng Street, Nanhai District",南海区桂城街道海八东路 38 号,528200,23.06556,113.150427,+86 757 8870 2222,https://www.marriott.com/en-us/hotels/fuomc-foshan-marriott-hotel/overview/,https://www.marriott.com.cn/zh-cn/hotels/fuomc-foshan-marriott-hotel/overview/,,2023-04-04,15:00,12:00,true
CANSM,Shunde Marriott Hotel,顺德美的万豪酒店,Marriott Hotels & Resorts,万豪酒店,MC,FULLY_BOOKABLE,hotel,,Foshan,佛山,Guangdong,广东,"Midea Plaza 388 Nanguo Road East, Daliang Shunde District",顺德区大良南国东路 388 号美的广场,528300,22.828289,113.275804,+86 757 2989 8888,https://www.marriott.com/en-us/hotels/cansm-shunde-marriott-hotel/overview/,https://www.marriott.com.cn/zh-cn/hotels/cansm-shunde-marriott-hotel/overview/,,2014-12-27,15:00,12:00,false
FUOSI,Sheraton Shunde Hotel,顺德喜来登酒店,Sheraton,喜来登酒店,SI,FULLY_BOOKABLE,hotel,,Foshan,佛山,Guangdong,广东,"11 Desheng Zhong Road, Daliang, Shunde District",顺德区大良德胜中路 11 号,528300,22.791732,113.299083,+86 757 2888 8888,https://www.marriott.com/en-us/hotels/fuosi-sheraton-shunde-hotel/overview/,https://www.marriott.com.cn/zh-cn/hotels/fuosi-sheraton-shunde-hotel/overview/,,2009-08-29,15:00,12:00,false
SZXTX,"Midea Shunde, a Tribute Portfolio Hotel",顺德美的臻品之选酒店,Tribute Portfolio,臻品之选酒店,TX,FULLY_BOOKABLE,hotel,,Foshan,佛山,Guangdong,广东,"Block B, No 6 Junling Road, Beijiao, Shunde District",顺德区北滘君岭路 6 号 B 栋,528311,22.945313,113.217046,+86 757 2223 0888,https://www.marriott.com/en-us/hotels/szxtx-midea-shunde-a-tribute-portfolio-hotel/overview/,https://www.marriott.com.cn/zh-cn/hotels/szxtx-midea-shunde-a-tribute-portfolio-hotel/overview/,,2019-12-31,15:00,12:00,true
FOCSF,Sheraton Fuqing Hotel,福清喜来登酒店,Sheraton,喜来登酒店,SI,FULLY_BOOKABLE,hotel,,Fuqing,福清,Fujian,福建,265 Qingchang Road,清昌大道 265 号,350300,25.712649,119.345152,+86 591 6216 9999,https://www.marriott.com/en-us/hotels/focsf-sheraton-fuqing-hotel/overview/,https://www.marriott.com.cn/zh-cn/hotels/focsf-sheraton-fuqing-hotel/overview/,,2021-02-01,15:00,12:00,false
FOCTF,Fairfield by Marriott Fuzhou Taijiang,福州台江万豪万枫酒店,Fairfield Inn & Suites,万枫酒店,FI,OPENING_SOON,hotel,,Fuzhou,福州,Fujian,福建,"No. 320 Lianjiang Middle Road, Aofeng Street, Taijiang District",台江区鳌峰街道连江中路320号,350009,26.05743,119.33566,+86 591 8371 0777,https://www.marriott.com/en-us/hotels/foctf-fairfield-fuzhou-taijiang/overview/,https://www.marriott.com.cn/zh-cn/hotels/foctf-fairfield-fuzhou-taijiang/overview/,,2026-08-31,15:00,12:00,false
FOCJP,"Four Points by Sheraton Fuzhou, Jin’an",福州晋安福朋喜来登酒店,Four Points by Sheraton,福朋喜来登酒店,FP,FULLY_BOOKABLE,hotel,,Fuzhou,福州,Fujian,福建,"No 66 Yongshang Road, Jin'an District",晋安区拥上路66号,350014,26.092485,119.3604,+86 591 6303 8666,https://www.marriott.com/en-us/hotels/focjp-four-points-fuzhou-jinan/overview/,https://www.marriott.com.cn/zh-cn/hotels/focjp-four-points-fuzhou-jinan/overview/,,2025-10-07,15:00,12:00,true
FOCCP,Four Points by Sheraton Fuzhou Changle,福州长乐福朋喜来登酒店,Four Points by Sheraton,福朋喜来登酒店,FP,OPENING_SOON,hotel,,Fuzhou,福州,Fujian,福建,"No. 69, Haixia Road, Shouzhan Town, Changle District",长乐区首占镇海峡路69号,350200,25.93875211,119.4863687,+86 591 2897 7999,https://www.marriott.com/en-us/hotels/foccp-four points by sheraton fuzhou changle/overview/,https://www.marriott.com.cn/zh-cn/hotels/foccp-four points by sheraton fuzhou changle/overview/,,2026-12-15,15:00,12:00,true
FOCMC,Fuzhou Marriott Hotel Riverside,福州东湖万豪酒店,Marriott Hotels & Resorts,万豪酒店,MC,FULLY_BOOKABLE,hotel,,Fuzhou,福州,Fujian,福建,"No 18 Hujiang Road, Donghu Digital Town, Changle District",长乐区东湖数字小镇壶江路 18 号,350207,25.871866,119.596085,+86 591 8711 8888,https://www.marriott.com/en-us/hotels/focmc-fuzhou-marriott-hotel-riverside/overview/,https://www.marriott.com.cn/zh-cn/hotels/focmc-fuzhou-marriott-hotel-riverside/overview/,,2020-10-10,15:00,12:00,true
FOCSI,Sheraton Fuzhou Hotel,福州中庚喜来登酒店,Sheraton,喜来登酒店,SI,FULLY_BOOKABLE,hotel,,Fuzhou,福州,Fujian,福建,"No.23 Puxiazhou Road, Cangshan District",仓山区浦下洲路 23 号,350026,26.02712,119.366648,+86 591 8855 6666,https://www.marriott.com/en-us/hotels/focsi-sheraton-fuzhou-hotel/overview/,https://www.marriott.com.cn/zh-cn/hotels/focsi-sheraton-fuzhou-hotel/overview/,,2012-09-17,14:00,12:00,false
FOCFI,The Westin Fuzhou Minjiang,福州天元国际威斯汀酒店,Westin Hotels & Resorts,威斯汀酒店及度假村,WI,FULLY_BOOKABLE,hotel,,Fuzhou,福州,Fujian,福建,366 Jiangbin Zhong Avenue,江滨中大道 366 号,350009,26.05133,119.34216,+86 591 8811 1111,https://www.marriott.com/en-us/hotels/focfi-the-westin-fuzhou-minjiang/overview/,https://www.marriott.com.cn/zh-cn/hotels/focfi-the-westin-fuzhou-minjiang/overview/,,2010-12-22,15:00,12:00,false
KOWAC,AC Hotel Ganzhou Quannan,赣州全南 AC 酒店,AC Hotels,AC酒店,AR,OPENING_SOON,hotel,,Ganzhou,赣州,Jiangxi,江西,"Hot Spring Avenue, Nanjing Town, Quannan County",全南县南迳镇温泉大道,341800,24.6843828,114.4319616,,https://www.marriott.com/en-us/hotels/kowac-ac-hotel-ganzhou-quannan/overview/,https://www.marriott.com.cn/zh-cn/hotels/kowac-ac-hotel-ganzhou-quannan/overview/,,2026-06-14,15:00,12:00,true
CANUL,Aloft Guangzhou University Park,广州大学城雅乐轩酒店,Aloft Hotels,雅乐轩酒店,AL,FULLY_BOOKABLE,hotel,,Guangzhou,广州,Guangdong,广东,"No.66 Li De Street, Xiaoguwei",小谷围街立德街 66 号,510006,23.0393175,113.4060556,+86 20 3100 0888,https://www.marriott.com/en-us/hotels/canul-aloft-guangzhou-university-park/overview/,https://www.marriott.com.cn/zh-cn/hotels/canul-aloft-guangzhou-university-park/overview/,,2014-11-28,15:00,12:00,false
CANYP,Courtyard by Marriott Guangzhou Pazhou,广交会万怡酒店,Courtyard,万怡酒店,CY,FULLY_BOOKABLE,hotel,,Guangzhou,广州,Guangdong,广东,"Area C, Canton Fair Complex, 671 Fengpu Zhong Road, Haizhu District",海珠区凤浦中路 671 号广交会展馆 C 区,510335,23.0958375,113.3619219,+86 20 8991 8888,https://www.marriott.com/en-us/hotels/canyp-courtyard-guangzhou-pazhou/overview/,https://www.marriott.com.cn/zh-cn/hotels/canyp-courtyard-guangzhou-pazhou/overview/,,2025-04-13,15:00,12:00,true
CANBE,Element Guangzhou Baiyun,广州白云国际会议中心越秀源宿酒店,Element Hotels,源宿酒店,EL,FULLY_BOOKABLE,hotel,,Guangzhou,广州,Guangdong,广东,"No 12 Yuncheng Middle Second Road, Baiyun District",白云区云城中二路 12 号,510410,23.187802,113.273233,+86 20 8860 6666,https://www.marriott.com/en-us/hotels/canbe-element-guangzhou-baiyun/overview/,https://www.marriott.com.cn/zh-cn/hotels/canbe-element-guangzhou-baiyun/overview/,,2023-05-26,15:00,12:00,false
CANHF,Fairfield by Marriott Guangzhou Huadu,广州花都万豪万枫酒店,Fairfield Inn & Suites,万枫酒店,FI,FULLY_BOOKABLE,hotel,,Guangzhou,广州,Guangdong,广东,"No 21 Gong Yi Road, Hua Du District",花都区公益路21号,510802,23.398048,113.217644,+86 20 3686 2288,https://www.marriott.com/en-us/hotels/canhf-fairfield-guangzhou-huadu/overview/,https://www.marriott.com.cn/zh-cn/hotels/canhf-fairfield-guangzhou-huadu/overview/,,2025-09-17,15:00,12:00,true
CANKF,Fairfield by Marriott Guangzhou Konggang,广州空港万豪万枫酒店,Fairfield Inn & Suites,万枫酒店,FI,FULLY_BOOKABLE,hotel,,Guangzhou,广州,Guangdong,广东,"Building C, Airport South 6th Road, Baiyun District","Building C, Airport South 6th Road, Baiyun District",,23.3689188,113.2936107,+86 20 8608 5888,https://www.marriott.com/en-us/hotels/cankf-fairfield-guangzhou-konggang/overview/,https://www.marriott.com.cn/zh-cn/hotels/cankf-fairfield-guangzhou-konggang/overview/,,2024-04-18,14:00,12:00,true
CANFI,Fairfield by Marriott Guangzhou Tianhe Park,广州天河公园万枫酒店,Fairfield Inn & Suites,万枫酒店,FI,FULLY_BOOKABLE,hotel,,Guangzhou,广州,Guangdong,广东,No. 277 West Zhongshan Avenue,中山大道西 277 号,510665,23.131321773339216,113.37006118302679,+86 20 6232 1888,https://www.marriott.com/en-us/hotels/canfi-fairfield-guangzhou-tianhe-park/overview/,https://www.marriott.com.cn/zh-cn/hotels/canfi-fairfield-guangzhou-tianhe-park/overview/,,2019-02-04,15:00,12:00,false
CANBU,Four Points by Sheraton Guangzhou Bai’e Tan,广州白鹅潭福朋喜来登酒店,Four Points by Sheraton,福朋喜来登酒店,FP,FULLY_BOOKABLE,hotel,,Guangzhou,广州,Guangdong,广东,"NO.588, Dongjiao North Road, Liwan District",荔湾区东漖北路588号,510000,23.0868664234576,113.22749018669126,+86 20 8197 6888,https://www.marriott.com/en-us/hotels/canbu-four-points-guangzhou-baie-tan/overview/,https://www.marriott.com.cn/zh-cn/hotels/canbu-four-points-guangzhou-baie-tan/overview/,,2025-12-12,15:00,12:00,true
CANCW,Four Points by Sheraton Guangzhou Changlong Wanbo Business District,广州长隆万博商务区福朋喜来登酒店,Four Points by Sheraton,福朋喜来登酒店,FP,FULLY_BOOKABLE,hotel,,Guangzhou,广州,Guangdong,广东,"No. 181 North Panyu Avenue, Panyu District",番禺区番禺大道北181号,511442,23.002743,113.346011,+86 20 3990 6888,https://www.marriott.com/en-us/hotels/cancw-four-points-guangzhou-changlong-wanbo-business-district/overview/,https://www.marriott.com.cn/zh-cn/hotels/cancw-four-points-guangzhou-changlong-wanbo-business-district/overview/,,2026-04-29,15:00,12:00,true
CANFP,"Four Points by Sheraton Guangzhou Financial City, Tianhe",广州天河合景福朋喜来登酒店,Four Points by Sheraton,福朋喜来登酒店,FP,FULLY_BOOKABLE,hotel,,Guangzhou,广州,Guangdong,广东,"No 1 Jing Ying Road, Hui Cai Road, Dongpu, Tian He District",天河区东圃汇彩路菁映路 1 号,510660,23.1119905,113.4176351,+86 20 3211 0888,https://www.marriott.com/en-us/hotels/canfp-four-points-guangzhou-financial-city-tianhe/overview/,https://www.marriott.com.cn/zh-cn/hotels/canfp-four-points-guangzhou-financial-city-tianhe/overview/,,2009-09-27,15:00,12:00,true
CANHP,Four Points by Sheraton Guangzhou Huangpu,广州黄埔福朋喜来登酒店,Four Points by Sheraton,福朋喜来登酒店,FP,OPENING_SOON,hotel,,Guangzhou,广州,Guangdong,广东,"No. 16, Xinyang West Road, Huangpu District",黄埔区信阳西路16号,510000,23.168792,113.475364,+86 20 8236 6888,https://www.marriott.com/en-us/hotels/canhp-four-points-guangzhou-huangpu/overview/,https://www.marriott.com.cn/zh-cn/hotels/canhp-four-points-guangzhou-huangpu/overview/,,2026-06-30,15:00,12:00,false
CANSS,Four Points by Sheraton Guangzhou South Station,广州南站福朋喜来登酒店,Four Points by Sheraton,福朋喜来登酒店,FP,OPENING_SOON,hotel,,Guangzhou,广州,Guangdong,广东,"30-38F,Glory Plaza,No.213,West Hanxi Avenue, Shibi Street,Panyu District",番禺区石壁街汉溪大道西213号荣耀广场30-38层,511495,22.986687,113.274048,+86 20 3996 6999,https://www.marriott.com/en-us/hotels/canss-four-points-guangzhou-south-station/overview/,https://www.marriott.com.cn/zh-cn/hotels/canss-four-points-guangzhou-south-station/overview/,,2026-11-01,15:00,12:00,true
CANBP,"Four Points by Sheraton Guangzhou, Baiyun",广州白云国际会议中心越秀福朋喜来登酒店,Four Points by Sheraton,福朋喜来登酒店,FP,FULLY_BOOKABLE,hotel,,Guangzhou,广州,Guangdong,广东,"No.14,16, Yuncheng Middle Second Road, Baiyun District",白云区云城中二路第 14、16 号,510410,23.1886516,113.2729976,+86 20 8860 8888,https://www.marriott.com/en-us/hotels/canbp-four-points-guangzhou-baiyun/overview/,https://www.marriott.com.cn/zh-cn/hotels/canbp-four-points-guangzhou-baiyun/overview/,,2023-05-26,15:00,12:00,true
CANHN,"Four Points by Sheraton Guangzhou, Huangpu New City",广州黄埔新城福朋喜来登酒店,Four Points by Sheraton,福朋喜来登酒店,FP,OPENING_SOON,hotel,,Guangzhou,广州,Guangdong,广东,"No.6 Shabu Road, Huangpu District",黄埔区沙步大路6号,510799,23.091992,113.536841,,https://www.marriott.com/en-us/hotels/canhn-four-points-guangzhou-huangpu-new-city/overview/,https://www.marriott.com.cn/zh-cn/hotels/canhn-four-points-guangzhou-huangpu-new-city/overview/,,2026-06-30,15:00,00:00,false
CANBM,Guangzhou Marriott Hotel Baiyun,广州白云国际会议中心越秀万豪酒店,Marriott Hotels & Resorts,万豪酒店,MC,FULLY_BOOKABLE,hotel,,Guangzhou,广州,Guangdong,广东,"No.6, 8,10 , Yuncheng Middle Second Road., Baiyun District",白云区云城中二路第 6、8、10 号,510410,23.1888051,113.2749941,+86 20 8860 9999,https://www.marriott.com/en-us/hotels/canbm-guangzhou-marriott-hotel-baiyun/overview/,https://www.marriott.com.cn/zh-cn/hotels/canbm-guangzhou-marriott-hotel-baiyun/overview/,,2023-05-26,15:00,12:00,true
CANMN,Guangzhou Marriott Hotel Nansha,广州南沙金茂万豪酒店,Marriott Hotels & Resorts,万豪酒店,MC,FULLY_BOOKABLE,hotel,,Guangzhou,广州,,,"NO. 1, Lv Jin Road, Huang Ge Town, Nansha District",南沙区黄阁镇绿金路1号,511455,22.777885,113.522333,+86 20 2219 8888,https://www.marriott.com/en-us/hotels/canmn-guangzhou-marriott-hotel-nansha/overview/,https://www.marriott.com.cn/zh-cn/hotels/canmn-guangzhou-marriott-hotel-nansha/overview/,,2022-08-28,15:00,12:00,false
CANTI,Guangzhou Marriott Hotel Tianhe,广州正佳广场万豪酒店,Marriott Hotels & Resorts,万豪酒店,MC,FULLY_BOOKABLE,hotel,,Guangzhou,广州,Guangdong,广东,"228 Tianhe Road, Tianhe District",天河区天河路 228 号,510620,23.1326365,113.3262609,+86 20 8992 8888,https://www.marriott.com/en-us/hotels/canti-guangzhou-marriott-hotel-tianhe/overview/,https://www.marriott.com.cn/zh-cn/hotels/canti-guangzhou-marriott-hotel-tianhe/overview/,,2012-06-16,14:00,12:00,false
CANSI,Sheraton Guangzhou Hotel,广州粤海喜来登酒店,Sheraton,喜来登酒店,SI,FULLY_BOOKABLE,hotel,,Guangzhou,广州,Guangdong,广东,"208 Tianhe Rd Junction of Tiyu Xi Rd & Tianhe Rd, Tianhe District",天河区体育西路与天河路交汇处，天河路 208 号,510620,23.132587,113.322218,+86 20 6668 8888,https://www.marriott.com/en-us/hotels/cansi-sheraton-guangzhou-hotel/overview/,https://www.marriott.com.cn/zh-cn/hotels/cansi-sheraton-guangzhou-hotel/overview/,,2011-07-22,15:00,12:00,true
CANGN,Sheraton Guangzhou Nansha Hotel,广州南沙越秀喜来登酒店,Sheraton,喜来登酒店,SI,FULLY_BOOKABLE,hotel,,Guangzhou,广州,Guangdong,广东,"No. 79-80 Haixi Street, Haibin Road, Nansha District",南沙区海滨路海西街 79-80 号,511458,22.791782,113.52838,+86 20 3900 2288,https://www.marriott.com/en-us/hotels/cangn-sheraton-guangzhou-nansha-hotel/overview/,https://www.marriott.com.cn/zh-cn/hotels/cangn-sheraton-guangzhou-nansha-hotel/overview/,,2017-09-28,15:00,12:00,false
CANSP,Sheraton Guangzhou Panyu,广州奥园喜来登酒店,Sheraton,喜来登酒店,SI,FULLY_BOOKABLE,hotel,,Guangzhou,广州,Guangdong,广东,"No.46 Wanhui Yi Road, Panyu District",番禺区万惠一路 46 号,511400,23.008486,113.346938,+86 20 3266 8888,https://www.marriott.com/en-us/hotels/cansp-sheraton-guangzhou-panyu/overview/,https://www.marriott.com.cn/zh-cn/hotels/cansp-sheraton-guangzhou-panyu/overview/,,2020-08-30,15:00,12:00,false
CANRZ,"The Ritz-Carlton, Guangzhou",广州富力丽思卡尔顿酒店,The Ritz-Carlton,丽思卡尔顿酒店,RZ,FULLY_BOOKABLE,hotel,,Guangzhou,广州,Guangdong,广东,"3 Xing An Road, Pearl River New City, Tianhe District",天河区珠江新城兴安路 3 号,510623,23.11651,113.3270924,+86 20 3813 6688,https://www.marriott.com/en-us/hotels/canrz-the-ritz-carlton-guangzhou/overview/,https://www.marriott.com.cn/zh-cn/hotels/canrz-the-ritz-carlton-guangzhou/overview/,,2008-03-11,15:00,12:00,false
CANWG,W Guangzhou,广州 W 酒店,W Hotels,W 酒店,WH,FULLY_BOOKABLE,hotel,,Guangzhou,广州,Guangdong,广东,"26 Xian Cun Road, Pearl River New Town, Tianhe District",天河区珠江新城冼村路 26 号,510623,23.121462,113.328488,+86 20 6628 6628,https://www.marriott.com/en-us/hotels/canwg-w-guangzhou/overview/,https://www.marriott.com.cn/zh-cn/hotels/canwg-w-guangzhou/overview/,,2013-03-31,15:00,12:00,true
CANGW,The Westin Guangzhou,广州海航威斯汀酒店,Westin Hotels & Resorts,威斯汀酒店及度假村,WI,FULLY_BOOKABLE,hotel,,Guangzhou,广州,Guangdong,广东,"6 Lin He Zhong Road, Tian He District",天河区林和中路 6 号,510610,23.1433494,113.3262623,+86 20 2886 6868,https://www.marriott.com/en-us/hotels/cangw-the-westin-guangzhou/overview/,https://www.marriott.com.cn/zh-cn/hotels/cangw-the-westin-guangzhou/overview/,,2007-05-18,15:00,12:00,true
CANWI,The Westin Pazhou,广交会威斯汀酒店,Westin Hotels & Resorts,威斯汀酒店及度假村,WI,FULLY_BOOKABLE,hotel,,Guangzhou,广州,Guangdong,广东,"Area C, Canton Fair Complex, 681 Fengpu Zhong Rd., Haizhu District",海珠区凤浦中路 681 号广交会展馆 C 区,510335,23.09611,113.363612,+86 20 8918 1818,https://www.marriott.com/en-us/hotels/canwi-the-westin-pazhou/overview/,https://www.marriott.com.cn/zh-cn/hotels/canwi-the-westin-pazhou/overview/,,2011-09-11,15:00,12:00,false
KWLCD,Courtyard by Marriott Guilin Downtown,桂林中心万怡酒店,Courtyard,万怡酒店,CY,OPENING_SOON,hotel,,Guilin,桂林,Guangxi,广西,"No. 1 Jinxing Road, Qixing District",七星区金星路1号,541004,25.26711,110.308344,+86 773 581 7777,https://www.marriott.com/en-us/hotels/kwlcd-courtyard-guilin-downtown/overview/,https://www.marriott.com.cn/zh-cn/hotels/kwlcd-courtyard-guilin-downtown/overview/,,2027-01-15,15:00,12:00,false
KWLYF,Fairfield by Marriott Yangshuo,阳朔万豪万枫酒店,Fairfield Inn & Suites,万枫酒店,FI,FULLY_BOOKABLE,hotel,,Guilin,桂林,Guangxi,广西,"No 2 Qianguqing Avenue, Yangshuo, Yangshuo Town",阳朔镇阳朔千古情大道 2 号,541900,24.7786503,110.47726,+86 773 677 5888,https://www.marriott.com/en-us/hotels/kwlyf-fairfield-yangshuo/overview/,https://www.marriott.com.cn/zh-cn/hotels/kwlyf-fairfield-yangshuo/overview/,,2025-01-21,15:00,12:00,true
KWLDP,Four Points by Sheraton Guilin Central,桂林象山景区福朋喜来登酒店,Four Points by Sheraton,福朋喜来登酒店,FP,OPENING_SOON,hotel,,Guilin,桂林,Guangxi,广西,"No. 2, Shanhubei Road, Xiufeng Street, Xiufeng District",秀峰区秀峰街道山湖北路2号,541002,25.273562,110.295647,+86 773 367 9999,https://www.marriott.com/en-us/hotels/kwldp-four-points-guilin-central/overview/,https://www.marriott.com.cn/zh-cn/hotels/kwldp-four-points-guilin-central/overview/,,2026-09-30,15:00,12:00,true
KWLFP,"Four Points by Sheraton Guilin, Lingui",桂林临桂花样年福朋喜来登酒店,Four Points by Sheraton,福朋喜来登酒店,FP,FULLY_BOOKABLE,hotel,,Guilin,桂林,Guangxi,广西,"No.1 Xicheng South Road, Lingui District",临桂区西城南路 1 号,541100,25.23,110.18,+86 773 558 9999,https://www.marriott.com/en-us/hotels/kwlfp-four-points-guilin-lingui/overview/,https://www.marriott.com.cn/zh-cn/hotels/kwlfp-four-points-guilin-lingui/overview/,,2014-12-31,15:00,12:00,false
KWLSI,Sheraton Guilin Hotel,桂林喜来登饭店,Sheraton,喜来登酒店,SI,FULLY_BOOKABLE,hotel,,Guilin,桂林,Guangxi,广西,"15 Bin Jiang Road, Guilin, Guangxi,  PRC",中国广西桂林滨江路 15 号,541001,25.273885,110.299436,+86 773 282 5588,https://www.marriott.com/en-us/hotels/kwlsi-sheraton-guilin-hotel/overview/,https://www.marriott.com.cn/zh-cn/hotels/kwlsi-sheraton-guilin-hotel/overview/,,1991-01-02,15:00,12:00,true
KWEFI,Fairfield by Marriott Guiyang Guanshanhu,贵阳观山湖万枫酒店,Fairfield Inn & Suites,万枫酒店,FI,FULLY_BOOKABLE,hotel,,Guiyang,贵阳,Guizhou,贵州,"Tower A Runxin Plaza, 7 Xingyi Road, Jinyang Technique Industrial Park, Guiyang Hi-Tech Industrial Development Zone",贵阳高新技术产业开发区金阳科技园兴义路 7 号润鑫广场 A 座,,26.621007,106.642651,+86 851 8810 7777,https://www.marriott.com/en-us/hotels/kwefi-fairfield-guiyang-guanshanhu/overview/,https://www.marriott.com.cn/zh-cn/hotels/kwefi-fairfield-guiyang-guanshanhu/overview/,,2020-12-18,15:00,12:00,false
KWEGG,Four Points by Sheraton Guiyang Guanshanhu,贵阳观山湖福朋喜来登酒店,Four Points by Sheraton,福朋喜来登酒店,FP,OPENING_SOON,hotel,,Guiyang,贵阳,Guizhou,贵州,"Middle Section of Haiwan Road, Guanshanhu District",观山湖区海湾路中段,550001,26.608406,106.6471223,+86 851 8885 5888,https://www.marriott.com/en-us/hotels/kwegg-four-points-guiyang-guanshanhu/overview/,https://www.marriott.com.cn/zh-cn/hotels/kwegg-four-points-guiyang-guanshanhu/overview/,,2026-09-10,15:00,12:00,false
KWEHP,Four Points by Sheraton Guiyang Shilihetan,贵阳十里河滩福朋喜来登酒店,Four Points by Sheraton,福朋喜来登酒店,FP,FULLY_BOOKABLE,hotel,,Guiyang,贵阳,Guizhou,贵州,"No 666 Jiaxiu South Road, Huaxi District",花溪区甲秀南路666号,550025,26.455019,106.662188,+86 851 8854 8888,https://www.marriott.com/en-us/hotels/kwehp-four-points-guiyang-shilihetan/overview/,https://www.marriott.com.cn/zh-cn/hotels/kwehp-four-points-guiyang-shilihetan/overview/,,2025-08-26,15:00,12:00,true
KWEFH,"Four Points by Sheraton Guiyang, Huaxi",贵阳花溪福朋喜来登酒店,Four Points by Sheraton,福朋喜来登酒店,FP,FULLY_BOOKABLE,hotel,,Guiyang,贵阳,Guizhou,贵州,No 2 Huanghe Road,黄河路 2 号,550000,26.523699,106.701158,+86 851 8880 1888,https://www.marriott.com/en-us/hotels/kwefh-four-points-guiyang-huaxi/overview/,https://www.marriott.com.cn/zh-cn/hotels/kwefh-four-points-guiyang-huaxi/overview/,,2020-04-28,15:00,12:00,false
KWEBR,Renaissance Guiyang Hotel,贵阳万丽酒店,Renaissance Hotels,万丽酒店,BR,FULLY_BOOKABLE,hotel,,Guiyang,贵阳,Guizhou,贵州,"No 8 Lincheng East Road, Guanshanhu District",观山湖区林城东路 8 号,550081,26.6443,106.624114,+86 851 8555 8888,https://www.marriott.com/en-us/hotels/kwebr-renaissance-guiyang-hotel/overview/,https://www.marriott.com.cn/zh-cn/hotels/kwebr-renaissance-guiyang-hotel/overview/,,2012-04-02,14:00,12:00,false
KWESI,Sheraton Guiyang Hotel,贵阳喜来登贵航酒店,Sheraton,喜来登酒店,SI,FULLY_BOOKABLE,hotel,,Guiyang,贵阳,Guizhou,贵州,49 Zhong Hua Nan Road,中华南路 49 号,550002,26.571241,106.71454,+86 851 8588 8888,https://www.marriott.com/en-us/hotels/kwesi-sheraton-guiyang-hotel/overview/,https://www.marriott.com.cn/zh-cn/hotels/kwesi-sheraton-guiyang-hotel/overview/,,2007-05-21,14:00,12:00,false
XNNFH,Fairfield by Marriott Haidong,海东万枫酒店,Fairfield Inn & Suites,万枫酒店,FI,FULLY_BOOKABLE,hotel,,Haidong,海东,Qinghai,青海,"No 9-3 Wenhua Street, Nianbo Town, Ledu District",乐都区碾伯镇文化街 9-3 号,810700,36.472473,102.409841,+86 972 593 6333,https://www.marriott.com/en-us/hotels/xnnfh-fairfield-haidong/overview/,https://www.marriott.com.cn/zh-cn/hotels/xnnfh-fairfield-haidong/overview/,,2021-04-06,15:00,12:00,false
HAKMF,Fairfield by Marriott Haikou Meilan,海口美兰万豪万枫酒店,Fairfield Inn & Suites,万枫酒店,FI,FULLY_BOOKABLE,hotel,,Haikou,海口,Hainan,海南,"7 Meiyuan Road, Meilan District",美兰区美苑路7号,570100,20.0248,110.37188,+86 898 3638 8088,https://www.marriott.com/en-us/hotels/hakmf-fairfield-haikou-meilan/overview/,https://www.marriott.com.cn/zh-cn/hotels/hakmf-fairfield-haikou-meilan/overview/,,2025-01-19,15:00,12:00,true
HAKAP,Four Points by Sheraton Haikou International Airport,海口国际机场福朋喜来登酒店,Four Points by Sheraton,福朋喜来登酒店,FP,FULLY_BOOKABLE,hotel,,Haikou,海口,,,"No 9 Haiyu Avenue, Meilan District",美兰区海瑜大道9号,571126,19.96199,110.43546,+86 898 3660 9998,https://www.marriott.com/en-us/hotels/hakap-four-points-haikou-international-airport/overview/,https://www.marriott.com.cn/zh-cn/hotels/hakap-four-points-haikou-international-airport/overview/,,2025-09-30,14:00,12:00,true
HAKMC,Haikou Marriott Hotel,海口万豪酒店,Marriott Hotels & Resorts,万豪酒店,MC,FULLY_BOOKABLE,hotel,,Haikou,海口,Hainan,海南,"No 292 Binhai Avenue, Xiuying District",秀英区滨海大道 292 号,570311,20.060427,110.18704,+86 898 6870 8666,https://www.marriott.com/en-us/hotels/hakmc-haikou-marriott-hotel/overview/,https://www.marriott.com.cn/zh-cn/hotels/hakmc-haikou-marriott-hotel/overview/,,2014-10-13,15:00,12:00,false
HAKMH,Renaissance Haikou Hotel,海口万丽酒店,Renaissance Hotels,万丽酒店,BR,FULLY_BOOKABLE,hotel,,Haikou,海口,Hainan,海南,"No 39 Yangshan Boulevard, Longhua District",龙华区羊山大道 39 号,571155,19.922537,110.32838,+86 898 3669 9666,https://www.marriott.com/en-us/hotels/hakmh-renaissance-haikou-hotel/overview/,https://www.marriott.com.cn/zh-cn/hotels/hakmh-renaissance-haikou-hotel/overview/,,2017-05-31,15:00,12:00,false
HAKSI,Sheraton Haikou Hotel,海口喜来登酒店,Sheraton,喜来登酒店,SI,FULLY_BOOKABLE,resort,,Haikou,海口,Hainan,海南,"No. 136 Binhai Avenue, Xiuying District",秀英区滨海大道 136 号,570311,20.051841,110.215148,+86 898 6870 8888,https://www.marriott.com/en-us/hotels/haksi-sheraton-haikou-hotel/overview/,https://www.marriott.com.cn/zh-cn/hotels/haksi-sheraton-haikou-hotel/overview/,,2005-10-01,15:00,12:00,false
HAKRZ,"The Ritz-Carlton, Haikou",海口丽思卡尔顿酒店,The Ritz-Carlton,丽思卡尔顿酒店,RZ,FULLY_BOOKABLE,hotel,,Haikou,海口,Hainan,海南,"No 39 Yangshan Boulevard, Longhua District",龙华区羊山大道 39 号,571155,19.91386,110.311111,+86 898 6683 6888,https://www.marriott.com/en-us/hotels/hakrz-the-ritz-carlton-haikou/overview/,https://www.marriott.com.cn/zh-cn/hotels/hakrz-the-ritz-carlton-haikou/overview/,,2017-01-15,15:00,12:00,false
HAKWI,The Westin Haikou,海口威斯汀酒店,Westin Hotels & Resorts,威斯汀酒店及度假村,WI,FULLY_BOOKABLE,hotel,,Haikou,海口,Hainan,海南,"No 100 Duhai Road, Longhua District",龙华区渡海路 100 号,570105,20.047143,110.323012,+86 898 6659 1888,https://www.marriott.com/en-us/hotels/hakwi-the-westin-haikou/overview/,https://www.marriott.com.cn/zh-cn/hotels/hakwi-the-westin-haikou/overview/,,2021-12-20,15:00,12:00,false
HGHAC,AC Hotel by Marriott Hangzhou,杭州AC欧轩酒店,AC Hotels,AC酒店,AR,FULLY_BOOKABLE,hotel,,Hangzhou,杭州,Zhejiang,浙江,"500 Chuangjing Road, Yuhang District",余杭区创景路500号,311100,30.281944,119.991389,+86 571 8876 0888,https://www.marriott.com/en-us/hotels/hghac-ac-hotel-hangzhou/overview/,https://www.marriott.com.cn/zh-cn/hotels/hghac-ac-hotel-hangzhou/overview/,,2026-03-03,15:00,12:00,true
HGHBA,AC Hotels by Marriott Hangzhou Binjiang,杭州滨江万豪AC酒店,AC Hotels,AC酒店,AR,OPENING_SOON,hotel,,Hangzhou,杭州,Zhejiang,浙江,"Room 111, Building 1, Jiangyi Yunjing Commercial Center, Changhe Road, Binjiang District",滨江区长河街道江一云境商业中心1幢111室,310052,30.19671,120.20948,+86 571 8889 1588,https://www.marriott.com/en-us/hotels/hghba-ac-hotels-hangzhou-binjiang/overview/,https://www.marriott.com.cn/zh-cn/hotels/hghba-ac-hotels-hangzhou-binjiang/overview/,,2026-10-17,14:00,12:00,true
HGHQJ,Courtyard by Marriott Hangzhou Qianjiang,杭州钱江新城万怡酒店,Courtyard,万怡酒店,CY,FULLY_BOOKABLE,hotel,,Hangzhou,杭州,,,"No. 298 Fuchun Road, Shangcheng District",上城区富春路 298 号,310020,30.240703,120.203653,+86 571 8837 8888,https://www.marriott.com/en-us/hotels/hghqj-courtyard-hangzhou-qianjiang/overview/,https://www.marriott.com.cn/zh-cn/hotels/hghqj-courtyard-hangzhou-qianjiang/overview/,,2014-04-03,14:00,12:00,false
HGHCW,Courtyard by Marriott Hangzhou West,杭州西溪万怡酒店,Courtyard,万怡酒店,CY,FULLY_BOOKABLE,hotel,,Hangzhou,杭州,Zhejiang,浙江,No 770 West Wen'er Road,文二西路 770 号,310000,30.282271,120.0751518,+86 571 2808 1111,https://www.marriott.com/en-us/hotels/hghcw-courtyard-hangzhou-west/overview/,https://www.marriott.com.cn/zh-cn/hotels/hghcw-courtyard-hangzhou-west/overview/,,2019-09-30,15:00,12:00,true
HGHCY,Courtyard by Marriott Hangzhou Wulin,杭州武林万怡酒店,Courtyard,万怡酒店,CY,FULLY_BOOKABLE,hotel,,Hangzhou,杭州,Zhejiang,浙江,"28 Hushu South Road, Gongshu District",拱墅区湖墅南路 28 号,310006,30.274302,120.157291,+86 571 8981 7777,https://www.marriott.com/en-us/hotels/hghcy-courtyard-hangzhou-wulin/overview/,https://www.marriott.com.cn/zh-cn/hotels/hghcy-courtyard-hangzhou-wulin/overview/,,2010-12-06,14:00,12:00,true
HGHCX,Courtyard by Marriott Hangzhou Xiaoshan,杭州萧山万怡酒店,Courtyard,万怡酒店,CY,FULLY_BOOKABLE,hotel,,Hangzhou,杭州,Zhejiang,浙江,"548 Yonghui Road, Yingfeng Subdistrict, Xiaoshan District",萧山区盈丰街道永晖路 548 号,311200,30.230493,120.259964,+86 571 8353 8888,https://www.marriott.com/en-us/hotels/hghcx-courtyard-hangzhou-xiaoshan/overview/,https://www.marriott.com.cn/zh-cn/hotels/hghcx-courtyard-hangzhou-xiaoshan/overview/,,2023-08-01,14:00,12:00,true
HGHXC,Courtyard by Marriott Hangzhou Xihu,杭州西湖区万怡酒店,Courtyard,万怡酒店,CY,FULLY_BOOKABLE,hotel,,Hangzhou,杭州,,,"No 600 Dun Yu Road, Xi Hu District",西湖区墩余路 600 号,310000,30.33005,120.03849,+86 571 2820 6666,https://www.marriott.com/en-us/hotels/hghxc-courtyard-hangzhou-xihu/overview/,https://www.marriott.com.cn/zh-cn/hotels/hghxc-courtyard-hangzhou-xihu/overview/,,2023-07-01,14:00,12:00,true
HGHBF,Fairfield by Marriott Hangzhou Binjiang Puyan,杭州滨江万豪万枫酒店,Fairfield Inn & Suites,万枫酒店,FI,FULLY_BOOKABLE,hotel,,Hangzhou,杭州,Zhejiang,浙江,"No. 773 Puyan Rd., Binjiang District",滨江区浦沿路 773 号,310000,30.17323,120.14636,+86 571 2620 3999,https://www.marriott.com/en-us/hotels/hghbf-fairfield-hangzhou-binjiang-puyan/overview/,https://www.marriott.com.cn/zh-cn/hotels/hghbf-fairfield-hangzhou-binjiang-puyan/overview/,,2025-01-08,15:00,12:00,true
HGHFF,Fairfield by Marriott Hangzhou Future Sci-tech City,杭州未来科技城万豪万枫酒店,Fairfield Inn & Suites,万枫酒店,FI,FULLY_BOOKABLE,hotel,,Hangzhou,杭州,Zhejiang,浙江,"No 699 Jingxing Road, Yuhang District",余杭区景兴路699号,311121,30.27841,120.00339,+86 571 2802 6888,https://www.marriott.com/en-us/hotels/hghff-fairfield-hangzhou-future-sci-tech-city/overview/,https://www.marriott.com.cn/zh-cn/hotels/hghff-fairfield-hangzhou-future-sci-tech-city/overview/,,2025-10-28,14:00,12:00,true
HGHGF,Fairfield by Marriott Hangzhou Gongshu,杭州拱墅万豪万枫酒店,Fairfield Inn & Suites,万枫酒店,FI,FULLY_BOOKABLE,hotel,,Hangzhou,杭州,Zhejiang,浙江,"No.9 Quzhou Street, Gongshu District",拱墅区衢州街9号,310015,30.316735,120.148467,+86 571 2888 0666,https://www.marriott.com/en-us/hotels/hghgf-fairfield-hangzhou-gongshu/overview/,https://www.marriott.com.cn/zh-cn/hotels/hghgf-fairfield-hangzhou-gongshu/overview/,,2025-01-06,15:00,12:00,true
HGHQF,Fairfield by Marriott Hangzhou Qiandao Lake,杭州千岛湖万枫酒店­­,Fairfield Inn & Suites,万枫酒店,FI,FULLY_BOOKABLE,hotel,,Hangzhou,杭州,Zhejiang,浙江,"619 Yangguang Road, Qiandao Lake Town, Chun'an County",淳安县千岛湖镇阳光路 619 号,3117000,29.631584,119.0451412,+86 571 6513 6668,https://www.marriott.com/en-us/hotels/hghqf-fairfield-hangzhou-qiandao-lake/overview/,https://www.marriott.com.cn/zh-cn/hotels/hghqf-fairfield-hangzhou-qiandao-lake/overview/,,2023-08-26,15:00,12:00,true
HGHJF,Fairfield by Marriott Hangzhou Qiantang,杭州钱塘万豪万枫酒店,Fairfield Inn & Suites,万枫酒店,FI,FULLY_BOOKABLE,hotel,,Hangzhou,杭州,Zhejiang,浙江,"166 Yinsha Road, Qiantang District",钱塘区银沙路 166 号,310018,30.299547,120.333534,+86 571 2883 3999,https://www.marriott.com/en-us/hotels/hghjf-fairfield-hangzhou-qiantang/overview/,https://www.marriott.com.cn/zh-cn/hotels/hghjf-fairfield-hangzhou-qiantang/overview/,,2024-10-21,14:00,12:00,true
HGHFW,"Fairfield by Marriott Hangzhou Wulin Square, China",杭州武林广场万豪万枫酒店,Fairfield Inn & Suites,万枫酒店,FI,FULLY_BOOKABLE,hotel,,Hangzhou,杭州,Zhejiang,浙江,"370 Stadium Road, Gongshu District",拱墅区体育场路 370 号,310005,30.271056,120.160889,+86 571 2810 1999,https://www.marriott.com/en-us/hotels/hghfw-fairfield-hangzhou-wulin-square-china/overview/,https://www.marriott.com.cn/zh-cn/hotels/hghfw-fairfield-hangzhou-wulin-square-china/overview/,,2024-06-22,15:00,12:00,true
HGHFG,Fairfield by Marriott Hangzhou Xiaoshan,杭州萧山万枫酒店,Fairfield Inn & Suites,万枫酒店,FI,FULLY_BOOKABLE,hotel,,Hangzhou,杭州,Zhejiang,浙江,"Guofeng Building D, No.600 Zhenning Road, Xiaoshan District",萧山区振宁路 600 号国丰大厦 D 座,311200,30.215978,120.271535,+86 571 8202 6688,https://www.marriott.com/en-us/hotels/hghfg-fairfield-hangzhou-xiaoshan/overview/,https://www.marriott.com.cn/zh-cn/hotels/hghfg-fairfield-hangzhou-xiaoshan/overview/,,2021-12-31,14:00,12:00,true
HGHHF,Fairfield by Marriott Hangzhou Xihu District,杭州西湖区万豪万枫酒店,Fairfield Inn & Suites,万枫酒店,FI,FULLY_BOOKABLE,hotel,,Hangzhou,杭州,Zhejiang,浙江,"38 Yile Road, Xihu District",西湖区益乐路 38 号,310012,30.279429,120.114353,+86 571 2809 1888,https://www.marriott.com/en-us/hotels/hghhf-fairfield-hangzhou-xihu-district/overview/,https://www.marriott.com.cn/zh-cn/hotels/hghhf-fairfield-hangzhou-xihu-district/overview/,,2022-09-15,14:00,12:00,true
HGHYF,Fairfield by Marriott Hangzhou Yuhang,杭州余杭万豪万枫酒店,Fairfield Inn & Suites,万枫酒店,FI,FULLY_BOOKABLE,hotel,,Hangzhou,杭州,Zhejiang,浙江,"365 Fengxin Road,Yuhang Street, Yuhang District",余杭区余杭街道凤新路 365 号,311100,30.260444,119.951762,+86 571 8939 3999,https://www.marriott.com/en-us/hotels/hghyf-fairfield-hangzhou-yuhang/overview/,https://www.marriott.com.cn/zh-cn/hotels/hghyf-fairfield-hangzhou-yuhang/overview/,,2024-12-28,15:00,12:00,true
HGHFP,"Four Points by Sheraton Hangzhou, Binjiang",杭州龙禧福朋喜来登酒店,Four Points by Sheraton,福朋喜来登酒店,FP,FULLY_BOOKABLE,hotel,,Hangzhou,杭州,Zhejiang,浙江,"868 Dongxin Avenue, Binjiang District",滨江区东信大道 868 号,310053,30.180016,120.149163,+86 571 2887 8888,https://www.marriott.com/en-us/hotels/hghfp-four-points-hangzhou-binjiang/overview/,https://www.marriott.com.cn/zh-cn/hotels/hghfp-four-points-hangzhou-binjiang/overview/,,2008-02-01,14:00,12:00,false
HGHFQ,Four Points by Sheraton Qiandao Lake,千岛湖福朋喜来登酒店,Four Points by Sheraton,福朋喜来登酒店,FP,FULLY_BOOKABLE,hotel,,Hangzhou,杭州,Zhejiang,浙江,"No 1699 Jixian Road, Qiandao Lake, Chun'an County",淳安县千岛湖集贤路 1699 号,311700,29.65936,119.003761,+86 571 6505 8999,https://www.marriott.com/en-us/hotels/hghfq-four-points-qiandao-lake/overview/,https://www.marriott.com.cn/zh-cn/hotels/hghfq-four-points-qiandao-lake/overview/,,2021-06-19,15:00,12:00,true
HGHJW,JW Marriott Hotel Hangzhou,杭州 JW 万豪酒店,JW Marriott,JW万豪酒店,JW,FULLY_BOOKABLE,hotel,,Hangzhou,杭州,Zhejiang,浙江,"28 Hushu South Road, Gongshu District",拱墅区湖墅南路 28 号,310006,30.2746405,120.1573705,+86 571 8578 8888,https://www.marriott.com/en-us/hotels/hghjw-jw-marriott-hotel-hangzhou/overview/,https://www.marriott.com.cn/zh-cn/hotels/hghjw-jw-marriott-hotel-hangzhou/overview/,,2010-12-29,14:00,12:00,true
HGHMD,"Le Méridien Hangzhou, Binjiang",杭州滨江世融艾美酒店,Le Méridien,艾美酒店,MD,FULLY_BOOKABLE,hotel,,Hangzhou,杭州,Zhejiang,浙江,"No 4756 Jiangnan Avenue, Pu Yan Community, Binjiang District",滨江区浦沿街道江南大道 4756 号,310053,30.187042,120.14729,+86 571 8837 0777,https://www.marriott.com/en-us/hotels/hghmd-le-meridien-hangzhou-binjiang/overview/,https://www.marriott.com.cn/zh-cn/hotels/hghmd-le-meridien-hangzhou-binjiang/overview/,,2018-10-01,15:00,12:00,true
HGHLC,"The Azure Qiantang, a Luxury Collection Hotel, Hangzhou",杭州绿城尊蓝钱江豪华精选酒店,The Luxury Collection,豪华精选酒店,LC,FULLY_BOOKABLE,hotel,,Hangzhou,杭州,Zhejiang,浙江,"39 East Wangjiang Road, Shangcheng District",上城区望江东路 39 号,310008,30.2244951,120.1966556,+86 571 2823 7777,https://www.marriott.com/en-us/hotels/hghlc-the-azure-qiantang-a-luxury-collection-hotel-hangzhou/overview/,https://www.marriott.com.cn/zh-cn/hotels/hghlc-the-azure-qiantang-a-luxury-collection-hotel-hangzhou/overview/,,2014-09-05,14:00,12:00,true
HGHEZ,Marriott Executive Apartments Hangzhou,杭州万豪行政公寓,Marriott Executive Apartments,万豪行政公寓,ER,FULLY_BOOKABLE,hotel,,Hangzhou,杭州,Zhejiang,浙江,"EFC Tower 10, No 2609 Yuhangtang Road, Cangqian Street, Yuhang District",余杭区仓前街道余杭塘路2609号EFC 10幢,311100,30.283093,119.99961,+86 571 8866 3666,https://www.marriott.com/en-us/hotels/hghez-marriott-executive-apartments-hangzhou/overview/,https://www.marriott.com.cn/zh-cn/hotels/hghez-marriott-executive-apartments-hangzhou/overview/,,2023-12-02,14:00,12:00,true
HGHER,Marriott Executive Apartments Hangzhou Yuhang,杭州余杭万豪行政公寓,Marriott Executive Apartments,万豪行政公寓,ER,FULLY_BOOKABLE,hotel,,Hangzhou,杭州,Zhejiang,浙江,"EFC Tower 3, No 89 LianChuang Street, Future Sci-Tech City, Yuhang",余杭未来科技城联创路 89 号欧美金融城 3 号楼,311100,30.280953,120.00329,+86 571 8868 7999,https://www.marriott.com/en-us/hotels/hgher-marriott-executive-apartments-hangzhou-yuhang/overview/,https://www.marriott.com.cn/zh-cn/hotels/hgher-marriott-executive-apartments-hangzhou-yuhang/overview/,,2018-07-16,14:00,12:00,true
HGHML,Hangzhou Marriott Hotel Lin'an,杭州临安万豪酒店,Marriott Hotels & Resorts,万豪酒店,MC,FULLY_BOOKABLE,hotel,,Hangzhou,杭州,Zhejiang,浙江,"No 719 DaYuan Road, Lin'an District",临安区大园路 719 号,311300,30.26135,119.82836,+86 571 6111 6666,https://www.marriott.com/en-us/hotels/hghml-hangzhou-marriott-hotel-linan/overview/,https://www.marriott.com.cn/zh-cn/hotels/hghml-hangzhou-marriott-hotel-linan/overview/,,2018-06-28,14:00,12:00,false
HGHQI,Hangzhou Marriott Hotel Qianjiang,杭州钱江新城万豪酒店,Marriott Hotels & Resorts,万豪酒店,MC,FULLY_BOOKABLE,hotel,,Hangzhou,杭州,Zhejiang,浙江,"No 399 Juyuan Road, Shangcheng District",上城区剧院路 399 号,310016,30.245750761603684,120.21719108262982,+86 571 8646 9999,https://www.marriott.com/en-us/hotels/hghqi-hangzhou-marriott-hotel-qianjiang/overview/,https://www.marriott.com.cn/zh-cn/hotels/hghqi-hangzhou-marriott-hotel-qianjiang/overview/,,2016-08-13,15:00,12:00,true
HGHBL,Renaissance Hangzhou Lin'an Hotel,杭州临安青山湖科技城万丽酒店,Renaissance Hotels,万丽酒店,BR,FULLY_BOOKABLE,hotel,,Hangzhou,杭州,Zhejiang,浙江,"No 1528 Da Yuan Road, Qingshanhu Street, Lin'an District",临安区青山湖街道大园路1528号,311300,30.274684,119.826846,+86 571 6366 6888,https://www.marriott.com/en-us/hotels/hghbl-renaissance-hangzhou-linan-hotel/overview/,https://www.marriott.com.cn/zh-cn/hotels/hghbl-renaissance-hangzhou-linan-hotel/overview/,,2025-09-09,14:00,12:00,true
HGHNE,Renaissance Hangzhou Northeast Hotel,杭州临平万丽酒店,Renaissance Hotels,万丽酒店,BR,FULLY_BOOKABLE,hotel,,Hangzhou,杭州,Zhejiang,浙江,"No 607 Renmin Avenue, Nanyuan Street, Linping District",临平区南苑街道人民大道 607 号,311100,30.4126646,120.3062182,+86 571 8615 8666,https://www.marriott.com/en-us/hotels/hghne-renaissance-hangzhou-northeast-hotel/overview/,https://www.marriott.com.cn/zh-cn/hotels/hghne-renaissance-hangzhou-northeast-hotel/overview/,,2018-06-27,15:00,12:00,true
HGHCC,Renaissance Hangzhou Qianjiang Century City Hotel,杭州钱江世纪城万丽酒店,Renaissance Hotels,万丽酒店,BR,OPENING_SOON,hotel,,Hangzhou,杭州,Zhejiang,浙江,"No. 158, Pinglan Road, Yingfeng Street, Xiaoshan District",萧山区盈丰街道平澜路158号,311215,30.2351265,120.2395889,+86 571 8253 6666,https://www.marriott.com/en-us/hotels/hghcc-renaissance-hangzhou-qianjiang-century-city-hotel/overview/,https://www.marriott.com.cn/zh-cn/hotels/hghcc-renaissance-hangzhou-qianjiang-century-city-hotel/overview/,,2027-01-01,15:00,12:00,true
HGHSI,Sheraton Grand Hangzhou Binjiang Hotel,杭州滨江银泰喜来登大酒店,Sheraton,喜来登酒店,SI,FULLY_BOOKABLE,hotel,,Hangzhou,杭州,Zhejiang,浙江,"1769 Jiang Hong Road, Binjiang District",滨江区江虹路 1769 号,310052,30.208245,120.196679,+86 571 8790 7777,https://www.marriott.com/en-us/hotels/hghsi-sheraton-grand-hangzhou-binjiang-hotel/overview/,https://www.marriott.com.cn/zh-cn/hotels/hghsi-sheraton-grand-hangzhou-binjiang-hotel/overview/,,2016-06-18,15:00,12:00,true
HGHHS,Sheraton Grand Hangzhou Wetland Park Resort,杭州西溪喜来登度假大酒店,Sheraton,喜来登酒店,SI,FULLY_BOOKABLE,resort,,Hangzhou,杭州,Zhejiang,浙江,"1 Westbrook Resort, Zijingang Road",紫金港路西溪天堂国际旅游综合体 1 号,310030,30.2677992999999,120.0885389,+86 571 8500 2222,https://www.marriott.com/en-us/hotels/hghhs-sheraton-grand-hangzhou-wetland-park-resort/overview/,https://www.marriott.com.cn/zh-cn/hotels/hghhs-sheraton-grand-hangzhou-wetland-park-resort/overview/,,2011-11-16,15:00,12:00,true
HGHSF,Sheraton Hangzhou Fuyang,杭州富阳喜来登酒店,Sheraton,喜来登酒店,SI,FULLY_BOOKABLE,hotel,,Hangzhou,杭州,Zhejiang,浙江,"170 Jiangbin West Avenue, Fuyang District",富阳区江滨西大道 170 号,311400,30.020566,119.939025,+86 571 5899 8899,https://www.marriott.com/en-us/hotels/hghsf-sheraton-hangzhou-fuyang/overview/,https://www.marriott.com.cn/zh-cn/hotels/hghsf-sheraton-hangzhou-fuyang/overview/,,2025-01-27,15:00,12:00,true
HGHGB,"Grand New Century Hotel, Hangzhou Boao, A Tribute Portfolio Hotel",杭州博奥开元名都臻品之选酒店,Tribute Portfolio,臻品之选酒店,TX,FULLY_BOOKABLE,hotel,,Hangzhou,杭州,,,"Beigan Street, No.107 Jincheng Road",北干街道金城路 107 号,311200,30.183305,120.242319,+86 571 8291 5888,https://www.marriott.com/en-us/hotels/hghgb-grand-new-century-hotel-hangzhou-boao-a-tribute-portfolio-hotel/overview/,https://www.marriott.com.cn/zh-cn/hotels/hghgb-grand-new-century-hotel-hangzhou-boao-a-tribute-portfolio-hotel/overview/,,2024-12-06,14:00,12:00,true
HGHWB,"Wonderland Resort, Hangzhou Jiande, A Tribute Portfolio Resort",杭州富春芳草地臻品之选度假酒店,Tribute Portfolio,臻品之选酒店,TX,FULLY_BOOKABLE,hotel,,Hangzhou,杭州,Zhejiang,浙江,"88 Yandongguan Road, Meicheng Town, Jiande",建德梅城镇严东关路88号,311600,29.565291,119.562244,+86 571 8127 6666,https://www.marriott.com/en-us/hotels/hghwb-wonderland-resort-hangzhou-jiande-a-tribute-portfolio-resort/overview/,https://www.marriott.com.cn/zh-cn/hotels/hghwb-wonderland-resort-hangzhou-jiande-a-tribute-portfolio-resort/overview/,,2024-12-06,15:00,12:00,true
HGHZF,Fairfield by Marriott Hangzhou Zhuantang,杭州转塘万豪万枫酒店,Fairfield Inn & Suites,万枫酒店,FI,FULLY_BOOKABLE,hotel,,Hangzhou City,杭州市,Zhejiang,浙江,"Building 1, West Area, Xitou Intime Commercial City, Shuangpu Town, Xihu District",杭州市西湖区双浦镇西投银泰商业城西区1号楼,310024,30.146167,120.103389,+86 571 2888 0111,https://www.marriott.com/en-us/hotels/hghzf-fairfield-hangzhou-zhuantang/overview/,https://www.marriott.com.cn/zh-cn/hotels/hghzf-fairfield-hangzhou-zhuantang/overview/,,2025-04-01,14:00,12:00,true
HZGFP,Four Points by Sheraton Hanzhong Riverside,汉中滨江福朋喜来登酒店,Four Points by Sheraton,福朋喜来登酒店,FP,FULLY_BOOKABLE,hotel,,Hanzhong,汉中,Shaanxi,陕西,"Building 6, No.1 of Hanzhong Binjiang Park, Northeast Corner of the Intersection of West Erhuan Road and Xixin Street",西二环路和西新街路口东北角汉中滨江公园壹号6栋,723000,33.07428,106.994926,+86 916 888 8818,https://www.marriott.com/en-us/hotels/hzgfp-four-points-hanzhong-riverside/overview/,https://www.marriott.com.cn/zh-cn/hotels/hzgfp-four-points-hanzhong-riverside/overview/,,2026-02-13,15:00,12:00,true
HRBFI,Fairfield by Marriott Harbin Downtown,哈尔滨城市中心万枫酒店,Fairfield Inn & Suites,万枫酒店,FI,FULLY_BOOKABLE,hotel,,Harbin,哈尔滨,Heilongjiang,黑龙江,"No 32 Jihong Street, Daoli",道里区霁虹街 32 号,150016,45.76374,126.62618,+86 451 8966 1777,https://www.marriott.com/en-us/hotels/hrbfi-fairfield-harbin-downtown/overview/,https://www.marriott.com.cn/zh-cn/hotels/hrbfi-fairfield-harbin-downtown/overview/,,2021-09-25,14:00,12:00,true
HRBFP,Four Points by Sheraton Harbin City Center,哈尔滨城市中心福朋喜来登酒店,Four Points by Sheraton,福朋喜来登酒店,FP,FULLY_BOOKABLE,hotel,,Harbin,哈尔滨,Heilongjiang,黑龙江,"No. 40, Shangzhi Street",尚志大街40号,150010,45.765752,126.62444,+86 451 8775 0555,https://www.marriott.com/en-us/hotels/hrbfp-four-points-harbin-city-center/overview/,https://www.marriott.com.cn/zh-cn/hotels/hrbfp-four-points-harbin-city-center/overview/,,2026-02-12,15:00,12:00,true
HRBJW,JW Marriott Hotel Harbin River North,哈尔滨 JW 万豪酒店,JW Marriott,JW万豪酒店,JW,FULLY_BOOKABLE,hotel,,Harbin,哈尔滨,Heilongjiang,黑龙江,"No 199 Chuangxin Yi Road, Songbei District",松北区创新一路 199 号,150028,45.795757,126.52244,+86 451 5877 7777,https://www.marriott.com/en-us/hotels/hrbjw-jw-marriott-hotel-harbin-river-north/overview/,https://www.marriott.com.cn/zh-cn/hotels/hrbjw-jw-marriott-hotel-harbin-river-north/overview/,,2018-12-28,14:00,12:00,false
HRBXS,Sheraton Harbin Xiangfang Hotel,哈尔滨香坊永泰喜来登酒店,Sheraton,喜来登酒店,SI,FULLY_BOOKABLE,hotel,,Harbin,哈尔滨,Heilongjiang,黑龙江,"No.63 Xiangfu Road, Xiangfang District",香坊区香褔路 63 号,150038,45.718765,126.760769,+86 451 5856 8888,https://www.marriott.com/en-us/hotels/hrbxs-sheraton-harbin-xiangfang-hotel/overview/,https://www.marriott.com.cn/zh-cn/hotels/hrbxs-sheraton-harbin-xiangfang-hotel/overview/,,2015-12-26,15:00,12:00,true
HRBRZ,"The Ritz-Carlton, Harbin",哈尔滨富力丽思卡尔顿酒店,The Ritz-Carlton,丽思卡尔顿酒店,RZ,FULLY_BOOKABLE,hotel,,Harbin,哈尔滨,Heilongjiang,黑龙江,"Tower 1, No 660 West Youyi Road, Daoli District",道里区友谊西路 660 号 1 座,150018,45.758823,126.589257,+86 451 8402 8888,https://www.marriott.com/en-us/hotels/hrbrz-the-ritz-carlton-harbin/overview/,https://www.marriott.com.cn/zh-cn/hotels/hrbrz-the-ritz-carlton-harbin/overview/,,2021-11-26,14:00,12:00,true
HFEPH,Four Points by Sheraton Hefei High-Tech Zone,合肥高新福朋喜来登酒店,Four Points by Sheraton,福朋喜来登酒店,FP,FULLY_BOOKABLE,hotel,,Hefei,合肥,Anhui,安徽,"No.4999, Wangjiang West Road, High-Tech Zone",高新区望江西路4999号,230000,31.82966,117.140798,+86 551 6712 6666,https://www.marriott.com/en-us/hotels/hfeph-four-points-hefei-high-tech-zone/overview/,https://www.marriott.com.cn/zh-cn/hotels/hfeph-four-points-hefei-high-tech-zone/overview/,,2026-01-07,15:00,12:00,true
HFEHF,"Four Points by Sheraton Hefei, Baohe",合肥包河福朋喜来登酒店,Four Points by Sheraton,福朋喜来登酒店,FP,FULLY_BOOKABLE,hotel,,Hefei,合肥,Anhui,安徽,"No. 23 Beijing Road, Baohe District",包河区北京路 23 号,230001,31.785019,117.32832,+86 551 6602 8888,https://www.marriott.com/en-us/hotels/hfehf-four-points-hefei-baohe/overview/,https://www.marriott.com.cn/zh-cn/hotels/hfehf-four-points-hefei-baohe/overview/,,2017-09-08,15:00,12:00,true
HFEPF,"Four Points by Sheraton Hefei, Feidong",合肥琪瑞福朋喜来登酒店,Four Points by Sheraton,福朋喜来登酒店,FP,FULLY_BOOKABLE,hotel,,Hefei,合肥,Anhui,安徽,The intersection of Dongfeng Avenue and Qingluohe Road,姚港路和东风,231699,31.850372,117.4168931,+86 551 6773 6666,https://www.marriott.com/en-us/hotels/hfepf-four-points-hefei-feidong/overview/,https://www.marriott.com.cn/zh-cn/hotels/hfepf-four-points-hefei-feidong/overview/,,2026-03-03,12:00,12:00,false
HFEFP,"Four Points by Sheraton Hefei, Shushan",合肥蜀山福朋喜来登酒店,Four Points by Sheraton,福朋喜来登酒店,FP,FULLY_BOOKABLE,hotel,,Hefei,合肥,Anhui,安徽,"No.1088 Qianshan Road, Shushan District",蜀山区潜山路 1088 号,230071,31.826043,117.227195,+86 551 6521 8888,https://www.marriott.com/en-us/hotels/hfefp-four-points-hefei-shushan/overview/,https://www.marriott.com.cn/zh-cn/hotels/hfefp-four-points-hefei-shushan/overview/,,2014-05-03,15:00,12:00,false
HFESI,Sheraton Hefei Xinzhan Hotel,合肥新站利港喜来登酒店,Sheraton,喜来登酒店,SI,FULLY_BOOKABLE,hotel,,Hefei,合肥,Anhui,安徽,1666 North Tong Ling Road,铜陵北路 1666 号,230011,31.893154,117.327032,+86 551 6296 9999,https://www.marriott.com/en-us/hotels/hfesi-sheraton-hefei-xinzhan-hotel/overview/,https://www.marriott.com.cn/zh-cn/hotels/hfesi-sheraton-hefei-xinzhan-hotel/overview/,,2012-07-08,15:00,12:00,false
HFEWI,The Westin Hefei Baohe,合肥富力威斯汀酒店,Westin Hotels & Resorts,威斯汀酒店及度假村,WI,FULLY_BOOKABLE,hotel,,Hefei,合肥,Anhui,安徽,"No. 150 Ma'An Shan Road, Baohe District",包河区马鞍山路 150 号,230011,31.8588999999999,117.3018,+86 551 6298 9888,https://www.marriott.com/en-us/hotels/hfewi-the-westin-hefei-baohe/overview/,https://www.marriott.com.cn/zh-cn/hotels/hfewi-the-westin-hefei-baohe/overview/,,2010-12-23,15:00,12:00,false
HNYFP,Four Points by Sheraton Hengyang Zhengxiang,衡阳蒸湘福朋喜来登酒店,Four Points by Sheraton,福朋喜来登酒店,FP,FULLY_BOOKABLE,hotel,,Hengyang,衡阳,Hunan,湖南,"No 47 Changfeng Road, Zhengxiang District",蒸湘区长丰大道47号,421000,26.904851,112.567115,+86 734 866 6666,https://www.marriott.com/en-us/hotels/hnyfp-four-points-hengyang-zhengxiang/overview/,https://www.marriott.com.cn/zh-cn/hotels/hnyfp-four-points-hengyang-zhengxiang/overview/,,2024-12-21,15:00,12:00,true
CANFG,"Four Points by Sheraton Guangdong, Heshan",广东鹤山方圆福朋喜来登酒店,Four Points by Sheraton,福朋喜来登酒店,FP,FULLY_BOOKABLE,hotel,,Heshan,鹤山,Guangdong,广东,"No 1 Yanyun Road, Shaping",沙坪街道雁云路 1 号,529700,22.779953,113.01899,+86 750 892 2888,https://www.marriott.com/en-us/hotels/canfg-four-points-guangdong-heshan/overview/,https://www.marriott.com.cn/zh-cn/hotels/canfg-four-points-guangdong-heshan/overview/,,2018-07-28,15:00,12:00,false
HUZFP,Four Points by Sheraton Heyuan Resort,河源巴伐利亚庄园福朋喜来登度假酒店,Four Points by Sheraton,福朋喜来登酒店,FP,FULLY_BOOKABLE,resort,,Heyuan,河源,Guangdong,广东,"Wandong Tourist Area, Gaopugang Subdistrict, Yuancheng District",源城区高埔岗万洞旅游区,517000,23.631596,114.624367,+86 762 888 6188,https://www.marriott.com/en-us/hotels/huzfp-four-points-heyuan-resort/overview/,https://www.marriott.com.cn/zh-cn/hotels/huzfp-four-points-heyuan-resort/overview/,,2016-05-28,15:00,12:00,true
HETSI,Sheraton Hohhot Hotel,呼和浩特喜来登酒店,Sheraton,喜来登酒店,SI,FULLY_BOOKABLE,hotel,,Hohhot,呼和浩特,Nei Mongol,内蒙古,"No.5, Ying Bin North Road, Xin Cheng District",新城区迎宾北路 5 号,010010,40.82507,111.670321,+86 471 698 8888,https://www.marriott.com/en-us/hotels/hetsi-sheraton-hohhot-hotel/overview/,https://www.marriott.com.cn/zh-cn/hotels/hetsi-sheraton-hohhot-hotel/overview/,,2010-05-09,15:00,00:00,true
HIAFD,Fairfield by Marriott Huai'an Downtown,淮安市中心万枫酒店,Fairfield Inn & Suites,万枫酒店,FI,FULLY_BOOKABLE,hotel,,Huaian,淮安,Jiangsu,江苏,"No 36 Huaihai North Road, Qingjiangpu District",清江浦区淮海北路 36 号,223001,33.59779,119.02452,+86 517 8375 8888,https://www.marriott.com/en-us/hotels/hiafd-fairfield-huaian-downtown/overview/,https://www.marriott.com.cn/zh-cn/hotels/hiafd-fairfield-huaian-downtown/overview/,,2022-12-09,14:00,12:00,true
EHUDF,Fairfield by Marriott Huangshi Development Zone,黄石开发区万豪万枫酒店,Fairfield Inn & Suites,万枫酒店,FI,OPENING_SOON,hotel,,Huangshi,黄石,Hubei,湖北,"No. 156 Aoti Avenue, Jinshan Subdistrict, Kaitie District",开铁区金山街道奥体大道156号,435000,30.1218281,115.0630666,+86 714 866 9888,https://www.marriott.com/en-us/hotels/ehudf-fairfield-huangshi-development-zone/overview/,https://www.marriott.com.cn/zh-cn/hotels/ehudf-fairfield-huangshi-development-zone/overview/,,2026-08-30,15:00,12:00,true
HUZLM,Le Méridien Xiaojing Bay,小径湾艾美酒店,Le Méridien,艾美酒店,MD,FULLY_BOOKABLE,resort,,Huizhou,惠州,Guangdong,广东,"No. 1 Xiaojing Bay, Xiachong, Daya Bay",大亚湾霞涌小径湾 1 号,516082,22.789044,114.690713,+86 752 555 6000,https://www.marriott.com/en-us/hotels/huzlm-le-meridien-xiaojing-bay/overview/,https://www.marriott.com.cn/zh-cn/hotels/huzlm-le-meridien-xiaojing-bay/overview/,,2016-09-30,15:00,12:00,false
HUZBR,Renaissance Huizhou Hotel,惠州富力万丽酒店,Renaissance Hotels,万丽酒店,BR,FULLY_BOOKABLE,hotel,,Huizhou,惠州,Guangdong,广东,"No 2 Dong Jiang Two Road, Jiang Bei, Hui Cheng District",惠城区江北东江二路 2 号,516003,23.10062,114.411489,+86 752 739 9999,https://www.marriott.com/en-us/hotels/huzbr-renaissance-huizhou-hotel/overview/,https://www.marriott.com.cn/zh-cn/hotels/huzbr-renaissance-huizhou-hotel/overview/,,2012-04-23,14:00,12:00,true
HUZSB,Sheraton Huizhou Bailuhu,惠州白鹭湖雅居乐喜来登酒店,Sheraton,喜来登酒店,SI,FULLY_BOOKABLE,resort,,Huizhou,惠州,Guangdong,广东,"No 1, Agile Road, Ruhu",汝湖镇雅居乐大道 1 号,516021,23.202164,114.4474662,+86 752 587 8888,https://www.marriott.com/en-us/hotels/huzsb-sheraton-huizhou-bailuhu/overview/,https://www.marriott.com.cn/zh-cn/hotels/huzsb-sheraton-huizhou-bailuhu/overview/,,2013-12-29,15:00,12:00,true
HGHHA,Aloft Huzhou,湖州雅乐轩酒店,Aloft Hotels,雅乐轩酒店,AL,OPENING_SOON,hotel,,Huzhou,湖州,Zhejiang,浙江,"No.508 Houzhuang Rd.,Bldg.22,Jinyu Garden,Huanzhu Sub-district,Wuxing District",吴兴区环渚街道锦玉园22幢后庄路508号,313000,30.889088,120.1147981,+86 572 266 6777,https://www.marriott.com/en-us/hotels/hghha-aloft-huzhou/overview/,https://www.marriott.com.cn/zh-cn/hotels/hghha-aloft-huzhou/overview/,,2027-01-15,15:00,12:00,false
HGHAY,Courtyard by Marriott Anji,安吉万怡酒店,Courtyard,万怡酒店,CY,FULLY_BOOKABLE,hotel,,Huzhou,湖州,Zhejiang,浙江,"No 727 Tianhuangping Road Zhonglu, Anji",安吉天荒坪中路 727 号,31330,30.631325,119.692661,+86 572 560 3333,https://www.marriott.com/en-us/hotels/hghay-courtyard-anji/overview/,https://www.marriott.com.cn/zh-cn/hotels/hghay-courtyard-anji/overview/,,2024-05-30,14:00,12:00,true
HGHDF,Fairfield by Marriott Deqing,德清万豪万枫酒店,Fairfield Inn & Suites,万枫酒店,FI,FULLY_BOOKABLE,hotel,,Huzhou,湖州,Zhejiang,浙江,"No. 899 South Zhongxing Road, Deqing County",德清县中兴南路899号,313200,30.5143133,119.9691538,+86 572 826 8888,https://www.marriott.com/en-us/hotels/hghdf-fairfield-deqing/overview/,https://www.marriott.com.cn/zh-cn/hotels/hghdf-fairfield-deqing/overview/,,2025-11-10,15:00,12:00,true
WUXHF,Fairfield by Marriott Huzhou Nanxun,湖州南浔万豪万枫酒店,Fairfield Inn & Suites,万枫酒店,FI,FULLY_BOOKABLE,hotel,,Huzhou,湖州,Zhejiang,浙江,"No. 1881, Nanlin Middle Road, Nanxun Town, Nanxun District",南浔区南浔镇南林中路1881号,313009,30.833407,120.420549,+86 572 370 9888,https://www.marriott.com/en-us/hotels/wuxhf-fairfield-huzhou-nanxun/overview/,https://www.marriott.com.cn/zh-cn/hotels/wuxhf-fairfield-huzhou-nanxun/overview/,,2025-11-07,15:00,12:00,true
WUXHP,Four Points by Sheraton Huzhou,湖州福朋喜来登酒店,Four Points by Sheraton,福朋喜来登酒店,FP,FULLY_BOOKABLE,hotel,,Huzhou,湖州,Zhejiang,浙江,"1319 Hongfeng Road, Wuxing District",吴兴区红丰路 1319 号,313000,30.854261,120.071656,+86 572 216 8888,https://www.marriott.com/en-us/hotels/wuxhp-four-points-huzhou/overview/,https://www.marriott.com.cn/zh-cn/hotels/wuxhp-four-points-huzhou/overview/,,2024-07-06,15:00,12:00,true
WUXNP,"Four Points by Sheraton Huzhou, Nanxun",湖州南浔福朋喜来登酒店,Four Points by Sheraton,福朋喜来登酒店,FP,FULLY_BOOKABLE,hotel,,Huzhou,湖州,Zhejiang,浙江,"No.118 Wanshun Middle Road, Nanxun Town, Nanxun District",南浔区南浔镇万顺中路 118 号,313009,30.857526,120.418568,+86 572 263 6666,https://www.marriott.com/en-us/hotels/wuxnp-four-points-huzhou-nanxun/overview/,https://www.marriott.com.cn/zh-cn/hotels/wuxnp-four-points-huzhou-nanxun/overview/,,2024-09-26,15:00,12:00,true
HGHDM,Deqing Marriott Hotel,德清万豪酒店,Marriott Hotels & Resorts,万豪酒店,MC,FULLY_BOOKABLE,hotel,,Huzhou,湖州,Zhejiang,浙江,"No 899 South Zhongxing Road, Deqing County",德清县中兴南路899号,313200,30.5143133,119.9691538,+86 572 826 8888,https://www.marriott.com/en-us/hotels/hghdm-deqing-marriott-hotel/overview/,https://www.marriott.com.cn/zh-cn/hotels/hghdm-deqing-marriott-hotel/overview/,,2025-11-10,15:00,12:00,true
WUXHM,Huzhou Marriott Hotel Nanxun,湖州南浔万豪酒店,Marriott Hotels & Resorts,万豪酒店,MC,FULLY_BOOKABLE,hotel,,Huzhou,湖州,Zhejiang,浙江,"1881 Nanlin Middle Road, Nanxun Town, Nanxun District",南浔区南浔镇南林中路1881号,313009,30.833407,120.420549,+86 572 307 7777,https://www.marriott.com/en-us/hotels/wuxhm-huzhou-marriott-hotel-nanxun/overview/,https://www.marriott.com.cn/zh-cn/hotels/wuxhm-huzhou-marriott-hotel-nanxun/overview/,,2026-01-01,15:00,12:00,true
WUXSI,Sheraton Huzhou Taihu Lake Hot Spring Resort & Spa,湖州太湖喜来登温泉度假酒店,Sheraton,喜来登酒店,SI,FULLY_BOOKABLE,resort,,Huzhou,湖州,Zhejiang,浙江,No. 5858 Taihu Road,太湖路 5858 号,313000,30.957578,120.108267,+86 572 229 9999,https://www.marriott.com/en-us/hotels/wuxsi-sheraton-huzhou-taihu-lake-hot-spring-resort-and-spa/overview/,https://www.marriott.com.cn/zh-cn/hotels/wuxsi-sheraton-huzhou-taihu-lake-hot-spring-resort-and-spa/overview/,,2012-12-30,15:00,12:00,true
HGHCG,"Grand New Century Resort, Changxing, A Tribute Portfolio Resort",长兴开元名都臻品之选度假酒店,Tribute Portfolio,臻品之选酒店,TX,FULLY_BOOKABLE,resort,,Huzhou,湖州,Zhejiang,浙江,"Mei Shan Zhen, No 188 Xingneng Road",煤山镇兴能路188号,313117,31.11805556,119.71916667,+86 572 608 7888,https://www.marriott.com/en-us/hotels/hghcg-grand-new-century-resort-changxing-a-tribute-portfolio-resort/overview/,https://www.marriott.com.cn/zh-cn/hotels/hghcg-grand-new-century-resort-changxing-a-tribute-portfolio-resort/overview/,,2025-07-21,14:00,12:00,true
ZFLFP,Four Points by Sheraton Zhaosu,昭苏福朋喜来登酒店,Four Points by Sheraton,福朋喜来登酒店,FP,OPENING_SOON,hotel,,Ili Kazakh Autonomous Prefecture,伊犁哈萨克自治州,Xinjiang,新疆,"No. 10 Muzaerte Road, Zhaosu County",昭苏县木札尔特路10号,835600,43.146,81.103,,https://www.marriott.com/en-us/hotels/zflfp-four-points-zhaosu/overview/,https://www.marriott.com.cn/zh-cn/hotels/zflfp-four-points-zhaosu/overview/,,2027-01-30,15:00,12:00,true
JGSJP,Four Points by Sheraton Ji’an,吉安福朋喜来登酒店,Four Points by Sheraton,福朋喜来登酒店,FP,FULLY_BOOKABLE,hotel,,Ji'an,吉安,,,"No. 186 Xin Jinggangshan Ave, Jizhou District",吉州区井冈山大道新186号,343006,27.083708,114.970894,+86 796 828 6888,https://www.marriott.com/en-us/hotels/jgsjp-four-points-jian/overview/,https://www.marriott.com.cn/zh-cn/hotels/jgsjp-four-points-jian/overview/,,2025-08-15,15:00,12:00,true
JGSFI,Fairfield By Marriott Jian Anfu,吉安安福万豪万枫酒店,Fairfield Inn & Suites,万枫酒店,FI,FULLY_BOOKABLE,hotel,,Jian,Jian,Jiangxi,江西,"South of Wugongshan Ave, Old Town",老城区武功山大道南,343200,27.3818889,114.6192432,+86 796 755 2222,https://www.marriott.com/en-us/hotels/jgsfi-fairfield-jian-anfu/overview/,https://www.marriott.com.cn/zh-cn/hotels/jgsfi-fairfield-jian-anfu/overview/,,2026-01-15,15:00,12:00,false
FUOTF,Fairfield by Marriott Taishan,台山昌大昌万豪万枫酒店,Fairfield Inn & Suites,万枫酒店,FI,FULLY_BOOKABLE,hotel,,Jiangmen,江门,Guangdong,广东,"No.133 Shunde Road, Taicheng Taishan",台山台城舜德路 133 号,529200,22.2458,112.82568,+86 750 518 6888,https://www.marriott.com/en-us/hotels/fuotf-fairfield-taishan/overview/,https://www.marriott.com.cn/zh-cn/hotels/fuotf-fairfield-taishan/overview/,,2025-01-15,15:00,12:00,false
FUOJP,Four Points by Sheraton Jiangmen Downtown,江门市中心福朋喜来登酒店,Four Points by Sheraton,福朋喜来登酒店,FP,OPENING_SOON,hotel,,Jiangmen,江门,Guangdong,广东,"Building 1, Yifang Hui Garden, No. 181, Wuyi Road, Jianghai District",江海区五邑路181号壹方汇花园1号楼,529000,22.560194,113.097236,+86 750 326 6666,https://www.marriott.com/en-us/hotels/fuojp-four-points-jiangmen-downtown/overview/,https://www.marriott.com.cn/zh-cn/hotels/fuojp-four-points-jiangmen-downtown/overview/,,2026-06-30,15:00,12:00,true
CZXCJ,Courtyard by Marriott Jiangyin,江阴万怡酒店,Courtyard,万怡酒店,CY,FULLY_BOOKABLE,hotel,,Jiangyin,江阴,,,No 138 Xiangshan Road,香山路 138 号,214400,31.924794,120.295905,+86 510 8066 2888,https://www.marriott.com/en-us/hotels/czxcj-courtyard-jiangyin/overview/,https://www.marriott.com.cn/zh-cn/hotels/czxcj-courtyard-jiangyin/overview/,,2021-05-15,15:00,12:00,false
WUXJS,Sheraton Jiangyin Hotel,江阴黄嘉喜来登酒店,Sheraton,喜来登酒店,SI,FULLY_BOOKABLE,hotel,,Jiangyin,江阴,Jiangsu,江苏,333 Binjiang Zhong Road,滨江中路 333 号,214400,31.924133,120.282176,+86 510 8699 8888,https://www.marriott.com/en-us/hotels/wuxjs-sheraton-jiangyin-hotel/overview/,https://www.marriott.com.cn/zh-cn/hotels/wuxjs-sheraton-jiangyin-hotel/overview/,,2010-12-31,15:00,12:00,false
HGHPJ,Four Points by Sheraton Jiaxing,嘉兴福朋喜来登酒店,Four Points by Sheraton,福朋喜来登酒店,FP,FULLY_BOOKABLE,hotel,,Jiaxing,嘉兴,Zhejiang,浙江,"789 Ji Yang Road, Xiuzhou District",嘉兴市秀洲区吉杨路 789 号,314001,30.756569,120.72503,+86 573 8286 9988,https://www.marriott.com/en-us/hotels/hghpj-four-points-jiaxing/overview/,https://www.marriott.com.cn/zh-cn/hotels/hghpj-four-points-jiaxing/overview/,,2019-09-19,15:00,12:00,true
HGHJX,Jiaxing Marriott Hotel,嘉兴万豪酒店,Marriott Hotels & Resorts,万豪酒店,MC,FULLY_BOOKABLE,hotel,,Jiaxing,嘉兴,Zhejiang,浙江,"No 418 Qinyi Road, Nanhu District",南湖区秦逸路 418 号,314001,30.722067,120.758753,+86 573 8206 8888,https://www.marriott.com/en-us/hotels/hghjx-jiaxing-marriott-hotel/overview/,https://www.marriott.com.cn/zh-cn/hotels/hghjx-jiaxing-marriott-hotel/overview/,,2020-01-15,15:00,12:00,false
SWAJM,Jieyang Marriott Hotel,揭阳万豪酒店,Marriott Hotels & Resorts,万豪酒店,MC,FULLY_BOOKABLE,hotel,,Jieyang,揭阳市,Guangdong,广东,"No.888 Linjiangnanlu Rd, Rongcheng District",榕城区临江南路 888 号,522000,23.563518,116.399118,+86 663 895 8888,https://www.marriott.com/en-us/hotels/swajm-jieyang-marriott-hotel/overview/,https://www.marriott.com.cn/zh-cn/hotels/swajm-jieyang-marriott-hotel/overview/,,2024-11-21,15:00,12:00,true
TNAPH,"Four Points by Sheraton Jinan, High-Tech Zone",济南高新区福朋喜来登酒店,Four Points by Sheraton,福朋喜来登酒店,FP,FULLY_BOOKABLE,hotel,,Jinan,济南,Shandong,山东,"Building 5, Block B,No.1669,Chonghua Road, Lixia District",历下区崇华路1669号B区5号楼,250000,36.680133,117.119012,+86 531 6878 6666,https://www.marriott.com/en-us/hotels/tnaph-four-points-jinan-high-tech-zone/overview/,https://www.marriott.com.cn/zh-cn/hotels/tnaph-four-points-jinan-high-tech-zone/overview/,,2026-04-06,15:00,12:00,true
TNAJS,Sheraton Jinan Hotel,济南喜来登酒店,Sheraton,喜来登酒店,SI,FULLY_BOOKABLE,hotel,,Jinan,济南,Shandong,山东,"No. 8 Long Ao North Road, Lixia District",历下区龙奥北路 8 号,250098,36.65367,117.11918,+86 531 8162 9999,https://www.marriott.com/en-us/hotels/tnajs-sheraton-jinan-hotel/overview/,https://www.marriott.com.cn/zh-cn/hotels/tnajs-sheraton-jinan-hotel/overview/,,2009-09-28,15:00,12:00,false
JDZFI,Fairfield by Marriott Jingdezhen,景德镇万枫酒店­­,Fairfield Inn & Suites,万枫酒店,FI,FULLY_BOOKABLE,hotel,,Jingdezhen,景德镇,Jiangxi,江西,"No 3 Wanfeng Road, Zhushan District",珠山区万枫路 3 号,333000,29.31718,117.22718,+86 798 860 0888,https://www.marriott.com/en-us/hotels/jdzfi-fairfield-jingdezhen/overview/,https://www.marriott.com.cn/zh-cn/hotels/jdzfi-fairfield-jingdezhen/overview/,,2019-01-06,16:00,11:00,false
JHGXP,Four Points by Sheraton Xishuangbanna,西双版纳福朋喜来登酒店,Four Points by Sheraton,福朋喜来登酒店,FP,FULLY_BOOKABLE,hotel,,Jinghong,景洪,Yunnan,云南,No 22 Qingquan Road,清泉路22号,666100,22.02085,100.77976,+86 691 672 9999,https://www.marriott.com/en-us/hotels/jhgxp-four-points-xishuangbanna/overview/,https://www.marriott.com.cn/zh-cn/hotels/jhgxp-four-points-xishuangbanna/overview/,,2025-06-01,15:00,12:00,true
JHGSI,Sheraton Grand Xishuangbanna Hotel,西双版纳云投喜来登大酒店,Sheraton,喜来登酒店,SI,FULLY_BOOKABLE,resort,,Jinghong,景洪,Yunnan,云南,Gasa Town,嘎洒镇,666109,21.950493,100.755573,+86 691 899 1111,https://www.marriott.com/en-us/hotels/jhgsi-sheraton-grand-xishuangbanna-hotel/overview/,https://www.marriott.com.cn/zh-cn/hotels/jhgsi-sheraton-grand-xishuangbanna-hotel/overview/,,2014-12-31,15:00,12:00,true
WHAXP,"Four Points by Sheraton Xuancheng, Jingxian",宣城泾县福朋喜来登酒店,Four Points by Sheraton,福朋喜来登酒店,FP,FULLY_BOOKABLE,hotel,,Jingxian,Jingxian,Anhui,安徽,"No.252 East Taohuatan Road Jingchuan Town, Jingxian.","No.252 East Taohuatan Road Jingchuan Town, Jingxian.",242500,30.686445,118.422114,+86 563 550 8888,https://www.marriott.com/en-us/hotels/whaxp-four-points-xuancheng-jingxian/overview/,https://www.marriott.com.cn/zh-cn/hotels/whaxp-four-points-xuancheng-jingxian/overview/,,2024-08-22,15:00,12:00,false
SHSJP,Four Points by Sheraton Jingzhou Downtown,荆州城市中心福朋喜来登酒店,Four Points by Sheraton,福朋喜来登酒店,FP,OPENING_SOON,hotel,,Jingzhou,荆州,Hubei,湖北,"No. 275 Jingsha Avenue,, Jingzhou District",荆州区荆沙大道275号,434020,30.360337,112.23525,,https://www.marriott.com/en-us/hotels/shsjp-four-points-jingzhou-downtown/overview/,https://www.marriott.com.cn/zh-cn/hotels/shsjp-four-points-jingzhou-downtown/overview/,,2026-09-15,15:00,12:00,true
YIHFI,Fairfield by Marriott Jingzhou,荆州万枫酒店­­,Fairfield Inn & Suites,万枫酒店,FI,FULLY_BOOKABLE,hotel,,Jingzhou City,荆州市,Hubei,湖北,"No 638 Beijing West Road, Jingzhou District",荆州区北京西路638号,434000,30.34879,112.22682,+86 716 408 3333,https://www.marriott.com/en-us/hotels/yihfi-fairfield-jingzhou/overview/,https://www.marriott.com.cn/zh-cn/hotels/yihfi-fairfield-jingzhou/overview/,,2019-05-28,15:00,12:00,false
YIWHF,Fairfield by Marriott Hengdian,横店万豪万枫酒店,Fairfield Inn & Suites,万枫酒店,FI,FULLY_BOOKABLE,hotel,,Jinhua,金华,Zhejiang,浙江,"No.555 Baizhuwu Village, Hengdian Town, Dongyang",东阳横店镇白竹坞村555号,322118,29.152504,120.353111,+86 579 8652 2555,https://www.marriott.com/en-us/hotels/yiwhf-fairfield-hengdian/overview/,https://www.marriott.com.cn/zh-cn/hotels/yiwhf-fairfield-hengdian/overview/,,2026-01-30,15:00,12:00,true
YIWFI,Fairfield by Marriott Pujiang,浦江鑫广万豪万枫酒店,Fairfield Inn & Suites,万枫酒店,FI,FULLY_BOOKABLE,hotel,,Jinhua,金华,Zhejiang,浙江,"No 1 Baishi Road, Pujiang",浦江白石路1号,322200,29.43382,119.92721,+86 579 8738 9999,https://www.marriott.com/en-us/hotels/yiwfi-fairfield-pujiang/overview/,https://www.marriott.com.cn/zh-cn/hotels/yiwfi-fairfield-pujiang/overview/,,2023-10-27,15:00,12:00,true
YIWMJ,Jinhua Marriott Hotel,金华万豪酒店,Marriott Hotels & Resorts,万豪酒店,MC,FULLY_BOOKABLE,hotel,,Jinhua,金华,,,No 299 Binhong East Road,宾虹东路 299 号,321015,29.0921671,119.6723221,+86 579 8916 6666,https://www.marriott.com/en-us/hotels/yiwmj-jinhua-marriott-hotel/overview/,https://www.marriott.com.cn/zh-cn/hotels/yiwmj-jinhua-marriott-hotel/overview/,,2021-09-26,14:00,12:00,false
YIWSI,Sheraton Pujiang,浦江鑫广喜来登酒店,Sheraton,喜来登酒店,SI,FULLY_BOOKABLE,hotel,,Jinhua,金华,Zhejiang,浙江,"No.1 Baishi Road,Pujiang",浦江县白石路 1 号,322200,29.434005,119.928108,+86 579 8970 8888,https://www.marriott.com/en-us/hotels/yiwsi-sheraton-pujiang/overview/,https://www.marriott.com.cn/zh-cn/hotels/yiwsi-sheraton-pujiang/overview/,,2023-10-12,15:00,12:00,false
TYNJS,Sheraton Jinzhong,晋中喜来登酒店,Sheraton,喜来登酒店,SI,OPENING_SOON,hotel,,Jinzhong,晋中,Shanxi,山西,"Shop 20, Building 6, Zone E, Trade City, Xinan Subdistrict, Yuci District",榆次区西南街道商贸城E区6幢20号商铺,030600,37.687481,112.748292,+86 354 396 6666,https://www.marriott.com/en-us/hotels/tynjs-sheraton-jinzhong/overview/,https://www.marriott.com.cn/zh-cn/hotels/tynjs-sheraton-jinzhong/overview/,,2026-07-30,15:00,12:00,false
JNZSI,Sheraton Jinzhou Hotel,锦州喜来登酒店,Sheraton,喜来登酒店,SI,FULLY_BOOKABLE,hotel,,Jinzhou,锦州,Liaoning,辽宁,No.68 Keji Road,科技路 68 号,121000,41.09104961606555,121.12679445343254,+86 416 799 9999,https://www.marriott.com/en-us/hotels/jnzsi-sheraton-jinzhou-hotel/overview/,https://www.marriott.com.cn/zh-cn/hotels/jnzsi-sheraton-jinzhou-hotel/overview/,,2011-10-01,14:00,12:00,false
JIUSI,Sheraton Jiujiang,九江远洲喜来登酒店,Sheraton,喜来登酒店,SI,FULLY_BOOKABLE,hotel,,Jiujiang,九江,,,116 Nanhu Road,南湖路116号,,29.7159999,115.9994174,+86 792 888 8888,https://www.marriott.com/en-us/hotels/jiusi-sheraton-jiujiang/overview/,https://www.marriott.com.cn/zh-cn/hotels/jiusi-sheraton-jiujiang/overview/,,2025-03-03,15:00,12:00,true
JZHCY,Courtyard by Marriott Jiuzhaigou,九寨沟万怡酒店,Courtyard,万怡酒店,CY,FULLY_BOOKABLE,hotel,,Jiuzhaigou,九寨沟,Sichuan,四川,No 1 Yingbin Street,迎宾街 1 号,623400,33.238844,104.249924,+86 837 678 8888,https://www.marriott.com/en-us/hotels/jzhcy-courtyard-jiuzhaigou/overview/,https://www.marriott.com.cn/zh-cn/hotels/jzhcy-courtyard-jiuzhaigou/overview/,,2023-08-01,15:00,12:00,true
JZHDE,Delta Hotels Jiuzhaigou,九寨沟德尔塔酒店,Delta Hotels and Resorts,德尔塔酒店,DE,FULLY_BOOKABLE,hotel,,Jiuzhaigou,九寨沟,Sichuan,四川,266 Wenhui Road,文荟路 266 号,623400,33.238844,104.249924,+86 837 678 8888,https://www.marriott.com/en-us/hotels/jzhde-delta-hotels-jiuzhaigou/overview/,https://www.marriott.com.cn/zh-cn/hotels/jzhde-delta-hotels-jiuzhaigou/overview/,,2023-07-01,15:00,12:00,false
JZHRZ,"Rissai Valley, a Ritz-Carlton Reserve",日赛谷丽思卡尔顿隐世酒店,The Ritz-Carlton,丽思卡尔顿酒店,RZ,FULLY_BOOKABLE,resort,,Jiuzhaigou,九寨沟,Sichuan,四川,"Zhongcha Valley, Zhangzha Town",漳扎镇中查沟,623402,33.291758,103.813581,+86 837 819 9999,https://www.marriott.com/en-us/hotels/jzhrz-rissai-valley-a-ritz-carlton-reserve/overview/,https://www.marriott.com.cn/zh-cn/hotels/jzhrz-rissai-valley-a-ritz-carlton-reserve/overview/,,2023-06-15,15:00,12:00,true
CGOSK,Sheraton Kaifeng,开封大宏喜来登酒店,Sheraton,喜来登酒店,SI,FULLY_BOOKABLE,hotel,,Kaifeng,开封,Henan,河南,"No.9 1st Street, Longting District",龙亭区一大街 9 号,475000,34.8012123,114.2724584,+86 371 2258 6666,https://www.marriott.com/en-us/hotels/cgosk-sheraton-kaifeng/overview/,https://www.marriott.com.cn/zh-cn/hotels/cgosk-sheraton-kaifeng/overview/,,2020-01-23,14:00,12:00,false
KHGFP,Four Points by Sheraton Kashgar,喀什福朋喜来登酒店,Four Points by Sheraton,福朋喜来登酒店,FP,OPENING_SOON,hotel,,Kashgar,喀什,Xinjiang,新疆,"No. 66 Shenka Avenue, Kashgar City, Xinjiang",新疆喀什市深喀大道66号,844000,39.448294,76.053349,,https://www.marriott.com/en-us/hotels/khgfp-four-points-kashgar/overview/,https://www.marriott.com.cn/zh-cn/hotels/khgfp-four-points-kashgar/overview/,,2026-08-30,15:00,12:00,false
KRLCY,Courtyard by Marriott Korla,库尔勒绿发万怡酒店,Courtyard,万怡酒店,CY,FULLY_BOOKABLE,hotel,,Korla,库尔勒,Xinjiang,新疆,"No 228 Binhu Avenue, Hope Jurisdiction",希望辖区滨湖大道228号,841000,41.73042,86.139826,+86 996 289 8666,https://www.marriott.com/en-us/hotels/krlcy-courtyard-korla/overview/,https://www.marriott.com.cn/zh-cn/hotels/krlcy-courtyard-korla/overview/,,2025-07-01,15:00,12:00,true
KRLBR,Renaissance Hotel Korla,库尔勒绿发万丽酒店,Renaissance Hotels,万丽酒店,BR,FULLY_BOOKABLE,hotel,,Korla,库尔勒,Xinjiang,新疆,"No 228 Binhu Avenue, Hope Jurisdiction",希望辖区滨湖大道228号,841000,41.73042,86.139826,+86 996 282 8888,https://www.marriott.com/en-us/hotels/krlbr-renaissance-hotel-korla/overview/,https://www.marriott.com.cn/zh-cn/hotels/krlbr-renaissance-hotel-korla/overview/,,2025-07-01,15:00,12:00,true
KMGDE,Delta Hotels Kunming,昆明德尔塔酒店,Delta Hotels and Resorts,德尔塔酒店,DE,FULLY_BOOKABLE,hotel,,Kunming,昆明,,,Longhui Road 206,龙辉路 206 号,650000,24.96918,102.792158,+86 871 6535 5555,https://www.marriott.com/en-us/hotels/kmgde-delta-hotels-kunming/overview/,https://www.marriott.com.cn/zh-cn/hotels/kmgde-delta-hotels-kunming/overview/,,2020-08-25,14:00,12:00,false
KMGFI,Fairfield by Marriott Kunming Xinying,昆明新迎万豪万枫酒店,Fairfield Inn & Suites,万枫酒店,FI,FULLY_BOOKABLE,hotel,,Kunming,昆明,Yunnan,云南,"No.182 Xinying Road,Xinying New Town,Panlong District",盘龙区新迎新城新迎路 182 号,650051,25.0523,102.7382,+86 871 6827 7999,https://www.marriott.com/en-us/hotels/kmgfi-fairfield-kunming-xinying/overview/,https://www.marriott.com.cn/zh-cn/hotels/kmgfi-fairfield-kunming-xinying/overview/,,2021-01-18,15:00,12:00,false
KMGXF,Fairfield by Marriott Kunming Xishan,昆明西山万豪万枫酒店,Fairfield Inn & Suites,万枫酒店,FI,OPENING_SOON,hotel,,Kunming,昆明,Yunnan,云南,"1, Shangding, Dashanghui, Qianxing Road, Xishan",锡山区钱兴路大商汇尚鼎1号,650228,24.9805792,102.7054209,+86 871 6799 8888,https://www.marriott.com/en-us/hotels/kmgxf-fairfield-kunming-xishan/overview/,https://www.marriott.com.cn/zh-cn/hotels/kmgxf-fairfield-kunming-xishan/overview/,,2026-07-30,15:00,12:00,false
KMGAP,Four Points by Sheraton Kunming Changshui Airport,昆明长水机场福朋喜来登酒店,Four Points by Sheraton,福朋喜来登酒店,FP,FULLY_BOOKABLE,hotel,,Kunming,昆明,Yunnan,云南,"Intersection of Yunyue Road and Pengzheng Road, Guandu District",官渡区云月路与鹏征路交叉口,650211,25.081786,102.950677,+86 871 6827 1399,https://www.marriott.com/en-us/hotels/kmgap-four-points-kunming-changshui-airport/overview/,https://www.marriott.com.cn/zh-cn/hotels/kmgap-four-points-kunming-changshui-airport/overview/,,2025-08-21,14:00,12:00,false
KMGCP,Four Points by Sheraton Kunming Chenggong,昆明呈贡福朋喜来登酒店,Four Points by Sheraton,福朋喜来登酒店,FP,FULLY_BOOKABLE,hotel,,Kunming,昆明,Yunnan,云南,"Building C, Chunrong Jinyuan, No. 2030, Chunrong Street, Chenggong District, Kunming City",昆明市呈贡区春融街2030号春融锦苑C座,650000,24.8881972,102.8310646,+86 871 6719 8288,https://www.marriott.com/en-us/hotels/kmgcp-four-points-kunming-chenggong/overview/,https://www.marriott.com.cn/zh-cn/hotels/kmgcp-four-points-kunming-chenggong/overview/,,2026-02-08,15:00,12:00,true
KMGDU,Four Points by Sheraton Kunming Dongfeng Square,昆明东风广场福朋喜来登酒店,Four Points by Sheraton,福朋喜来登酒店,FP,FULLY_BOOKABLE,hotel,,Kunming,昆明,Yunnan,云南,"192 Huancheng Road East, Guandu District",官渡区环城东路192号,650041,25.0435804582941,102.733131181492,+86 871 6516 8686,https://www.marriott.com/en-us/hotels/kmgdu-four-points-kunming-dongfeng-square/overview/,https://www.marriott.com.cn/zh-cn/hotels/kmgdu-four-points-kunming-dongfeng-square/overview/,,2025-04-08,15:00,12:00,true
KMGGU,Four Points by Sheraton Kunming Guandu,昆明长晟福朋喜来登酒店,Four Points by Sheraton,福朋喜来登酒店,FP,FULLY_BOOKABLE,hotel,,Kunming,昆明,Yunnan,云南,"Hemei Road, Herun Road",和美路与和润路路口,650206,24.976816990178584,102.73551402033065,+86 871 6827 1688,https://www.marriott.com/en-us/hotels/kmggu-four-points-kunming-guandu/overview/,https://www.marriott.com.cn/zh-cn/hotels/kmggu-four-points-kunming-guandu/overview/,,2025-08-22,14:00,12:00,false
KMGPD,"Four Points by Sheraton Kunming, Downtown",昆明城市中心福朋喜来登酒店,Four Points by Sheraton,福朋喜来登酒店,FP,FULLY_BOOKABLE,hotel,,Kunming,昆明,Yunnan,云南,"No 1. Dongfeng West Road, Wuhua District",五华区东风西路1号,,25.035722,102.709297,+86 871 6851 3398,https://www.marriott.com/en-us/hotels/kmgpd-four-points-kunming-downtown/overview/,https://www.marriott.com.cn/zh-cn/hotels/kmgpd-four-points-kunming-downtown/overview/,,2025-05-20,15:00,12:00,true
KMGSK,Sheraton Kunming,昆明喜来登酒店,Sheraton,喜来登酒店,SI,FULLY_BOOKABLE,hotel,,Kunming,昆明,,,Longhui Road 206,龙辉路 206 号,650000,24.968367,102.791567,+86 871 6535 5555,https://www.marriott.com/en-us/hotels/kmgsk-sheraton-kunming/overview/,https://www.marriott.com.cn/zh-cn/hotels/kmgsk-sheraton-kunming/overview/,,2020-08-25,14:00,12:00,false
SHAKA,Aloft Kunshan Dianshan Lake,昆山淀山湖雅乐轩酒店,Aloft Hotels,雅乐轩酒店,AL,FULLY_BOOKABLE,hotel,,Kunshan,昆山,Jiangsu,江苏,"No.999 Shuangyong Road, Dianshan Lake Township",淀山湖镇双永路999号,215345,31.144078,121.0198385,+86 512 5759 1666,https://www.marriott.com/en-us/hotels/shaka-aloft-kunshan-dianshan-lake/overview/,https://www.marriott.com.cn/zh-cn/hotels/shaka-aloft-kunshan-dianshan-lake/overview/,,2025-07-02,15:00,12:00,true
SHAKS,Courtyard by Marriott Kunshan,昆山万怡酒店,Courtyard,万怡酒店,CY,FULLY_BOOKABLE,hotel,,Kunshan,昆山,Jiangsu,江苏,"HUGE Plaza, 888 East Qianjin Road",前进东路 888 号弘基财富广场,215300,31.384636,121.010145,+86 512 5072 8888,https://www.marriott.com/en-us/hotels/shaks-courtyard-kunshan/overview/,https://www.marriott.com.cn/zh-cn/hotels/shaks-courtyard-kunshan/overview/,,2010-11-23,14:00,12:00,false
SHAFU,Fairfield by Marriott Kunshan,昆山万豪万枫酒店,Fairfield Inn & Suites,万枫酒店,FI,FULLY_BOOKABLE,hotel,,Kunshan,昆山,Jiangsu,江苏,No.556 Zuchongzhi Road,祖冲之路 556 号,215300,31.388195,120.894271,+86 512 5508 0222,https://www.marriott.com/en-us/hotels/shafu-fairfield-kunshan/overview/,https://www.marriott.com.cn/zh-cn/hotels/shafu-fairfield-kunshan/overview/,,2023-09-15,15:00,12:00,true
SHAKP,Four Points by Sheraton Kunshan,昆山福朋喜来登酒店,Four Points by Sheraton,福朋喜来登酒店,FP,FULLY_BOOKABLE,hotel,,Kunshan,昆山,Jiangsu,江苏,198 Qingyang Middle Road,青阳中路198号,215335,31.385067,120.994943,+86 512 5739 6666,https://www.marriott.com/en-us/hotels/shakp-four-points-kunshan/overview/,https://www.marriott.com.cn/zh-cn/hotels/shakp-four-points-kunshan/overview/,,2025-09-01,14:00,12:00,true
SHAKH,Sheraton Kunshan Dianshan Lake,昆山淀山湖喜来登酒店,Sheraton,喜来登酒店,SI,FULLY_BOOKABLE,hotel,,Kunshan,昆山,,,"No 999 Shuangyong Road, Dianshan Lake Township",淀山湖镇双永路999号,215345,31.1432154,121.0203075,+86 512 5759 1666,https://www.marriott.com/en-us/hotels/shakh-sheraton-kunshan-dianshan-lake/overview/,https://www.marriott.com.cn/zh-cn/hotels/shakh-sheraton-kunshan-dianshan-lake/overview/,,2025-07-02,15:00,12:00,true
BJSLY,Courtyard by Marriott Langfang,廊坊万怡酒店,Courtyard,万怡酒店,CY,FULLY_BOOKABLE,hotel,,Langfang,廊坊,Hebei,河北,"Building 4, No. 22 Airport Road",机场路22号4号楼,65005,39.562076,116.523091,+86 316 555 0000,https://www.marriott.com/en-us/hotels/bjsly-courtyard-langfang/overview/,https://www.marriott.com.cn/zh-cn/hotels/bjsly-courtyard-langfang/overview/,,2025-09-30,14:00,12:00,true
BJSFL,"Four Points by Sheraton Langfang, Guan",廊坊固安福朋喜来登酒店,Four Points by Sheraton,福朋喜来登酒店,FP,FULLY_BOOKABLE,hotel,,Langfang,廊坊,Hebei,河北,"No.6 Dongfang Street, North District, Gu'an Industrial Park, Guan County",固安县固安工业园区北区东方街 6 号,065506,39.461092,116.283146,+86 316 592 6666,https://www.marriott.com/en-us/hotels/bjsfl-four-points-langfang-guan/overview/,https://www.marriott.com.cn/zh-cn/hotels/bjsfl-four-points-langfang-guan/overview/,,2013-01-01,15:00,12:00,false
BJSLF,Sheraton Langfang Chaobai River Hotel,廊坊潮白河喜来登酒店,Sheraton,喜来登酒店,SI,FULLY_BOOKABLE,hotel,,Langfang,廊坊,Hebei,河北,"Corner of Jiangtan Rd and Changtong Rd, Dachang Chaobai River Industrial Zone",大厂潮白河工业区厂通路与蒋谭路交叉口,065300,39.892412,116.859883,+86 316 895 9999,https://www.marriott.com/en-us/hotels/bjslf-sheraton-langfang-chaobai-river-hotel/overview/,https://www.marriott.com.cn/zh-cn/hotels/bjslf-sheraton-langfang-chaobai-river-hotel/overview/,,2013-12-28,15:00,12:00,false
LHWAS,Sheraton Lanzhou Anning,兰州众邦喜来登酒店,Sheraton,喜来登酒店,SI,FULLY_BOOKABLE,hotel,,Lanzhou,兰州,Gansu,甘肃,"No.150 Wanxin South Road, Anning District",安宁区万新南路 150 号,730070,36.0948203,103.7121265,+86 931 767 7666,https://www.marriott.com/en-us/hotels/lhwas-sheraton-lanzhou-anning/overview/,https://www.marriott.com.cn/zh-cn/hotels/lhwas-sheraton-lanzhou-anning/overview/,,2024-07-01,15:00,12:00,true
CTULW,Four Points by Sheraton Leshan,乐山福朋喜来登酒店,Four Points by Sheraton,福朋喜来登酒店,FP,FULLY_BOOKABLE,hotel,,Leshan City,乐山市,Sichuan,四川,"No. 666, North Section of Minjiang Avenue, Zhugeng Town, Wutongqiao District",五通桥区竹根镇岷江道北段666号,610000,29.416266,103.799547,+86 833 315 8888,https://www.marriott.com/en-us/hotels/ctulw-four-points-leshan/overview/,https://www.marriott.com.cn/zh-cn/hotels/ctulw-four-points-leshan/overview/,,2025-09-30,15:00,12:00,false
LXAXR,The St. Regis Lhasa Resort,拉萨瑞吉度假酒店,St. Regis,瑞吉酒店,XR,FULLY_BOOKABLE,resort,,Lhasa,拉萨,Xizang,,"No.22, Jiangsu Road",江苏路 22 号,850000,29.646377,91.1419009999999,+86 891 680 8888,https://www.marriott.com/en-us/hotels/lxaxr-the-st-regis-lhasa-resort/overview/,https://www.marriott.com.cn/zh-cn/hotels/lxaxr-the-st-regis-lhasa-resort/overview/,,2010-11-15,15:00,12:00,true
LJGAL,"The ArcadiaPlace, Lugu Lake, a Member of Design Hotels",凉山文旅泸沽湖隐奢逸境酒店（Design Hotels设计酒店成员）,Design Hotels™,Design Hotels™ 成员,DS,FULLY_BOOKABLE,hotel,,Liangshan,凉山,Sichuan,四川,"Mukua Village, Lugu Lake Town",泸沽湖镇木垮村,615715,27.7380751,100.8254154,+86 834 888 8800,https://www.marriott.com/en-us/hotels/ljgal-the-arcadiaplace-lugu-lake-a-member-of-design-hotels/overview/,https://www.marriott.com.cn/zh-cn/hotels/ljgal-the-arcadiaplace-lugu-lake-a-member-of-design-hotels/overview/,,2025-08-28,14:00,12:00,true
LYGFP,Four Points by Sheraton Lianyungang,连云港福朋喜来登酒店,Four Points by Sheraton,福朋喜来登酒店,FP,FULLY_BOOKABLE,hotel,,Lianyungang,连云港,Jiangsu,江苏,"60th Floor, Tower 1, Sunshine International Building,, No 2. Binhai  Avenue",滨海大道2号阳光国际大厦1号楼60层,222000,34.753885,119.374607,+86 518 8502 5888,https://www.marriott.com/en-us/hotels/lygfp-four-points-lianyungang/overview/,https://www.marriott.com.cn/zh-cn/hotels/lygfp-four-points-lianyungang/overview/,,2026-05-01,15:00,12:00,false
LYGDP,Four Points by Sheraton Lianyungang Downtown,连云港城市中心福朋喜来登酒店,Four Points by Sheraton,福朋喜来登酒店,FP,FULLY_BOOKABLE,hotel,,Lianyungang,连云港,Jiangsu,江苏,"No. 2, Cangwu Road, Haizhou District",海州区苍梧路2号,222006,34.59767,119.18926,+86 518 8288 8888,https://www.marriott.com/en-us/hotels/lygdp-four-points-lianyungang-downtown/overview/,https://www.marriott.com.cn/zh-cn/hotels/lygdp-four-points-lianyungang-downtown/overview/,,2026-04-13,15:00,12:00,true
TNAFD,Fairfield by Marriott Liaocheng Dongchangfu,聊城东昌府万豪万枫酒店,Fairfield Inn & Suites,万枫酒店,FI,FULLY_BOOKABLE,hotel,,Liaocheng,聊城,Shandong,山东,"No 1 MNSUNG Plaza, Tourism District",旅游区 MNSUNG 广场 1 号,252000,36.424539,115.949005,+86 635 703 0666,https://www.marriott.com/en-us/hotels/tnafd-fairfield-liaocheng-dongchangfu/overview/,https://www.marriott.com.cn/zh-cn/hotels/tnafd-fairfield-liaocheng-dongchangfu/overview/,,2022-09-13,15:00,12:00,true
LJGFI,Fairfield by Marriott Lijiang Ancient Town,丽江古城万豪万枫酒店,Fairfield Inn & Suites,万枫酒店,FI,FULLY_BOOKABLE,hotel,,Lijiang,丽江,Yunnan,云南,"No 1273 Shangeri Avenue, Ancient Town District",古城区香格里大道 1273 号,674100,26.8688,100.2225,+86 888 516 9999,https://www.marriott.com/en-us/hotels/ljgfi-fairfield-lijiang-ancient-town/overview/,https://www.marriott.com.cn/zh-cn/hotels/ljgfi-fairfield-lijiang-ancient-town/overview/,,2024-04-18,15:00,12:00,true
SYXXB,Marriott Resort Xiangshui Bay,香水湾万豪度假酒店,Marriott Hotels & Resorts,万豪酒店,MC,FULLY_BOOKABLE,resort,,Lingshui,陵水县,Hainan,海南,Xiangshui Bay Tourism Zone,香水湾旅游度假区,572400,18.526947,110.0971,+86 898 8309 9888,https://www.marriott.com/en-us/hotels/syxxb-marriott-resort-xiangshui-bay/overview/,https://www.marriott.com.cn/zh-cn/hotels/syxxb-marriott-resort-xiangshui-bay/overview/,,2016-06-18,15:00,12:00,true
SYXWI,The Westin Blue Bay Resort & Spa,蓝湾绿城威斯汀度假酒店,Westin Hotels & Resorts,威斯汀酒店及度假村,WI,FULLY_BOOKABLE,resort,,Lingshui,陵水县,Hainan,海南,"Qingshui Bay, Xincun Town",清水湾，新村镇,572426,18.414048,109.95774,+86 898 8338 8666,https://www.marriott.com/en-us/hotels/syxwi-the-westin-blue-bay-resort-and-spa/overview/,https://www.marriott.com.cn/zh-cn/hotels/syxwi-the-westin-blue-bay-resort-and-spa/overview/,,2014-08-01,15:00,12:00,true
HYNLU,Four Points by Sheraton Linhai,临海福朋喜来登酒店,Four Points by Sheraton,福朋喜来登酒店,FP,FULLY_BOOKABLE,hotel,,Linhai,临海,Zhejiang,浙江,Baiye West Road No 123,柏叶西路 123 号,31700,28.850168,121.142578,+86 576 8528 9999,https://www.marriott.com/en-us/hotels/hynlu-four-points-linhai/overview/,https://www.marriott.com.cn/zh-cn/hotels/hynlu-four-points-linhai/overview/,,2024-05-22,15:00,12:00,true
LYIBF,Fairfield by Marriott Linyi Beicheng New District,临沂北城新区万豪万枫酒店,Fairfield Inn & Suites,万枫酒店,FI,OPENING_SOON,hotel,,Linyi,临沂市,Shandong,山东,"No.20,Taiyuan Road, Lanshan Distric",兰山区太原路20号,276000,35.145628,118.343765,+86 539 775 6999,https://www.marriott.com/en-us/hotels/lyibf-fairfield-linyi-beicheng-new-district/overview/,https://www.marriott.com.cn/zh-cn/hotels/lyibf-fairfield-linyi-beicheng-new-district/overview/,,2026-06-20,15:00,12:00,true
LYIHP,Four Points by Sheraton Linyi Hedong,临沂河东福朋喜来登酒店,Four Points by Sheraton,福朋喜来登酒店,FP,OPENING_SOON,hotel,,Linyi,临沂市,Shandong,山东,"Building H1, Area A, Aozhengchengyuan, Hedong District",河东区澳正诚园A区H1号楼,276000,35.109312,118.3935,+86 539 889 6688,https://www.marriott.com/en-us/hotels/lyihp-four-points-linyi-hedong/overview/,https://www.marriott.com.cn/zh-cn/hotels/lyihp-four-points-linyi-hedong/overview/,,2026-09-01,15:00,12:00,false
LYIPC,​Four Points by Sheraton Linyi City Center,临沂城市中心福朋喜来登酒店,Four Points by Sheraton,福朋喜来登酒店,FP,OPENING_SOON,hotel,,Linyi,临沂市,Shandong,山东,"No.7 Century Plaza, Xiaohe Road, Lanshan District",兰山区小河路世纪广场7号,276000,35.110671,118.3556614,+86 539 703 9888,https://www.marriott.com/en-us/hotels/lyipc-​four-points-linyi-city-center/overview/,https://www.marriott.com.cn/zh-cn/hotels/lyipc-​four-points-linyi-city-center/overview/,,2026-07-31,15:00,12:00,true
YIWLE,Element Lishui,丽水银泰源宿酒店,Element Hotels,源宿酒店,EL,FULLY_BOOKABLE,hotel,,Lishui,丽水,Zhejiang,浙江,"No 88 Lutang Street , Liandu District",莲都区卢镗街88号,323000,28.43877,119.92625,+86 578 851 6666,https://www.marriott.com/en-us/hotels/yiwle-element-lishui/overview/,https://www.marriott.com.cn/zh-cn/hotels/yiwle-element-lishui/overview/,,2024-08-07,14:00,12:00,true
WNZFP,Four Points by Sheraton Qingtian,青田福朋喜来登酒店,Four Points by Sheraton,福朋喜来登酒店,FP,FULLY_BOOKABLE,hotel,,Lishui,丽水,Zhejiang,浙江,"No.288 Shijin Road, Youzhu Sub-District",油竹街道石锦路288号,323900,28.1021877,120.3211223,+86 578 696 9888,https://www.marriott.com/en-us/hotels/wnzfp-four-points-qingtian/overview/,https://www.marriott.com.cn/zh-cn/hotels/wnzfp-four-points-qingtian/overview/,,2026-02-12,15:00,12:00,true
YIWLM,Lishui Marriott Hotel,丽水银泰万豪酒店,Marriott Hotels & Resorts,万豪酒店,MC,FULLY_BOOKABLE,hotel,,Lishui,丽水,,,"No 88 Lutang Street, Liandu District",莲都区卢镗街88号,323000,28.43863,119.92526,+86 578 851 8888,https://www.marriott.com/en-us/hotels/yiwlm-lishui-marriott-hotel/overview/,https://www.marriott.com.cn/zh-cn/hotels/yiwlm-lishui-marriott-hotel/overview/,,2024-08-07,14:00,12:00,true
LPFFP,Four Points by Sheraton Liupanshui,六盘水福朋喜来登酒店,Four Points by Sheraton,福朋喜来登酒店,FP,FULLY_BOOKABLE,hotel,,Liupanshui,六盘水,Guizhou,贵州,"100 Hongshan Avenue, Hongqiao New District",红桥新区红山大道100号,553001,26.55009,104.9061,+86 858 870 9999,https://www.marriott.com/en-us/hotels/lpffp-four-points-liupanshui/overview/,https://www.marriott.com.cn/zh-cn/hotels/lpffp-four-points-liupanshui/overview/,,2018-07-22,15:00,12:00,false
LZHCY,Courtyard by Marriott Liuzhou Sanjiang,柳州三江万怡酒店,Courtyard,万怡酒店,CY,FULLY_BOOKABLE,hotel,,Liuzhou,柳州,Guangxi,广西,"No 1 Dazhou Culture & Tourism Island, Guyizhen, Sanjiang Dong Autonomous County",三江侗族自治县古宜镇大洲文化旅游岛 1 号,545599,25.771816,109.605641,+86 772 667 8888,https://www.marriott.com/en-us/hotels/lzhcy-courtyard-liuzhou-sanjiang/overview/,https://www.marriott.com.cn/zh-cn/hotels/lzhcy-courtyard-liuzhou-sanjiang/overview/,,2021-10-18,15:00,12:00,false
NKGML,Liyang Marriott Hotel,溧阳万豪酒店,Marriott Hotels & Resorts,万豪酒店,MC,FULLY_BOOKABLE,hotel,,Liyang,溧阳市,Jiangsu,江苏,No 888 Nandajie,南大街 888 号,213300,31.39005744197703,119.49195618500906,+86 519 8757 8888,https://www.marriott.com/en-us/hotels/nkgml-liyang-marriott-hotel/overview/,https://www.marriott.com.cn/zh-cn/hotels/nkgml-liyang-marriott-hotel/overview/,,2021-01-30,15:00,12:00,true
LYABP,Four Points by Sheraton Luoyang Central Business District,洛阳中央商务区福朋喜来登酒店,Four Points by Sheraton,福朋喜来登酒店,FP,OPENING_SOON,hotel,,Louyang,洛阳,Henan,河南,"East District of Zhengda International,No. 88, Houzai Men Street,Luolong District",洛龙区厚载门街88号正大国际东区,471000,34.618217,112.4543981,+86 379 6677 8888,https://www.marriott.com/en-us/hotels/lyabp-four-points-luoyang-central-business-district/overview/,https://www.marriott.com.cn/zh-cn/hotels/lyabp-four-points-luoyang-central-business-district/overview/,,2027-06-27,15:00,12:00,false
LYAFP,Four Points by Sheraton Luohe,漯河建业福朋喜来登酒店,Four Points by Sheraton,福朋喜来登酒店,FP,FULLY_BOOKABLE,hotel,,Luohe,漯河,Henan,河南,"6 Songshan Road West Branch, Yancheng District",郾城区嵩山路西支 6 号,462000,33.589169,114.004955,+86 395 256 6999,https://www.marriott.com/en-us/hotels/lyafp-four-points-luohe/overview/,https://www.marriott.com.cn/zh-cn/hotels/lyafp-four-points-luohe/overview/,,2012-11-29,15:00,12:00,false
LYACY,Courtyard by Marriott Luoyang,洛阳万怡酒店,Courtyard,万怡酒店,CY,FULLY_BOOKABLE,hotel,,Luoyang,洛阳,Henan,河南,"288 Kaiyuan Avenue, Luolong District",洛龙区开元大道 288 号,471023,34.615153,112.429867,+86 379 6217 7777,https://www.marriott.com/en-us/hotels/lyacy-courtyard-luoyang/overview/,https://www.marriott.com.cn/zh-cn/hotels/lyacy-courtyard-luoyang/overview/,,2021-09-05,14:00,12:00,false
LYAMC,Luoyang Marriott Hotel,洛阳万豪酒店,Marriott Hotels & Resorts,万豪酒店,MC,FULLY_BOOKABLE,resort,,Luoyang,洛阳,Henan,河南,"No. 219, Exhibition Road, Luolong District",洛龙区展览路 219 号,471000,34.613615,112.451751,+86 379 6226 6666,https://www.marriott.com/en-us/hotels/lyamc-luoyang-marriott-hotel/overview/,https://www.marriott.com.cn/zh-cn/hotels/lyamc-luoyang-marriott-hotel/overview/,,2024-07-03,14:00,12:00,true
ZHAMP,Four Points by Sheraton Maoming,茂名福朋喜来登酒店,Four Points by Sheraton,福朋喜来登酒店,FP,OPENING_SOON,hotel,,Maoming,茂名,Guangdong,广东,"Honghui International Plaza, No. 16 Courtyard, Zhannan Road, Mao nan District",茂南区站南路16号大院鸿荟国际广场,525000,21.64,110.92,+86 668 328 6868,https://www.marriott.com/en-us/hotels/zhamp-four-points-maoming/overview/,https://www.marriott.com.cn/zh-cn/hotels/zhamp-four-points-maoming/overview/,,2026-07-01,15:00,12:00,false
ZHAMS,Sheraton Maoming Hot Spring Resort,茂名喜来登温泉度假酒店,Sheraton,喜来登酒店,SI,FULLY_BOOKABLE,hotel,,Maoming,茂名,Guangdong,广东,"Hot Water Village, Magang Town, Dianbai County",电白县麻岗镇热水村,525400,21.585318,111.18022,+86 668 361 8888,https://www.marriott.com/en-us/hotels/zhams-sheraton-maoming-hot-spring-resort/overview/,https://www.marriott.com.cn/zh-cn/hotels/zhams-sheraton-maoming-hot-spring-resort/overview/,,2022-09-08,15:00,12:00,true
ZHASM,Sheraton Maoming Romantic Beach Resort,茂名浪漫海岸喜来登度假酒店,Sheraton,喜来登酒店,SI,FULLY_BOOKABLE,hotel,,Maoming,茂名,Guangdong,广东,"Jiangang Precinct, Bohe County, Binhai New District",滨海新区博贺镇尖岗村,525000,21.469506,111.149097,+86 668 555 5888,https://www.marriott.com/en-us/hotels/zhasm-sheraton-maoming-romantic-beach-resort/overview/,https://www.marriott.com.cn/zh-cn/hotels/zhasm-sheraton-maoming-romantic-beach-resort/overview/,,2021-02-09,15:00,12:00,true
MIGFP,Four Points by Sheraton Mianyang,绵阳福朋喜来登酒店,Four Points by Sheraton,福朋喜来登酒店,FP,FULLY_BOOKABLE,hotel,,Mianyang,绵阳,Sichuan,四川,"ZhongYuan Plaza, 55 Mian Xing East Road, PuMing Street, Gaoxing District",高新区普明街绵兴东路 55 号中沅广场,621000,31.46252,104.694479,+86 816 233 9999,https://www.marriott.com/en-us/hotels/migfp-four-points-mianyang/overview/,https://www.marriott.com.cn/zh-cn/hotels/migfp-four-points-mianyang/overview/,,2025-07-01,15:00,12:00,true
MIGSI,Sheraton Mianyang,绵阳首开喜来登酒店,Sheraton,喜来登酒店,SI,FULLY_BOOKABLE,hotel,,Mianyang,绵阳,Sichuan,四川,"Xianhaishuili Scenic Area, Youxian District",游仙区仙海水利风景区,621000,31.548803,104.88591,+86 816 539 9999,https://www.marriott.com/en-us/hotels/migsi-sheraton-mianyang/overview/,https://www.marriott.com.cn/zh-cn/hotels/migsi-sheraton-mianyang/overview/,,2021-07-08,15:00,12:00,false
KMGEL,Element Mile,弥勒源宿酒店,Element Hotels,源宿酒店,EL,NOT_BOOKABLE,hotel,,Mile,弥勒,Yunnan,云南,"Honghe Water Town, Chengnan Section",城南片区红河水乡,652300,24.398756,103.421959,+86 873 619 9999,https://www.marriott.com/en-us/hotels/kmgel-element-mile/overview/,https://www.marriott.com.cn/zh-cn/hotels/kmgel-element-mile/overview/,,2023-12-31,15:00,12:00,false
KMGSI,Sheraton Mile Hotel,弥勒喜来登酒店,Sheraton,喜来登酒店,SI,OPENING_SOON,hotel,,Mile,弥勒,,,"Honghe Water Town, Chengnan Section,",城南片区红河水乡,,24.398756,103.421959,+86 873 298 8888,https://www.marriott.com/en-us/hotels/kmgsi-sheraton-mile-hotel/overview/,https://www.marriott.com.cn/zh-cn/hotels/kmgsi-sheraton-mile-hotel/overview/,,2050-01-01,15:00,12:00,false
KHNYC,Courtyard by Marriott Nanchang,南昌万怡酒店,Courtyard,万怡酒店,CY,FULLY_BOOKABLE,hotel,,Nanchang,南昌,Jiangxi,江西,"249 Yangming Road, Donghu District",东湖区阳明路 249 号,330006,28.68811,115.8912,+86 791 8228 8888,https://www.marriott.com/en-us/hotels/khnyc-courtyard-nanchang/overview/,https://www.marriott.com.cn/zh-cn/hotels/khnyc-courtyard-nanchang/overview/,,2022-01-22,14:00,12:00,false
KHNXF,"Four Points by Sheraton Nanchang, Xihu",南昌华侨城福朋喜来登酒店,Four Points by Sheraton,福朋喜来登酒店,FP,FULLY_BOOKABLE,hotel,,Nanchang,南昌,Jiangxi,江西,"No. 6 Yanwu Road, Xihu District",西湖区燕舞路 6 号,330025,28.63226,115.88375,+86 791 8212 9888,https://www.marriott.com/en-us/hotels/khnxf-four-points-nanchang-xihu/overview/,https://www.marriott.com.cn/zh-cn/hotels/khnxf-four-points-nanchang-xihu/overview/,,2022-08-18,15:00,12:00,true
KHNSI,Sheraton Nanchang Hotel,南昌喜来登酒店,Sheraton,喜来登酒店,SI,FULLY_BOOKABLE,hotel,,Nanchang,南昌,Jiangxi,江西,"No 1669 Hong Gu Middle Avenue, Hong Gu Tan District",红谷滩区红谷中大道 1669 号,330038,28.691663,115.868503,+86 791 8222 2228,https://www.marriott.com/en-us/hotels/khnsi-sheraton-nanchang-hotel/overview/,https://www.marriott.com.cn/zh-cn/hotels/khnsi-sheraton-nanchang-hotel/overview/,,2015-12-27,15:00,12:00,false
NKGAR,"Nanjing, Jiangning, Autograph Collection",南京珺懋酒店·傲途格精选,Autograph Collection,傲途格精选酒店,AK,FULLY_BOOKABLE,resort,,Nanjing,南京,Jiangsu,江苏,"7 Linxiu Road-Tangshan Street, Jiangning District",江苏省南京市江宁区汤山街道林绣路 7 号,211131,32.0708052,119.0044611,+86 25 5183 6666,https://www.marriott.com/en-us/hotels/nkgar-nanjing-jiangning-autograph-collection/overview/,https://www.marriott.com.cn/zh-cn/hotels/nkgar-nanjing-jiangning-autograph-collection/overview/,,2021-06-28,16:00,12:00,true
NKGAK,"The Sifang Hotel Nanjing, Autograph Collection",南京四方酒店，傲途格精选,Autograph Collection,傲途格精选酒店,AK,FULLY_BOOKABLE,hotel,,Nanjing,南京,Jiangsu,江苏,"No 9 Zhenqi Road, Pukou District",浦口区珍七路 9 号,210031,32.113852076069946,118.64017423753108,+86 25 5860 9999,https://www.marriott.com/en-us/hotels/nkgak-the-sifang-hotel-nanjing-autograph-collection/overview/,https://www.marriott.com.cn/zh-cn/hotels/nkgak-the-sifang-hotel-nanjing-autograph-collection/overview/,,2021-04-10,15:00,12:00,true
NKGNJ,Courtyard by Marriott Nanjing Jiangning,南京金轮万怡酒店,Courtyard,万怡酒店,CY,FULLY_BOOKABLE,hotel,,Nanjing,南京,Jiangsu,江苏,"1101 Shuanglong Avenue, Jiangning District",江宁区双龙大道 1101 号,211100,31.952262,118.820547,+86 25 5271 5888,https://www.marriott.com/en-us/hotels/nkgnj-courtyard-nanjing-jiangning/overview/,https://www.marriott.com.cn/zh-cn/hotels/nkgnj-courtyard-nanjing-jiangning/overview/,,2021-04-22,14:00,12:00,true
NKGGP,"Four Points by Sheraton Nanjing, Gulou District",南京鼓楼区福朋喜来登酒店,Four Points by Sheraton,福朋喜来登酒店,FP,FULLY_BOOKABLE,hotel,,Nanjing,南京,Jiangsu,江苏,No.8 Zhongyang North Road,中央北路8号,210037,32.093881,118.784893,+86 25 8321 3777,https://www.marriott.com/en-us/hotels/nkggp-four-points-nanjing-gulou-district/overview/,https://www.marriott.com.cn/zh-cn/hotels/nkggp-four-points-nanjing-gulou-district/overview/,,2025-11-25,15:00,12:00,true
NKGSC,Marriott Nanjing South Hotel,南京景枫万豪酒店,Marriott Hotels & Resorts,万豪酒店,MC,FULLY_BOOKABLE,hotel,,Nanjing,南京,Jiangsu,江苏,"No 1519 Shuanglong Avenue, Jiangning District",江宁区双龙大道 1519 号,211100,31.937775,118.82162,+86 25 8610 6888,https://www.marriott.com/en-us/hotels/nkgsc-marriott-nanjing-south-hotel/overview/,https://www.marriott.com.cn/zh-cn/hotels/nkgsc-marriott-nanjing-south-hotel/overview/,,2018-01-16,14:00,12:00,true
NKGOX,Moxy Nanjing Jiangning,南京江宁 Moxy 酒店,MOXY Hotels,MOXY酒店,OX,FULLY_BOOKABLE,hotel,,Nanjing,南京,Jiangsu,江苏,"No 15 Tianyuan East Road, Jiangning District",江宁区天元东路 15 号,211112,31.9333762,118.8468817,+86 25 5208 1888,https://www.marriott.com/en-us/hotels/nkgox-moxy-nanjing-jiangning/overview/,https://www.marriott.com.cn/zh-cn/hotels/nkgox-moxy-nanjing-jiangning/overview/,,2021-12-03,15:00,12:00,true
NKGBR,Renaissance Nanjing Olympic Centre Hotel,南京华泰万丽酒店,Renaissance Hotels,万丽酒店,BR,FULLY_BOOKABLE,hotel,,Nanjing,南京,Jiangsu,江苏,"139 Aoti Street, Jianye District",建邺区奥体大街139号,210019,32.002821,118.724667,+86 25 8338 8888,https://www.marriott.com/en-us/hotels/nkgbr-renaissance-nanjing-olympic-centre-hotel/overview/,https://www.marriott.com.cn/zh-cn/hotels/nkgbr-renaissance-nanjing-olympic-centre-hotel/overview/,,2016-01-16,14:00,12:00,false
NKGSI,Sheraton Nanjing Kingsley Hotel & Towers,南京金丝利喜来登酒店,Sheraton,喜来登酒店,SI,FULLY_BOOKABLE,hotel,,Nanjing,南京,Jiangsu,江苏,169 Hanzhong Road,汉中路 169 号,210029,32.041985,118.77107,+86 25 8666 8888,https://www.marriott.com/en-us/hotels/nkgsi-sheraton-nanjing-kingsley-hotel-and-towers/overview/,https://www.marriott.com.cn/zh-cn/hotels/nkgsi-sheraton-nanjing-kingsley-hotel-and-towers/overview/,,1998-10-01,14:00,12:00,true
NKGRZ,"The Ritz-Carlton, Nanjing",南京丽思卡尔顿酒店,The Ritz-Carlton,丽思卡尔顿酒店,RZ,FULLY_BOOKABLE,hotel,,Nanjing,南京,Jiangsu,江苏,"No 18 Zhongshan Road, Xuanwu District",玄武区中山路 18 号,210018,32.042683,118.78415,+86 25 6978 8888,https://www.marriott.com/en-us/hotels/nkgrz-the-ritz-carlton-nanjing/overview/,https://www.marriott.com.cn/zh-cn/hotels/nkgrz-the-ritz-carlton-nanjing/overview/,,2020-06-28,14:00,12:00,true
NKGWN,The Westin Nanjing Resort & Spa,南京威斯汀温泉度假酒店,Westin Hotels & Resorts,威斯汀酒店及度假村,WI,FULLY_BOOKABLE,resort,,Nanjing,南京,Jiangsu,江苏,"No 6 Linxiu Road, Tangshan Street, Jiangning  District",江苏省南京市江宁区汤山街道林绣路 6 号,211131,32.0717805,119.0064212,+86 25 8712 6666,https://www.marriott.com/en-us/hotels/nkgwn-the-westin-nanjing-resort-and-spa/overview/,https://www.marriott.com.cn/zh-cn/hotels/nkgwn-the-westin-nanjing-resort-and-spa/overview/,,2021-06-28,16:00,12:00,true
NKGWI,The Westin Nanjing Xuanwu Lake,南京金茂威斯汀大酒店,Westin Hotels & Resorts,威斯汀酒店及度假村,WI,FULLY_BOOKABLE,hotel,,Nanjing,南京,Jiangsu,江苏,201 Zhong Yang Road,中央路 201 号,,32.071685,118.783094,+86 25 8556 8888,https://www.marriott.com/en-us/hotels/nkgwi-the-westin-nanjing-xuanwu-lake/overview/,https://www.marriott.com.cn/zh-cn/hotels/nkgwi-the-westin-nanjing-xuanwu-lake/overview/,,2011-02-18,15:00,12:00,true
NNGCY,Courtyard by Marriott Nanning Wuxiang,南宁五象万怡酒店,Courtyard,万怡酒店,CY,FULLY_BOOKABLE,hotel,,Nanning,南宁,Guangxi,广西,"8 Longma Street, Yongning District",邕宁区龙马街 8 号,,22.78061,108.46486,+86 771 505 8888,https://www.marriott.com/en-us/hotels/nngcy-courtyard-nanning-wuxiang/overview/,https://www.marriott.com.cn/zh-cn/hotels/nngcy-courtyard-nanning-wuxiang/overview/,,2024-09-23,15:00,12:00,true
NNGFP,"Four Points by Sheraton Nanning, Wuxiang",南宁五象福朋喜来登酒店,Four Points by Sheraton,福朋喜来登酒店,FP,FULLY_BOOKABLE,hotel,,Nanning,南宁,Guangxi,广西,"No.6 Feilong Road Zhendan Square, Wuxiang District Liangqing Zone",良庆区五象区飞龙路震旦广场6号,530000,22.76815,108.38583,+86 771 505 9999,https://www.marriott.com/en-us/hotels/nngfp-four-points-nanning-wuxiang/overview/,https://www.marriott.com.cn/zh-cn/hotels/nngfp-four-points-nanning-wuxiang/overview/,,2025-08-04,15:00,12:00,true
NNGLC,"Na Lotus Hotel, a Luxury Collection Hotel, Nanning",南宁龙光那莲豪华精选酒店,The Luxury Collection,豪华精选酒店,LC,FULLY_BOOKABLE,hotel,,Nanning,南宁,Guangxi,广西,"Tower A, Logan Century, 8 Zhongjian Road, Qingxiu District",青秀区中柬路 8 号龙光世纪大厦 A 塔,,22.808491,108.399743,+86 771 255 8888,https://www.marriott.com/en-us/hotels/nnglc-na-lotus-hotel-a-luxury-collection-hotel-nanning/overview/,https://www.marriott.com.cn/zh-cn/hotels/nnglc-na-lotus-hotel-a-luxury-collection-hotel-nanning/overview/,,2019-09-06,15:00,12:00,true
NNGMC,Nanning Marriott Hotel,南宁鑫伟万豪酒店,Marriott Hotels & Resorts,万豪酒店,MC,FULLY_BOOKABLE,hotel,,Nanning,南宁,Guangxi,广西,"131 Min Zu Boulevard, Qing Xiu District",青秀区民族大道 131 号,530028,22.814,108.38654,+86 771 536 6688,https://www.marriott.com/en-us/hotels/nngmc-nanning-marriott-hotel/overview/,https://www.marriott.com.cn/zh-cn/hotels/nngmc-nanning-marriott-hotel/overview/,,2009-12-12,15:00,12:00,true
NNGBR,Renaissance Nanning Hotel,南宁万丽酒店,Renaissance Hotels,万丽酒店,BR,FULLY_BOOKABLE,hotel,,Nanning,南宁,Guangxi,广西,"No 9 Songxiang Road, Liang Qing District",良庆区宋厢路 9 号,530201,22.7652053,108.3818996,+86 771 539 8888,https://www.marriott.com/en-us/hotels/nngbr-renaissance-nanning-hotel/overview/,https://www.marriott.com.cn/zh-cn/hotels/nngbr-renaissance-nanning-hotel/overview/,,2019-11-02,15:00,12:00,true
NTGCY,Courtyard by Marriott Nantong,南通万怡酒店,Courtyard,万怡酒店,CY,FULLY_BOOKABLE,hotel,,Nantong,南通,Jiangsu,江苏,"No 6-6 Shennan Road, Chongchuan District",崇川区深南路6-6号,226001,32.037643,120.835754,+86 513 6669 9999,https://www.marriott.com/en-us/hotels/ntgcy-courtyard-nantong/overview/,https://www.marriott.com.cn/zh-cn/hotels/ntgcy-courtyard-nantong/overview/,,2025-04-02,15:00,12:00,true
NTGFP,"Four Points by Sheraton Nantong, Haimen",南通海门福朋喜来登酒店,Four Points by Sheraton,福朋喜来登酒店,FP,FULLY_BOOKABLE,hotel,,Nantong,南通,Jiangsu,江苏,"No.99 Jiefang Road, Haimen District",海门区解放路 99 号,226100,31.89455046871356,121.19865382251407,+86 513 6866 9999,https://www.marriott.com/en-us/hotels/ntgfp-four-points-nantong-haimen/overview/,https://www.marriott.com.cn/zh-cn/hotels/ntgfp-four-points-nantong-haimen/overview/,,2023-09-20,14:00,12:00,true
NTGMD,Le Meridien Nantong,南通艾美酒店,Le Méridien,艾美酒店,MD,FULLY_BOOKABLE,hotel,,Nantong,南通,Jiangsu,江苏,"No 6 Shennan Road, Chongchuan District",崇川区深南路 6 号,226001,32.038207,120.835024,+86 513 6698 8888,https://www.marriott.com/en-us/hotels/ntgmd-le-meridien-nantong/overview/,https://www.marriott.com.cn/zh-cn/hotels/ntgmd-le-meridien-nantong/overview/,,2024-12-02,15:00,12:00,true
NTGMC,Nantong Marriott Hotel,南通万豪酒店,Marriott Hotels & Resorts,万豪酒店,MC,FULLY_BOOKABLE,hotel,,Nantong,南通,Jiangsu,江苏,"69 Chongzhou Avenue, Economic and Technological Development District",开发区崇州大道 69 号,226000,31.963658,120.932326,+86 513 6681 9999,https://www.marriott.com/en-us/hotels/ntgmc-nantong-marriott-hotel/overview/,https://www.marriott.com.cn/zh-cn/hotels/ntgmc-nantong-marriott-hotel/overview/,,2022-12-26,14:00,12:00,true
NGBFI,Fairfield by Marriott Ningbo Yinzhou,­­宁波鄞州万枫酒店,Fairfield Inn & Suites,万枫酒店,FI,FULLY_BOOKABLE,hotel,,Ningbo,宁波,Zhejiang,浙江,"No. 655 Maocheng Road Mid, Yinzhou District",鄞州区贸城中路 655 号,315100,29.8232334,121.5531899,+86 574 8831 0888,https://www.marriott.com/en-us/hotels/ngbfi-fairfield-ningbo-yinzhou/overview/,https://www.marriott.com.cn/zh-cn/hotels/ngbfi-fairfield-ningbo-yinzhou/overview/,,2021-09-26,15:00,12:00,true
NGBMC,Ningbo Marriott Hotel,宁波万豪酒店,Marriott Hotels & Resorts,万豪酒店,MC,FULLY_BOOKABLE,hotel,,Ningbo,宁波,Zhejiang,浙江,"188 He Yi Road, Hai Shu District",海曙区和义路 188 号,315000,29.8772533,121.5518743,+86 574 8710 8888,https://www.marriott.com/en-us/hotels/ngbmc-ningbo-marriott-hotel/overview/,https://www.marriott.com.cn/zh-cn/hotels/ngbmc-ningbo-marriott-hotel/overview/,,2008-06-02,14:00,12:00,false
NGBOX,Moxy Ningbo Old Bund,宁波老外滩 Moxy 酒店,MOXY Hotels,MOXY酒店,OX,FULLY_BOOKABLE,hotel,,Ningbo,宁波,Zhejiang,浙江,"195 Waima Road, Jiangbei District",江北区外马路 195 号,315020,29.8773,121.56136,+86 574 8701 8888,https://www.marriott.com/en-us/hotels/ngbox-moxy-ningbo-old-bund/overview/,https://www.marriott.com.cn/zh-cn/hotels/ngbox-moxy-ningbo-old-bund/overview/,,2024-07-26,15:00,12:00,true
NGBSI,Sheraton Ningbo Hotel,宁波东港喜来登酒店,Sheraton,喜来登酒店,SI,FULLY_BOOKABLE,hotel,,Ningbo,宁波,Zhejiang,浙江,50 Caihong Rd (N),彩虹北路 50 号,315040,29.8661079,121.5707149,+86 574 8768 8688,https://www.marriott.com/en-us/hotels/ngbsi-sheraton-ningbo-hotel/overview/,https://www.marriott.com.cn/zh-cn/hotels/ngbsi-sheraton-ningbo-hotel/overview/,,2006-12-01,15:00,12:00,false
NGBXI,Sheraton Ningbo Xiangshan Resort,宁波象山绿城喜来登度假酒店,Sheraton,喜来登酒店,SI,FULLY_BOOKABLE,resort,,Ningbo,宁波,Zhejiang,浙江,"No 88 Yafan Road, Xiangshan",象山亚帆路 88 号,315708,29.450526,121.976889,+86 574 6505 8888,https://www.marriott.com/en-us/hotels/ngbxi-sheraton-ningbo-xiangshan-resort/overview/,https://www.marriott.com.cn/zh-cn/hotels/ngbxi-sheraton-ningbo-xiangshan-resort/overview/,,2022-09-08,15:00,12:00,true
NGBYS,Sheraton Ningbo Yinzhou,宁波鄞州喜来登酒店,Sheraton,喜来登酒店,SI,FULLY_BOOKABLE,hotel,,Ningbo,宁波,Zhejiang,浙江,"No.899, Siming Middle Road, Yinzhou District Tian Tong Bei Lu",鄞州区天童北路四明中路899号,315100,29.82647,121.549632,+86 574 8901 8888,https://www.marriott.com/en-us/hotels/ngbys-sheraton-ningbo-yinzhou/overview/,https://www.marriott.com.cn/zh-cn/hotels/ngbys-sheraton-ningbo-yinzhou/overview/,,2025-12-01,14:00,12:00,true
NGBNG,Sheraton Ninghai,宁海喜来登酒店,Sheraton,喜来登酒店,SI,FULLY_BOOKABLE,hotel,,Ningbo,宁波,Zhejiang,浙江,"No 108 Tianming Middle Road, Taoyuan Street, Ninghai County",宁海县桃源街道天明中路 108 号,,29.33,121.44,+86 574 6551 6666,https://www.marriott.com/en-us/hotels/ngbng-sheraton-ninghai/overview/,https://www.marriott.com.cn/zh-cn/hotels/ngbng-sheraton-ninghai/overview/,,2023-02-08,15:00,12:00,true
NGBWI,The Westin Ningbo,宁波威斯汀酒店,Westin Hotels & Resorts,威斯汀酒店及度假村,WI,FULLY_BOOKABLE,hotel,,Ningbo,宁波,Zhejiang,浙江,"75 Rixin Street, Haishu District",海曙区日新街 75 号,315000,29.868526,121.556788,+86 574 8910 8888,https://www.marriott.com/en-us/hotels/ngbwi-the-westin-ningbo/overview/,https://www.marriott.com.cn/zh-cn/hotels/ngbwi-the-westin-ningbo/overview/,,2012-01-01,15:00,12:00,false
FOCXY,Courtyard by Marriott Xiapu,霞浦万怡酒店,Courtyard,万怡酒店,CY,OPENING_SOON,hotel,,Ningde,宁德,Fujian,福建,"No.56 Chi'an Avenue,Xiapu,Ningde,Fujian",福建宁德霞浦赤岸大道56号,355100,26.893697,120.02495,+86 593 893 2999,https://www.marriott.com/en-us/hotels/focxy-courtyard-xiapu/overview/,https://www.marriott.com.cn/zh-cn/hotels/focxy-courtyard-xiapu/overview/,,2026-06-21,15:00,12:00,true
FOCNF,Fairfield by Marriott Ningde Xiapu,宁德霞浦万豪万枫酒店,Fairfield Inn & Suites,万枫酒店,FI,FULLY_BOOKABLE,hotel,,Ningde,宁德,Fujian,福建,"No.266 Houdun, Xinlong Shengshi . Xinyuecheng, Xiapu County",霞浦县后墩266号欣隆盛世.欣悦城,355100,26.892884,120.035902,+86 593 613 3666,https://www.marriott.com/en-us/hotels/focnf-fairfield-ningde-xiapu/overview/,https://www.marriott.com.cn/zh-cn/hotels/focnf-fairfield-ningde-xiapu/overview/,,2026-03-20,15:00,12:00,false
SHAPC,Courtyard by Marriott Pinghu,平湖万怡酒店,Courtyard,万怡酒店,CY,FULLY_BOOKABLE,hotel,,Pinghu,平湖,Zhejiang,浙江,"No 288 Wenwei Road, Danghu Street",当湖街道文蔚路 288 号,314200,30.6757227,121.0281731,+86 573 8555 8999,https://www.marriott.com/en-us/hotels/shapc-courtyard-pinghu/overview/,https://www.marriott.com.cn/zh-cn/hotels/shapc-courtyard-pinghu/overview/,,2021-09-28,15:00,12:00,true
HGHQS,Sheraton Qiandao Lake Resort,绿城千岛湖喜来登度假酒店,Sheraton,喜来登酒店,SI,FULLY_BOOKABLE,resort,,Qiandao Lake,千岛湖,Zhejiang,浙江,"Xin An North Road, Qiandao Lake, Chun An",淳安千岛湖新安北路,311700,29.608797,119.041113,+86 571 6488 8888,https://www.marriott.com/en-us/hotels/hghqs-sheraton-qiandao-lake-resort/overview/,https://www.marriott.com.cn/zh-cn/hotels/hghqs-sheraton-qiandao-lake-resort/overview/,,2010-03-31,15:00,12:00,true
TAOAK,"Flow and Co. Qingdao, Autograph Collection",青岛福楼安可·傲途格精选,Autograph Collection,傲途格精选酒店,AK,FULLY_BOOKABLE,hotel,,Qingdao,青岛,Shandong,山东,"12 Hailong Road, Laoshan District",崂山区海龙路 12 号,266000,36.082731,120.450499,+86 532 5600 9999,https://www.marriott.com/en-us/hotels/taoak-flow-and-co-qingdao-autograph-collection/overview/,https://www.marriott.com.cn/zh-cn/hotels/taoak-flow-and-co-qingdao-autograph-collection/overview/,,2024-04-30,15:00,12:00,false
TAOEL,Element Qingdao,青岛金茂源宿酒店,Element Hotels,源宿酒店,EL,FULLY_BOOKABLE,hotel,,Qingdao,青岛,Shandong,山东,"19 Taitong Road, Chengyang District",城阳区泰通路 19 号,266109,36.2661302,120.3103134,+86 532 5595 9999,https://www.marriott.com/en-us/hotels/taoel-element-qingdao/overview/,https://www.marriott.com.cn/zh-cn/hotels/taoel-element-qingdao/overview/,,2024-09-30,15:00,12:00,true
TAOCF,Fairfield by Marriott Qingdao West Coast,青岛西海岸万豪万枫酒店,Fairfield Inn & Suites,万枫酒店,FI,FULLY_BOOKABLE,hotel,,Qingdao,青岛,Shandong,山东,"No. 18 Longnan Road, Binhai Street Office",滨海街道陇南路18号,266400,35.814212,120.003927,+86 532 8615 6688,https://www.marriott.com/en-us/hotels/taocf-fairfield-qingdao-west-coast/overview/,https://www.marriott.com.cn/zh-cn/hotels/taocf-fairfield-qingdao-west-coast/overview/,,2025-09-30,15:00,12:00,true
TAOFP,"Four Points by Sheraton Qingdao, Chengyang",青岛城阳宝龙福朋喜来登酒店,Four Points by Sheraton,福朋喜来登酒店,FP,FULLY_BOOKABLE,hotel,,Qingdao,青岛,Shandong,山东,No.271 Wenyang Road Chengyang,城阳区文阳路 271 号,266109,36.2949,120.3996,+86 532 6696 8888,https://www.marriott.com/en-us/hotels/taofp-four-points-qingdao-chengyang/overview/,https://www.marriott.com.cn/zh-cn/hotels/taofp-four-points-qingdao-chengyang/overview/,,2011-02-01,14:00,12:00,true
TAOCE,"Four Points by Sheraton Qingdao, Chengyang East",青岛北岸瑞明福朋喜来登酒店,Four Points by Sheraton,福朋喜来登酒店,FP,FULLY_BOOKABLE,hotel,,Qingdao,青岛,Shandong,山东,"No.566,Zhengyang East Road",正阳东路566号,266109,36.304160117107266,120.44753975474009,+86 532 8115 8888,https://www.marriott.com/en-us/hotels/taoce-four-points-qingdao-chengyang-east/overview/,https://www.marriott.com.cn/zh-cn/hotels/taoce-four-points-qingdao-chengyang-east/overview/,,2025-04-28,15:00,12:00,true
TAOQF,"Four Points by Sheraton Qingdao, West Coast",青岛西海岸隆和福朋喜来登酒店,Four Points by Sheraton,福朋喜来登酒店,FP,FULLY_BOOKABLE,hotel,,Qingdao,青岛,Shandong,山东,"3688 Binhai Avenue, Huangdao",黄岛区滨海大道 3688 号,266400,35.875966,120.054148,+86 532 8819 7777,https://www.marriott.com/en-us/hotels/taoqf-four-points-qingdao-west-coast/overview/,https://www.marriott.com.cn/zh-cn/hotels/taoqf-four-points-qingdao-west-coast/overview/,,2012-12-18,15:00,12:00,false
TAOMD,Le Méridien Qingdao,青岛富力艾美酒店,Le Méridien,艾美酒店,MD,FULLY_BOOKABLE,hotel,,Qingdao,青岛,Shandong,山东,112 Yanji Road,延吉路 112 号,266034,36.087594,120.378201,+86 532 5556 3888,https://www.marriott.com/en-us/hotels/taomd-le-meridien-qingdao/overview/,https://www.marriott.com.cn/zh-cn/hotels/taomd-le-meridien-qingdao/overview/,,2009-11-27,15:00,12:00,true
TAODM,Le Méridien Qingdao West Coast,青岛西海岸隆和艾美酒店,Le Méridien,艾美酒店,MD,FULLY_BOOKABLE,hotel,,Qingdao,青岛,Shandong,山东,"No 2888 Binhai Avenue, West Coast New District",西海岸新区滨海大道2888号,266400,35.8850023358,120.0668192971,+86 532 8716 9999,https://www.marriott.com/en-us/hotels/taodm-le-meridien-qingdao-west-coast/overview/,https://www.marriott.com.cn/zh-cn/hotels/taodm-le-meridien-qingdao-west-coast/overview/,,2016-07-15,15:00,12:00,false
TAOMC,Qingdao Marriott Hotel Jiaozhou,青岛胶州万豪酒店,Marriott Hotels & Resorts,万豪酒店,MC,FULLY_BOOKABLE,hotel,,Qingdao,青岛,Shandong,山东,"No 88 Shaohai Middle Road, Jiaozhou",胶州少海中路 88 号,266318,36.254383,120.0917,+86 532 8869 6888,https://www.marriott.com/en-us/hotels/taomc-qingdao-marriott-hotel-jiaozhou/overview/,https://www.marriott.com.cn/zh-cn/hotels/taomc-qingdao-marriott-hotel-jiaozhou/overview/,,2024-01-09,15:00,12:00,true
TAOBR,Renaissance Qingdao Hotel,青岛金茂万丽酒店,Renaissance Hotels,万丽酒店,BR,FULLY_BOOKABLE,hotel,,Qingdao,青岛,Shandong,山东,"20 Taixiang Road, Chengyang District",城阳区泰祥路 20 号,266109,36.267347,120.309585,+86 532 5595 9999,https://www.marriott.com/en-us/hotels/taobr-renaissance-qingdao-hotel/overview/,https://www.marriott.com.cn/zh-cn/hotels/taobr-renaissance-qingdao-hotel/overview/,,2024-09-30,15:00,12:00,true
TAOQJ,Sheraton Qingdao Jiaozhou Hotel,青岛胶州绿城喜来登酒店,Sheraton,喜来登酒店,SI,FULLY_BOOKABLE,hotel,,Qingdao,青岛,Shandong,山东,"No. 271 Beijing (E) Road, Jiaozhou New District, Jiaozhou",胶州市新城区北京东路 271 号,266300,36.265734,120.033123,+86 532 8228 9999,https://www.marriott.com/en-us/hotels/taoqj-sheraton-qingdao-jiaozhou-hotel/overview/,https://www.marriott.com.cn/zh-cn/hotels/taoqj-sheraton-qingdao-jiaozhou-hotel/overview/,,2012-07-01,15:00,12:00,false
TAOQS,Sheraton Qingdao Licang Hotel,青岛李沧绿城喜来登酒店,Sheraton,喜来登酒店,SI,FULLY_BOOKABLE,hotel,,Qingdao,青岛,Shandong,山东,No. 678 Jinshui Road (Close to Yanchuan Road),金水路 678 号（靠近延川路）,266000,36.177479,120.45114,+86 532 8813 8888,https://www.marriott.com/en-us/hotels/taoqs-sheraton-qingdao-licang-hotel/overview/,https://www.marriott.com.cn/zh-cn/hotels/taoqs-sheraton-qingdao-licang-hotel/overview/,,2014-04-23,15:00,12:00,true
TNAHU,Sheraton Qingdao West Coast,青岛西海岸喜来登酒店,Sheraton,喜来登酒店,SI,FULLY_BOOKABLE,hotel,,Qingdao,青岛,Shandong,山东,"No.1 Taihangshan Road, Huangdao District",黄岛区太行山路 1 号,266555,35.9443828,120.188812,+86 532 8090 8888,https://www.marriott.com/en-us/hotels/tnahu-sheraton-qingdao-west-coast/overview/,https://www.marriott.com.cn/zh-cn/hotels/tnahu-sheraton-qingdao-west-coast/overview/,,2016-12-16,15:00,12:00,true
TAOXR,The St. Regis Qingdao,青岛瑞吉酒店,St. Regis,瑞吉酒店,XR,FULLY_BOOKABLE,hotel,,Qingdao,青岛,Shandong,山东,"No 48 Hong Kong West Road, Shinan District",市南区香港西路 48 号,266000,36.0565,120.3699,+86 532 8265 9999,https://www.marriott.com/en-us/hotels/taoxr-the-st-regis-qingdao/overview/,https://www.marriott.com.cn/zh-cn/hotels/taoxr-the-st-regis-qingdao/overview/,,2021-07-31,15:00,12:00,true
TAOWI,The Westin Qingdao,青岛威斯汀酒店,Westin Hotels & Resorts,威斯汀酒店及度假村,WI,FULLY_BOOKABLE,hotel,,Qingdao,青岛,Shandong,山东,"8 Hong Kong Middle Road, Shinan District",市南区香港中路 8 号,266071,36.0637184,120.3801746,+86 532 8090 0999,https://www.marriott.com/en-us/hotels/taowi-the-westin-qingdao/overview/,https://www.marriott.com.cn/zh-cn/hotels/taowi-the-westin-qingdao/overview/,,2014-03-31,15:00,12:00,false
TAOWQ,The Westin Qingdao West Coast,青岛西海岸威斯汀酒店,Westin Hotels & Resorts,威斯汀酒店及度假村,WI,FULLY_BOOKABLE,hotel,,Qingdao,青岛,Shandong,山东,"No.7977 Binhai Road, The West Coast New Area",西海岸新区滨海大道 7977 号,266400,35.822807,120.00955,+86 532 6888 2111,https://www.marriott.com/en-us/hotels/taowq-the-westin-qingdao-west-coast/overview/,https://www.marriott.com.cn/zh-cn/hotels/taowq-the-westin-qingdao-west-coast/overview/,,2019-01-06,15:00,12:00,false
TAOJP,"Four Points by Sheraton Qingdao, Jiaozhou",青岛胶州福朋喜来登酒店,Four Points by Sheraton,福朋喜来登酒店,FP,OPENING_SOON,hotel,,Qingdao Jiaozhou,青岛胶州,Shandong,山东,"No. 55 East Yangzhou Road, Jiaozhou",胶州市扬州东路55号,266300,36.26916,120.016642,,https://www.marriott.com/en-us/hotels/taojp-four-points-qingdao-jiaozhou/overview/,https://www.marriott.com.cn/zh-cn/hotels/taojp-four-points-qingdao-jiaozhou/overview/,,2027-07-26,15:00,12:00,true
TAOSI,Sheraton Qingyuan Lion Lake Resort,清远狮子湖喜来登度假酒店,Sheraton,喜来登酒店,SI,FULLY_BOOKABLE,resort,,Qingyuan,清远,Guangdong,广东,"No.1 Lion Lake Road, Henghe Street",横荷街狮子湖大道 1 号,511520,23.630404,113.015937,+86 763 888 8888,https://www.marriott.com/en-us/hotels/taosi-sheraton-qingyuan-lion-lake-resort/overview/,https://www.marriott.com.cn/zh-cn/hotels/taosi-sheraton-qingyuan-lion-lake-resort/overview/,,2012-01-15,15:00,12:00,false
SHPCY,Courtyard by Marriott Qinhuangdao West,秦皇岛和信基业万怡酒店,Courtyard,万怡酒店,CY,FULLY_BOOKABLE,hotel,,Qinhuangdao,秦皇岛,Hebei,河北,"No 36 Qiyunshan Road, Economic and Technological Development Zone",经济技术开发区栖云山路 36 号,066000,39.903998,119.442043,+86 335 539 8888,https://www.marriott.com/en-us/hotels/shpcy-courtyard-qinhuangdao-west/overview/,https://www.marriott.com.cn/zh-cn/hotels/shpcy-courtyard-qinhuangdao-west/overview/,,2020-07-18,14:00,12:00,false
SHPFI,Fairfield by Marriott Qinhuangdao Haigang,秦皇岛海港万豪万枫酒店,Fairfield Inn & Suites,万枫酒店,FI,FULLY_BOOKABLE,hotel,,Qinhuangdao,秦皇岛,Hebei,河北,"No 321 Middle Road of Hebei Street, Haigang District",海港区河北大街中段 321 号,066000,39.93051,119.5959,+86 335 582 0333,https://www.marriott.com/en-us/hotels/shpfi-fairfield-qinhuangdao-haigang/overview/,https://www.marriott.com.cn/zh-cn/hotels/shpfi-fairfield-qinhuangdao-haigang/overview/,,2021-02-26,15:00,12:00,false
BPEMC,Qinhuangdao Marriott Resort,秦皇岛万豪度假酒店,Marriott Hotels & Resorts,万豪酒店,MC,FULLY_BOOKABLE,hotel,,Qinhuangdao,秦皇岛,Hebei,河北,"6 Xiaweiyi Road, Beidaihe New District",北戴河新区夏威夷路 6 号,066311,39.772623,119.405903,+86 335 568 6888,https://www.marriott.com/en-us/hotels/bpemc-qinhuangdao-marriott-resort/overview/,https://www.marriott.com.cn/zh-cn/hotels/bpemc-qinhuangdao-marriott-resort/overview/,,2022-04-29,15:00,12:00,true
SHPSI,Sheraton Qinhuangdao Beidaihe Hotel,秦皇岛北戴河喜来登酒店,Sheraton,喜来登酒店,SI,FULLY_BOOKABLE,hotel,,Qinhuangdao,秦皇岛,Hebei,河北,"No. 16, Binhai Road, Beidaihe District",北戴河区滨海大道 16 号,066100,39.826377,119.510522,+86 335 428 1111,https://www.marriott.com/en-us/hotels/shpsi-sheraton-qinhuangdao-beidaihe-hotel/overview/,https://www.marriott.com.cn/zh-cn/hotels/shpsi-sheraton-qinhuangdao-beidaihe-hotel/overview/,,2013-07-15,15:00,12:00,false
SYXFQ,"Four Points by Sheraton Hainan, Qiongzhong",海南琼中福朋喜来登酒店,Four Points by Sheraton,福朋喜来登酒店,FP,FULLY_BOOKABLE,hotel,,Qiongzhong,琼中,,,"No. 1, Bailongxi Road, Yinggen Town",营根镇白龙溪路 1 号,572923,19.032797,109.824457,+86 898 3685 5888,https://www.marriott.com/en-us/hotels/syxfq-four-points-hainan-qiongzhong/overview/,https://www.marriott.com.cn/zh-cn/hotels/syxfq-four-points-hainan-qiongzhong/overview/,,2023-05-28,15:00,12:00,false
JJNFF,Fairfield by Marriott Quanzhou Fengze,泉州丰泽万豪万枫酒店,Fairfield Inn & Suites,万枫酒店,FI,FULLY_BOOKABLE,hotel,,Quanzhou,泉州,Fujian,福建,"Room 128, Qilong Digital Park, 333 Heshan Road",鹤山路333号奇龙数字园128室,362011,24.935771,118.653402,+86 595 2901 8888,https://www.marriott.com/en-us/hotels/jjnff-fairfield-quanzhou-fengze/overview/,https://www.marriott.com.cn/zh-cn/hotels/jjnff-fairfield-quanzhou-fengze/overview/,,2025-01-25,15:00,12:00,true
JJNHP,Four Points by Sheraton Quanzhou Huian,泉州惠安福朋喜来登酒店,Four Points by Sheraton,福朋喜来登酒店,FP,FULLY_BOOKABLE,hotel,,Quanzhou,泉州,Fujian,福建,"No. 321 Xialian Road, Xiaguang Village, Luoyang Town, Hui'an County",惠安县螺阳镇霞光村霞莲路321号,362100,25.01484,118.778848,+86 595 3673 6666,https://www.marriott.com/en-us/hotels/jjnhp-four-points-quanzhou-huian/overview/,https://www.marriott.com.cn/zh-cn/hotels/jjnhp-four-points-quanzhou-huian/overview/,,2025-12-15,15:00,12:00,false
JNGJW,JW Marriott Hotel Qufu,曲阜绿发JW万豪酒店,JW Marriott,JW万豪酒店,JW,FULLY_BOOKABLE,resort,,Qufu,曲阜,Shandong,山东,"No 99 Banbi Street, Lucheng Subdistrict",鲁城街道半壁街 99 号,273100,35.602454,116.994246,+86 537 676 6666,https://www.marriott.com/en-us/hotels/jngjw-jw-marriott-hotel-qufu/overview/,https://www.marriott.com.cn/zh-cn/hotels/jngjw-jw-marriott-hotel-qufu/overview/,,2019-04-20,15:00,12:00,false
RIZCY,Courtyard by Marriott Rizhao,日照万怡酒店,Courtyard,万怡酒店,CY,OPENING_SOON,hotel,,Rizhao,日照,Shandong,山东,"No. 7, Qinhuangdao Road, Beijing Road Sub-district, Economic and Technological Development Zone",经济技术开发区北京路街道秦皇岛路7号,276826,35.3950625,119.4815155,+86 633 706 7777,https://www.marriott.com/en-us/hotels/rizcy-courtyard-rizhao/overview/,https://www.marriott.com.cn/zh-cn/hotels/rizcy-courtyard-rizhao/overview/,,2026-07-31,15:00,12:00,true
RIZFP,Four Points by Sheraton Rizhao,日照福朋喜来登酒店,Four Points by Sheraton,福朋喜来登酒店,FP,FULLY_BOOKABLE,hotel,,Rizhao,日照,Shandong,山东,"No.1 Dongguan South Road, Donggang District",东港区东关南路1号,276800,35.4243758,119.464532,+86 633 861 7999,https://www.marriott.com/en-us/hotels/rizfp-four-points-rizhao/overview/,https://www.marriott.com.cn/zh-cn/hotels/rizfp-four-points-rizhao/overview/,,2025-06-01,15:00,12:00,true
RIZPC,Four Points by Sheraton Rizhao Central Activities Zone,日照中央活力区福朋喜来登酒店,Four Points by Sheraton,福朋喜来登酒店,FP,FULLY_BOOKABLE,hotel,,Rizhao,日照,Shandong,山东,"No.159, Qingdao Road, Donggang District",东港区青岛路159号,276800,35.449076,119.553113,+86 633 708 1999,https://www.marriott.com/en-us/hotels/rizpc-four-points-rizhao-central-activities-zone/overview/,https://www.marriott.com.cn/zh-cn/hotels/rizpc-four-points-rizhao-central-activities-zone/overview/,,2026-04-02,14:00,12:00,true
TNASR,Sheraton Rizhao Hotel,日照喜来登酒店,Sheraton,喜来登酒店,SI,FULLY_BOOKABLE,hotel,,Rizhao,日照,Shandong,山东,"No. 58 lvzhou Road, Donggang District",东港区绿舟路 58 号,276800,35.406058,119.55797,+86 633 768 6666,https://www.marriott.com/en-us/hotels/tnasr-sheraton-rizhao-hotel/overview/,https://www.marriott.com.cn/zh-cn/hotels/tnasr-sheraton-rizhao-hotel/overview/,,2021-09-27,15:00,12:00,false
SYXAK,"The Shanhaitian Resort Sanya, Autograph Collection",三亚绿发山海天酒店·傲途格精选,Autograph Collection,傲途格精选酒店,AK,FULLY_BOOKABLE,resort,,Sanya,三亚,Hainan,海南,"No. 77 Haiyun Road, Dadonghai Bay",大东海湾海韵路 77 号,572000,18.22317,109.519485,+86 898 8828 5688,https://www.marriott.com/en-us/hotels/syxak-the-shanhaitian-resort-sanya-autograph-collection/overview/,https://www.marriott.com.cn/zh-cn/hotels/syxak-the-shanhaitian-resort-sanya-autograph-collection/overview/,,2017-03-18,15:00,12:00,true
SYXEB,The Sanya EDITION,三亚艾迪逊酒店,EDITION Hotels,艾迪逊酒店,EB,FULLY_BOOKABLE,resort,,Sanya,三亚,Hainan,海南,100 North Haitang Road,海棠北路 100 号,572013,18.3651668,109.7455768,+86 898 8835 9999,https://www.marriott.com/en-us/hotels/syxeb-the-sanya-edition/overview/,https://www.marriott.com.cn/zh-cn/hotels/syxeb-the-sanya-edition/overview/,,2016-11-15,16:00,12:00,true
SYXFP,"Four Points by Sheraton Hainan, Sanya",三亚福朋喜来登酒店,Four Points by Sheraton,福朋喜来登酒店,FP,FULLY_BOOKABLE,resort,,Sanya,三亚,Hainan,海南,No. 78 Sanya Bay Road,三亚湾路 78 号,572000,18.26174,109.49329,+86 898 8888 8588,https://www.marriott.com/en-us/hotels/syxfp-four-points-hainan-sanya/overview/,https://www.marriott.com.cn/zh-cn/hotels/syxfp-four-points-hainan-sanya/overview/,,2012-09-29,15:00,12:00,true
SYXDB,JW Marriott Hotel Sanya Dadonghai Bay,三亚绿发山海天JW万豪酒店,JW Marriott,JW万豪酒店,JW,FULLY_BOOKABLE,resort,,Sanya,三亚,Hainan,海南,"No 88 Haiyun Road, Dadonghai Bay",大东海湾海韵路 88 号,572000,18.2154417,109.5136389,+86 898 8821 1688,https://www.marriott.com/en-us/hotels/syxdb-jw-marriott-hotel-sanya-dadonghai-bay/overview/,https://www.marriott.com.cn/zh-cn/hotels/syxdb-jw-marriott-hotel-sanya-dadonghai-bay/overview/,,2014-12-15,15:00,12:00,false
SYXJW,JW Marriott Sanya Haitang Bay Resort & Spa,三亚海棠湾 JW 万豪度假酒店,JW Marriott,JW万豪酒店,JW,FULLY_BOOKABLE,resort,,Sanya,三亚,Hainan,海南,"No.32 Haitang North Road, Haitang Bay",海棠湾海棠北路 32 号,572013,18.349307,109.738156,+86 898 3888 6999,https://www.marriott.com/en-us/hotels/syxjw-jw-marriott-sanya-haitang-bay-resort-and-spa/overview/,https://www.marriott.com.cn/zh-cn/hotels/syxjw-jw-marriott-sanya-haitang-bay-resort-and-spa/overview/,,2019-12-20,15:00,12:00,true
SYXMC,Sanya Marriott Yalong Bay Resort & Spa,三亚亚龙湾万豪度假酒店,Marriott Hotels & Resorts,万豪酒店,MC,FULLY_BOOKABLE,resort,,Sanya,三亚,Hainan,海南,"1 Wan Yue Lu, Yalong Bay",亚龙湾湾月路 1 号,572000,18.229609,109.62531,+86 898 8856 8888,https://www.marriott.com/en-us/hotels/syxmc-sanya-marriott-yalong-bay-resort-and-spa/overview/,https://www.marriott.com.cn/zh-cn/hotels/syxmc-sanya-marriott-yalong-bay-resort-and-spa/overview/,,2004-07-22,15:00,12:00,false
SYXBR,Renaissance Sanya Haitang Bay Resort,三亚海棠湾万丽度假酒店,Renaissance Hotels,万丽酒店,BR,FULLY_BOOKABLE,resort,,Sanya,三亚,Hainan,海南,"1, Yezhou Road, Haitang Bay",海棠湾椰州路 1 号,572013,18.40059003160319,109.78449477429174,+86 898 3885 8888,https://www.marriott.com/en-us/hotels/syxbr-renaissance-sanya-haitang-bay-resort/overview/,https://www.marriott.com.cn/zh-cn/hotels/syxbr-renaissance-sanya-haitang-bay-resort/overview/,,2011-03-18,15:00,12:00,true
SYXHS,Sheraton Sanya Haitang Bay Resort,三亚海棠湾喜来登度假酒店,Sheraton,喜来登酒店,SI,FULLY_BOOKABLE,resort,,Sanya,三亚,Hainan,海南,"Haitang Beilu, Haitang Bay",海棠湾镇海棠北路,572013,18.346838,109.740017,+86 898 3885 1111,https://www.marriott.com/en-us/hotels/syxhs-sheraton-sanya-haitang-bay-resort/overview/,https://www.marriott.com.cn/zh-cn/hotels/syxhs-sheraton-sanya-haitang-bay-resort/overview/,,2012-01-04,15:00,12:00,false
SYXSS,Sheraton Sanya Resort,三亚喜来登度假酒店,Sheraton,喜来登酒店,SI,FULLY_BOOKABLE,resort,,Sanya,三亚,Hainan,海南,Yalong Bay National Resort District,亚龙湾国家旅游度假区,572000,18.2288229999999,109.632969,+86 898 8855 8855,https://www.marriott.com/en-us/hotels/syxss-sheraton-sanya-resort/overview/,https://www.marriott.com.cn/zh-cn/hotels/syxss-sheraton-sanya-resort/overview/,,2003-01-28,15:00,12:00,false
SYXXR,The St. Regis Sanya Yalong Bay Resort,三亚亚龙湾瑞吉度假酒店,St. Regis,瑞吉酒店,XR,FULLY_BOOKABLE,resort,,Sanya,三亚,Hainan,海南,Yalong Bay National Resort District,亚龙湾国家旅游度假区,572016,18.218383,109.612113,+86 898 8855 5555,https://www.marriott.com/en-us/hotels/syxxr-the-st-regis-sanya-yalong-bay-resort/overview/,https://www.marriott.com.cn/zh-cn/hotels/syxxr-the-st-regis-sanya-yalong-bay-resort/overview/,,2011-11-28,15:00,12:00,true
SYXRZ,"The Ritz-Carlton Sanya, Yalong Bay",金茂三亚亚龙湾丽思卡尔顿酒店,The Ritz-Carlton,丽思卡尔顿酒店,RZ,FULLY_BOOKABLE,resort,,Sanya,三亚,Hainan,海南,Yalong Bay National Resort District,亚龙湾国家旅游度假区,572000,18.224293,109.626075,+86 898 8898 8888,https://www.marriott.com/en-us/hotels/syxrz-the-ritz-carlton-sanya-yalong-bay/overview/,https://www.marriott.com.cn/zh-cn/hotels/syxrz-the-ritz-carlton-sanya-yalong-bay/overview/,,2008-04-25,15:00,12:00,true
SYXTX,"The Taikang Sanya, a Tribute Portfolio Resort",三亚泰康臻品之选度假酒店,Tribute Portfolio,臻品之选酒店,TX,FULLY_BOOKABLE,resort,,Sanya,三亚,Hainan,海南,"No. 1, Zhuangda Road, Haitang District",海棠区庄大路 1 号,572000,18.306798409611634,109.72679449674956,+86 898 8855 1111,https://www.marriott.com/en-us/hotels/syxtx-the-taikang-sanya-a-tribute-portfolio-resort/overview/,https://www.marriott.com.cn/zh-cn/hotels/syxtx-the-taikang-sanya-a-tribute-portfolio-resort/overview/,,2022-07-17,15:00,12:00,false
SYXBW,The Westin Sanya Haitang Bay Resort,三亚海棠湾民生威斯汀度假酒店,Westin Hotels & Resorts,威斯汀酒店及度假村,WI,FULLY_BOOKABLE,resort,,Sanya,三亚,Hainan,海南,"No. 116, Haitang North Road, Haitang Bay",海棠湾镇海棠北路 116 号,572013,18.3691994,109.7487887,+86 898 8865 9999,https://www.marriott.com/en-us/hotels/syxbw-the-westin-sanya-haitang-bay-resort/overview/,https://www.marriott.com.cn/zh-cn/hotels/syxbw-the-westin-sanya-haitang-bay-resort/overview/,,2013-12-27,15:00,12:00,true
SHAHA,Aloft Shanghai Hongqiao,上海虹桥雅乐轩酒店,Aloft Hotels,雅乐轩酒店,AL,FULLY_BOOKABLE,hotel,,Shanghai,上海,,,"No.1, Lane283 East Panzhong Road, Xujing Town, Qingpu District",青浦区徐泾镇蟠中东路283弄1号,201702,31.187091,121.291651,+86 21 6070 1818,https://www.marriott.com/en-us/hotels/shaha-aloft-shanghai-hongqiao/overview/,https://www.marriott.com.cn/zh-cn/hotels/shaha-aloft-shanghai-hongqiao/overview/,,2025-11-30,15:00,12:00,true
SHAAL,Aloft Shanghai Zhangjiang Haike,上海张江海科雅乐轩酒店,Aloft Hotels,雅乐轩酒店,AL,FULLY_BOOKABLE,hotel,,Shanghai,上海,,,"550 Haike Road, Zhangjiang, Pudong New District",浦东新区张江海科路 550 号,,31.180426,121.59983,+86 21 3816 8888,https://www.marriott.com/en-us/hotels/shaal-aloft-shanghai-zhangjiang-haike/overview/,https://www.marriott.com.cn/zh-cn/hotels/shaal-aloft-shanghai-zhangjiang-haike/overview/,,2019-03-26,15:00,12:00,true
SHABG,Bvlgari Hotel Shanghai,上海宝格丽酒店,Bvlgari,宝格丽,BG,FULLY_BOOKABLE,hotel,,Shanghai,上海,,,Lane 108 North Shanxi Road,山西北路 108 弄,200085,31.244722,121.477222,+86 21 3606 7788,https://www.marriott.com/en-us/hotels/shabg-bvlgari-hotel-shanghai/overview/,https://www.marriott.com.cn/zh-cn/hotels/shabg-bvlgari-hotel-shanghai/overview/,,2018-06-20,15:00,12:00,true
SHAPX,Courtyard by Marriott Shanghai Central,上海浦西万怡酒店,Courtyard,万怡酒店,CY,FULLY_BOOKABLE,hotel,,Shanghai,上海,Shanghai,上海,338 Heng Feng Road,恒丰路 338 号,200070,31.243425,121.455188,+86 21 2215 3888,https://www.marriott.com/en-us/hotels/shapx-courtyard-shanghai-central/overview/,https://www.marriott.com.cn/zh-cn/hotels/shapx-courtyard-shanghai-central/overview/,,2010-08-26,15:00,12:00,true
SHAFP,Courtyard by Marriott Shanghai Changfeng Park,上海苏宁环球万怡酒店,Courtyard,万怡酒店,CY,FULLY_BOOKABLE,hotel,,Shanghai,上海,,,"No 99 Danba Road, Putuo District",普陀区丹巴路 99 号,200062,31.22267,121.380585,+86 21 3159 3333,https://www.marriott.com/en-us/hotels/shafp-courtyard-shanghai-changfeng-park/overview/,https://www.marriott.com.cn/zh-cn/hotels/shafp-courtyard-shanghai-changfeng-park/overview/,,2017-12-29,15:00,12:00,true
SHAHC,Courtyard by Marriott Shanghai Hongkou,上海粤海万怡酒店,Courtyard,万怡酒店,CY,OPENING_SOON,hotel,,Shanghai,上海,Shanghai,上海,"No.328 YiXian Road, HongKou District Shanghai",上海市虹口区逸仙路328号,200434,31.2998851,121.4866367,+86 21 5558 9888,https://www.marriott.com/en-us/hotels/shahc-courtyard-shanghai-hongkou/overview/,https://www.marriott.com.cn/zh-cn/hotels/shahc-courtyard-shanghai-hongkou/overview/,,2026-10-31,15:00,12:00,true
SHAHO,Courtyard by Marriott Shanghai Hongqiao,上海中建万怡酒店,Courtyard,万怡酒店,CY,FULLY_BOOKABLE,hotel,,Shanghai,上海,,,"No. 333 Panwen Road, Qingpu District",青浦区蟠文路 333 号,201702,31.18545833,121.28759444,+86 21 6035 8888,https://www.marriott.com/en-us/hotels/shaho-courtyard-shanghai-hongqiao/overview/,https://www.marriott.com.cn/zh-cn/hotels/shaho-courtyard-shanghai-hongqiao/overview/,,2018-01-06,14:00,12:00,true
SHATR,Courtyard by Marriott Shanghai International Tourism and Resorts Zone,上海国际旅游度假区万怡酒店,Courtyard,万怡酒店,CY,FULLY_BOOKABLE,hotel,,Shanghai,上海,,,"No 17 Lane 3999, Xiupu Road, Pudong District",浦东区秀浦路 3999 弄 17 号,201315,31.132541,121.63516,+86 21 5150 9988,https://www.marriott.com/en-us/hotels/shatr-courtyard-shanghai-international-tourism-and-resorts-zone/overview/,https://www.marriott.com.cn/zh-cn/hotels/shatr-courtyard-shanghai-international-tourism-and-resorts-zone/overview/,,2016-07-12,15:00,12:00,true
SHAJD,Courtyard by Marriott Shanghai Jiading,上海绿地万怡酒店,Courtyard,万怡酒店,CY,FULLY_BOOKABLE,hotel,,Shanghai,上海,Shanghai,上海,"No 3101 Huyi Highway, Jiading District",嘉定区沪宜高速公路 3101 号,201821,31.368662,121.258507,+86 21 3991 6888,https://www.marriott.com/en-us/hotels/shajd-courtyard-shanghai-jiading/overview/,https://www.marriott.com.cn/zh-cn/hotels/shajd-courtyard-shanghai-jiading/overview/,,2010-11-12,14:00,12:00,true
SHAMG,Courtyard by Marriott Shanghai Minhang,上海紫竹万怡酒店,Courtyard,万怡酒店,CY,FULLY_BOOKABLE,hotel,,Shanghai,上海,,,"Building 3, 588 Zixing Road, Minhang District",闵行区紫星路 588 号 3 幢,200241,31.02215,121.45943,+86 21 3402 9000,https://www.marriott.com/en-us/hotels/shamg-courtyard-shanghai-minhang/overview/,https://www.marriott.com.cn/zh-cn/hotels/shamg-courtyard-shanghai-minhang/overview/,,2019-03-01,14:00,12:00,true
SHACJ,Courtyard by Marriott Shanghai Songjiang,上海榕港万怡酒店,Courtyard,万怡酒店,CY,FULLY_BOOKABLE,hotel,,Shanghai,上海,Shanghai,上海,"No 1277 Xin Songjiang Road, Songjiang District",松江区新松江路 1277 号,201600,31.039467,121.206275,+86 21 6039 8888,https://www.marriott.com/en-us/hotels/shacj-courtyard-shanghai-songjiang/overview/,https://www.marriott.com.cn/zh-cn/hotels/shacj-courtyard-shanghai-songjiang/overview/,,2019-06-28,14:00,12:00,true
SHASX,Courtyard by Marriott Shanghai Xujiahui,上海西藏大厦万怡酒店,Courtyard,万怡酒店,CY,FULLY_BOOKABLE,hotel,,Shanghai,上海,,,"100 HongQiao Road, Xuhui District",徐汇区虹桥路 100 号,200030,31.192196,121.434608,+86 21 6129 2888,https://www.marriott.com/en-us/hotels/shasx-courtyard-shanghai-xujiahui/overview/,https://www.marriott.com.cn/zh-cn/hotels/shasx-courtyard-shanghai-xujiahui/overview/,,2009-01-22,14:00,12:00,true
SHABS,Delta Hotels Shanghai Baoshan,上海宝山德尔塔酒店,Delta Hotels and Resorts,德尔塔酒店,DE,FULLY_BOOKABLE,hotel,,Shanghai,上海,,,"No 220 Shuangqing Road, Baoshan District",上海市宝山区双庆路 220 号,200940,31.3918,121.4839,+86 21 6077 1818,https://www.marriott.com/en-us/hotels/shabs-delta-hotels-shanghai-baoshan/overview/,https://www.marriott.com.cn/zh-cn/hotels/shabs-delta-hotels-shanghai-baoshan/overview/,,2017-12-31,15:00,12:00,true
SHAHH,"Habo Hotel Shanghai, a Member of Design Hotels™",上海书香心泊酒店，Design Hotels设计酒店成员,Design Hotels™,Design Hotels™ 成员,DS,FULLY_BOOKABLE,hotel,,Shanghai,上海,,,160 Guizhou Road,贵州路160号,200001,31.23686,121.47605,+86 21 3185 8899,https://www.marriott.com/en-us/hotels/shahh-habo-hotel-shanghai-a-member-of-design-hotels/overview/,https://www.marriott.com.cn/zh-cn/hotels/shahh-habo-hotel-shanghai-a-member-of-design-hotels/overview/,,2025-12-29,14:00,12:00,true
SHAEB,The Shanghai EDITION,上海艾迪逊酒店,EDITION Hotels,艾迪逊酒店,EB,FULLY_BOOKABLE,hotel,,Shanghai,上海,,,199 Nanjing Road East,南京东路 199 号,200002,31.237886,121.485916,+86 21 5368 9999,https://www.marriott.com/en-us/hotels/shaeb-the-shanghai-edition/overview/,https://www.marriott.com.cn/zh-cn/hotels/shaeb-the-shanghai-edition/overview/,,2018-07-31,15:00,12:00,true
SHAHF,Fairfield by Marriott Shanghai Hongqiao,上海虹桥万豪万枫酒店,Fairfield Inn & Suites,万枫酒店,FI,FULLY_BOOKABLE,hotel,,Shanghai,上海,,,"No.369, Qingshan Road, Minhang District",闵行区青杉路369号,201103,31.17601,121.36406,+86 21 3350 7778,https://www.marriott.com/en-us/hotels/shahf-fairfield-shanghai-hongqiao/overview/,https://www.marriott.com.cn/zh-cn/hotels/shahf-fairfield-shanghai-hongqiao/overview/,,2025-04-28,15:00,12:00,true
SHAFO,Fairfield by Marriott Shanghai Hongqiao NECC,上海虹桥国家会展中心万枫酒店,Fairfield Inn & Suites,万枫酒店,FI,FULLY_BOOKABLE,hotel,,Shanghai,上海,,,"Tower C, 118 Lianyou Road, Minhang District",闵行区联友路 118 号 C 座,201107,31.215042,121.273347,+86 21 5458 9888,https://www.marriott.com/en-us/hotels/shafo-fairfield-shanghai-hongqiao-necc/overview/,https://www.marriott.com.cn/zh-cn/hotels/shafo-fairfield-shanghai-hongqiao-necc/overview/,,2021-10-25,15:00,12:00,true
SHAFI,Fairfield by Marriott Shanghai Jingan,上海静安万枫酒店,Fairfield Inn & Suites,万枫酒店,FI,FULLY_BOOKABLE,hotel,,Shanghai,上海,,,"No 1500 Gonghe Xin Road, Jing'an District",静安区共和新路 1500 号,200070,31.267398,121.457679,+86 21 5688 5999,https://www.marriott.com/en-us/hotels/shafi-fairfield-shanghai-jingan/overview/,https://www.marriott.com.cn/zh-cn/hotels/shafi-fairfield-shanghai-jingan/overview/,,2017-12-29,14:00,12:00,true
SHAFL,Fairfield by Marriott Shanghai Lingang Special Area,上海滴水湖万枫酒店,Fairfield Inn & Suites,万枫酒店,FI,FULLY_BOOKABLE,hotel,,Shanghai,上海,,,"No. 169 Ruimu Road, Lingang Special Area, Pudong",浦东临港新片区瑞木路 169 号,201306,30.899621,121.922736,+86 21 2021 1888,https://www.marriott.com/en-us/hotels/shafl-fairfield-shanghai-lingang-special-area/overview/,https://www.marriott.com.cn/zh-cn/hotels/shafl-fairfield-shanghai-lingang-special-area/overview/,,2023-12-05,15:00,12:00,true
SHAPI,Fairfield by Marriott Shanghai Pudong South,上海浦东南万豪万枫酒店,Fairfield Inn & Suites,万枫酒店,FI,FULLY_BOOKABLE,hotel,,Shanghai,上海,,,"No. 938 Hunan Road, Beicai Town, Pudong New Area",浦东新区北蔡镇沪南路 938 号,200120,31.18287,121.554111,+86 21 3893 7588,https://www.marriott.com/en-us/hotels/shapi-fairfield-shanghai-pudong-south/overview/,https://www.marriott.com.cn/zh-cn/hotels/shapi-fairfield-shanghai-pudong-south/overview/,,2024-03-15,15:00,12:00,true
SHAFD,Fairfield by Marriott Shanghai Pudong ,上海浦东万豪万枫酒店 ,Fairfield Inn & Suites,万枫酒店,FI,FULLY_BOOKABLE,hotel,,Shanghai,上海,,,"No 38 Lane 91, Eshan Road, Pudong New Area",浦东新区峨山路 91 弄 38 号,200127,31.21573,121.53318,+86 21 3880 9777,https://www.marriott.com/en-us/hotels/shafd-fairfield-shanghai-pudong /overview/,https://www.marriott.com.cn/zh-cn/hotels/shafd-fairfield-shanghai-pudong /overview/,,2020-11-28,15:00,12:00,true
SHAQF,Fairfield by Marriott Shanghai Qingpu,上海青浦万豪万枫酒店,Fairfield Inn & Suites,万枫酒店,FI,FULLY_BOOKABLE,hotel,,Shanghai,上海,Shanghai,上海,"No. 58, 50 Qingtai Road, Qingpu District",青浦区青泰路58、50号,201799,31.1308784,121.0854336,+86 21 5926 6888,https://www.marriott.com/en-us/hotels/shaqf-fairfield-shanghai-qingpu/overview/,https://www.marriott.com.cn/zh-cn/hotels/shaqf-fairfield-shanghai-qingpu/overview/,,2025-11-30,15:00,12:00,true
SHAXF,Fairfield by Marriott Shanghai Xuhui Center,上海徐家汇万豪万枫酒店,Fairfield Inn & Suites,万枫酒店,FI,FULLY_BOOKABLE,hotel,,Shanghai,上海,Shanghai,上海,"No. 831, Zhaojiabang Road, Fenglin Road Sub-district, Xuhui District",徐汇区枫林路街道肇嘉浜路831号,200032,31.19762,121.44665,+86 21 3368 0505,https://www.marriott.com/en-us/hotels/shaxf-fairfield-shanghai-xuhui-center/overview/,https://www.marriott.com.cn/zh-cn/hotels/shaxf-fairfield-shanghai-xuhui-center/overview/,,2025-09-29,14:00,12:00,false
SHAFG,Four Points by Sheraton Shanghai Fengjing,上海枫泾福朋喜来登酒店,Four Points by Sheraton,福朋喜来登酒店,FP,FULLY_BOOKABLE,hotel,,Shanghai,上海,Shanghai,上海,"No. 1199 Fengmei Road, Jinshan District",金山区枫美路 1199 号,201501,30.90397,121.021778,+86 21 3790 8888,https://www.marriott.com/en-us/hotels/shafg-four-points-shanghai-fengjing/overview/,https://www.marriott.com.cn/zh-cn/hotels/shafg-four-points-shanghai-fengjing/overview/,,2024-05-18,15:00,12:00,true
SHAFQ,Four Points by Sheraton Shanghai Hongqiao,上海虹桥福朋喜来登酒店,Four Points by Sheraton,福朋喜来登酒店,FP,FULLY_BOOKABLE,hotel,,Shanghai,上海,,,"Building B. Luyuan International Plaza, No.227 Hui Long Rd, Qing Pu District",青浦区汇龙路 227 号禄渊国际 B 栋,,31.196765,121.271687,+86 21 5988 5788,https://www.marriott.com/en-us/hotels/shafq-four-points-shanghai-hongqiao/overview/,https://www.marriott.com.cn/zh-cn/hotels/shafq-four-points-shanghai-hongqiao/overview/,,2020-10-13,15:00,12:00,true
SHAIP,Four Points by Sheraton Shanghai International Tourism and Resorts Zone,上海国际旅游度假区福朋喜来登酒店,Four Points by Sheraton,福朋喜来登酒店,FP,FULLY_BOOKABLE,hotel,,Shanghai,上海,,,"No 242 Lane 111 Chongxi Road, Pudong District",浦东区崇溪路111弄242号,201322,31.1080557,121.7112928,+86 21 3895 9888,https://www.marriott.com/en-us/hotels/shaip-four-points-shanghai-international-tourism-and-resorts-zone/overview/,https://www.marriott.com.cn/zh-cn/hotels/shaip-four-points-shanghai-international-tourism-and-resorts-zone/overview/,,2025-04-30,15:00,12:00,true
SHAFJ,Four Points by Sheraton Shanghai Jiading,上海嘉定福朋喜来登酒店,Four Points by Sheraton,福朋喜来登酒店,FP,FULLY_BOOKABLE,hotel,,Shanghai,上海,,,866 Yecheng Road,叶城路 866 号,201821,31.365307,121.250929,+86 21 5909 2999,https://www.marriott.com/en-us/hotels/shafj-four-points-shanghai-jiading/overview/,https://www.marriott.com.cn/zh-cn/hotels/shafj-four-points-shanghai-jiading/overview/,,2021-06-27,15:00,12:00,true
SHAQP,Four Points by Sheraton Shanghai Qingpu New City,上海青浦新城福朋喜来登酒店,Four Points by Sheraton,福朋喜来登酒店,FP,OPENING_SOON,hotel,,Shanghai,上海,Shanghai,上海,"Tower A, Rongtai Smart World No.100, Huake East Road, Qingpu District",上海市青浦区华科东路100号容钛智汇天地A座,201700,31.1591944,121.1551667,+86 21 3386 5888,https://www.marriott.com/en-us/hotels/shaqp-four-points-shanghai-qingpu-new-city/overview/,https://www.marriott.com.cn/zh-cn/hotels/shaqp-four-points-shanghai-qingpu-new-city/overview/,,2026-08-30,15:00,12:00,true
SHADF,"Four Points by Sheraton Shanghai, Daning",上海大宁福朋喜来登酒店,Four Points by Sheraton,福朋喜来登酒店,FP,FULLY_BOOKABLE,hotel,,Shanghai,上海,Shanghai,上海,"Block 12, No. 1928 Gonghexin Road, Jing'an District",静安区共和新路 1928 号 12 座,200072,31.27357,121.45204,+86 21 2602 2222,https://www.marriott.com/en-us/hotels/shadf-four-points-shanghai-daning/overview/,https://www.marriott.com.cn/zh-cn/hotels/shadf-four-points-shanghai-daning/overview/,,2007-03-28,14:00,12:00,true
SHAFK,"Four Points by Sheraton Shanghai, Kangqiao",上海万信福朋喜来登酒店,Four Points by Sheraton,福朋喜来登酒店,FP,FULLY_BOOKABLE,hotel,,Shanghai,上海,,,"No.1668 Xiuyan Road, Pudong New Area",浦东新区秀沿路 1668 号,200135,31.1361555,121.5932062,+86 21 3857 7777,https://www.marriott.com/en-us/hotels/shafk-four-points-shanghai-kangqiao/overview/,https://www.marriott.com.cn/zh-cn/hotels/shafk-four-points-shanghai-kangqiao/overview/,,2021-01-08,15:00,12:00,true
SHAPF,"Four Points by Sheraton Shanghai, Pudong",浦东福朋喜来登由由酒店,Four Points by Sheraton,福朋喜来登酒店,FP,FULLY_BOOKABLE,hotel,,Shanghai,上海,Shanghai,上海,2111 Pudong Nan Road,上海浦东南路 2111 号,200127,31.209553,121.517023,+86 21 5039 9999,https://www.marriott.com/en-us/hotels/shapf-four-points-shanghai-pudong/overview/,https://www.marriott.com.cn/zh-cn/hotels/shapf-four-points-shanghai-pudong/overview/,,2006-06-01,15:00,12:00,true
SHAJF,JW Marriott Hotel Shanghai Fengxian,上海东方美谷 JW 万豪酒店,JW Marriott,JW万豪酒店,JW,FULLY_BOOKABLE,hotel,,Shanghai,上海,Shanghai,上海,"Hupan Road No.399, Fengxian",奉贤区湖畔路 399 号,201499,30.934653,121.499225,+86 21 6759 8000,https://www.marriott.com/en-us/hotels/shajf-jw-marriott-hotel-shanghai-fengxian/overview/,https://www.marriott.com.cn/zh-cn/hotels/shajf-jw-marriott-hotel-shanghai-fengxian/overview/,,2021-02-01,15:00,12:00,true
SHAJW,JW Marriott Hotel Shanghai at Tomorrow Square,上海明天广场 JW 万豪酒店,JW Marriott,JW万豪酒店,JW,FULLY_BOOKABLE,hotel,,Shanghai,上海,Shanghai,上海,"399 Nanjing West Road, Huangpu District",黄浦区南京西路 399 号,200003,31.230711,121.469886,+86 21 5359 4969,https://www.marriott.com/en-us/hotels/shajw-jw-marriott-hotel-shanghai-at-tomorrow-square/overview/,https://www.marriott.com.cn/zh-cn/hotels/shajw-jw-marriott-hotel-shanghai-at-tomorrow-square/overview/,,2003-10-01,15:00,12:00,true
SHAMJ,JW Marriott Marquis Hotel Shanghai Pudong,上海绿发JW万豪侯爵酒店,JW Marriott,JW万豪酒店,JW,FULLY_BOOKABLE,hotel,,Shanghai,上海,Shanghai,上海,"No 988 Puming Road, Pudong New Area",浦东新区浦明路 988 号,200122,31.217075,121.51408,+86 21 3809 8888,https://www.marriott.com/en-us/hotels/shamj-jw-marriott-marquis-hotel-shanghai-pudong/overview/,https://www.marriott.com.cn/zh-cn/hotels/shamj-jw-marriott-marquis-hotel-shanghai-pudong/overview/,,2019-08-08,15:00,12:00,true
SHAMS,Le Méridien Shanghai Sheshan,上海佘山世茂艾美酒店,Le Méridien,艾美酒店,MD,FULLY_BOOKABLE,hotel,,Shanghai,上海,,,1288 Linyin Xin Road,林荫新路1288号,201602,31.09777,121.20429,+86 21 5779 9999,https://www.marriott.com/en-us/hotels/shams-le-meridien-shanghai-sheshan/overview/,https://www.marriott.com.cn/zh-cn/hotels/shams-le-meridien-shanghai-sheshan/overview/,,2025-10-01,15:00,12:00,true
SHALM,"Le Méridien Shanghai, Minhang",上海闵行宝龙艾美酒店,Le Méridien,艾美酒店,MD,FULLY_BOOKABLE,hotel,,Shanghai,上海,Shanghai,上海,"3199 Caobao Road, Minhang District",闵行区漕宝路 3199 号,201101,31.1569313,121.3559124,+86 21 5329 9999,https://www.marriott.com/en-us/hotels/shalm-le-meridien-shanghai-minhang/overview/,https://www.marriott.com.cn/zh-cn/hotels/shalm-le-meridien-shanghai-minhang/overview/,,2016-11-30,15:00,12:00,true
SHAHL,"The Hongta Hotel, a Luxury Collection Hotel, Shanghai",上海红塔豪华精选酒店,The Luxury Collection,豪华精选酒店,LC,FULLY_BOOKABLE,hotel,,Shanghai,上海,Shanghai,上海,"889 Dong Fang Road, Pudong District",浦东新区东方路 889 号,200122,31.223699,121.528321,+86 21 5050 4567,https://www.marriott.com/en-us/hotels/shahl-the-hongta-hotel-a-luxury-collection-hotel-shanghai/overview/,https://www.marriott.com.cn/zh-cn/hotels/shahl-the-hongta-hotel-a-luxury-collection-hotel-shanghai/overview/,,2001-07-28,14:00,12:00,true
SHAZR,"Marriott Executive Apartments Shanghai, Zhangjiang",上海张江万豪行政公寓,Marriott Executive Apartments,万豪行政公寓,ER,OPENING_SOON,hotel,,Shanghai,上海,,,"No.1666, Haike Road, Pudong New Area",浦东新区海科路1666号,201203,31.185584,121.613726,,https://www.marriott.com/en-us/hotels/shazr-marriott-executive-apartments-shanghai-zhangjiang/overview/,https://www.marriott.com.cn/zh-cn/hotels/shazr-marriott-executive-apartments-shanghai-zhangjiang/overview/,,2026-07-31,15:00,12:00,true
SHAZH,Shanghai Marriott Hotel Kangqiao,上海康桥万豪酒店,Marriott Hotels & Resorts,万豪酒店,MC,FULLY_BOOKABLE,hotel,,Shanghai,上海,,,"No 4499 Kang Xin Highway, Pudong",浦东康新公路 4499 号,201318,31.119335,121.61925,+86 21 5815 8888,https://www.marriott.com/en-us/hotels/shazh-shanghai-marriott-hotel-kangqiao/overview/,https://www.marriott.com.cn/zh-cn/hotels/shazh-shanghai-marriott-hotel-kangqiao/overview/,,2018-01-22,15:00,12:00,true
SHAMP,Shanghai Marriott Hotel Parkview,上海宝华万豪酒店,Marriott Hotels & Resorts,万豪酒店,MC,FULLY_BOOKABLE,hotel,,Shanghai,上海,,,"333 Guang Zhong Road West, Jing'an District",静安区广中西路 333 号,200072,31.27967,121.44683,+86 21 3669 8888,https://www.marriott.com/en-us/hotels/shamp-shanghai-marriott-hotel-parkview/overview/,https://www.marriott.com.cn/zh-cn/hotels/shamp-shanghai-marriott-hotel-parkview/overview/,,2014-02-22,14:00,12:00,true
SHAPD,Shanghai Marriott Hotel Pudong East,上海金桥红枫万豪酒店,Marriott Hotels & Resorts,万豪酒店,MC,FULLY_BOOKABLE,hotel,,Shanghai,上海,Shanghai,上海,"15 Xinjinqiao Road, Pudong New District",浦东新区新金桥路 15 号,201206,31.244113,121.59153,+86 21 6036 8888,https://www.marriott.com/en-us/hotels/shapd-shanghai-marriott-hotel-pudong-east/overview/,https://www.marriott.com.cn/zh-cn/hotels/shapd-shanghai-marriott-hotel-pudong-east/overview/,,2013-01-10,14:00,12:00,true
SHAPS,Shanghai Marriott Hotel Pudong South,上海中优城市万豪酒店,Marriott Hotels & Resorts,万豪酒店,MC,FULLY_BOOKABLE,hotel,,Shanghai,上海,,,"No.1, Lane 7688 Hu Nan Road, Pudong New District",上海市浦东新区沪南路 7688 弄 1 号,201314,31.03000393064909,121.6630212849166,+86 21 2050 8888,https://www.marriott.com/en-us/hotels/shaps-shanghai-marriott-hotel-pudong-south/overview/,https://www.marriott.com.cn/zh-cn/hotels/shaps-shanghai-marriott-hotel-pudong-south/overview/,,2020-09-18,15:00,12:00,true
SHASM,Shanghai Marriott Hotel Songjiang,上海松江临云万豪酒店,Marriott Hotels & Resorts,万豪酒店,MC,OPENING_SOON,hotel,,Shanghai,上海,Shanghai,上海,"No. 3, Lane 279, Qianfan Road, Songjiang District",松江区千帆路279弄3号,201612,31.09188,121.323197,+86 21 3781 8888,https://www.marriott.com/en-us/hotels/shasm-shanghai-marriott-hotel-songjiang/overview/,https://www.marriott.com.cn/zh-cn/hotels/shasm-shanghai-marriott-hotel-songjiang/overview/,,2026-10-14,15:00,12:00,true
SHAYM,Shanghai Marriott Hotel Yangpu Riverside,上海杨浦滨江万豪酒店,Marriott Hotels & Resorts,万豪酒店,MC,FULLY_BOOKABLE,hotel,,Shanghai,上海,,,"25 Ningguo Road, Yangpu District",杨浦区宁国路 25 号,200090,31.260112,121.539135,+86 21 6573 1888,https://www.marriott.com/en-us/hotels/shaym-shanghai-marriott-hotel-yangpu-riverside/overview/,https://www.marriott.com.cn/zh-cn/hotels/shaym-shanghai-marriott-hotel-yangpu-riverside/overview/,,2024-10-23,15:00,12:00,true
SHAMC,Shanghai Marriott Marquis City Centre,上海雅居乐万豪侯爵酒店,Marriott Hotels & Resorts,万豪酒店,MC,FULLY_BOOKABLE,hotel,,Shanghai,上海,,,"555 Middle Xizang Road (Close to Nanjing Road), Huangpu District",黄浦区西藏中路 555 号（靠近南京路）,200003,31.236536,121.473374,+86 21 2312 9888,https://www.marriott.com/en-us/hotels/shamc-shanghai-marriott-marquis-city-centre/overview/,https://www.marriott.com.cn/zh-cn/hotels/shamc-shanghai-marriott-marquis-city-centre/overview/,,2011-11-24,16:00,12:00,true
SHAOX,Moxy Shanghai Hongqiao NECC,上海虹桥国家会展中心 Moxy 酒店,MOXY Hotels,MOXY酒店,OX,FULLY_BOOKABLE,hotel,,Shanghai,上海,,,"Building B, No 2038 Huqingping Road, Qingpu District",青浦区沪青平路 2038 号 B 栋,201702,31.161258,121.2653259,+86 21 3920 9888,https://www.marriott.com/en-us/hotels/shaox-moxy-shanghai-hongqiao-necc/overview/,https://www.marriott.com.cn/zh-cn/hotels/shaox-moxy-shanghai-hongqiao-necc/overview/,,2021-06-03,14:00,12:00,true
SHAXX,Moxy Shanghai Putuo,上海普陀Moxy酒店,MOXY Hotels,MOXY酒店,OX,FULLY_BOOKABLE,hotel,,Shanghai,上海,,,"No 409 Aomen Road, Putuo District",普陀区澳门路409号,200060,31.2464868,121.4409044,+86 21 3202 9999,https://www.marriott.com/en-us/hotels/shaxx-moxy-shanghai-putuo/overview/,https://www.marriott.com.cn/zh-cn/hotels/shaxx-moxy-shanghai-putuo/overview/,,2025-04-25,15:00,12:00,true
SHAOS,Moxy Shanghai Xuhui,上海徐汇 Moxy 酒店,MOXY Hotels,MOXY酒店,OX,FULLY_BOOKABLE,hotel,,Shanghai,上海,,,"No 55 East Tianlin Road, Xuhui District",徐汇区田林东路 55 号,200235,31.174001,121.43408,+86 21 6470 9999,https://www.marriott.com/en-us/hotels/shaos-moxy-shanghai-xuhui/overview/,https://www.marriott.com.cn/zh-cn/hotels/shaos-moxy-shanghai-xuhui/overview/,,2021-12-18,15:00,12:00,true
SHACA,Renaissance Shanghai Caohejing Hotel,上海漕河泾万丽酒店,Renaissance Hotels,万丽酒店,BR,FULLY_BOOKABLE,hotel,,Shanghai,上海,Shanghai,上海,"No 397 Tianlin Road, Caohejing Hi-Tech Park",漕河泾新兴技术开发区田林路 397 号,200233,31.1653782,121.3969195,+86 21 3325 8888,https://www.marriott.com/en-us/hotels/shaca-renaissance-shanghai-caohejing-hotel/overview/,https://www.marriott.com.cn/zh-cn/hotels/shaca-renaissance-shanghai-caohejing-hotel/overview/,,2012-08-27,14:00,12:00,true
SHAHR,Renaissance Shanghai Hongqiao,上海虹桥万丽酒店,Renaissance Hotels,万丽酒店,BR,FULLY_BOOKABLE,hotel,,Shanghai,上海,Shanghai,上海,"No.2270 Hongqiao Road, Changning District",长宁区虹桥路2270号,200336,31.19142,121.37676,+86 21 6010 6000,https://www.marriott.com/en-us/hotels/shahr-renaissance-shanghai-hongqiao/overview/,https://www.marriott.com.cn/zh-cn/hotels/shahr-renaissance-shanghai-hongqiao/overview/,,2026-01-01,14:00,12:00,true
SHARN,Renaissance Shanghai Pudong Hotel,上海淳大万丽酒店,Renaissance Hotels,万丽酒店,BR,FULLY_BOOKABLE,hotel,,Shanghai,上海,,,"719 Yingchun Road, Lianyang District, Pudong New Area",浦东新区联洋社区迎春路 719 号,200135,31.2238595,121.5524318,+86 21 3871 4888,https://www.marriott.com/en-us/hotels/sharn-renaissance-shanghai-pudong-hotel/overview/,https://www.marriott.com.cn/zh-cn/hotels/sharn-renaissance-shanghai-pudong-hotel/overview/,,2003-09-29,14:00,12:00,true
SHAPH,Renaissance Shanghai Putuo Hotel,上海明捷万丽酒店,Renaissance Hotels,万丽酒店,BR,FULLY_BOOKABLE,hotel,,Shanghai,上海,,,"50 Tongchuan Road, Putuo District",上海普陀区铜川路 50 号,200333,31.255624,121.42107,+86 21 2219 5888,https://www.marriott.com/en-us/hotels/shaph-renaissance-shanghai-putuo-hotel/overview/,https://www.marriott.com.cn/zh-cn/hotels/shaph-renaissance-shanghai-putuo-hotel/overview/,,2010-05-01,14:00,12:00,true
SHASY,Renaissance Shanghai Yu Garden Hotel,上海豫园万丽酒店,Renaissance Hotels,万丽酒店,BR,FULLY_BOOKABLE,hotel,,Shanghai,上海,Shanghai,上海,"159 South He Nan Road, Huangpu District",黄浦区河南南路 159 号,200010,31.227372,121.488233,+86 21 2321 8888,https://www.marriott.com/en-us/hotels/shasy-renaissance-shanghai-yu-garden-hotel/overview/,https://www.marriott.com.cn/zh-cn/hotels/shasy-renaissance-shanghai-yu-garden-hotel/overview/,,2007-08-18,15:00,12:00,true
SHABZ,Renaissance Shanghai Zhongshan Park Hotel,上海龙之梦万丽酒店,Renaissance Hotels,万丽酒店,BR,FULLY_BOOKABLE,hotel,,Shanghai,上海,Shanghai,上海,"No. 1018 Changning Road, Changning District",长宁区长宁路 1018 号,200042,31.218967,121.416349,+86 21 6115 8888,https://www.marriott.com/en-us/hotels/shabz-renaissance-shanghai-zhongshan-park-hotel/overview/,https://www.marriott.com.cn/zh-cn/hotels/shabz-renaissance-shanghai-zhongshan-park-hotel/overview/,,2008-12-12,14:00,12:00,true
SHASP,Sheraton Grand Shanghai Pudong Hotel & Residences,上海浦东喜来登由由大酒店及公寓,Sheraton,喜来登酒店,SI,FULLY_BOOKABLE,hotel,,Shanghai,上海,Shanghai,上海,No. 38 Pujian Road,浦建路 38 号,200127,31.209412,121.518255,+86 21 5089 9999,https://www.marriott.com/en-us/hotels/shasp-sheraton-grand-shanghai-pudong-hotel-and-residences/overview/,https://www.marriott.com.cn/zh-cn/hotels/shasp-sheraton-grand-shanghai-pudong-hotel-and-residences/overview/,,2007-04-01,15:00,12:00,true
SHASH,Sheraton Shanghai Chongming Hotel,上海崇明由由喜来登酒店,Sheraton,喜来登酒店,SI,FULLY_BOOKABLE,hotel,,Shanghai,上海,Shanghai,上海,"2888 Lan Hai Road, Chongming District",崇明区揽海路 2888 号,202162,31.462751,121.82432,+86 21 3936 1888,https://www.marriott.com/en-us/hotels/shash-sheraton-shanghai-chongming-hotel/overview/,https://www.marriott.com.cn/zh-cn/hotels/shash-sheraton-shanghai-chongming-hotel/overview/,,2017-04-28,15:00,12:00,true
SHASF,Sheraton Shanghai Fengxian,上海宝华喜来登酒店,Sheraton,喜来登酒店,SI,FULLY_BOOKABLE,hotel,,Shanghai,上海,,,"Block 228, No 3111 Nanfeng Highway, Qingcun Town, Fengxian District",奉贤区青村镇南奉公路 3111 弄 228 号,201414,30.9217201,121.5751895,+86 21 6759 8888,https://www.marriott.com/en-us/hotels/shasf-sheraton-shanghai-fengxian/overview/,https://www.marriott.com.cn/zh-cn/hotels/shasf-sheraton-shanghai-fengxian/overview/,,2019-07-28,14:00,12:00,false
SHAJS,Sheraton Shanghai Jiading Hotel,上海嘉定喜来登酒店,Sheraton,喜来登酒店,SI,FULLY_BOOKABLE,hotel,,Shanghai,上海,Shanghai,上海,"No. 66, Jiatang Road, Juyuan New Area",菊园新区嘉唐公路 66 号,201800,31.3947792,121.2457357,+86 21 3992 8888,https://www.marriott.com/en-us/hotels/shajs-sheraton-shanghai-jiading-hotel/overview/,https://www.marriott.com.cn/zh-cn/hotels/shajs-sheraton-shanghai-jiading-hotel/overview/,,2015-08-12,14:00,12:00,true
SHAPR,Sheraton Shanghai Pudong Riverside,上海浦东滨江喜来登酒店,Sheraton,喜来登酒店,SI,FULLY_BOOKABLE,hotel,,Shanghai,上海,Shanghai,上海,"No.2288 Pudong Avenue, Pudong District",浦东新区浦东大道 2288 号,200136,31.253366,121.55396,+86 21 5852 6666,https://www.marriott.com/en-us/hotels/shapr-sheraton-shanghai-pudong-riverside/overview/,https://www.marriott.com.cn/zh-cn/hotels/shapr-sheraton-shanghai-pudong-riverside/overview/,,2023-06-30,15:00,12:00,true
SHAWS,Sheraton Shanghai Waigaoqiao Hotel,上海外高桥喜来登酒店,Sheraton,喜来登酒店,SI,FULLY_BOOKABLE,hotel,,Shanghai,上海,Shanghai,上海,"28 Jilong Road, China (Shanghai) Pilot Free Trade Zone",中国（上海）自由贸易试验区基隆路 28 号,200131,31.350302,121.588783,+86 21 3121 9999,https://www.marriott.com/en-us/hotels/shaws-sheraton-shanghai-waigaoqiao-hotel/overview/,https://www.marriott.com.cn/zh-cn/hotels/shaws-sheraton-shanghai-waigaoqiao-hotel/overview/,,2012-12-01,15:00,12:00,true
SHAXR,The St. Regis Shanghai Jingan,上海静安瑞吉酒店,St. Regis,瑞吉酒店,XR,FULLY_BOOKABLE,hotel,,Shanghai,上海,Shanghai,上海,1008 Beijing West Road,北京西路 1008 号,200041,31.231014,121.456309,+86 21 6257 9999,https://www.marriott.com/en-us/hotels/shaxr-the-st-regis-shanghai-jingan/overview/,https://www.marriott.com.cn/zh-cn/hotels/shaxr-the-st-regis-shanghai-jingan/overview/,,2017-05-22,15:00,12:00,true
SHAXB,"The St. Regis on the Bund, Shanghai",上海外滩瑞吉酒店,St. Regis,瑞吉酒店,XR,FULLY_BOOKABLE,hotel,,Shanghai,上海,,,"538 Zhongshan Dong Er Rd, Huangpu District",黄浦区中山东二路 538 号,200010,31.228094,121.496578,+86 21 5368 8888,https://www.marriott.com/en-us/hotels/shaxb-the-st-regis-on-the-bund-shanghai/overview/,https://www.marriott.com.cn/zh-cn/hotels/shaxb-the-st-regis-on-the-bund-shanghai/overview/,,2024-10-17,15:00,12:00,true
SHARZ,"The Portman Ritz-Carlton, Shanghai",上海波特曼丽思卡尔顿酒店,The Ritz-Carlton,丽思卡尔顿酒店,RZ,FULLY_BOOKABLE,hotel,,Shanghai,上海,,,"Shanghai Centre, 1376 Nanjing West Road",南京西路 1376 号上海商城,200040,31.227128,121.451653,+86 21 6279 8888,https://www.marriott.com/en-us/hotels/sharz-the-portman-ritz-carlton-shanghai/overview/,https://www.marriott.com.cn/zh-cn/hotels/sharz-the-portman-ritz-carlton-shanghai/overview/,,1998-01-01,14:00,12:00,true
SHASZ,"The Ritz-Carlton Shanghai, Pudong",上海浦东丽思卡尔顿酒店,The Ritz-Carlton,丽思卡尔顿酒店,RZ,FULLY_BOOKABLE,hotel,,Shanghai,上海,,,"Shanghai IFC, 8 Century Avenue, Lujiazui, Pudong",浦东新区陆家嘴世纪大道 8 号上海国际金融中心,200120,31.236467,121.501224,+86 21 2020 1888,https://www.marriott.com/en-us/hotels/shasz-the-ritz-carlton-shanghai-pudong/overview/,https://www.marriott.com.cn/zh-cn/hotels/shasz-the-ritz-carlton-shanghai-pudong/overview/,,2010-06-21,15:00,12:00,true
SHAXS,"Aqua Caeli Hotel, Shanghai Fengjing, a Tribute Portfolio Hotel",上海枫泾水济天心酒店·臻品之选,Tribute Portfolio,臻品之选酒店,TX,OPENING_SOON,hotel,,Shanghai,上海,,,"1199 Fengmei road  , Jinshan district",金山区枫美路1199号,200051,30.904344,121.022251,+86 21 3790 8888,https://www.marriott.com/en-us/hotels/shaxs-aqua-caeli-hotel-shanghai-fengjing-a-tribute-portfolio-hotel/overview/,https://www.marriott.com.cn/zh-cn/hotels/shaxs-aqua-caeli-hotel-shanghai-fengjing-a-tribute-portfolio-hotel/overview/,,2026-09-16,15:00,12:00,true
SHAWH,W Shanghai - The Bund,上海外滩 W 酒店,W Hotels,W 酒店,WH,FULLY_BOOKABLE,hotel,,Shanghai,上海,,,No.66 Lvshun Road,旅顺路 66 号,200080,31.2488326834,121.4967366225,+86 21 2286 9999,https://www.marriott.com/en-us/hotels/shawh-w-shanghai-the-bund/overview/,https://www.marriott.com.cn/zh-cn/hotels/shawh-w-shanghai-the-bund/overview/,,2017-06-30,15:00,12:00,true
SHAWI,"The Westin Bund Center, Shanghai",上海威斯汀大饭店,Westin Hotels & Resorts,威斯汀酒店及度假村,WI,FULLY_BOOKABLE,hotel,,Shanghai,上海,Shanghai,上海,"Bund Center, 88 Henan Central Road",河南中路 88 号外滩中心,200002,31.2321462,121.4865195,+86 21 6335 1888,https://www.marriott.com/en-us/hotels/shawi-the-westin-bund-center-shanghai/overview/,https://www.marriott.com.cn/zh-cn/hotels/shawi-the-westin-bund-center-shanghai/overview/,,2002-09-27,15:00,12:00,true
SQDFI,Fairfield by Marriott Shangrao Xinzhou,上饶信州万豪万枫酒店,Fairfield Inn & Suites,万枫酒店,FI,FULLY_BOOKABLE,hotel,,Shangrao,上饶,Jiangxi,江西,"No.59, Jiefang Road, Xinzhou District, Shangrao, Jiangxi, China",中国江西上饶信州区解放路59号,334099,28.445062,117.958313,+86 793 617 7777,https://www.marriott.com/en-us/hotels/sqdfi-fairfield-shangrao-xinzhou/overview/,https://www.marriott.com.cn/zh-cn/hotels/sqdfi-fairfield-shangrao-xinzhou/overview/,,2026-04-28,15:00,12:00,true
JDZWP,Four Points by Sheraton Wuyuan,婺源福朋喜来登酒店,Four Points by Sheraton,福朋喜来登酒店,FP,FULLY_BOOKABLE,hotel,,Shangrao,上饶,Jiangxi,江西,"East side of Jiangwan Avenue, Wuyuan County",婺源县江湾大道东侧,333200,29.242973,117.876846,+86 793 749 9999,https://www.marriott.com/en-us/hotels/jdzwp-four-points-wuyuan/overview/,https://www.marriott.com.cn/zh-cn/hotels/jdzwp-four-points-wuyuan/overview/,,2025-09-28,15:00,12:00,false
SWAMS,Shantou Marriott Hotel,汕头国厦万豪酒店,Marriott Hotels & Resorts,万豪酒店,MC,FULLY_BOOKABLE,hotel,,Shantou,汕头,Guangdong,广东,"No.28, Zhucheng Road, Longhu District",龙湖区珠城路 28 号,515041,23.348833,116.742222,+86 754 8328 8888,https://www.marriott.com/en-us/hotels/swams-shantou-marriott-hotel/overview/,https://www.marriott.com.cn/zh-cn/hotels/swams-shantou-marriott-hotel/overview/,,2023-07-19,15:00,12:00,false
SWASI,Sheraton Shantou Hotel,汕头龙光喜来登酒店,Sheraton,喜来登酒店,SI,FULLY_BOOKABLE,hotel,,Shantou,汕头,Guangdong,广东,"Block 11, Logan Century Mansion",11 街区龙光世纪大厦,515011,23.360178,116.717596,+86 754 8999 8888,https://www.marriott.com/en-us/hotels/swasi-sheraton-shantou-hotel/overview/,https://www.marriott.com.cn/zh-cn/hotels/swasi-sheraton-shantou-hotel/overview/,,2013-11-04,15:00,12:00,false
HUZCS,Courtyard by Marriott Shanwei Haifeng,汕尾海丰万怡酒店,Courtyard,万怡酒店,CY,FULLY_BOOKABLE,hotel,,Shanwei,汕尾,Guangdong,广东,"Royal No.1, West Erhuan Road",西二环路皇家 1 号,516400,22.97766,115.317904,+86 660 638 3666,https://www.marriott.com/en-us/hotels/huzcs-courtyard-shanwei-haifeng/overview/,https://www.marriott.com.cn/zh-cn/hotels/huzcs-courtyard-shanwei-haifeng/overview/,,2024-01-27,15:00,12:00,true
SZXFZ,Fairfield by Marriott Shenzhen Shenshan Special Cooperation Zone,深圳深汕特别合作区万枫酒店,Fairfield Inn & Suites,万枫酒店,FI,FULLY_BOOKABLE,hotel,,Shanwei,汕尾,Guangdong,广东,"Chuangyuan & Tongxin Road, Ebu Town",鹅埠镇创元路与同心路交汇处,518200,22.8346939,114.9944494,+86 755 2209 5888,https://www.marriott.com/en-us/hotels/szxfz-fairfield-shenzhen-shenshan-special-cooperation-zone/overview/,https://www.marriott.com.cn/zh-cn/hotels/szxfz-fairfield-shenzhen-shenshan-special-cooperation-zone/overview/,,2021-12-22,14:00,12:00,true
HUZLP,Four Points by Sheraton Shanwei Lufeng,汕尾陆丰福朋喜来登酒店,Four Points by Sheraton,福朋喜来登酒店,FP,FULLY_BOOKABLE,hotel,,Shanwei,汕尾,Guangdong,广东,"No.720, Donghai Avenue, Donghai Street, Lufeng",陆丰市东海街道东海大道720号,516500,22.935206,115.635328,+86 660 818 6666,https://www.marriott.com/en-us/hotels/huzlp-four-points-shanwei-lufeng/overview/,https://www.marriott.com.cn/zh-cn/hotels/huzlp-four-points-shanwei-lufeng/overview/,,2026-05-01,15:00,12:00,true
HGHXN,Courtyard by Marriott Xinchang,新昌万怡酒店,Courtyard,万怡酒店,CY,FULLY_BOOKABLE,hotel,,Shaoxing,绍兴,Zhejiang,浙江,"No 111 Qixing Road, Qixing Street, Xinchang County",新昌县七星街道七星路 111 号,312500,29.511051,120.87393,+86 575 8660 7777,https://www.marriott.com/en-us/hotels/hghxn-courtyard-xinchang/overview/,https://www.marriott.com.cn/zh-cn/hotels/hghxn-courtyard-xinchang/overview/,,2016-09-28,14:00,12:00,true
HGHSM,Le Meridien Shaoxing Yuecheng,绍兴余坤艾美酒店,Le Méridien,艾美酒店,MD,FULLY_BOOKABLE,hotel,,Shaoxing,绍兴,Zhejiang,浙江,"688 YINXING RD , YUECHENG DISTRICT",越城区银兴路688号,312000,30.007651,120.685542,+86 575 8599 9999,https://www.marriott.com/en-us/hotels/hghsm-le-meridien-shaoxing-yuecheng/overview/,https://www.marriott.com.cn/zh-cn/hotels/hghsm-le-meridien-shaoxing-yuecheng/overview/,,2025-08-18,15:00,12:00,true
HGHMC,Shaoxing Marriott Hotel Shangyu,绍兴上虞万豪酒店,Marriott Hotels & Resorts,万豪酒店,MC,FULLY_BOOKABLE,hotel,,Shaoxing,绍兴,Zhejiang,浙江,"No. 3 Wuxing West Road, Shangyu District",上虞区五星西路 3 号,312300,30.0302813,120.8237846,+86 575 8233 8888,https://www.marriott.com/en-us/hotels/hghmc-shaoxing-marriott-hotel-shangyu/overview/,https://www.marriott.com.cn/zh-cn/hotels/hghmc-shaoxing-marriott-hotel-shangyu/overview/,,2023-09-24,15:00,12:00,false
HGHSS,Sheraton Shaoxing Shangyu,绍兴余坤喜来登酒店,Sheraton,喜来登酒店,SI,FULLY_BOOKABLE,hotel,,Shaoxing,绍兴,Zhejiang,浙江,"1001 Jiangxi Road, Shangyu District",上虞区江西路 1001 号,312300,30.03035955066776,120.84235128089199,+86 575 8299 9999,https://www.marriott.com/en-us/hotels/hghss-sheraton-shaoxing-shangyu/overview/,https://www.marriott.com.cn/zh-cn/hotels/hghss-sheraton-shaoxing-shangyu/overview/,,2020-05-29,15:00,12:00,true
SHEMD,"Le Méridien Shenyang, Heping",沈阳和平艾美酒店,Le Méridien,艾美酒店,MD,FULLY_BOOKABLE,hotel,,Shenyang,沈阳,Liaoning,辽宁,"No. 45, Bei'er Road, Heping District",和平区北二路 45 号,110001,41.79389,123.407104,+86 24 2374 6666,https://www.marriott.com/en-us/hotels/shemd-le-meridien-shenyang-heping/overview/,https://www.marriott.com.cn/zh-cn/hotels/shemd-le-meridien-shenyang-heping/overview/,,2017-11-28,14:00,12:00,true
SHEMR,Shenyang Marriott Hotel,沈阳万豪酒店,Marriott Hotels & Resorts,万豪酒店,MC,FULLY_BOOKABLE,hotel,,Shenyang,沈阳,Liaoning,辽宁,"No. 43 First Beizhan Road, Shenhe District",沈阳市沈河区北站一路43号,110013,41.819294,123.445254,+86 24 2250 8888,https://www.marriott.com/en-us/hotels/shemr-shenyang-marriott-hotel/overview/,https://www.marriott.com.cn/zh-cn/hotels/shemr-shenyang-marriott-hotel/overview/,,2020-12-25,14:00,12:00,true
SHESW,Renaissance Shenyang West Hotel,沈阳太阳狮万丽酒店,Renaissance Hotels,万丽酒店,BR,FULLY_BOOKABLE,hotel,,Shenyang,沈阳,Liaoning,辽宁,"No 27 Zhongyang Street, Economic and Technological Development Zone",经济技术开发区中央大街 27 号,110142,41.750161,123.247272,+86 24 3157 0000,https://www.marriott.com/en-us/hotels/shesw-renaissance-shenyang-west-hotel/overview/,https://www.marriott.com.cn/zh-cn/hotels/shesw-renaissance-shenyang-west-hotel/overview/,,2018-05-21,14:00,12:00,false
SHESI,Sheraton Shenyang South City Hotel,沈阳新都绿城喜来登酒店,Sheraton,喜来登酒店,SI,FULLY_BOOKABLE,hotel,,Shenyang,沈阳,Liaoning,辽宁,"101-1 Shenzhong Street, Hunnan New District",浑南新区沈中大街 101-1 号,110000,41.679203,123.466842,+86 24 3161 9999,https://www.marriott.com/en-us/hotels/shesi-sheraton-shenyang-south-city-hotel/overview/,https://www.marriott.com.cn/zh-cn/hotels/shesi-sheraton-shenyang-south-city-hotel/overview/,,2013-08-28,14:00,12:00,false
SHEWI,The Westin Shenyang,沈阳威斯汀酒店,Westin Hotels & Resorts,威斯汀酒店及度假村,WI,FULLY_BOOKABLE,hotel,,Shenyang,沈阳,Liaoning,辽宁,"386 Qingnian Street, Heping District",和平区青年大街 386 号,110004,41.755632,123.437254,+86 24 2318 8888,https://www.marriott.com/en-us/hotels/shewi-the-westin-shenyang/overview/,https://www.marriott.com.cn/zh-cn/hotels/shewi-the-westin-shenyang/overview/,,2023-03-01,14:00,12:00,false
SZXCY,Courtyard by Marriott Shenzhen Bao'an,深圳联投东方万怡酒店,Courtyard,万怡酒店,CY,FULLY_BOOKABLE,hotel,,Shenzhen,深圳,Guangdong,广东,"No 46 Dongfang Road, Songgang, Bao'an District",宝安区松岗东方大道46号,518105,22.7607212,113.85696,+86 755 2986 9888,https://www.marriott.com/en-us/hotels/szxcy-courtyard-shenzhen-baoan/overview/,https://www.marriott.com.cn/zh-cn/hotels/szxcy-courtyard-shenzhen-baoan/overview/,,2018-05-21,14:00,12:00,true
SZXSB,Courtyard by Marriott Shenzhen Bay,深圳湾万怡酒店,Courtyard,万怡酒店,CY,FULLY_BOOKABLE,hotel,,Shenzhen,深圳,Guangdong,广东,"No 16 Keji South Road, Nanshan District",南山区科技南路 16 号,518057,22.53123,113.95065,+86 755 8663 9888,https://www.marriott.com/en-us/hotels/szxsb-courtyard-shenzhen-bay/overview/,https://www.marriott.com.cn/zh-cn/hotels/szxsb-courtyard-shenzhen-bay/overview/,,2018-11-28,15:00,12:00,true
SZXNW,Courtyard by Marriott Shenzhen Northwest,深圳同泰万怡酒店,Courtyard,万怡酒店,CY,FULLY_BOOKABLE,hotel,,Shenzhen,深圳,Guangdong,广东,"No 6259 Baoan Avenue, Baoan District",宝安区宝安大道 6259 号,518103,22.679162,113.805408,+86 755 2708 8888,https://www.marriott.com/en-us/hotels/szxnw-courtyard-shenzhen-northwest/overview/,https://www.marriott.com.cn/zh-cn/hotels/szxnw-courtyard-shenzhen-northwest/overview/,,2018-08-30,15:00,12:00,true
SZXNH,"NOA Hotel Shenzhen, a Member of Design Hotels",深圳NOA酒店（Design Hotels™设计酒店成员）,Design Hotels™,Design Hotels™ 成员,DS,FULLY_BOOKABLE,hotel,,Shenzhen,深圳,Guangdong,广东,"05 Baogang Road, Luohu District",罗湖区宝岗路5号,518001,22.5610937,114.1116299,+8675582181666; ext= 0755,https://www.marriott.com/en-us/hotels/szxnh-noa-hotel-shenzhen-a-member-of-design-hotels/overview/,https://www.marriott.com.cn/zh-cn/hotels/szxnh-noa-hotel-shenzhen-a-member-of-design-hotels/overview/,,2026-01-14,15:00,12:00,true
SZXBF,Fairfield by Marriott Shenzhen Bao'an,深圳宝安万枫酒店,Fairfield Inn & Suites,万枫酒店,FI,FULLY_BOOKABLE,hotel,,Shenzhen,深圳,Guangdong,广东,"Xinqiao Sub-district, Bao'an District",宝安区新桥街道,,22.71291,113.819525,+86 755 2958 0888,https://www.marriott.com/en-us/hotels/szxbf-fairfield-shenzhen-baoan/overview/,https://www.marriott.com.cn/zh-cn/hotels/szxbf-fairfield-shenzhen-baoan/overview/,,2024-05-10,15:00,12:00,true
SZXDF,Fairfield by Marriott Shenzhen Dameisha,深圳大梅沙万豪万枫酒店,Fairfield Inn & Suites,万枫酒店,FI,FULLY_BOOKABLE,hotel,,Shenzhen,深圳,Guangdong,广东,"No.1 Songcai Road, Damaisha Community, Meisha Street, Yantian District",盐田区梅沙街道大梅沙社区宋彩道 1 号,518000,22.595646,114.30747,+86 755 8979 1888,https://www.marriott.com/en-us/hotels/szxdf-fairfield-shenzhen-dameisha/overview/,https://www.marriott.com.cn/zh-cn/hotels/szxdf-fairfield-shenzhen-dameisha/overview/,,2024-07-16,14:00,12:00,false
SZXFL,Fairfield by Marriott Shenzhen Longgang,深圳亚钢1号万豪万枫酒店,Fairfield Inn & Suites,万枫酒店,FI,FULLY_BOOKABLE,hotel,,Shenzhen,深圳,Guangdong,广东,"18 Fu'an Boulevard, Longgang District",龙岗区富安大道18号,518111,22.6817,114.12167,+86 755 8960 3666,https://www.marriott.com/en-us/hotels/szxfl-fairfield-shenzhen-longgang/overview/,https://www.marriott.com.cn/zh-cn/hotels/szxfl-fairfield-shenzhen-longgang/overview/,,2026-05-15,15:00,12:00,true
SZXFP,Four Points by Sheraton Shenzhen,深圳福朋喜来登酒店,Four Points by Sheraton,福朋喜来登酒店,FP,FULLY_BOOKABLE,hotel,,Shenzhen,深圳,Guangdong,广东,"5 Guihua Road, Futian Free Trade Zone",福田保税区桂花路 5 号,518038,22.5109624897649,114.06241263214986,+86 755 8359 9999,https://www.marriott.com/en-us/hotels/szxfp-four-points-shenzhen/overview/,https://www.marriott.com.cn/zh-cn/hotels/szxfp-four-points-shenzhen/overview/,,2004-12-22,15:00,12:00,false
SZXAP,Four Points by Sheraton Shenzhen Airport,深圳机场福朋喜来登酒店,Four Points by Sheraton,福朋喜来登酒店,FP,FULLY_BOOKABLE,hotel,,Shenzhen,深圳,Guangdong,广东,"39 Fuyong Boulevard, Baoan District",宝安区福永大道39号,518103,22.6659,113.817561,+86 755 2999 5999,https://www.marriott.com/en-us/hotels/szxap-four-points-shenzhen-airport/overview/,https://www.marriott.com.cn/zh-cn/hotels/szxap-four-points-shenzhen-airport/overview/,,2026-03-22,15:00,12:00,true
SZXFB,Four Points by Sheraton Shenzhen Bao'an,深圳宝安福朋喜来登酒店,Four Points by Sheraton,福朋喜来登酒店,FP,FULLY_BOOKABLE,hotel,,Shenzhen,深圳,Guangdong,广东,"No 70 Baomin 1st Road, Bao'an District",宝安区宝民一路 70 号,518101,22.5626375,113.901886,+86 755 2955 8888,https://www.marriott.com/en-us/hotels/szxfb-four-points-shenzhen-baoan/overview/,https://www.marriott.com.cn/zh-cn/hotels/szxfb-four-points-shenzhen-baoan/overview/,,2022-12-30,15:00,12:00,true
SZXPB,Four Points by Sheraton Shenzhen Bay,深圳湾福朋喜来登酒店,Four Points by Sheraton,福朋喜来登酒店,FP,FULLY_BOOKABLE,hotel,,Shenzhen,深圳,,,"South Gate of  Kingdee Cloud Building Tower, South 12th Road Science and Technology Park, Nanshan District",深圳市南山区科技园南十二路2号金蝶云大厦,518063,22.533328,113.9548,+86 755 2710 3888,https://www.marriott.com/en-us/hotels/szxpb-four-points-shenzhen-bay/overview/,https://www.marriott.com.cn/zh-cn/hotels/szxpb-four-points-shenzhen-bay/overview/,,2025-09-09,15:00,12:00,true
SZXGU,Four Points by Sheraton Shenzhen Guangming,深圳光明福朋喜来登酒店,Four Points by Sheraton,福朋喜来登酒店,FP,FULLY_BOOKABLE,hotel,,Shenzhen,深圳,Guangdong,广东,"No.7 Jufeng Road, Guangming District",光明区聚丰路 7 号,518107,22.7555894679632,113.928947754529,+86 755 2763 8888,https://www.marriott.com/en-us/hotels/szxgu-four-points-shenzhen-guangming/overview/,https://www.marriott.com.cn/zh-cn/hotels/szxgu-four-points-shenzhen-guangming/overview/,,2025-01-03,15:00,11:30,true
SZXLP,Four Points by Sheraton Shenzhen Longhua,深圳龙华福朋喜来登酒店,Four Points by Sheraton,福朋喜来登酒店,FP,NOT_BOOKABLE,hotel,,Shenzhen,深圳,Guangdong,广东,"Building T4, Lijincheng Center, Jihua Road, Longhua District",龙华区吉华路利金城中心,518109,22.635833,114.054194,,https://www.marriott.com/en-us/hotels/szxlp-four-points-shenzhen-longhua/overview/,https://www.marriott.com.cn/zh-cn/hotels/szxlp-four-points-shenzhen-longhua/overview/,,2026-02-01,15:00,12:00,true
SZXNP,Four Points by Sheraton Shenzhen Nanshan,深圳南山福朋喜来登酒店,Four Points by Sheraton,福朋喜来登酒店,FP,OPENING_SOON,hotel,,Shenzhen,深圳,Guangdong,广东,"No.7 Nanhang Commercial Building, Taoyuan Road, Nanshan District",南山区桃园路南航商业大厦7号,518052,22.531999,113.9297793,+86 755 2393 7888,https://www.marriott.com/en-us/hotels/szxnp-four-points-shenzhen-nanshan/overview/,https://www.marriott.com.cn/zh-cn/hotels/szxnp-four-points-shenzhen-nanshan/overview/,,2026-09-01,15:00,12:00,true
SZXJW,JW Marriott Hotel Shenzhen,金茂深圳 JW 万豪酒店,JW Marriott,JW万豪酒店,JW,FULLY_BOOKABLE,hotel,,Shenzhen,深圳,Guangdong,广东,"6005 Shennan Boulevard, Futian",福田区深南大道 6005 号,518040,22.536325,114.032304,+86 755 2269 8888,https://www.marriott.com/en-us/hotels/szxjw-jw-marriott-hotel-shenzhen/overview/,https://www.marriott.com.cn/zh-cn/hotels/szxjw-jw-marriott-hotel-shenzhen/overview/,,2009-03-11,15:00,12:00,true
SZXBA,JW Marriott Hotel Shenzhen Bao'an,深圳前海华侨城 JW 万豪酒店,JW Marriott,JW万豪酒店,JW,FULLY_BOOKABLE,hotel,,Shenzhen,深圳,Guangdong,广东,"No 8 Baoxing Road, Bao’an District",宝安区宝兴路 8 号,518101,22.546621,113.880745,+86 755 2323 8888,https://www.marriott.com/en-us/hotels/szxba-jw-marriott-hotel-shenzhen-baoan/overview/,https://www.marriott.com.cn/zh-cn/hotels/szxba-jw-marriott-hotel-shenzhen-baoan/overview/,,2015-02-01,15:00,12:00,true
SZXMD,"Le Méridien Shenzhen, Bao'an",深圳前海华侨城艾美酒店,Le Méridien,艾美酒店,MD,FULLY_BOOKABLE,hotel,,Shenzhen,深圳,Guangdong,广东,"No. 1159 Xingye Road, Bao'an District",宝安区兴业路 1159 号,518102,22.5580167,113.8712197,+86 755 2348 6666,https://www.marriott.com/en-us/hotels/szxmd-le-meridien-shenzhen-baoan/overview/,https://www.marriott.com.cn/zh-cn/hotels/szxmd-le-meridien-shenzhen-baoan/overview/,,2024-02-01,15:00,12:00,true
SZXER,"The OCT Harbour, Shenzhen - Marriott Executive Apartments",深圳欢乐海岸万豪行政公寓,Marriott Executive Apartments,万豪行政公寓,ER,FULLY_BOOKABLE,hotel,,Shenzhen,深圳,Guangdong,广东,"No. 2039 Baishi Road, The OCT Harbour, Nanshan District",南山区华侨城港湾白石路 2039 号,518053,22.525657,113.988418,+86 755 6682 6682,https://www.marriott.com/en-us/hotels/szxer-the-oct-harbour-shenzhen-marriott-executive-apartments/overview/,https://www.marriott.com.cn/zh-cn/hotels/szxer-the-oct-harbour-shenzhen-marriott-executive-apartments/overview/,,2013-06-09,15:00,12:00,true
SZXGB,Shenzhen Marriott Hotel Golden Bay,深圳佳兆业万豪酒店,Marriott Hotels & Resorts,万豪酒店,MC,FULLY_BOOKABLE,resort,,Shenzhen,深圳,Guangdong,广东,"No 33 Zonglv Road, Dapeng New District",大鹏新区棕榈大道 33 号,518120,22.569489,114.459405,+86 755 2839 8888,https://www.marriott.com/en-us/hotels/szxgb-shenzhen-marriott-hotel-golden-bay/overview/,https://www.marriott.com.cn/zh-cn/hotels/szxgb-shenzhen-marriott-hotel-golden-bay/overview/,,2017-06-22,15:00,12:00,true
SZXWT,Shenzhen Marriott Hotel Nanshan,深圳中洲万豪酒店,Marriott Hotels & Resorts,万豪酒店,MC,FULLY_BOOKABLE,hotel,,Shenzhen,深圳,Guangdong,广东,"No. 88, Haide Yi Road, Nanshan District",南山区海德一道88号,518054,22.5174859,113.9340136,+86 755 8666 6666,https://www.marriott.com/en-us/hotels/szxwt-shenzhen-marriott-hotel-nanshan/overview/,https://www.marriott.com.cn/zh-cn/hotels/szxwt-shenzhen-marriott-hotel-nanshan/overview/,,2015-12-02,15:00,12:00,true
SZXOX,Moxy Shenzhen Bao'an,深圳宝安 Moxy 酒店,MOXY Hotels,MOXY酒店,OX,NOT_BOOKABLE,hotel,,Shenzhen,深圳,Guangdong,广东,"No 9 Jian'an 1st Road, Bao'an District",宝安区建安一路 9 号,518000,22.5574108,113.9093972,+86 755 2302 1111,https://www.marriott.com/en-us/hotels/szxox-moxy-shenzhen-baoan/overview/,https://www.marriott.com.cn/zh-cn/hotels/szxox-moxy-shenzhen-baoan/overview/,,2023-12-31,,,true
SZXRB,Renaissance Shenzhen Bay Hotel,深圳湾万丽酒店,Renaissance Hotels,万丽酒店,BR,FULLY_BOOKABLE,hotel,,Shenzhen,深圳,Guangdong,广东,"No. 18 Keji South Road, Nanshan District",南山区科技南路 18 号,518057,22.5317974,113.9504709,+86 755 8663 5888,https://www.marriott.com/en-us/hotels/szxrb-renaissance-shenzhen-bay-hotel/overview/,https://www.marriott.com.cn/zh-cn/hotels/szxrb-renaissance-shenzhen-bay-hotel/overview/,,2020-10-27,15:00,12:00,true
SZXBR,Renaissance Shenzhen Luohu,深圳彭年万丽酒店,Renaissance Hotels,万丽酒店,BR,FULLY_BOOKABLE,hotel,,Shenzhen,深圳,Guangdong,广东,"2002 Jiabin Road, Luohu District",罗湖区嘉宾路 2002 号,518001,22.541126,114.122504,+86 755 2518 5888,https://www.marriott.com/en-us/hotels/szxbr-renaissance-shenzhen-luohu/overview/,https://www.marriott.com.cn/zh-cn/hotels/szxbr-renaissance-shenzhen-luohu/overview/,,2019-09-28,15:00,12:00,true
SZXSF,Sheraton Shenzhen Futian Hotel,深圳大中华喜来登酒店,Sheraton,喜来登酒店,SI,FULLY_BOOKABLE,hotel,,Shenzhen,深圳,Guangdong,广东,"Great China International Exchange Square, Fuhua Road, Futian District",福田区福华路大中华国际交易广场,518048,22.5358249,114.0619944,+86 755 8383 8888,https://www.marriott.com/en-us/hotels/szxsf-sheraton-shenzhen-futian-hotel/overview/,https://www.marriott.com.cn/zh-cn/hotels/szxsf-sheraton-shenzhen-futian-hotel/overview/,,2007-04-26,15:00,12:00,true
SZXSN,Sheraton Shenzhen Nanshan,深圳博林天瑞喜来登酒店,Sheraton,喜来登酒店,SI,FULLY_BOOKABLE,hotel,,Shenzhen,深圳,Guangdong,广东,"No 4088 Liuxian Boulevard, Nanshan District",南山区留仙大道 4088 号,518055,22.5829711,113.9717077,+86 755 2266 9999,https://www.marriott.com/en-us/hotels/szxsn-sheraton-shenzhen-nanshan/overview/,https://www.marriott.com.cn/zh-cn/hotels/szxsn-sheraton-shenzhen-nanshan/overview/,,2019-01-28,15:00,12:00,true
SZXXR,The St. Regis Shenzhen,深圳瑞吉酒店,St. Regis,瑞吉酒店,XR,FULLY_BOOKABLE,hotel,,Shenzhen,深圳,Guangdong,广东,"No. 5016 Shennan Road East, Luohu District",罗湖区深南东路 5016 号,518001,22.5430759,114.1066643,+86 755 8308 8888,https://www.marriott.com/en-us/hotels/szxxr-the-st-regis-shenzhen/overview/,https://www.marriott.com.cn/zh-cn/hotels/szxxr-the-st-regis-shenzhen/overview/,,2011-12-05,15:00,12:00,true
SZXXS,The St. Regis Shenzhen Bao'an,深圳前海华侨城瑞吉酒店,St. Regis,瑞吉酒店,XR,FULLY_BOOKABLE,hotel,,Shenzhen,深圳,Guangdong,广东,"1088 Xingye Road, Bao’an District",宝安区兴业路 1088 号,518101,22.5515089,113.8811512,+86 755 2332 2222,https://www.marriott.com/en-us/hotels/szxxs-the-st-regis-shenzhen-baoan/overview/,https://www.marriott.com.cn/zh-cn/hotels/szxxs-the-st-regis-shenzhen-baoan/overview/,,2025-02-28,15:00,12:00,true
SZXRZ,"The Ritz-Carlton, Shenzhen",深圳星河丽思卡尔顿酒店,The Ritz-Carlton,丽思卡尔顿酒店,RZ,FULLY_BOOKABLE,hotel,,Shenzhen,深圳,Guangdong,广东,"116 Fuhua San Road, Futian District",福田区福华三路 116 号,518048,22.533603,114.061573,+86 755 2222 2222,https://www.marriott.com/en-us/hotels/szxrz-the-ritz-carlton-shenzhen/overview/,https://www.marriott.com.cn/zh-cn/hotels/szxrz-the-ritz-carlton-shenzhen/overview/,,2009-03-15,15:00,12:00,true
SZXTY,"The G Shenzhen, A Tribute Portfolio Hotel",深圳星河吉酒店，臻品之选,Tribute Portfolio,臻品之选酒店,TX,FULLY_BOOKABLE,hotel,,Shenzhen,深圳,Guangdong,广东,"8 Yanan Road, Bantian, Longgang District",龙岗区坂田街道雅南路 8 号,518116,22.604388,114.065927,+86 755 6666 1111,https://www.marriott.com/en-us/hotels/szxty-the-g-shenzhen-a-tribute-portfolio-hotel/overview/,https://www.marriott.com.cn/zh-cn/hotels/szxty-the-g-shenzhen-a-tribute-portfolio-hotel/overview/,,2021-06-11,15:00,12:00,true
SZXNB,"The Mercury Garden Shenzhen Nanshan, A Tribute Portfolio Hotel",深圳南山水瑆花园臻品之选酒店,Tribute Portfolio,臻品之选酒店,TX,FULLY_BOOKABLE,hotel,,Shenzhen,深圳,Guangdong,广东,"13 Keji Road, Nanshan District",南山区科技路 13 号,518057,22.5439870677408,113.94974206992357,+86 755 2306 9888,https://www.marriott.com/en-us/hotels/szxnb-the-mercury-garden-shenzhen-nanshan-a-tribute-portfolio-hotel/overview/,https://www.marriott.com.cn/zh-cn/hotels/szxnb-the-mercury-garden-shenzhen-nanshan-a-tribute-portfolio-hotel/overview/,,2024-09-10,15:00,12:00,true
SZXWI,The Westin Shenzhen Nanshan,深圳益田威斯汀酒店,Westin Hotels & Resorts,威斯汀酒店及度假村,WI,FULLY_BOOKABLE,hotel,,Shenzhen,深圳,Guangdong,广东,"9028-2 Shennan Road, Nanshan District",南山区深南大道 9028-2 号,518053,22.53761,113.976202,+86 755 2698 8888,https://www.marriott.com/en-us/hotels/szxwi-the-westin-shenzhen-nanshan/overview/,https://www.marriott.com.cn/zh-cn/hotels/szxwi-the-westin-shenzhen-nanshan/overview/,,2010-01-09,15:00,12:00,true
SZXNS,Moxy Shenzhen North Station,深圳北站 Moxy 酒店,MOXY Hotels,MOXY酒店,OX,FULLY_BOOKABLE,hotel,,Shenzhen City,深圳市,Guangdong,广东,"301 Tower 10, Hongshan 6979 Business Center, Longhua District",深圳市龙华区红山 6979 商业中心三期 10 栋 301,518000,22.6206216,114.0259707,+86 755 2659 2888,https://www.marriott.com/en-us/hotels/szxns-moxy-shenzhen-north-station/overview/,https://www.marriott.com.cn/zh-cn/hotels/szxns-moxy-shenzhen-north-station/overview/,,2021-08-20,14:00,12:00,true
SJWAL,Aloft Shijiazhuang,石家庄雅乐轩酒店,Aloft Hotels,雅乐轩酒店,AL,FULLY_BOOKABLE,hotel,,Shijiazhuang,石家庄,Hebei,河北,"No.2 Jing Yue Street, Xinhua District",新华区景悦街 2 号,050000,38.08775631,114.43903059,+86 311 8678 6666,https://www.marriott.com/en-us/hotels/sjwal-aloft-shijiazhuang/overview/,https://www.marriott.com.cn/zh-cn/hotels/sjwal-aloft-shijiazhuang/overview/,,2021-12-30,15:00,12:00,false
SJWFX,Fairfield by Marriott Shijiazhuang High-Tech Zone,石家庄高新区万枫酒店,Fairfield Inn & Suites,万枫酒店,FI,FULLY_BOOKABLE,hotel,,Shijiazhuang,石家庄,Hebei,河北,"No 155-1 Changjiang Avenue, Yuhua District",裕华区长江大道 155-1 号,050035,38.03917,114.62403,+86 311 8880 6666,https://www.marriott.com/en-us/hotels/sjwfx-fairfield-shijiazhuang-high-tech-zone/overview/,https://www.marriott.com.cn/zh-cn/hotels/sjwfx-fairfield-shijiazhuang-high-tech-zone/overview/,,2022-03-18,14:00,12:00,false
SJWFF,Fairfield by Marriott Shijiazhuang Station,石家庄站万豪万枫酒店,Fairfield Inn & Suites,万枫酒店,FI,FULLY_BOOKABLE,hotel,,Shijiazhuang,石家庄,Hebei,河北,"No 158-8 Youyi Street, Qiaoxi District",桥西区友谊街158-8号,50051,38.019424,114.451924,+86 311 8608 6888,https://www.marriott.com/en-us/hotels/sjwff-fairfield-shijiazhuang-station/overview/,https://www.marriott.com.cn/zh-cn/hotels/sjwff-fairfield-shijiazhuang-station/overview/,,2024-12-31,15:00,12:00,true
SJWDU,Four Points by Sheraton Shijiazhuang Downtown,石家庄城市中心福朋喜来登酒店,Four Points by Sheraton,福朋喜来登酒店,FP,FULLY_BOOKABLE,hotel,,Shijiazhuang,石家庄,Hebei,河北,"No 56 Yuhua East Road, Qiaoxi District",桥西区裕华东路 56 号,050021,38.035585,114.50421,+86 311 8985 6666,https://www.marriott.com/en-us/hotels/sjwdu-four-points-shijiazhuang-downtown/overview/,https://www.marriott.com.cn/zh-cn/hotels/sjwdu-four-points-shijiazhuang-downtown/overview/,,2024-09-15,14:00,12:00,false
WUXSS,Sheraton Suzhou Yangcheng Lake,苏州阳澄湖喜来登酒店,Sheraton,喜来登酒店,SI,FULLY_BOOKABLE,hotel,,SuZhou,苏州,Jiangsu,江苏,"No.28, Ciyun Road, Yangcheng Lake Peninsula, Weiting Town, Suzhou Industrial Park",苏州工业园唯亭镇阳澄湖半岛慈云路28号,215000,31.40927,120.79134,+86 512 6296 2888,https://www.marriott.com/en-us/hotels/wuxss-sheraton-suzhou-yangcheng-lake/overview/,https://www.marriott.com.cn/zh-cn/hotels/wuxss-sheraton-suzhou-yangcheng-lake/overview/,,2025-11-30,15:00,12:00,true
NAOMC,Suining Marriott Hotel,遂宁首座万豪酒店,Marriott Hotels & Resorts,万豪酒店,MC,FULLY_BOOKABLE,hotel,,Suining,遂宁,Sichuan,四川,"Guanyin Lake Shenglian Island, Chuanshan Zone",船山区观音湖圣莲岛,629018,30.50875,105.59908,+86 825 838 8888,https://www.marriott.com/en-us/hotels/naomc-suining-marriott-hotel/overview/,https://www.marriott.com.cn/zh-cn/hotels/naomc-suining-marriott-hotel/overview/,,2019-07-23,16:00,12:00,false
WUXSA,AC Hotel Suzhou China,苏州 AC 酒店,AC Hotels,AC酒店,AR,FULLY_BOOKABLE,hotel,,Suzhou,苏州,Jiangsu,江苏,"1585 Renmin Road, Gusu District",姑苏区人民路 1585 号,215000,31.315336,120.620266,+86 512 6916 1666,https://www.marriott.com/en-us/hotels/wuxsa-ac-hotel-suzhou-china/overview/,https://www.marriott.com.cn/zh-cn/hotels/wuxsa-ac-hotel-suzhou-china/overview/,,2022-12-21,15:00,12:00,true
WUXSK,AC Hotel Suzhou Industrial Park,苏州尼盛AC酒店,AC Hotels,AC酒店,AR,FULLY_BOOKABLE,hotel,,Suzhou,苏州,Jiangsu,江苏,"Xinglan Street-Xingdu-Street-Suhui Road, South of the riverway",星澜街 - 星都街 - 苏惠路，河道南,205001,31.313195,120.664273,+86 512 6253 8888,https://www.marriott.com/en-us/hotels/wuxsk-ac-hotel-suzhou-industrial-park/overview/,https://www.marriott.com.cn/zh-cn/hotels/wuxsk-ac-hotel-suzhou-industrial-park/overview/,,2025-01-25,15:00,12:00,true
WUXST,"Artik Suzhou, Apartments by Marriott Bonvoy",苏州艺刻酒店·万豪旅享家公寓,Apartments by Marriott Bonvoy,万豪旅享家公寓,BA,FULLY_BOOKABLE,hotel,,Suzhou,苏州,Jiangsu,江苏,"Block 8&9, NO. 369, Guangji South Road, Gusu District",姑苏区广济南路369号8幢和9幢,215000,31.310666,120.597095,+86 512 6908 6666,https://www.marriott.com/en-us/hotels/wuxst-artik-suzhou-apartments-bonvoy/overview/,https://www.marriott.com.cn/zh-cn/hotels/wuxst-artik-suzhou-apartments-bonvoy/overview/,,2026-02-06,15:00,12:00,true
SZVCY,Courtyard by Marriott Suzhou,苏州万怡酒店,Courtyard,万怡酒店,CY,FULLY_BOOKABLE,hotel,,Suzhou,苏州,Jiangsu,江苏,"No 188 Xinghai Street, Suzhou Industrial Park",苏州工业园区星海街 188 号,215021,31.316535,120.6724615,+86 512 6706 6666,https://www.marriott.com/en-us/hotels/szvcy-courtyard-suzhou/overview/,https://www.marriott.com.cn/zh-cn/hotels/szvcy-courtyard-suzhou/overview/,,2010-09-16,14:00,12:00,false
WUXSM,Courtyard by Marriott Suzhou Mudu,苏州合景万怡酒店,Courtyard,万怡酒店,CY,FULLY_BOOKABLE,hotel,,Suzhou,苏州,Jiangsu,江苏,"No 264 Jinfeng Road, Wuzhong District",吴中区金枫路 264 号,215101,31.275432,120.527363,+86 512 6528 6666,https://www.marriott.com/en-us/hotels/wuxsm-courtyard-suzhou-mudu/overview/,https://www.marriott.com.cn/zh-cn/hotels/wuxsm-courtyard-suzhou-mudu/overview/,,2018-09-25,14:00,12:00,true
SHATY,Courtyard by Marriott Taicang,太仓万怡酒店,Courtyard,万怡酒店,CY,OPENING_SOON,hotel,,Suzhou,苏州,Jiangsu,江苏,"No.588 East Shanghai Road, Taicang",太仓市上海东路588号,215400,31.479,121.1828,,https://www.marriott.com/en-us/hotels/shaty-courtyard-taicang/overview/,https://www.marriott.com.cn/zh-cn/hotels/shaty-courtyard-taicang/overview/,,2027-01-30,15:00,12:00,true
SZVEL,Element Suzhou Science and Technology Town,苏州科技城源宿酒店,Element Hotels,源宿酒店,EL,FULLY_BOOKABLE,hotel,,Suzhou,苏州,Jiangsu,江苏,#77 Wuyishan Road,武夷山路 77 号,215163,31.3451749999999,120.41333,+86 512 8816 8888,https://www.marriott.com/en-us/hotels/szvel-element-suzhou-science-and-technology-town/overview/,https://www.marriott.com.cn/zh-cn/hotels/szvel-element-suzhou-science-and-technology-town/overview/,,2015-05-18,15:00,12:00,true
WUXSF,Fairfield Inn By Marriott Suzhou Xiangcheng,苏州相城万豪万枫酒店,Fairfield Inn & Suites,万枫酒店,FI,FULLY_BOOKABLE,hotel,,Suzhou,苏州,Jiangsu,江苏,"No. 1902 Huayuan Road, Huangqiao Subdistrict, Xiangcheng District, Sanjiaozui Business Center, Building 1, Floors 5-10F",相城区黄桥街道华元路1902号三角咀商务中心1号楼5-10层,215000,31.37693,120.594774,+86 512 8588 6666,https://www.marriott.com/en-us/hotels/wuxsf-fairfield-inn-suzhou-xiangcheng/overview/,https://www.marriott.com.cn/zh-cn/hotels/wuxsf-fairfield-inn-suzhou-xiangcheng/overview/,,2026-01-31,15:00,12:00,true
SZVFI,Fairfield by Marriott Suzhou High-Tech Zone,苏州高新区万枫酒店,Fairfield Inn & Suites,万枫酒店,FI,FULLY_BOOKABLE,hotel,,Suzhou,苏州,Jiangsu,江苏,"No 999 Binhe Road, Suzhou New District",苏州新区滨河路 999 号,215011,31.293511,120.567956,+86 512 6605 9992,https://www.marriott.com/en-us/hotels/szvfi-fairfield-suzhou-high-tech-zone/overview/,https://www.marriott.com.cn/zh-cn/hotels/szvfi-fairfield-suzhou-high-tech-zone/overview/,,2019-12-24,15:00,12:00,false
WUXSJ,Fairfield by Marriott Suzhou Jinji Lake,苏州金鸡湖万枫酒店,Fairfield Inn & Suites,万枫酒店,FI,FULLY_BOOKABLE,hotel,,Suzhou,苏州,Jiangsu,江苏,"Building 1, Jinshi Wanghu Building, No.18 Jiarui Lane, SIP",苏州工业园嘉瑞巷 18 号金匙望湖大厦 1 栋,215000,31.32460418,120.7177197,+86 512 6265 7770,https://www.marriott.com/en-us/hotels/wuxsj-fairfield-suzhou-jinji-lake/overview/,https://www.marriott.com.cn/zh-cn/hotels/wuxsj-fairfield-suzhou-jinji-lake/overview/,,2025-06-06,15:00,12:00,false
SZVSF,Four Points by Sheraton Suzhou,苏州福朋喜来登酒店,Four Points by Sheraton,福朋喜来登酒店,FP,FULLY_BOOKABLE,hotel,,Suzhou,苏州,Jiangsu,江苏,"No. 8 Moon Bay Road, Suzhou Industrial Park",苏州工业园区月亮湾路 8 号,215123,31.261317,120.722182,+86 512 6799 7999,https://www.marriott.com/en-us/hotels/szvsf-four-points-suzhou/overview/,https://www.marriott.com.cn/zh-cn/hotels/szvsf-four-points-suzhou/overview/,,2012-05-26,15:00,12:00,true
WUXSP,Four Points by Sheraton Suzhou Gusu,苏州姑苏福朋喜来登酒店,Four Points by Sheraton,福朋喜来登酒店,FP,FULLY_BOOKABLE,hotel,,Suzhou,苏州,Jiangsu,江苏,"3099 Renmin Road, Gusu District, Suzhou, Jiangsu Province, the PRC.",中国江苏省苏州市姑苏区人民路 3099 号,215000,31.338554,120.613238,+86 512 6757 9999,https://www.marriott.com/en-us/hotels/wuxsp-four-points-suzhou-gusu/overview/,https://www.marriott.com.cn/zh-cn/hotels/wuxsp-four-points-suzhou-gusu/overview/,,2025-05-30,15:00,12:00,true
WUXPS,Four Points by Sheraton Suzhou South,苏州东吴福朋喜来登酒店,Four Points by Sheraton,福朋喜来登酒店,FP,OPENING_SOON,hotel,,Suzhou,苏州,Jiangsu,江苏,"NO.133 South Dong Wu Road, Cheng Nan Street",城南街东吴南路133号,215105,31.245523,120.629358,+86 512 6569 9999,https://www.marriott.com/en-us/hotels/wuxps-four-points-suzhou-south/overview/,https://www.marriott.com.cn/zh-cn/hotels/wuxps-four-points-suzhou-south/overview/,,2026-08-30,15:00,12:00,true
SZVFS,"Four Points by Sheraton Suzhou, Wuzhong",苏州吴中福朋喜来登酒店,Four Points by Sheraton,福朋喜来登酒店,FP,FULLY_BOOKABLE,hotel,,Suzhou,苏州,Jiangsu,江苏,"No 147 Wuzhong East Road, Wuzhong District",吴中区吴中东路 147 号,215128,31.272037,120.632054,+86 512 6619 6666,https://www.marriott.com/en-us/hotels/szvfs-four-points-suzhou-wuzhong/overview/,https://www.marriott.com.cn/zh-cn/hotels/szvfs-four-points-suzhou-wuzhong/overview/,,2020-12-18,14:00,12:00,true
SZVFP,Four Points by Sheraton Taicang,太仓宝龙福朋喜来登酒店,Four Points by Sheraton,福朋喜来登酒店,FP,FULLY_BOOKABLE,hotel,,Suzhou,苏州,Jiangsu,江苏,"No. 288 Shanghai East Road, Taicang",太仓市上海东路 288 号,215400,31.458375,121.137679,+86 512 8201 1111,https://www.marriott.com/en-us/hotels/szvfp-four-points-taicang/overview/,https://www.marriott.com.cn/zh-cn/hotels/szvfp-four-points-taicang/overview/,,2010-06-30,15:00,12:00,false
SZVMD,"Le Méridien Suzhou, Suzhou Bay",苏州苏州湾艾美酒店,Le Méridien,艾美酒店,MD,FULLY_BOOKABLE,hotel,,Suzhou,苏州,Jiangsu,江苏,"No.518 Yingbin Avenue, Wujiang District",吴江区迎宾大道 518 号,215200,31.120611,120.592941,+86 512 8780 8888,https://www.marriott.com/en-us/hotels/szvmd-le-meridien-suzhou-suzhou-bay/overview/,https://www.marriott.com.cn/zh-cn/hotels/szvmd-le-meridien-suzhou-suzhou-bay/overview/,,2017-10-02,15:00,12:00,true
WUXSR,Marriott Executive Apartments Suzhou,苏州万豪行政公寓,Marriott Executive Apartments,万豪行政公寓,ER,FULLY_BOOKABLE,hotel,,Suzhou,苏州,Jiangsu,江苏,Xinglan Street-Xingdu Street-Suhui Road,星澜街 - 星都街 - 苏惠路,,31.313195,120.664273,+86 512 6279 8888,https://www.marriott.com/en-us/hotels/wuxsr-marriott-executive-apartments-suzhou/overview/,https://www.marriott.com.cn/zh-cn/hotels/wuxsr-marriott-executive-apartments-suzhou/overview/,,2025-02-28,15:00,12:00,true
SZVMC,Suzhou Marriott Hotel,苏州万豪酒店,Marriott Hotels & Resorts,万豪酒店,MC,FULLY_BOOKABLE,hotel,,Suzhou,苏州,,,"1296 Ganjiang Road West, Gusu District",姑苏区干将西路 1296 号,215004,31.303118,120.5829009,+86 512 8225 8888,https://www.marriott.com/en-us/hotels/szvmc-suzhou-marriott-hotel/overview/,https://www.marriott.com.cn/zh-cn/hotels/szvmc-suzhou-marriott-hotel/overview/,,2009-12-31,14:00,12:00,false
WUXTL,Suzhou Marriott Hotel Taihu Lake,苏州太湖万豪酒店,Marriott Hotels & Resorts,万豪酒店,MC,FULLY_BOOKABLE,resort,,Suzhou,苏州,Jiangsu,江苏,"No 6 Shuli Road, Suzhou Taihu National Tourism Vacation Zone",苏州太湖国家旅游度假区墅里路 6 号,215164,31.222475,120.389015,+86 512 6569 3333,https://www.marriott.com/en-us/hotels/wuxtl-suzhou-marriott-hotel-taihu-lake/overview/,https://www.marriott.com.cn/zh-cn/hotels/wuxtl-suzhou-marriott-hotel-taihu-lake/overview/,,2017-10-22,15:00,12:00,true
WUXTM,Suzhou Marriott Hotel Yangcheng Lake,苏州阳澄湖泰康万豪酒店,Marriott Hotels & Resorts,万豪酒店,MC,FULLY_BOOKABLE,hotel,,Suzhou,苏州,Jiangsu,江苏,"No. 7 Jiari Street, SIP, Suzhou City, Jiangsu Province, PR. China",中国江苏省苏州市苏州工业园区假日街7号,215137,31.40086,120.75647,+86 512 6609 8888,https://www.marriott.com/en-us/hotels/wuxtm-suzhou-marriott-hotel-yangcheng-lake/overview/,https://www.marriott.com.cn/zh-cn/hotels/wuxtm-suzhou-marriott-hotel-yangcheng-lake/overview/,,2025-09-25,15:00,12:00,true
SHATM,Taicang Marriott Hotel,太仓万豪酒店,Marriott Hotels & Resorts,万豪酒店,MC,OPENING_SOON,hotel,,Suzhou,苏州,Jiangsu,江苏,"No.588 East Shanghai Road, Taicang, Taicang",太仓市上海东路588号,215400,31.4792,121.1835,,https://www.marriott.com/en-us/hotels/shatm-taicang-marriott-hotel/overview/,https://www.marriott.com.cn/zh-cn/hotels/shatm-taicang-marriott-hotel/overview/,,2027-01-30,15:00,12:00,false
WUXOX,Moxy Suzhou City Centre,苏州姑苏 Moxy 酒店,MOXY Hotels,MOXY酒店,OX,FULLY_BOOKABLE,hotel,,Suzhou,苏州,Jiangsu,江苏,"568 Shizi Street, Gusu District",姑苏区十梓街 568 号,215000,31.30185246,120.62541,+86 512 6755 6699,https://www.marriott.com/en-us/hotels/wuxox-moxy-suzhou-city-centre/overview/,https://www.marriott.com.cn/zh-cn/hotels/wuxox-moxy-suzhou-city-centre/overview/,,2024-11-02,15:00,12:00,true
SZVBR,Renaissance Suzhou Hotel,苏州尼盛万丽酒店,Renaissance Hotels,万丽酒店,BR,FULLY_BOOKABLE,hotel,,Suzhou,苏州,Jiangsu,江苏,"229 Suzhou Avenue West, Suzhou Industrial Park",苏州工业园区苏州大道西 229 号,215021,31.3139917,120.6645144,+86 512 6761 8888,https://www.marriott.com/en-us/hotels/szvbr-renaissance-suzhou-hotel/overview/,https://www.marriott.com.cn/zh-cn/hotels/szvbr-renaissance-suzhou-hotel/overview/,,2005-01-10,15:00,12:00,true
WUXBR,Renaissance Suzhou Taihu Lake Hotel,苏州太湖万丽酒店,Renaissance Hotels,万丽酒店,BR,FULLY_BOOKABLE,resort,,Suzhou,苏州,Jiangsu,江苏,"No 6 Shuli Road, Suzhou Taihu National Tourism Vacation Zone",苏州太湖国家旅游度假区墅里路 6 号,215164,31.223251,120.38887,+86 512 6569 6666,https://www.marriott.com/en-us/hotels/wuxbr-renaissance-suzhou-taihu-lake-hotel/overview/,https://www.marriott.com.cn/zh-cn/hotels/wuxbr-renaissance-suzhou-taihu-lake-hotel/overview/,,2017-10-22,15:00,12:00,true
SZVSW,Renaissance Suzhou Wujiang Hotel,苏州吴江盛虹万丽酒店,Renaissance Hotels,万丽酒店,BR,FULLY_BOOKABLE,hotel,,Suzhou,苏州,Jiangsu,江苏,"199 Hami Road, Shengze Town, Wujiang District",吴江区盛泽镇哈密路 199 号,215228,30.904876,120.613897,+86 512 6303 7888,https://www.marriott.com/en-us/hotels/szvsw-renaissance-suzhou-wujiang-hotel/overview/,https://www.marriott.com.cn/zh-cn/hotels/szvsw-renaissance-suzhou-wujiang-hotel/overview/,,2015-09-05,14:00,12:00,true
WUXSZ,"The Ritz-Carlton, Suzhou",苏州丽思卡尔顿酒店,The Ritz-Carlton,丽思卡尔顿酒店,RZ,FULLY_BOOKABLE,hotel,,Suzhou,苏州,Jiangsu,江苏,"369 Guangji South Road, Gusu District",姑苏区广济南路369号,215000,31.3110486,120.5978958,+86 512 6908 8888,https://www.marriott.com/en-us/hotels/wuxsz-the-ritz-carlton-suzhou/overview/,https://www.marriott.com.cn/zh-cn/hotels/wuxsz-the-ritz-carlton-suzhou/overview/,,2025-03-18,15:00,12:00,true
SZVWH,W Suzhou,苏州 W 酒店,W Hotels,W 酒店,WH,FULLY_BOOKABLE,hotel,,Suzhou,苏州,Jiangsu,江苏,Building 7 Suzhou Center,苏州中心 7 号楼,215021,31.315696,120.67569,+86 512 6988 7777,https://www.marriott.com/en-us/hotels/szvwh-w-suzhou/overview/,https://www.marriott.com.cn/zh-cn/hotels/szvwh-w-suzhou/overview/,,2017-09-27,15:00,12:00,true
TYNCY,Courtyard by Marriott Taiyuan,太原万怡酒店,Courtyard,万怡酒店,CY,FULLY_BOOKABLE,hotel,,Taiyuan,太原,Shanxi,山西,"No 118 Pingyang Road, Zonggaishifan District",综改示范区平阳路 118 号,030006,37.805585,112.552744,+86 351 755 8888,https://www.marriott.com/en-us/hotels/tyncy-courtyard-taiyuan/overview/,https://www.marriott.com.cn/zh-cn/hotels/tyncy-courtyard-taiyuan/overview/,,2020-05-18,15:00,12:00,true
TYNFI,Fairfield by Marriott Taiyuan South,太原南站万枫酒店,Fairfield Inn & Suites,万枫酒店,FI,FULLY_BOOKABLE,hotel,,Taiyuan,太原,Shanxi,山西,"Building S6 & S7, West Plaza of Taiyuan South Railway Station",太原火车南站西广场，S6 和 S7 幢,030000,37.793497,112.607539,+86 351 773 8888,https://www.marriott.com/en-us/hotels/tynfi-fairfield-taiyuan-south/overview/,https://www.marriott.com.cn/zh-cn/hotels/tynfi-fairfield-taiyuan-south/overview/,,2019-05-23,15:00,12:00,false
TYNDP,Four Points by Sheraton Taiyuan Downtown,太原城市中心福朋喜来登酒店,Four Points by Sheraton,福朋喜来登酒店,FP,OPENING_SOON,hotel,,Taiyuan,太原,Shanxi,山西,No. 97 Qinxian North Street Xiaodian District,小店区亲贤北街97号,030006,37.824062,112.577293,+86 351 758 3888,https://www.marriott.com/en-us/hotels/tyndp-four-points-taiyuan-downtown/overview/,https://www.marriott.com.cn/zh-cn/hotels/tyndp-four-points-taiyuan-downtown/overview/,,2026-07-01,14:00,12:00,true
TYNJW,JW Marriott Hotel Taiyuan,太原 JW 万豪酒店,JW Marriott,JW万豪酒店,JW,FULLY_BOOKABLE,hotel,,Taiyuan,太原,Shanxi,山西,"Qinxian North Street No 79, Xiaodian District",小店区亲贤北街 79 号,030006,37.8245944,112.5687678,+86 351 779 8888,https://www.marriott.com/en-us/hotels/tynjw-jw-marriott-hotel-taiyuan/overview/,https://www.marriott.com.cn/zh-cn/hotels/tynjw-jw-marriott-hotel-taiyuan/overview/,,2024-02-24,15:00,12:00,true
TYNSI,Sheraton Taiyuan,太原喜来登酒店,Sheraton,喜来登酒店,SI,FULLY_BOOKABLE,hotel,,Taiyuan,太原,Shanxi,山西,"No 97 Longcheng Avenue, Xiaodian District",小店区龙城大街 97 号,030000,37.774725,112.56053,+86 351 781 8888,https://www.marriott.com/en-us/hotels/tynsi-sheraton-taiyuan/overview/,https://www.marriott.com.cn/zh-cn/hotels/tynsi-sheraton-taiyuan/overview/,,2024-01-03,15:00,12:00,true
YTYCY,Courtyard by Marriott Jiangsu Taizhou,泰州万怡酒店,Courtyard,万怡酒店,CY,FULLY_BOOKABLE,hotel,,Taizhou,泰州,Jiangsu,江苏,"No.788 Sanxin Road, China Medical City Commercial Center",中国医药城商务中心三新路 788 号,225300,32.40327,119.91553,+86 523 8272 8888,https://www.marriott.com/en-us/hotels/ytycy-courtyard-jiangsu-taizhou/overview/,https://www.marriott.com.cn/zh-cn/hotels/ytycy-courtyard-jiangsu-taizhou/overview/,,2018-09-12,15:00,12:00,false
HYNFI,Fairfield by Marriott Taizhou Bay,台州湾万枫酒店­­,Fairfield Inn & Suites,万枫酒店,FI,FULLY_BOOKABLE,hotel,,Taizhou,台州,Zhejiang,浙江,"No 2888 Juhai Avenue, JiaoJiang District",台州椒江区聚海大道 2888 号,318014,28.590883,121.540722,+86 576 8808 2888,https://www.marriott.com/en-us/hotels/hynfi-fairfield-taizhou-bay/overview/,https://www.marriott.com.cn/zh-cn/hotels/hynfi-fairfield-taizhou-bay/overview/,,2019-05-15,14:00,12:00,false
HYNSI,Sheraton Taizhou,台州喜来登酒店,Sheraton,喜来登酒店,SI,FULLY_BOOKABLE,hotel,,Taizhou,台州,Zhejiang,浙江,"No 288 Century Avenue, Huangyan",黄岩世纪大道288号,318020,28.6483622,121.226742,+86 576 8985 8888,https://www.marriott.com/en-us/hotels/hynsi-sheraton-taizhou/overview/,https://www.marriott.com.cn/zh-cn/hotels/hynsi-sheraton-taizhou/overview/,,2023-07-26,14:00,12:00,true
TSNTJ,Renaissance Tianjin TEDA Convention Centre Hotel,天津万丽泰达酒店及会议中心,Renaissance Hotels,万丽酒店,BR,FULLY_BOOKABLE,hotel,,"Teda, Tianjin",天津泰达,,,29 Second Avenue,第二大道 29 号,300457,39.029649,117.697507,+86 22 6621 8888,https://www.marriott.com/en-us/hotels/tsntj-renaissance-tianjin-teda-convention-centre-hotel/overview/,https://www.marriott.com.cn/zh-cn/hotels/tsntj-renaissance-tianjin-teda-convention-centre-hotel/overview/,,2004-06-28,14:00,12:00,false
TSNHO,Courtyard by Marriott Tianjin Hongqiao,天津陆家嘴万怡酒店,Courtyard,万怡酒店,CY,FULLY_BOOKABLE,hotel,,Tianjin,天津,,,"No 166 Beima Road, Hongqiao District",红桥区北马路 166 号,300120,39.147198,117.174457,+86 22 5898 5555,https://www.marriott.com/en-us/hotels/tsnho-courtyard-tianjin-hongqiao/overview/,https://www.marriott.com.cn/zh-cn/hotels/tsnho-courtyard-tianjin-hongqiao/overview/,,2017-10-28,14:00,12:00,true
TSNJP,Four Points by Sheraton Tianjin Jiefang Bridge,天津解放桥福朋喜来登酒店,Four Points by Sheraton,福朋喜来登酒店,FP,FULLY_BOOKABLE,hotel,,Tianjin,天津,,,"No 12 Jie Fang North Road, Heping District",和平区解放北路12号,300041,39.131034233887334,117.2074174443584,+86 22 5990 8888,https://www.marriott.com/en-us/hotels/tsnjp-four-points-tianjin-jiefang-bridge/overview/,https://www.marriott.com.cn/zh-cn/hotels/tsnjp-four-points-tianjin-jiefang-bridge/overview/,,2025-09-20,15:00,12:00,true
TSNFN,Four Points by Sheraton Tianjin National Convention and Exhibition Center,国家会展中心天津福朋喜来登酒店,Four Points by Sheraton,福朋喜来登酒店,FP,FULLY_BOOKABLE,hotel,,Tianjin,天津,,,"No 8 Guorui Road, Xian Shuigu Town, Jinnan District",津南区咸水沽镇国瑞路 8 号,300350,39.021197,117.3858264,+86 22 2873 1111,https://www.marriott.com/en-us/hotels/tsnfn-four-points-tianjin-national-convention-and-exhibition-center/overview/,https://www.marriott.com.cn/zh-cn/hotels/tsnfn-four-points-tianjin-national-convention-and-exhibition-center/overview/,,2022-06-29,14:00,12:00,true
TSNTI,"TEDA, Tianjin-Marriott Executive Apartments",天津泰达万豪行政公寓,Marriott Executive Apartments,万豪行政公寓,ER,FULLY_BOOKABLE,hotel,,Tianjin,天津,Tianjin,天津,"No 29 2nd Avenue, TEDA, Xiang Shi Road",天津经济技术开发区翔实路第二大街29号,300457,39.035779,117.703457,+86 22 6621 8888,https://www.marriott.com/en-us/hotels/tsnti-teda-tianjin-marriott-executive-apartments/overview/,https://www.marriott.com.cn/zh-cn/hotels/tsnti-teda-tianjin-marriott-executive-apartments/overview/,,2015-05-30,15:00,12:00,false
TSNER,"The Lakeview, Tianjin -- Marriott Executive Apartments",天津万豪行政公寓,Marriott Executive Apartments,万豪行政公寓,ER,FULLY_BOOKABLE,hotel,,Tianjin,天津,,,"16 Bin Shui Road, He Xi District",河西区宾水道 16 号,300061,39.08372,117.195052,+86 22 5822 3333,https://www.marriott.com/en-us/hotels/tsner-the-lakeview-tianjin-marriott-executive-apartments/overview/,https://www.marriott.com.cn/zh-cn/hotels/tsner-the-lakeview-tianjin-marriott-executive-apartments/overview/,,2010-09-10,14:00,12:00,false
TSNEX,Tianjin Marriott Hotel National Convention and Exhibition Center,国家会展中心天津万豪酒店,Marriott Hotels & Resorts,万豪酒店,MC,FULLY_BOOKABLE,hotel,,Tianjin,天津,,,"No 8 Guorui Road, Xian Shuigu Town, Jinnan District",津南区咸水沽镇国瑞路 8 号,300350,39.021197,117.3858264,+86 22 2873 0000,https://www.marriott.com/en-us/hotels/tsnex-tianjin-marriott-hotel-national-convention-and-exhibition-center/overview/,https://www.marriott.com.cn/zh-cn/hotels/tsnex-tianjin-marriott-hotel-national-convention-and-exhibition-center/overview/,,2022-06-29,14:00,12:00,true
TSNLV,Renaissance Tianjin Lakeview Hotel,万丽天津宾馆,Renaissance Hotels,万丽酒店,BR,FULLY_BOOKABLE,hotel,,Tianjin,天津,,,"16 Bin Shui Road, He Xi District",河西区宾水道 16 号,300061,39.085092,117.196226,+86 22 5822 3388,https://www.marriott.com/en-us/hotels/tsnlv-renaissance-tianjin-lakeview-hotel/overview/,https://www.marriott.com.cn/zh-cn/hotels/tsnlv-renaissance-tianjin-lakeview-hotel/overview/,,2010-09-10,14:00,12:00,false
TSNXR,The St. Regis Tianjin,天津瑞吉金融街酒店,St. Regis,瑞吉酒店,XR,FULLY_BOOKABLE,hotel,,Tianjin,天津,Tianjin,天津,"158 Zhangzizhong Road, He Ping District",和平区张自忠路 158 号,300041,39.129677,117.197406,+86 22 5830 9999,https://www.marriott.com/en-us/hotels/tsnxr-the-st-regis-tianjin/overview/,https://www.marriott.com.cn/zh-cn/hotels/tsnxr-the-st-regis-tianjin/overview/,,2011-10-30,15:00,12:00,true
TSNRZ,"The Ritz-Carlton, Tianjin",天津丽思卡尔顿酒店,The Ritz-Carlton,丽思卡尔顿酒店,RZ,FULLY_BOOKABLE,hotel,,Tianjin,天津,Tianjin,天津,"No 167 Dagubei Road, Heping District",和平区大沽北路 167 号,300040,39.121113,117.214977,+86 22 5857 8888,https://www.marriott.com/en-us/hotels/tsnrz-the-ritz-carlton-tianjin/overview/,https://www.marriott.com.cn/zh-cn/hotels/tsnrz-the-ritz-carlton-tianjin/overview/,,2013-10-18,14:00,12:00,true
TSNTW,The Westin Tianjin,天津君隆威斯汀酒店,Westin Hotels & Resorts,威斯汀酒店及度假村,WI,FULLY_BOOKABLE,hotel,,Tianjin,天津,Tianjin,天津,"101 Nanjing Road, Heping District",和平区南京路 101 号,300040,39.117326,117.204155,+86 22 2389 0088,https://www.marriott.com/en-us/hotels/tsntw-the-westin-tianjin/overview/,https://www.marriott.com.cn/zh-cn/hotels/tsntw-the-westin-tianjin/overview/,,2010-02-06,15:00,12:00,true
THQFP,Four Points by Sheraton Tianshui,天水福朋喜来登酒店,Four Points by Sheraton,福朋喜来登酒店,FP,FULLY_BOOKABLE,hotel,,Tianshui,天水,Gansu,甘肃,"No.56 Min Shan Road, Qinzhou District",秦州区岷山路56号,741000,34.57841,105.76583,+86 938 839 9666,https://www.marriott.com/en-us/hotels/thqfp-four-points-tianshui/overview/,https://www.marriott.com.cn/zh-cn/hotels/thqfp-four-points-tianshui/overview/,,2026-02-10,14:00,12:00,true
URCFB,Fairfield by Marriott Urumqi Beijing Road,乌鲁木齐北京路万豪万枫酒店,Fairfield Inn & Suites,万枫酒店,FI,OPENING_SOON,hotel,,Urumqi,乌鲁木齐,Xinjiang,新疆,"No. 3023 North Beijing Road, Xin District",新区北京北路3023号,830011,43.920407,87.527743,+86 991 393 0000,https://www.marriott.com/en-us/hotels/urcfb-fairfield-urumqi-beijing-road/overview/,https://www.marriott.com.cn/zh-cn/hotels/urcfb-fairfield-urumqi-beijing-road/overview/,,2026-08-30,14:00,12:00,true
URCFP,Four Points by Sheraton Urumqi,乌鲁木齐中建福朋喜来登酒店,Four Points by Sheraton,福朋喜来登酒店,FP,FULLY_BOOKABLE,hotel,,Urumqi,乌鲁木齐,Xinjiang,新疆,"4000 Huizhan Avenue, Midong District",米东区会展大道 4000 号,831400,43.896166,87.630435,+86 991 538 8666,https://www.marriott.com/en-us/hotels/urcfp-four-points-urumqi/overview/,https://www.marriott.com.cn/zh-cn/hotels/urcfp-four-points-urumqi/overview/,,2023-08-10,15:00,12:00,false
SYXPF,Four Points by Sheraton Shenzhou Peninsula,神州半岛福朋喜来登酒店,Four Points by Sheraton,福朋喜来登酒店,FP,FULLY_BOOKABLE,resort,,Wanning,万宁,Hainan,海南,Shenzhou Peninsula Resort District,神州半岛旅游度假区,571528,18.6723782231,110.355302853,+86 898 6253 8838,https://www.marriott.com/en-us/hotels/syxpf-four-points-shenzhou-peninsula/overview/,https://www.marriott.com.cn/zh-cn/hotels/syxpf-four-points-shenzhou-peninsula/overview/,,2012-01-01,15:00,12:00,false
SYXMD,Le Méridien Shimei Bay Beach Resort & Spa,石梅湾艾美度假酒店,Le Méridien,艾美酒店,MD,FULLY_BOOKABLE,resort,,Wanning,万宁,Hainan,海南,"Shimei Bay, Shimei Bay",石梅湾，石梅湾,571533,18.670151,110.285041,+86 898 6252 8888,https://www.marriott.com/en-us/hotels/syxmd-le-meridien-shimei-bay-beach-resort-and-spa/overview/,https://www.marriott.com.cn/zh-cn/hotels/syxmd-le-meridien-shimei-bay-beach-resort-and-spa/overview/,,2008-11-01,15:00,12:00,false
SYXPS,Sheraton Shenzhou Peninsula Resort,神州半岛喜来登度假酒店,Sheraton,喜来登酒店,SI,FULLY_BOOKABLE,resort,,Wanning,万宁,Hainan,海南,Shenzhou Peninsula Resort District,神州半岛旅游度假区,571528,18.6708382231,110.358252853,+86 898 6253 8868,https://www.marriott.com/en-us/hotels/syxps-sheraton-shenzhou-peninsula-resort/overview/,https://www.marriott.com.cn/zh-cn/hotels/syxps-sheraton-shenzhou-peninsula-resort/overview/,,2011-08-12,15:00,12:00,false
SYXWS,The Westin Shimei Bay Resort,石梅湾威斯汀度假酒店,Westin Hotels & Resorts,威斯汀酒店及度假村,WI,FULLY_BOOKABLE,resort,,Wanning,万宁,Hainan,海南,"No.1 Binhai Road, Shimei Bay Tourism District",滨海大道 1 号，石梅湾旅游度假区,571500,18.668202,110.276613,+86 898 3622 2222,https://www.marriott.com/en-us/hotels/syxws-the-westin-shimei-bay-resort/overview/,https://www.marriott.com.cn/zh-cn/hotels/syxws-the-westin-shimei-bay-resort/overview/,,2016-12-12,15:00,12:00,false
WNZAP,Wenzhou Airport Marriott Hotel,温州空港万豪酒店,Marriott Hotels & Resorts,万豪酒店,MC,FULLY_BOOKABLE,hotel,,Wenzhou,温州,Zhejiang,浙江,"No 2007 Binhai 1st Avenue, Wenzhou Economic and Technological Development Zone",温州经济技术开发区滨海一道 2007 号,325000,27.8847525,120.8217543,+86 577 8891 8888,https://www.marriott.com/en-us/hotels/wnzap-wenzhou-airport-marriott-hotel/overview/,https://www.marriott.com.cn/zh-cn/hotels/wnzap-wenzhou-airport-marriott-hotel/overview/,,2020-11-28,15:00,12:00,false
WNZMC,Wenzhou Marriott Hotel,温州万豪酒店,Marriott Hotels & Resorts,万豪酒店,MC,FULLY_BOOKABLE,hotel,,Wenzhou,温州,Zhejiang,浙江,"No 4427 Oujiang Road, Lucheng District",鹿城区瓯江路 4427 号,325000,28.017056,120.706833,+86 577 8989 9999,https://www.marriott.com/en-us/hotels/wnzmc-wenzhou-marriott-hotel/overview/,https://www.marriott.com.cn/zh-cn/hotels/wnzmc-wenzhou-marriott-hotel/overview/,,2021-09-26,15:00,12:00,false
WNZSI,Sheraton Wenzhou Hotel,温州喜来登酒店,Sheraton,喜来登酒店,SI,FULLY_BOOKABLE,hotel,,Wenzhou,温州,Zhejiang,浙江,292 Chezhan Avenue,车站大道 292 号,325000,28.00029,120.684457,+86 577 8888 5555,https://www.marriott.com/en-us/hotels/wnzsi-sheraton-wenzhou-hotel/overview/,https://www.marriott.com.cn/zh-cn/hotels/wnzsi-sheraton-wenzhou-hotel/overview/,,2010-12-28,15:00,12:00,false
WNZGN,"Grand New Century Hotel, Wenzhou, A Tribute Portfolio Hotel",温州开元名都臻品之选酒店,Tribute Portfolio,臻品之选酒店,TX,FULLY_BOOKABLE,hotel,,Wenzhou,温州,Zhejiang,浙江,"No.464 Fudong Road, Lucheng District",鹿城区府东路464号,325000,27.989057,120.702155,+86 577 8817 8888,https://www.marriott.com/en-us/hotels/wnzgn-grand-new-century-hotel-wenzhou-a-tribute-portfolio-hotel/overview/,https://www.marriott.com.cn/zh-cn/hotels/wnzgn-grand-new-century-hotel-wenzhou-a-tribute-portfolio-hotel/overview/,,2025-12-30,14:00,12:00,true
WNZWI,The Westin Wenzhou,温州威斯汀酒店,Westin Hotels & Resorts,威斯汀酒店及度假村,WI,FULLY_BOOKABLE,hotel,,Wenzhou,温州,Zhejiang,浙江,"No 1067 Jinxiu Road, Lu Cheng District",鹿城区锦绣路 1067 号,325000,27.997182,120.664499,+86 577 8555 5555,https://www.marriott.com/en-us/hotels/wnzwi-the-westin-wenzhou/overview/,https://www.marriott.com.cn/zh-cn/hotels/wnzwi-the-westin-wenzhou/overview/,,2018-11-28,15:00,12:00,false
ZHAFP,"Four Points by Sheraton Wuchuan, Loong Bay",吴川鼎龙湾福朋喜来登酒店,Four Points by Sheraton,福朋喜来登酒店,FP,FULLY_BOOKABLE,hotel,,Wuchuan,吴川,Guangdong,广东,Loong Bay International Ocean Resort,鼎龙湾国际海洋度假区,524500,21.399943,110.904476,+86 759 513 8888,https://www.marriott.com/en-us/hotels/zhafp-four-points-wuchuan-loong-bay/overview/,https://www.marriott.com.cn/zh-cn/hotels/zhafp-four-points-wuchuan-loong-bay/overview/,,2020-01-22,15:00,12:00,false
WUHCH,AC Hotels By Marriott Wuhan Hankou,武汉汉口AC酒店,AC Hotels,AC酒店,AR,FULLY_BOOKABLE,hotel,,Wuhan,武汉,Hubei,湖北,"No.1413 Jiefang Avenue, Jianghan District",江汉区解放大道1413号,430022,30.58609644732811,114.28425635799914,+86 27 6666 6605,https://www.marriott.com/en-us/hotels/wuhch-ac-hotels-wuhan-hankou/overview/,https://www.marriott.com.cn/zh-cn/hotels/wuhch-ac-hotels-wuhan-hankou/overview/,,2026-05-01,15:00,12:00,true
WUHHC,Courtyard by Marriott Wuhan Hankou,武汉汉口万怡酒店,Courtyard,万怡酒店,CY,OPENING_SOON,hotel,,Wuhan,武汉,Hubei,湖北,"D2 Zone, 1-23 Floors, Hankou North International Commodity Trading Center, No. 88 Hankou North Avenue, Economic Development Zone, Panlongcheng, Huangpi District",黄陂区盘龙城经济开发区汉口北大道88号汉口北国际商品交易中心D2区1至23层,342200,30.708561,114.3192063,+86 27 5959 3888,https://www.marriott.com/en-us/hotels/wuhhc-courtyard-wuhan-hankou/overview/,https://www.marriott.com.cn/zh-cn/hotels/wuhhc-courtyard-wuhan-hankou/overview/,,2027-03-31,14:00,12:00,true
WUHHF,Fairfield by Marriott Wuhan Hankou,武汉汉口万豪万枫酒店,Fairfield Inn & Suites,万枫酒店,FI,FULLY_BOOKABLE,hotel,,Wuhan,武汉,Hubei,湖北,"No.138 Gutian Second Road, Qiaokou District",硚口区古田二路138号,430000,30.610377,114.203292,+86 27 8388 9777,https://www.marriott.com/en-us/hotels/wuhhf-fairfield-wuhan-hankou/overview/,https://www.marriott.com.cn/zh-cn/hotels/wuhhf-fairfield-wuhan-hankou/overview/,,2025-09-24,15:00,12:00,true
WUHFI,Fairfield by Marriott Wuhan Wuchang,武汉武昌万豪万枫酒店,Fairfield Inn & Suites,万枫酒店,FI,FULLY_BOOKABLE,hotel,,Wuhan,武汉,Hubei,湖北,"No1 Building, Lee residence, Gongda Road, Hongshan District",洪山区工大路理公馆 1 号楼,430070,30.51114,114.34525,+86 27 8778 6777,https://www.marriott.com/en-us/hotels/wuhfi-fairfield-wuhan-wuchang/overview/,https://www.marriott.com.cn/zh-cn/hotels/wuhfi-fairfield-wuhan-wuchang/overview/,,2019-09-20,15:00,12:00,false
WUHHP,Four Points by Sheraton Wuhan Hankou,武汉汉口福朋喜来登酒店,Four Points by Sheraton,福朋喜来登酒店,FP,FULLY_BOOKABLE,hotel,,Wuhan,武汉,Hubei,湖北,"Building 2, No. 88, Sanyang Road , Siwei Sub-district, Jiang'an District",江岸区四唯街道三阳路88号2号楼,430010,30.59754,114.30445,+86 27 5980 8888,https://www.marriott.com/en-us/hotels/wuhhp-four-points-wuhan-hankou/overview/,https://www.marriott.com.cn/zh-cn/hotels/wuhhp-four-points-wuhan-hankou/overview/,,2025-09-26,14:00,12:00,true
WUHPG,Four Points by Sheraton Wuhan Optics Valley,武汉光谷福朋喜来登酒店,Four Points by Sheraton,福朋喜来登酒店,FP,FULLY_BOOKABLE,hotel,,Wuhan,武汉,Hubei,湖北,Wuhan East Lake High-tech Development Zone No.12 Gao Xin Liu Road,武汉东湖高新技术开发区高新六路12号,430200,30.437534,114.433781,+86 27 8266 6777,https://www.marriott.com/en-us/hotels/wuhpg-four-points-wuhan-optics-valley/overview/,https://www.marriott.com.cn/zh-cn/hotels/wuhpg-four-points-wuhan-optics-valley/overview/,,2025-08-04,15:00,12:00,true
WUHPO,Four Points by Sheraton Wuhan Optics Valley Convention and Exhibition Center,武汉光谷科技会展中心福朋喜来登酒店,Four Points by Sheraton,福朋喜来登酒店,FP,FULLY_BOOKABLE,hotel,,Wuhan,武汉,Hubei,湖北,"No.815 Gaoxin Avenue, East Lake High-tech Development Zone",东湖高新技术开发区高新大道815号,430075,30.490271,114.524994,+86 27 8885 3888,https://www.marriott.com/en-us/hotels/wuhpo-four-points-wuhan-optics-valley-convention-and-exhibition-center/overview/,https://www.marriott.com.cn/zh-cn/hotels/wuhpo-four-points-wuhan-optics-valley-convention-and-exhibition-center/overview/,,2026-03-03,15:00,12:00,true
WUHDU,"Four Points by Sheraton Wuhan, Dongxihu",武汉东西湖福朋喜来登酒店,Four Points by Sheraton,福朋喜来登酒店,FP,FULLY_BOOKABLE,hotel,,Wuhan,武汉,Hubei,湖北,"No.427, Guli Road Dongxihu District",东西湖区姑李路427号,430040,30.6535524,114.2457744,+86 27 5927 8999,https://www.marriott.com/en-us/hotels/wuhdu-four-points-wuhan-dongxihu/overview/,https://www.marriott.com.cn/zh-cn/hotels/wuhdu-four-points-wuhan-dongxihu/overview/,,2025-11-15,15:00,12:00,true
WUHFP,"Four Points by Sheraton Wuhan, Jiangxia",武汉江夏联投福朋喜来登酒店,Four Points by Sheraton,福朋喜来登酒店,FP,FULLY_BOOKABLE,hotel,,Wuhan,武汉,Hubei,湖北,"No 97 Wenhua Avenue, Jiangxia District",江夏区文化大道 97 号,430200,30.42412,114.32189,+86 27 8165 8888,https://www.marriott.com/en-us/hotels/wuhfp-four-points-wuhan-jiangxia/overview/,https://www.marriott.com.cn/zh-cn/hotels/wuhfp-four-points-wuhan-jiangxia/overview/,,2021-06-30,15:00,12:00,true
WUHHK,Wuhan Marriott Hotel Hankou,武汉卓尔万豪酒店,Marriott Hotels & Resorts,万豪酒店,MC,FULLY_BOOKABLE,hotel,,Wuhan,武汉,Hubei,湖北,"8 Hongtu Boulevard, Dongxihu District",东西湖区宏图大道 8 号,430040,30.669472,114.279361,+86 27 8567 6666,https://www.marriott.com/en-us/hotels/wuhhk-wuhan-marriott-hotel-hankou/overview/,https://www.marriott.com.cn/zh-cn/hotels/wuhhk-wuhan-marriott-hotel-hankou/overview/,,2019-12-09,14:00,12:00,true
WUHOV,Wuhan Marriott Hotel Optics Valley,武汉光谷万豪酒店,Marriott Hotels & Resorts,万豪酒店,MC,FULLY_BOOKABLE,hotel,,Wuhan,武汉,Hubei,湖北,"No 797 Gao Xin Boulevard, Donghu High-tech District",东湖高新区高新大道 797 号,430073,30.48980721,114.51349944,+86 27 8798 6888,https://www.marriott.com/en-us/hotels/wuhov-wuhan-marriott-hotel-optics-valley/overview/,https://www.marriott.com.cn/zh-cn/hotels/wuhov-wuhan-marriott-hotel-optics-valley/overview/,,2020-06-28,14:00,12:00,true
WUHMW,Wuhan Marriott Hotel Wuchang,武汉襄投万豪酒店,Marriott Hotels & Resorts,万豪酒店,MC,FULLY_BOOKABLE,hotel,,Wuhan,武汉,Hubei,湖北,"219 Zhongbei Road, Wuchang District",武昌区中北路 219 号,430077,30.563737,114.348849,+86 27 8885 0777,https://www.marriott.com/en-us/hotels/wuhmw-wuhan-marriott-hotel-wuchang/overview/,https://www.marriott.com.cn/zh-cn/hotels/wuhmw-wuhan-marriott-hotel-wuchang/overview/,,2023-10-28,16:00,12:00,true
WUHBR,Renaissance Wuhan Hotel,武汉光明万丽酒店,Renaissance Hotels,万丽酒店,BR,FULLY_BOOKABLE,hotel,,Wuhan,武汉,Hubei,湖北,"160 Xudong Avenue, Wuchang District",武昌区徐东大街 160 号,430062,30.5797937999999,114.356499,+86 27 8662 1388,https://www.marriott.com/en-us/hotels/wuhbr-renaissance-wuhan-hotel/overview/,https://www.marriott.com.cn/zh-cn/hotels/wuhbr-renaissance-wuhan-hotel/overview/,,2007-03-09,14:00,12:00,true
WUHWS,Sheraton Grand Wuhan Hankou Hotel,武汉汉口喜来登大酒店,Sheraton,喜来登酒店,SI,FULLY_BOOKABLE,hotel,,Wuhan,武汉,Hubei,湖北,"N.80, Fanhu Road, Fanhu Wanda Plaza, Wuhan CBD",武汉中央商务区范湖路 80 号范湖万达广场,430000,30.602352,114.25509,+86 27 8373 8888,https://www.marriott.com/en-us/hotels/wuhws-sheraton-grand-wuhan-hankou-hotel/overview/,https://www.marriott.com.cn/zh-cn/hotels/wuhws-sheraton-grand-wuhan-hankou-hotel/overview/,,2014-11-28,18:00,12:00,false
WUHRZ,"The Ritz-Carlton, Wuhan",武汉丽思卡尔顿酒店,The Ritz-Carlton,丽思卡尔顿酒店,RZ,FULLY_BOOKABLE,hotel,,Wuhan,武汉,Hubei,湖北,"No.1 Jingwu Road, Jianghan District",江汉区精武路1号,430000,30.584507,114.278323,+86 27 5921 8888,https://www.marriott.com/en-us/hotels/wuhrz-the-ritz-carlton-wuhan/overview/,https://www.marriott.com.cn/zh-cn/hotels/wuhrz-the-ritz-carlton-wuhan/overview/,,2026-03-28,15:00,12:00,true
WUHWW,The Westin Wuhan Hanyang,武汉汉阳威斯汀酒店,Westin Hotels & Resorts,威斯汀酒店及度假村,WI,FULLY_BOOKABLE,hotel,,Wuhan,武汉,Hubei,湖北,"No.9 Longyanghu Dong Road, Hanyang District",汉阳区龙阳湖东路 9 号,430051,30.559137,114.205963,+86 27 5951 9999,https://www.marriott.com/en-us/hotels/wuhww-the-westin-wuhan-hanyang/overview/,https://www.marriott.com.cn/zh-cn/hotels/wuhww-the-westin-wuhan-hanyang/overview/,,2023-09-06,14:00,12:00,true
WUHWI,The Westin Wuhan Wuchang,武汉富力威斯汀酒店,Westin Hotels & Resorts,威斯汀酒店及度假村,WI,FULLY_BOOKABLE,hotel,,Wuhan,武汉,Hubei,湖北,"No. 96, Linjiang Road, Wuchang District",武昌区临江大道 96 号,430062,30.565155934021114,114.30785572658839,+86 27 8816 8888,https://www.marriott.com/en-us/hotels/wuhwi-the-westin-wuhan-wuchang/overview/,https://www.marriott.com.cn/zh-cn/hotels/wuhwi-the-westin-wuhan-wuchang/overview/,,2011-08-01,15:00,12:00,true
WUHFJ,Fairfield by Marriott Wuhan Jiangxia,武汉江夏万枫酒店,Fairfield Inn & Suites,万枫酒店,FI,FULLY_BOOKABLE,hotel,,Wuhan City,武汉市,Hubei,湖北,"No 17 Tanxinpei Road, Jiangxia District",江夏区谭鑫培路 17 号,430000,30.373473,114.332838,+86 27 8193 9688,https://www.marriott.com/en-us/hotels/wuhfj-fairfield-wuhan-jiangxia/overview/,https://www.marriott.com.cn/zh-cn/hotels/wuhfj-fairfield-wuhan-jiangxia/overview/,,2021-01-01,15:00,12:00,true
WUXLL,Courtyard by Marriott Wuxi Lihu Lake,无锡绿发万怡酒店,Courtyard,万怡酒店,CY,FULLY_BOOKABLE,hotel,,Wuxi,无锡,Jiangsu,江苏,"No 188 Huanhu Road, Binhu District",滨湖区环湖路 188 号,214071,31.516997,120.252519,+86 510 8510 5555,https://www.marriott.com/en-us/hotels/wuxll-courtyard-wuxi-lihu-lake/overview/,https://www.marriott.com.cn/zh-cn/hotels/wuxll-courtyard-wuxi-lihu-lake/overview/,,2019-11-01,14:00,12:00,false
WUXLP,Four Points by Sheraton Wuxi Liangxi,无锡梁溪福朋喜来登酒店,Four Points by Sheraton,福朋喜来登酒店,FP,FULLY_BOOKABLE,hotel,,Wuxi,无锡,Jiangsu,江苏,"No.8 Baoli Plaza,, No.1 East Xianqian Street,Liangxi District",梁溪区县前东街1号保利广场8号,214000,31.5822,120.30605,+86 510 8907 8888,https://www.marriott.com/en-us/hotels/wuxlp-four-points-wuxi-liangxi/overview/,https://www.marriott.com.cn/zh-cn/hotels/wuxlp-four-points-wuxi-liangxi/overview/,,2026-02-12,15:00,12:00,true
WUXML,Wuxi Marriott Hotel Lihu Lake,无锡绿发万豪酒店,Marriott Hotels & Resorts,万豪酒店,MC,FULLY_BOOKABLE,hotel,,Wuxi,无锡,Jiangsu,江苏,"No 188 Huanhu Road, Binhu District",滨湖区环湖路 188 号,214071,31.51702,120.25251,+86 510 8511 8888,https://www.marriott.com/en-us/hotels/wuxml-wuxi-marriott-hotel-lihu-lake/overview/,https://www.marriott.com.cn/zh-cn/hotels/wuxml-wuxi-marriott-hotel-lihu-lake/overview/,,2018-09-20,14:00,12:00,false
WUXJG,"Grand House, Jiangyin, a Tribute Portfolio Hotel",江阴霞客湾观堂臻品之选酒店,Tribute Portfolio,臻品之选酒店,TX,FULLY_BOOKABLE,hotel,,Wuxi,无锡,Jiangsu,江苏,"No.8 Bihai Road, Xuxiake Town, Jiangyin City, Jiangsu Province, China",中国江苏省江阴市徐霞客镇碧海路8号,214406,31.707407,120.324875,+86 510 8372 8888,https://www.marriott.com/en-us/hotels/wuxjg-grand-house-jiangyin-a-tribute-portfolio-hotel/overview/,https://www.marriott.com.cn/zh-cn/hotels/wuxjg-grand-house-jiangyin-a-tribute-portfolio-hotel/overview/,,2025-11-25,16:00,11:00,false
XIYCY,Courtyard by Marriott Xi'an North,西安蓝海风万怡酒店,Courtyard,万怡酒店,CY,FULLY_BOOKABLE,hotel,,Xi'an,西安,Shaanxi,陕西,"No 37 2nd Fengcheng Road, Economic & Technological Development Area",经济技术开发区凤城二路 37 号,,34.318064,108.933824,+86 29 8112 8899,https://www.marriott.com/en-us/hotels/xiycy-courtyard-xian-north/overview/,https://www.marriott.com.cn/zh-cn/hotels/xiycy-courtyard-xian-north/overview/,,2018-02-11,15:00,12:00,true
XIYCW,Courtyard by Marriott Xi'an West,Courtyard by Marriott Xi'an West,Courtyard,万怡酒店,CY,OPENING_SOON,hotel,,Xi'an,西安,Shaanxi,陕西,"Building 6 No.3168 Fengdong Avenue, Fengdong New City, Xixian New District, Xi'an","Building 6 No.3168 Fengdong Avenue, Fengdong New City, Xixian New District, Xi'an",710086,34.258895,108.766297,+86 29 8573 9999,https://www.marriott.com/en-us/hotels/xiycw-courtyard-xian-west/overview/,https://www.marriott.com.cn/zh-cn/hotels/xiycw-courtyard-xian-west/overview/,,2027-03-27,15:00,12:00,true
XIYDE,Delta Hotels Xi'an,西安德尔塔酒店,Delta Hotels and Resorts,德尔塔酒店,DE,FULLY_BOOKABLE,hotel,,Xi'an,西安,Shaanxi,陕西,"No 22 West of Longshou North Road, Lianhu District",莲湖区龙首北路西段 22 号,710010,34.292568,108.944327,+86 29 6852 8888,https://www.marriott.com/en-us/hotels/xiyde-delta-hotels-xian/overview/,https://www.marriott.com.cn/zh-cn/hotels/xiyde-delta-hotels-xian/overview/,,2023-06-30,15:00,12:00,true
XIYWF,Fairfield By Marriott Xi'an Weiyang,西安渭水园万豪万枫酒店,Fairfield Inn & Suites,万枫酒店,FI,OPENING_SOON,hotel,,Xi'an,西安,Shaanxi,陕西,"No.4999 ShangLin Road , Weiyang District",未央区尚林路4999号,710014,34.3764,108.868883,+86 29 8573 9999,https://www.marriott.com/en-us/hotels/xiywf-fairfield-xian-weiyang/overview/,https://www.marriott.com.cn/zh-cn/hotels/xiywf-fairfield-xian-weiyang/overview/,,2026-06-30,15:00,12:00,true
XIYFC,Fairfield by Marriott Xi'an Chanba,西安浐灞万枫酒店,Fairfield Inn & Suites,万枫酒店,FI,FULLY_BOOKABLE,hotel,,Xi'an,西安,Shaanxi,陕西,"No 777 Euro-Asia Avenue, Chanba Ecological District",浐灞生态区欧亚大道 777 号,710024,34.3474123,109.0395229,+86 29 8809 0000,https://www.marriott.com/en-us/hotels/xiyfc-fairfield-xian-chanba/overview/,https://www.marriott.com.cn/zh-cn/hotels/xiyfc-fairfield-xian-chanba/overview/,,2022-12-31,15:00,12:00,true
XIYFI,Fairfield by Marriott Xi'an North Station,西安北站万豪万枫酒店,Fairfield Inn & Suites,万枫酒店,FI,FULLY_BOOKABLE,hotel,,Xi'an,西安,Shaanxi,陕西,"No 220 Building A E FIN International Wenjing Road, Wei Yang District",未央区文景路 220 号一方中港国际 A 座,710018,34.363314,108.938072,+86 29 8651 0666,https://www.marriott.com/en-us/hotels/xiyfi-fairfield-xian-north-station/overview/,https://www.marriott.com.cn/zh-cn/hotels/xiyfi-fairfield-xian-north-station/overview/,,2019-04-15,15:00,12:00,false
XIYFY,Fairfield by Marriott Xi'an Yanta,西安雁塔万枫酒店,Fairfield Inn & Suites,万枫酒店,FI,FULLY_BOOKABLE,hotel,,Xi'an,西安,Shaanxi,陕西,"618 Qujiangchi North Road, Qujiang New District",曲江新区曲江池北路 618 号,,34.20562,108.99724,+86 29 8983 8666,https://www.marriott.com/en-us/hotels/xiyfy-fairfield-xian-yanta/overview/,https://www.marriott.com.cn/zh-cn/hotels/xiyfy-fairfield-xian-yanta/overview/,,2024-06-23,14:00,12:00,true
XIYBP,Four Points by Sheraton Xi'an Bell Tower,西安钟楼福朋喜来登酒店,Four Points by Sheraton,福朋喜来登酒店,FP,FULLY_BOOKABLE,hotel,,Xi'an,西安,Shaanxi,陕西,"No.79 Xida Street, Lianhu District",莲湖区西大街79号,710082,34.260222,108.940307,+86 29 8732 0000,https://www.marriott.com/en-us/hotels/xiybp-four-points-xian-bell-tower/overview/,https://www.marriott.com.cn/zh-cn/hotels/xiybp-four-points-xian-bell-tower/overview/,,2025-11-12,15:00,12:00,true
XIYDP,Four Points by Sheraton Xi'an Dayan Pagoda,西安大雁塔福朋喜来登酒店,Four Points by Sheraton,福朋喜来登酒店,FP,FULLY_BOOKABLE,hotel,,Xi'an,西安,Shaanxi,陕西,"No 659 Yannan 1st Road, Qujiang New District",曲江新区雁南一路659号,,34.21286,108.96193,+86 29 6830 5888,https://www.marriott.com/en-us/hotels/xiydp-four-points-xian-dayan-pagoda/overview/,https://www.marriott.com.cn/zh-cn/hotels/xiydp-four-points-xian-dayan-pagoda/overview/,,2025-09-28,15:00,12:00,true
XIYPH,Four Points by Sheraton Xi'an High-Tech Zone,西安高新区福朋喜来登酒店,Four Points by Sheraton,福朋喜来登酒店,FP,FULLY_BOOKABLE,hotel,,Xi'an,西安,Shaanxi,陕西,"Building 8, Qianhaiyuan, Silk Road (Xi 'an), 900 Xitai Road, High-tech Zone",高新区西太路 900 号丝路（西安）前海园 8 栋,710117,34.129518,108.827514,+86 29 8110 3999,https://www.marriott.com/en-us/hotels/xiyph-four-points-xian-high-tech-zone/overview/,https://www.marriott.com.cn/zh-cn/hotels/xiyph-four-points-xian-high-tech-zone/overview/,,2024-01-15,14:00,12:00,true
XIYJW,JW Marriott Hotel Xi'an,西安海荣 JW 万豪酒店,JW Marriott,JW万豪酒店,JW,FULLY_BOOKABLE,hotel,,Xi'an,西安,Shaanxi,陕西,No.168 Feng Cheng 8th Road,凤城八路 168 号,710018,34.338308,108.936307,+86 29 6855 5555,https://www.marriott.com/en-us/hotels/xiyjw-jw-marriott-hotel-xian/overview/,https://www.marriott.com.cn/zh-cn/hotels/xiyjw-jw-marriott-hotel-xian/overview/,,2023-04-22,15:00,12:00,true
XIYJS,JW Marriott Hotel Xi'an Southwest,西安高新 JW 万豪酒店,JW Marriott,JW万豪酒店,JW,FULLY_BOOKABLE,hotel,,Xi'an,西安,Shaanxi,陕西,"No 15 Tangyan Road, Gaoxin District",高新区唐延路 15 号,710075,34.227814,108.890396,+86 29 8359 8888,https://www.marriott.com/en-us/hotels/xiyjs-jw-marriott-hotel-xian-southwest/overview/,https://www.marriott.com.cn/zh-cn/hotels/xiyjs-jw-marriott-hotel-xian-southwest/overview/,,2023-09-16,14:00,12:00,true
XIYMD,"Le Méridien Xi'an, Chanba",西安浐灞艾美酒店,Le Méridien,艾美酒店,MD,FULLY_BOOKABLE,hotel,,Xi'an,西安,Shaanxi,陕西,"No.6 West, Euro-Asia Avenue, Chanba Ecological",浐灞生态区欧亚大道西段 6 号,710021,34.339326,109.01557,+86 29 6879 8888,https://www.marriott.com/en-us/hotels/xiymd-le-meridien-xian-chanba/overview/,https://www.marriott.com.cn/zh-cn/hotels/xiymd-le-meridien-xian-chanba/overview/,,2017-11-24,15:00,12:00,true
XIYER,"The Fairway Place, Xi'an - Marriott Executive Apartments",西安万豪行政公寓,Marriott Executive Apartments,万豪行政公寓,ER,FULLY_BOOKABLE,hotel,,Xi'an,西安,Shaanxi,陕西,"No 16 Gaoxin 4th Road, Gaoxin District",高新区高新四路16号,710075,34.232887,108.89452,+86 29 6866 9999,https://www.marriott.com/en-us/hotels/xiyer-the-fairway-place-xian-marriott-executive-apartments/overview/,https://www.marriott.com.cn/zh-cn/hotels/xiyer-the-fairway-place-xian-marriott-executive-apartments/overview/,,2015-09-08,14:00,12:00,true
XIYMH,Xi'an Marriott Hotel High-Tech Zone,西安高新区万豪酒店,Marriott Hotels & Resorts,万豪酒店,MC,FULLY_BOOKABLE,hotel,,Xi'an,西安,Shaanxi,陕西,"No.50 Jinye Road, Yanta District",雁塔区锦业路50号,710065,34.193303,108.872087,+86 29 8571 8888,https://www.marriott.com/en-us/hotels/xiymh-xian-marriott-hotel-high-tech-zone/overview/,https://www.marriott.com.cn/zh-cn/hotels/xiymh-xian-marriott-hotel-high-tech-zone/overview/,,2025-10-30,15:00,12:00,true
XIYOX,Moxy Xi'an Beilin,西安 Moxy 酒店,MOXY Hotels,MOXY酒店,OX,FULLY_BOOKABLE,hotel,,Xi'an,西安,Shaanxi,陕西,"No 1 Taiyi Road, Beilin District",碑林区太乙路 1 号,710054,34.235501,108.973424,+86 29 8575 5888,https://www.marriott.com/en-us/hotels/xiyox-moxy-xian-beilin/overview/,https://www.marriott.com.cn/zh-cn/hotels/xiyox-moxy-xian-beilin/overview/,,2021-12-23,15:00,12:00,true
XIYDO,Moxy Xi'an Downtown,西安城市中心 Moxy 酒店,MOXY Hotels,MOXY酒店,OX,FULLY_BOOKABLE,hotel,,Xi'an,西安,Shaanxi,陕西,"West Gate of Yisu Theater Cultural District, No 282 Xi Yi Road, Xincheng District",新城区西一路 282 号易俗社文化街区,710000,34.261424,108.94955,+86 29 8623 6888,https://www.marriott.com/en-us/hotels/xiydo-moxy-xian-downtown/overview/,https://www.marriott.com.cn/zh-cn/hotels/xiydo-moxy-xian-downtown/overview/,,2023-06-28,14:00,12:00,false
XIYBR,Renaissance Xi'an Hotel,西安万丽酒店,Renaissance Hotels,万丽酒店,BR,FULLY_BOOKABLE,hotel,,Xi'an,西安,Shaanxi,陕西,"No 355 Huixin Road, Qujiang New District",曲江新区汇新路 355 号,710065,34.194775,108.954642,+86 29 6563 3333,https://www.marriott.com/en-us/hotels/xiybr-renaissance-xian-hotel/overview/,https://www.marriott.com.cn/zh-cn/hotels/xiybr-renaissance-xian-hotel/overview/,,2018-07-28,14:00,12:00,true
XIYSC,Sheraton Xi'an Chanba,西安浐灞喜来登酒店,Sheraton,喜来登酒店,SI,FULLY_BOOKABLE,hotel,,Xi'an,西安,Shaanxi,陕西,"No 777 Euro-Asia Avenue, Chanba International Port",浐灞国际港欧亚大道777号,710024,34.3474123,109.0395229,+86 29 8806 8888,https://www.marriott.com/en-us/hotels/xiysc-sheraton-xian-chanba/overview/,https://www.marriott.com.cn/zh-cn/hotels/xiysc-sheraton-xian-chanba/overview/,,2022-12-31,15:00,12:00,true
XIYSI,Sheraton Xi'an Hotel,西安喜来登大酒店,Sheraton,喜来登酒店,SI,FULLY_BOOKABLE,hotel,,Xi'an,西安,Shaanxi,陕西,No. 262 Feng Hao East Rd,丰镐东路 262 号,710077,34.2585531999999,108.8973908,+86 29 8426 1888,https://www.marriott.com/en-us/hotels/xiysi-sheraton-xian-hotel/overview/,https://www.marriott.com.cn/zh-cn/hotels/xiysi-sheraton-xian-hotel/overview/,,1991-01-02,14:00,12:00,true
XIYNC,Sheraton Xi'an North City Hotel,西安赛瑞喜来登大酒店,Sheraton,喜来登酒店,SI,FULLY_BOOKABLE,hotel,,Xi'an,西安,Shaanxi,陕西,No. 32 Wei Yang Road,未央路 32 号,710014,34.2909438999999,108.9467262,+86 29 8886 6888,https://www.marriott.com/en-us/hotels/xiync-sheraton-xian-north-city-hotel/overview/,https://www.marriott.com.cn/zh-cn/hotels/xiync-sheraton-xian-north-city-hotel/overview/,,2012-03-08,15:00,12:00,true
XIYSS,Sheraton Xi'an South,西安高新区喜来登酒店,Sheraton,喜来登酒店,SI,FULLY_BOOKABLE,hotel,,Xi'an,西安,,,"No 99 Tiangu Seventh Road, Hi-Tech Zone",高新区天谷七路 99 号,710065,34.212213,108.841304,+86 29 6868 6789,https://www.marriott.com/en-us/hotels/xiyss-sheraton-xian-south/overview/,https://www.marriott.com.cn/zh-cn/hotels/xiyss-sheraton-xian-south/overview/,,2022-07-06,14:00,12:00,true
XIYRZ,"The Ritz-Carlton, Xi'an",西安丽思卡尔顿酒店,The Ritz-Carlton,丽思卡尔顿酒店,RZ,FULLY_BOOKABLE,hotel,,Xi'an,西安,Shaanxi,陕西,No 50 Keji 2nd Road,科技二路 50 号,710075,34.223663,108.89789,+86 29 8881 8888,https://www.marriott.com/en-us/hotels/xiyrz-the-ritz-carlton-xian/overview/,https://www.marriott.com.cn/zh-cn/hotels/xiyrz-the-ritz-carlton-xian/overview/,,2019-06-30,14:00,12:00,true
XIYWH,W Xi'an,西安 W 酒店,W Hotels,W 酒店,WH,FULLY_BOOKABLE,hotel,,Xi'an,西安,,,"333 Qujiang Chi East Road, Qujiang New District",曲江新区曲江池东路 333 号,,34.1970428,108.9893937,+86 29 8966 9999,https://www.marriott.com/en-us/hotels/xiywh-w-xian/overview/,https://www.marriott.com.cn/zh-cn/hotels/xiywh-w-xian/overview/,,2018-08-20,15:00,12:00,true
XIYWI,The Westin Xi'an,西安威斯汀大酒店,Westin Hotels & Resorts,威斯汀酒店及度假村,WI,FULLY_BOOKABLE,hotel,,Xi'an,西安,Shaanxi,陕西,"66 Ci En Road, Qu Jiang New District",曲江新区慈恩路 66 号,710061,34.215352,108.962977,+86 29 6568 6568,https://www.marriott.com/en-us/hotels/xiywi-the-westin-xian/overview/,https://www.marriott.com.cn/zh-cn/hotels/xiywi-the-westin-xian/overview/,,2012-03-27,15:00,12:00,true
XMNAX,Aloft Xiamen Xiangan,厦门南洋雅乐轩酒店,Aloft Hotels,雅乐轩酒店,AL,FULLY_BOOKABLE,hotel,,Xiamen,厦门,,,"378 Hongjiang Road, Xiangan District",翔安区鸿江路378号,361101,24.5514885,118.2091872,+86 592 353 2777,https://www.marriott.com/en-us/hotels/xmnax-aloft-xiamen-xiangan/overview/,https://www.marriott.com.cn/zh-cn/hotels/xmnax-aloft-xiamen-xiangan/overview/,,2026-05-08,15:00,12:00,true
XMNCY,Courtyard by Marriott Xiamen,厦门百琪万怡酒店,Courtyard,万怡酒店,CY,FULLY_BOOKABLE,hotel,,Xiamen,厦门,Fujian,福建,"No 439 Gaoqi North Road, Huli District",湖里区高崎北路 439 号,361006,24.5531103415,118.1237713337,+86 592 316 9999,https://www.marriott.com/en-us/hotels/xmncy-courtyard-xiamen/overview/,https://www.marriott.com.cn/zh-cn/hotels/xmncy-courtyard-xiamen/overview/,,2020-01-20,15:00,12:00,true
XMNCH,Courtyard by Marriott Xiamen Haicang,厦门泰地万怡酒店,Courtyard,万怡酒店,CY,FULLY_BOOKABLE,hotel,,Xiamen,厦门,Fujian,福建,"No 843 Haicang Avenue, Haicang District",海沧区海沧大道 843 号,361022,24.480762,118.046326,+86 592 650 7777,https://www.marriott.com/en-us/hotels/xmnch-courtyard-xiamen-haicang/overview/,https://www.marriott.com.cn/zh-cn/hotels/xmnch-courtyard-xiamen-haicang/overview/,,2018-08-28,14:00,12:00,false
XMNCX,Courtyard by Marriott Xiamen Xiang’an,厦门南洋万怡酒店,Courtyard,万怡酒店,CY,FULLY_BOOKABLE,hotel,,Xiamen,厦门,Fujian,福建,"368 Hongjiang Road, Xiang'an District",翔安区鸿江路368号,361101,24.5522424,118.2086739,+86 592 370 1777,https://www.marriott.com/en-us/hotels/xmncx-courtyard-xiamen-xiangan/overview/,https://www.marriott.com.cn/zh-cn/hotels/xmncx-courtyard-xiamen-xiangan/overview/,,2026-01-01,15:00,12:00,true
XMNET,Element Xiamen Tong'an,厦门同安源宿酒店,Element Hotels,源宿酒店,EL,FULLY_BOOKABLE,hotel,,Xiamen,厦门,Fujian,福建,"No 22 Guanbin Road, Tong'an District",同安区观滨路 22 号,361100,24.606288,118.137781,+86 592 715 6666,https://www.marriott.com/en-us/hotels/xmnet-element-xiamen-tongan/overview/,https://www.marriott.com.cn/zh-cn/hotels/xmnet-element-xiamen-tongan/overview/,,2021-09-05,15:00,12:00,true
XMNMD,Le Méridien Xiamen,厦门艾美酒店,Le Méridien,艾美酒店,MD,FULLY_BOOKABLE,resort,,Xiamen,厦门,Fujian,福建,"No 7 Guanjun Road, Nanshan",南山冠军路 7 号,361006,24.500622,118.093972,+86 592 770 9999,https://www.marriott.com/en-us/hotels/xmnmd-le-meridien-xiamen/overview/,https://www.marriott.com.cn/zh-cn/hotels/xmnmd-le-meridien-xiamen/overview/,,2010-01-26,15:00,12:00,true
XMNXI,Xiamen Marriott Hotel & Conference Centre,厦门万豪酒店及会议中心,Marriott Hotels & Resorts,万豪酒店,MC,FULLY_BOOKABLE,resort,,Xiamen,厦门,Fujian,福建,"No 236 Guanbin Road, Tong'an District",同安区观滨路 236 号,361116,24.61019,118.13992,+86 592 789 7777,https://www.marriott.com/en-us/hotels/xmnxi-xiamen-marriott-hotel-and-conference-centre/overview/,https://www.marriott.com.cn/zh-cn/hotels/xmnxi-xiamen-marriott-hotel-and-conference-centre/overview/,,2018-04-26,15:00,12:00,true
XMNMC,Xiamen Marriott Hotel Haicang,厦门泰地万豪酒店,Marriott Hotels & Resorts,万豪酒店,MC,FULLY_BOOKABLE,hotel,,Xiamen,厦门,Fujian,福建,"No 839 Haicang Avenue, Haicang District",海沧区海沧大道 839 号,361022,24.480568,118.04618,+86 592 650 6666,https://www.marriott.com/en-us/hotels/xmnmc-xiamen-marriott-hotel-haicang/overview/,https://www.marriott.com.cn/zh-cn/hotels/xmnmc-xiamen-marriott-hotel-haicang/overview/,,2018-08-28,14:00,12:00,false
XMNBR,Renaissance Xiamen Hotel,厦门万丽酒店,Renaissance Hotels,万丽酒店,BR,FULLY_BOOKABLE,resort,,Xiamen,厦门,Fujian,福建,"No 66 Guanbin Road, Tongan District",同安区观滨路 66 号,361100,24.607682,118.138567,+86 592 715 6666,https://www.marriott.com/en-us/hotels/xmnbr-renaissance-xiamen-hotel/overview/,https://www.marriott.com.cn/zh-cn/hotels/xmnbr-renaissance-xiamen-hotel/overview/,,2019-11-28,15:00,12:00,true
XMNSJ,Sheraton Grand Xiamen Jimei,厦门集美喜来登大酒店,Sheraton,喜来登酒店,SI,FULLY_BOOKABLE,hotel,,Xiamen,厦门,Fujian,福建,No. 1 Binshui Rd. Jimei Dist.,滨水路 1 号集美区,361021,24.6000503,118.0729725,+86 592 366 8800,https://www.marriott.com/en-us/hotels/xmnsj-sheraton-grand-xiamen-jimei/overview/,https://www.marriott.com.cn/zh-cn/hotels/xmnsj-sheraton-grand-xiamen-jimei/overview/,,2025-03-03,15:00,12:00,true
XMNSI,Sheraton Xiamen Hotel,厦门喜来登酒店,Sheraton,喜来登酒店,SI,FULLY_BOOKABLE,hotel,,Xiamen,厦门,Fujian,福建,386-1 Jiahe Road,嘉禾路 386-1 号,361009,24.495272,118.128417,+86 592 552 5888,https://www.marriott.com/en-us/hotels/xmnsi-sheraton-xiamen-hotel/overview/,https://www.marriott.com.cn/zh-cn/hotels/xmnsi-sheraton-xiamen-hotel/overview/,,2006-05-18,15:00,12:00,false
XMNWH,W Xiamen,厦门 W 酒店,W Hotels,W 酒店,WH,FULLY_BOOKABLE,hotel,,Xiamen,厦门,,,"1599 Lvling Road, Siming District",思明区吕岭路 1599 号,361000,24.485487,118.170743,+86 592 706 6666,https://www.marriott.com/en-us/hotels/xmnwh-w-xiamen/overview/,https://www.marriott.com.cn/zh-cn/hotels/xmnwh-w-xiamen/overview/,,2021-11-02,15:00,12:00,false
XNNFI,Fairfield by Marriott Xining North,西宁城北万枫酒店,Fairfield Inn & Suites,万枫酒店,FI,FULLY_BOOKABLE,hotel,,Xining,西宁,Qinghai,青海,"111 Ningzhang Road, Chengbei District",城北区宁张路 111 号,810001,36.67968,101.75604,+86 971 432 4999,https://www.marriott.com/en-us/hotels/xnnfi-fairfield-xining-north/overview/,https://www.marriott.com.cn/zh-cn/hotels/xnnfi-fairfield-xining-north/overview/,,2019-10-03,15:00,12:00,false
WUTXF,Fairfield Inn by Marriott Xinzhou Xinfu,忻州忻府万豪万枫酒店,Fairfield Inn & Suites,万枫酒店,FI,FULLY_BOOKABLE,hotel,,Xinzhou,忻州,Shanxi,山西,"The southwest corner of Xinjian North Road and Dunqi East Street, Xinfu District",忻府区新建北路和顿奇东街西南角,034000,38.49442,112.73353,+86 350 368 6666,https://www.marriott.com/en-us/hotels/wutxf-fairfield-inn-xinzhou-xinfu/overview/,https://www.marriott.com.cn/zh-cn/hotels/wutxf-fairfield-inn-xinzhou-xinfu/overview/,,2025-08-03,15:00,12:00,true
TYNWM,Wutai Mountain Marriott Hotel,五台山万豪酒店,Marriott Hotels & Resorts,万豪酒店,MC,FULLY_BOOKABLE,resort,,Xinzhou,忻州,Shanxi,山西,"No 300 Daganhe Village, Jingangku Township, Wutai County",五台县金岗库乡大甘河村一巷 300 号,035514,38.903553,113.654778,+86 350 331 8888,https://www.marriott.com/en-us/hotels/tynwm-wutai-mountain-marriott-hotel/overview/,https://www.marriott.com.cn/zh-cn/hotels/tynwm-wutai-mountain-marriott-hotel/overview/,,2016-02-18,14:00,12:00,false
XUZLV,Xuzhou Marriott Hotel Lakeview,徐州万豪酒店,Marriott Hotels & Resorts,万豪酒店,MC,FULLY_BOOKABLE,hotel,,Xuzhou,徐州,Jiangsu,江苏,"No1 Hubei Road, Quanshan District",泉山区湖北路 1 号,221006,34.245419,117.178906,+86 516 8058 9999,https://www.marriott.com/en-us/hotels/xuzlv-xuzhou-marriott-hotel-lakeview/overview/,https://www.marriott.com.cn/zh-cn/hotels/xuzlv-xuzhou-marriott-hotel-lakeview/overview/,,2019-08-10,16:00,12:00,false
XUZSI,Sheraton Xuzhou,徐州喜来登酒店,Sheraton,喜来登酒店,SI,FULLY_BOOKABLE,hotel,,Xuzhou,徐州,Jiangsu,江苏,"No 35 Daxue Road, New and High-Tech industrial Development Zone",高新技术产业开发区大学路 35 号,221116,34.204507,117.145684,+86 516 8508 8888,https://www.marriott.com/en-us/hotels/xuzsi-sheraton-xuzhou/overview/,https://www.marriott.com.cn/zh-cn/hotels/xuzsi-sheraton-xuzhou/overview/,,2023-09-08,14:00,12:00,true
NBSFP,Four Points by Sheraton Changbaishan,长白山福朋喜来登酒店,Four Points by Sheraton,福朋喜来登酒店,FP,OPENING_SOON,hotel,,Yanbian Korean Autonomous Prefecture,延边朝鲜族自治州,Jilin,吉林,No1002 South of Changqing Road  Chibei District Changbai Mountain Protection and Development Zone,长白山保护开发区池北区长青路南1002号,133613,42.4289821,128.1229854,,https://www.marriott.com/en-us/hotels/nbsfp-four-points-changbaishan/overview/,https://www.marriott.com.cn/zh-cn/hotels/nbsfp-four-points-changbaishan/overview/,,2026-08-30,15:00,12:00,true
YNZDF,Fairfield by Marriott Yancheng Dafeng,盐城大丰万豪万枫酒店,Fairfield Inn & Suites,万枫酒店,FI,FULLY_BOOKABLE,hotel,,Yancheng,江苏省盐城市,Jiangsu,江苏,"No.33 Minhe Road, Dafeng District",大丰区民和路33号,224199,33.151823,120.38804,+86 515 8336 8888,https://www.marriott.com/en-us/hotels/ynzdf-fairfield-yancheng-dafeng/overview/,https://www.marriott.com.cn/zh-cn/hotels/ynzdf-fairfield-yancheng-dafeng/overview/,,2025-10-23,15:00,12:00,true
YNZFP,"Four Points by Sheraton Yancheng, Jianhu",盐城建湖福朋喜来登酒店,Four Points by Sheraton,福朋喜来登酒店,FP,FULLY_BOOKABLE,hotel,,Yancheng,江苏省盐城市,Jiangsu,江苏,"No 896 Huzhong South Road, Jianhu County",建湖县湖中南路 896 号,224700,33.44430705,119.78936517,+86 515 8731 8888,https://www.marriott.com/en-us/hotels/ynzfp-four-points-yancheng-jianhu/overview/,https://www.marriott.com.cn/zh-cn/hotels/ynzfp-four-points-yancheng-jianhu/overview/,,2024-12-22,12:00,16:00,true
YNZMC,Yancheng Marriott Hotel,盐城万豪酒店,Marriott Hotels & Resorts,万豪酒店,MC,FULLY_BOOKABLE,hotel,,Yancheng,江苏省盐城市,,,"No 9 Jianjun West Road, Tinghu Disctrict",亭湖区建军西路 9 号,224001,33.383057,120.123751,+86 515 8011 9999,https://www.marriott.com/en-us/hotels/ynzmc-yancheng-marriott-hotel/overview/,https://www.marriott.com.cn/zh-cn/hotels/ynzmc-yancheng-marriott-hotel/overview/,,2021-05-06,15:00,12:00,true
ZUHEH,Element Yangjiang Hailing Island,阳江海陵岛源宿酒店,Element Hotels,源宿酒店,EL,FULLY_BOOKABLE,hotel,,Yangjiang,阳江,Guangdong,广东,"14# Building,No.1 Wanhao Hailing Bay, Nanhai No.1 Ave. Zhapo Town",闸坡镇南海 1 号万豪海陵湾 1 号 14 栋,529535,21.594514,111.899265,+86 662 385 5888,https://www.marriott.com/en-us/hotels/zuheh-element-yangjiang-hailing-island/overview/,https://www.marriott.com.cn/zh-cn/hotels/zuheh-element-yangjiang-hailing-island/overview/,,2024-04-27,15:00,12:00,true
ZUHYP,Four Points by Sheraton Yangjiang City Center,阳江中心福朋喜来登酒店,Four Points by Sheraton,福朋喜来登酒店,FP,FULLY_BOOKABLE,hotel,,Yangjiang,阳江,Guangdong,广东,"Hubin West Road, Yangdong District",阳东区湖滨西路,529500,21.876668523506623,112.00689218273,+86 662 666 6666,https://www.marriott.com/en-us/hotels/zuhyp-four-points-yangjiang-city-center/overview/,https://www.marriott.com.cn/zh-cn/hotels/zuhyp-four-points-yangjiang-city-center/overview/,,2023-11-10,15:00,12:00,true
YTYYC,Courtyard by Marriott Yangzhou,扬州万怡酒店,Courtyard,万怡酒店,CY,FULLY_BOOKABLE,hotel,,Yangzhou,扬州,Jiangsu,江苏,"No 559 Middle Wenchang Road, Hanjiang District",邗江区文昌中路 559 号,225002,32.39344,119.424778,+86 514 8732 2888,https://www.marriott.com/en-us/hotels/ytyyc-courtyard-yangzhou/overview/,https://www.marriott.com.cn/zh-cn/hotels/ytyyc-courtyard-yangzhou/overview/,,2024-09-08,15:00,12:00,true
YTYSF,Fairfield by Marriott Yangzhou Slender West Lake,扬州城市中心万豪万枫酒店,Fairfield Inn & Suites,万枫酒店,FI,FULLY_BOOKABLE,hotel,,Yangzhou,扬州,Jiangsu,江苏,"Building 8, 388 Yangzijiang North Road, Hanjiang District",邗江区扬子江北路 388 号 8 栋,225100,32.407486,119.41209,+86 514 8752 8555,https://www.marriott.com/en-us/hotels/ytysf-fairfield-yangzhou-slender-west-lake/overview/,https://www.marriott.com.cn/zh-cn/hotels/ytysf-fairfield-yangzhou-slender-west-lake/overview/,,2023-10-22,15:00,12:00,true
YNTAY,Aloft Yantai,烟台雅乐轩酒店,Aloft Hotels,雅乐轩酒店,AL,FULLY_BOOKABLE,hotel,,Yantai,烟台,Shandong,山东,"238 Haibin Road, Economic and Technological Development Zone",经济技术开发区海滨大道 238 号,264006,37.606846,121.138647,+86 535 260 1666,https://www.marriott.com/en-us/hotels/yntay-aloft-yantai/overview/,https://www.marriott.com.cn/zh-cn/hotels/yntay-aloft-yantai/overview/,,2023-07-01,15:00,12:00,false
YNTFH,Fairfield By Marriott Yantai,烟台万枫酒店,Fairfield Inn & Suites,万枫酒店,FI,FULLY_BOOKABLE,hotel,,Yantai,烟台,Shandong,山东,No. 36-1 Haibin Road Economic and Technological Development Zone,经济技术开发区海滨大道 36-1 号,264006,37.5728,121.26328,+86 535 637 1999,https://www.marriott.com/en-us/hotels/yntfh-fairfield-yantai/overview/,https://www.marriott.com.cn/zh-cn/hotels/yntfh-fairfield-yantai/overview/,,2024-07-25,15:00,12:00,true
YNTZP,Four Points by Sheraton Yantai Zhifu,烟台芝罘福朋喜来登酒店,Four Points by Sheraton,福朋喜来登酒店,FP,FULLY_BOOKABLE,hotel,,Yantai,烟台,Shandong,山东,No.32 Haigang Road,海港路32号,,37.54094,121.3859,+86 535 666 1777,https://www.marriott.com/en-us/hotels/yntzp-four-points-yantai-zhifu/overview/,https://www.marriott.com.cn/zh-cn/hotels/yntzp-four-points-yantai-zhifu/overview/,,2025-09-30,15:00,12:00,true
YNTMC,Yantai Marriott Hotel,烟台鑫广万豪酒店,Marriott Hotels & Resorts,万豪酒店,MC,FULLY_BOOKABLE,hotel,,Yantai,烟台,Shandong,山东,"No 365 Huanghe Road, Yantai Economic & Technological Zone",烟台经济技术开发区黄河路 365 号,264006,37.579945,121.19474,+86 535 338 8888,https://www.marriott.com/en-us/hotels/yntmc-yantai-marriott-hotel/overview/,https://www.marriott.com.cn/zh-cn/hotels/yntmc-yantai-marriott-hotel/overview/,,2018-10-29,15:00,12:00,false
YNTSI,Sheraton Yantai Golden Beach Resort,烟台金沙滩喜来登度假酒店,Sheraton,喜来登酒店,SI,FULLY_BOOKABLE,resort,,Yantai,烟台,Shandong,山东,"88 Haibin Road, Yantai Economic Development Area",烟台经济开发区海滨路 88 号,264006,37.577755,121.204386,+86 535 611 9999,https://www.marriott.com/en-us/hotels/yntsi-sheraton-yantai-golden-beach-resort/overview/,https://www.marriott.com.cn/zh-cn/hotels/yntsi-sheraton-yantai-golden-beach-resort/overview/,,2012-03-01,15:00,12:00,false
YNTWI,The Westin Yantai,烟台威斯汀酒店,Westin Hotels & Resorts,威斯汀酒店及度假村,WI,FULLY_BOOKABLE,hotel,,Yantai,烟台,Shandong,山东,"238 Haibin Road, Economic and Technological Development Zone",经济技术开发区海滨大道 238 号,264006,37.606846,121.138647,+86 535 295 9999,https://www.marriott.com/en-us/hotels/yntwi-the-westin-yantai/overview/,https://www.marriott.com.cn/zh-cn/hotels/yntwi-the-westin-yantai/overview/,,2023-07-01,15:00,12:00,false
YNTFP,Four Points by Sheraton Yantai,烟台福朋喜来登酒店,Four Points by Sheraton,福朋喜来登酒店,FP,FULLY_BOOKABLE,hotel,,Yantai Pilot Free Trade Zone,烟台自由贸易试验区,Shandong,山东,"286 Changjiang Road, Shuangxiang Building, No. 101",长江路 286 号双祥大厦 101 号,264006,37.565284,121.201355,+86 535 681 3333,https://www.marriott.com/en-us/hotels/yntfp-four-points-yantai/overview/,https://www.marriott.com.cn/zh-cn/hotels/yntfp-four-points-yantai/overview/,,2024-05-27,15:00,12:00,true
YBPCY,Courtyard by Marriott Yibin,宜宾产城竹颂万怡酒店,Courtyard,万怡酒店,CY,FULLY_BOOKABLE,hotel,,Yibin,宜宾,Sichuan,四川,"No. 8 Yuheng Road, Xuzhou District",叙州区玉衡路8号,644600,28.72839,104.627343,+86 831 619 9999,https://www.marriott.com/en-us/hotels/ybpcy-courtyard-yibin/overview/,https://www.marriott.com.cn/zh-cn/hotels/ybpcy-courtyard-yibin/overview/,,2026-01-01,14:00,12:00,false
YIHSM,Le Méridien Yichang Sanxia,宜昌三峡艾美酒店,Le Méridien,艾美酒店,MD,OPENING_SOON,hotel,,Yichang,宜昌,Hubei,湖北,"No.17 Nanjinguan Ville, Yiling District",夷陵区南津关小镇17号,443000,30.7622292,111.2766555,+86 717 711 6888,https://www.marriott.com/en-us/hotels/yihsm-le-meridien-yichang-sanxia/overview/,https://www.marriott.com.cn/zh-cn/hotels/yihsm-le-meridien-yichang-sanxia/overview/,,2026-06-01,15:00,12:00,false
YIHWI,The Westin Yichang,宜昌威斯汀酒店,Westin Hotels & Resorts,威斯汀酒店及度假村,WI,FULLY_BOOKABLE,hotel,,Yichang,宜昌,Hubei,湖北,"No 230 Yanjiang Avenue, Wujiagang District",伍家岗区沿江大道230号,443001,30.6374989,111.3535156,+86 717 678 9999,https://www.marriott.com/en-us/hotels/yihwi-the-westin-yichang/overview/,https://www.marriott.com.cn/zh-cn/hotels/yihwi-the-westin-yichang/overview/,,2025-10-28,14:00,12:00,true
INCCY,Courtyard by Marriott Yinchuan,银川万怡酒店,Courtyard,万怡酒店,CY,FULLY_BOOKABLE,hotel,,Yinchuan,银川,Ningxia,宁夏,"No 166 Beijing Middle Road, Jinfeng District",金凤区北京中路 166 号,750000,38.4824743446,106.228144537,+86 951 660 6666,https://www.marriott.com/en-us/hotels/inccy-courtyard-yinchuan/overview/,https://www.marriott.com.cn/zh-cn/hotels/inccy-courtyard-yinchuan/overview/,,2020-08-26,14:00,12:00,false
INCXF,Fairfield by Marriott Yinchuan Xingqing,银川兴庆区万豪万枫酒店,Fairfield Inn & Suites,万枫酒店,FI,FULLY_BOOKABLE,hotel,,Yinchuan,银川,Ningxia,宁夏,"No 1 Main Building, Lanxigu Business Plaza, Lijing North Street, Xingqing District",兴庆区丽景北街兰傒谷商务广场主楼1号,750000,38.4977848,106.3125565,+86 951 392 0888,https://www.marriott.com/en-us/hotels/incxf-fairfield-yinchuan-xingqing/overview/,https://www.marriott.com.cn/zh-cn/hotels/incxf-fairfield-yinchuan-xingqing/overview/,,2025-09-27,14:00,12:00,true
INCXP,Four Points by Sheraton Yinchuan Xingqing,银川兴庆福朋喜来登酒店,Four Points by Sheraton,福朋喜来登酒店,FP,FULLY_BOOKABLE,hotel,,Yinchuan,银川,Ningxia,宁夏,"No.27 Guoshang East Road, Xingqing District",兴庆区国商东路27号,750001,38.505354,106.320255,+86 951 393 3999,https://www.marriott.com/en-us/hotels/incxp-four-points-yinchuan-xingqing/overview/,https://www.marriott.com.cn/zh-cn/hotels/incxp-four-points-yinchuan-xingqing/overview/,,2026-05-01,15:00,12:00,true
INCJW,JW Marriott Hotel Yinchuan,银川 JW 万豪酒店,JW Marriott,JW万豪酒店,JW,FULLY_BOOKABLE,hotel,,Yinchuan,银川,Ningxia,宁夏,"No 166 Beijing Middle Road, Jinfeng District",金凤区北京中路 166 号,750000,38.4828097,106.2271262,+86 951 880 8888,https://www.marriott.com/en-us/hotels/incjw-jw-marriott-hotel-yinchuan/overview/,https://www.marriott.com.cn/zh-cn/hotels/incjw-jw-marriott-hotel-yinchuan/overview/,,2020-08-26,14:00,12:00,false
INCSI,Sheraton Yinchuan,银川喜来登酒店,Sheraton,喜来登酒店,SI,FULLY_BOOKABLE,hotel,,Yinchuan,银川,Ningxia,宁夏,"No 155 Houhai Road, Jinfeng District",金凤区后海路 155 号,750000,38.533478,106.23971,+86 951 513 2888,https://www.marriott.com/en-us/hotels/incsi-sheraton-yinchuan/overview/,https://www.marriott.com.cn/zh-cn/hotels/incsi-sheraton-yinchuan/overview/,,2019-03-29,14:00,12:00,true
YINFI,Fairfield by Marriott Yining,伊宁万豪万枫酒店,Fairfield Inn & Suites,万枫酒店,FI,FULLY_BOOKABLE,hotel,,Yining,伊宁,Xinjiang,新疆,"No. 449 Shenzhen Road, Economic Development Zone",经济开发区深圳路449号,835000,43.948778,81.278611,+86 999 816 6668,https://www.marriott.com/en-us/hotels/yinfi-fairfield-yining/overview/,https://www.marriott.com.cn/zh-cn/hotels/yinfi-fairfield-yining/overview/,,2025-06-07,15:00,12:00,true
YINFP,Four Points by Sheraton Yining,伊宁福朋喜来登酒店,Four Points by Sheraton,福朋喜来登酒店,FP,FULLY_BOOKABLE,hotel,,Yining,伊宁,Xinjiang,新疆,"No.283 Shanghai Road, Development Zone",开发区上海路 283 号,835000,43.9458327,81.2792697,+86 999 863 3666,https://www.marriott.com/en-us/hotels/yinfp-four-points-yining/overview/,https://www.marriott.com.cn/zh-cn/hotels/yinfp-four-points-yining/overview/,,2025-06-10,15:00,12:00,true
YIWYF,Fairfield by Marriott Yiwu,义乌万豪万枫酒店,Fairfield Inn & Suites,万枫酒店,FI,FULLY_BOOKABLE,hotel,,Yiwu,义乌,Zhejiang,浙江,No.90 Chouzhou Middle Road,稠州中路 90 号,322099,29.3023634,120.0806821,+86 579 8258 9999,https://www.marriott.com/en-us/hotels/yiwyf-fairfield-yiwu/overview/,https://www.marriott.com.cn/zh-cn/hotels/yiwyf-fairfield-yiwu/overview/,,2024-11-30,15:00,12:00,true
YIWER,"The International Trade City, Yiwu - Marriott Executive Apartments",义乌万豪行政公寓,Marriott Executive Apartments,万豪行政公寓,ER,FULLY_BOOKABLE,hotel,,Yiwu,义乌,Zhejiang,浙江,188 Futian Road,福田路 188 号,322000,29.3288776552,120.1076009747,+86 579 8155 8888,https://www.marriott.com/en-us/hotels/yiwer-the-international-trade-city-yiwu-marriott-executive-apartments/overview/,https://www.marriott.com.cn/zh-cn/hotels/yiwer-the-international-trade-city-yiwu-marriott-executive-apartments/overview/,,2018-05-25,14:00,12:00,true
YIWMC,Yiwu Marriott Hotel,义乌万豪酒店,Marriott Hotels & Resorts,万豪酒店,MC,FULLY_BOOKABLE,hotel,,Yiwu,义乌,Zhejiang,浙江,188 Futian Road,福田路 188 号,322000,29.3288776552,120.1076009747,+86 579 8155 8888,https://www.marriott.com/en-us/hotels/yiwmc-yiwu-marriott-hotel/overview/,https://www.marriott.com.cn/zh-cn/hotels/yiwmc-yiwu-marriott-hotel/overview/,,2016-01-10,14:00,12:00,false
CZXMD,Le Méridien Yixing,宜兴富力艾美酒店,Le Méridien,艾美酒店,MD,FULLY_BOOKABLE,hotel,,Yixing,宜兴,Jiangsu,江苏,455 Yangxian Road East,阳羡东路 455 号,214200,31.366032,119.848582,+86 510 8719 8888,https://www.marriott.com/en-us/hotels/czxmd-le-meridien-yixing/overview/,https://www.marriott.com.cn/zh-cn/hotels/czxmd-le-meridien-yixing/overview/,,2013-05-31,15:00,12:00,false
CSXYB,Four Points by Sheraton Yiyang,益阳宝基福朋喜来登酒店,Four Points by Sheraton,福朋喜来登酒店,FP,FULLY_BOOKABLE,hotel,,Yiyang,益阳,Hunan,湖南,"No 588 Yingbin East Road, Heshan District",赫山区迎宾东路 588 号,413000,28.5390158,112.3587247,+86 737 318 8888,https://www.marriott.com/en-us/hotels/csxyb-four-points-yiyang/overview/,https://www.marriott.com.cn/zh-cn/hotels/csxyb-four-points-yiyang/overview/,,2022-12-26,15:00,12:00,false
WNZCW,Courtyard by Marriott Wenzhou Yueqing,温州乐清万怡酒店,Courtyard,万怡酒店,CY,FULLY_BOOKABLE,hotel,,Yueqing,乐清,Zhejiang,浙江,"No 6698 Xuyang Road, Chengdong Street",城东街道旭阳路 6698 号,325600,28.098983,121.0135,+86 577 6156 6666,https://www.marriott.com/en-us/hotels/wnzcw-courtyard-wenzhou-yueqing/overview/,https://www.marriott.com.cn/zh-cn/hotels/wnzcw-courtyard-wenzhou-yueqing/overview/,,2021-09-22,14:00,12:00,true
UYNFI,Fairfield by Marriott Yulin,榆林万豪万枫酒店,Fairfield Inn & Suites,万枫酒店,FI,FULLY_BOOKABLE,hotel,,Yulin,榆林,Shaanxi,陕西,"North Gate, Rongshengjinxiucheng, Kechuang 3rd Road, Kechuang New City, Hengshan District",横山区科创新城科创三路荣盛锦绣城北门,719100,38.231752,109.717477,+86 912 812 3999,https://www.marriott.com/en-us/hotels/uynfi-fairfield-yulin/overview/,https://www.marriott.com.cn/zh-cn/hotels/uynfi-fairfield-yulin/overview/,,2026-04-03,14:00,12:00,true
UYNFP,Four Points by Sheraton Yulin High-Tech Zone,榆林高新区福朋喜来登酒店,Four Points by Sheraton,福朋喜来登酒店,FP,FULLY_BOOKABLE,hotel,,Yulin,榆林,Shaanxi,陕西,"No.9 Aolin Buliding , Jianye Road, High-Tech Zone",高新区建业大道奥林城小区9幢,719000,38.229091,109.772281,+86 912 814 7777,https://www.marriott.com/en-us/hotels/uynfp-four-points-yulin-high-tech-zone/overview/,https://www.marriott.com.cn/zh-cn/hotels/uynfp-four-points-yulin-high-tech-zone/overview/,,2026-05-01,15:00,12:00,true
FUOSY,Sheraton Yunfu Xinxing Hotel,云浮新兴筠城喜来登酒店,Sheraton,喜来登酒店,SI,FULLY_BOOKABLE,hotel,,Yunfu,云浮,Guangdong,广东,"No 66 North Yanjiang Road, Xincheng Town",新城镇沿江北路66号,527400,22.71442,112.23772,+86 766 222 8888,https://www.marriott.com/en-us/hotels/fuosy-sheraton-yunfu-xinxing-hotel/overview/,https://www.marriott.com.cn/zh-cn/hotels/fuosy-sheraton-yunfu-xinxing-hotel/overview/,,2019-01-24,15:00,12:00,false
NGBYF,Fairfield by Marriott Yuyao,余姚万枫酒店­­,Fairfield Inn & Suites,万枫酒店,FI,FULLY_BOOKABLE,hotel,,Yuyao,余姚,Zhejiang,浙江,226 Xinjian Road North,新建北路 226 号,315499,30.0724954,121.1616073,+86 574 6288 6668,https://www.marriott.com/en-us/hotels/ngbyf-fairfield-yuyao/overview/,https://www.marriott.com.cn/zh-cn/hotels/ngbyf-fairfield-yuyao/overview/,,2023-04-18,14:00,12:00,true
XUZTS,Sheraton Tengzhou,滕州喜来登酒店,Sheraton,喜来登酒店,SI,FULLY_BOOKABLE,hotel,,Zaozhuang,枣庄,Shandong,山东,"No.1916,Beixin Middle Road, Beixin Street, Tengzhou","北辛街道北辛中路1916号, 滕州",277500,35.11169634,117.1605286,+86 632 368 8888,https://www.marriott.com/en-us/hotels/xuzts-sheraton-tengzhou/overview/,https://www.marriott.com.cn/zh-cn/hotels/xuzts-sheraton-tengzhou/overview/,,2026-05-12,15:00,12:00,true
WUXZH,Zhangjiagang Marriott Hotel,张家港万豪酒店,Marriott Hotels & Resorts,万豪酒店,MC,FULLY_BOOKABLE,hotel,,Zhangjiagang,张家港,Jiangsu,江苏,No 686 Renmin East Road,人民东路 686 号,215600,31.871271,120.569214,+86 512 5857 8888,https://www.marriott.com/en-us/hotels/wuxzh-zhangjiagang-marriott-hotel/overview/,https://www.marriott.com.cn/zh-cn/hotels/wuxzh-zhangjiagang-marriott-hotel/overview/,,2019-06-01,14:00,12:00,false
DYGTF,Fairfield by Marriott Zhangjiajie Tianmen Mountain,张家界天门山万豪万枫酒店,Fairfield Inn & Suites,万枫酒店,FI,OPENING_SOON,hotel,,Zhangjiajie,张家界,Hunan,湖南,"Tianmenju, Guanli Road Yongding District",永定区官黎路天门居,427000,29.107137,110.480807,+86 744 228 8333,https://www.marriott.com/en-us/hotels/dygtf-fairfield-zhangjiajie-tianmen-mountain/overview/,https://www.marriott.com.cn/zh-cn/hotels/dygtf-fairfield-zhangjiajie-tianmen-mountain/overview/,,2026-12-01,15:00,12:00,false
DYGTP,Four Points by Sheraton Zhangjiajie Tianmen Mountain,张家界天门山福朋喜来登酒店,Four Points by Sheraton,福朋喜来登酒店,FP,OPENING_SOON,hotel,,Zhangjiajie,张家界,Hunan,湖南,"No. 63, Chongwen Road,, Yongding District",永定区崇文路63号,427000,29.125113,110.468251,,https://www.marriott.com/en-us/hotels/dygtp-four-points-zhangjiajie-tianmen-mountain/overview/,https://www.marriott.com.cn/zh-cn/hotels/dygtp-four-points-zhangjiajie-tianmen-mountain/overview/,,2026-07-30,15:00,12:00,true
ZQZCY,Courtyard by Marriott Chongli,崇礼万怡酒店,Courtyard,万怡酒店,CY,FULLY_BOOKABLE,hotel,,Zhangjiakou,张家口市,Hebei,河北,"Wanlong Road, West Wanzi Town, Chongli District",崇礼区西湾子镇万龙路,,40.9790504,115.3262001,+86 313 669 5566,https://www.marriott.com/en-us/hotels/zqzcy-courtyard-chongli/overview/,https://www.marriott.com.cn/zh-cn/hotels/zqzcy-courtyard-chongli/overview/,,2023-01-01,15:00,12:00,true
ZQZEL,Element Chongli,崇礼源宿酒店,Element Hotels,源宿酒店,EL,FULLY_BOOKABLE,resort,,Zhangjiakou,张家口市,Hebei,河北,"Block I, Thaiwoo Resort, Sitaizui Township, Chongli District",崇礼区四台嘴乡太舞度假小镇一期,076350,40.9223,115.439,+86 313 477 8500,https://www.marriott.com/en-us/hotels/zqzel-element-chongli/overview/,https://www.marriott.com.cn/zh-cn/hotels/zqzel-element-chongli/overview/,,2017-07-28,15:00,12:00,true
ZHASI,Sheraton Zhanjiang Hotel,湛江民大喜来登酒店,Sheraton,喜来登酒店,SI,FULLY_BOOKABLE,hotel,,Zhanjiang,湛江,Guangdong,广东,"No.128, Haibin Avenue North, Chikan District",赤坎区海滨大道北 128 号,524044,21.260821,110.394681,+86 759 358 8888,https://www.marriott.com/en-us/hotels/zhasi-sheraton-zhanjiang-hotel/overview/,https://www.marriott.com.cn/zh-cn/hotels/zhasi-sheraton-zhanjiang-hotel/overview/,,2015-05-05,15:00,12:00,false
FUOSZ,Sheraton Zhaoqing Dinghu,肇庆喜来登酒店,Sheraton,喜来登酒店,SI,FULLY_BOOKABLE,hotel,,Zhaoqing,肇庆,Guangdong,广东,"No 1 Yongli Avenue, Dinghu District",鼎湖区永利大道 1 号,526000,23.2060357,112.6036708,+86 758 822 8888,https://www.marriott.com/en-us/hotels/fuosz-sheraton-zhaoqing-dinghu/overview/,https://www.marriott.com.cn/zh-cn/hotels/fuosz-sheraton-zhaoqing-dinghu/overview/,,2021-12-29,15:00,12:00,true
CGOSL,Aloft Zhengzhou Shangjie,郑州上街雅乐轩酒店,Aloft Hotels,雅乐轩酒店,AL,FULLY_BOOKABLE,hotel,,Zhengzhou,郑州,Henan,河南,"No.101 Zhongxin Road, Shangjie District",上街区中心路 101 号,450041,34.808105,113.316326,+86 371 6813 6666,https://www.marriott.com/en-us/hotels/cgosl-aloft-zhengzhou-shangjie/overview/,https://www.marriott.com.cn/zh-cn/hotels/cgosl-aloft-zhengzhou-shangjie/overview/,,2011-08-05,15:00,12:00,false
CGOAP,Courtyard by Marriott Zhengzhou Airport,郑州航空港万怡酒店,Courtyard,万怡酒店,CY,FULLY_BOOKABLE,hotel,,Zhengzhou,郑州,Henan,河南,"Building A No 63 Yuanhang Road, Airport Zone",航空港区远航路 63 号 A 栋,450000,34.557503,113.85521,+86 371 5681 8888,https://www.marriott.com/en-us/hotels/cgoap-courtyard-zhengzhou-airport/overview/,https://www.marriott.com.cn/zh-cn/hotels/cgoap-courtyard-zhengzhou-airport/overview/,,2017-12-18,14:00,12:00,false
CGOCY,Courtyard by Marriott Zhengzhou East,郑州汇艺万怡酒店,Courtyard,万怡酒店,CY,FULLY_BOOKABLE,hotel,,Zhengzhou,郑州,Henan,河南,"Building B No 77 Shangding Road, Zhengdong New District,",郑东新区商鼎路 77 号 B 座,450000,34.753899,113.769994,+86 371 8596 8888,https://www.marriott.com/en-us/hotels/cgocy-courtyard-zhengzhou-east/overview/,https://www.marriott.com.cn/zh-cn/hotels/cgocy-courtyard-zhengzhou-east/overview/,,2015-09-15,14:00,12:00,false
CGOSF,Fairfield by Marriott Zhengzhou Shuanghe Lake,郑州双鹤湖万豪万枫酒店,Fairfield Inn & Suites,万枫酒店,FI,FULLY_BOOKABLE,hotel,,Zhengzhou,郑州,Henan,河南,"International Exchange Center Building 2, East Shuanghe Wujie,South Hebei Huan Road,West Yongzhou Road,Zhengzhou Airport Economy Zone",郑州航空港经济综合实验区，双鹤五街以东，河北环路以南，雍州路以西，国际交流中心2号楼,450000,34.403851,113.857125,+86 371 8669 6666,https://www.marriott.com/en-us/hotels/cgosf-fairfield-zhengzhou-shuanghe-lake/overview/,https://www.marriott.com.cn/zh-cn/hotels/cgosf-fairfield-zhengzhou-shuanghe-lake/overview/,,2026-05-01,15:00,12:00,true
CGOEP,Four Points by Sheraton Zhengzhou East Railway Station,郑州东站福朋喜来登酒店,Four Points by Sheraton,福朋喜来登酒店,FP,FULLY_BOOKABLE,hotel,,Zhengzhou,郑州,Henan,河南,"Southwest corner of the intersection of Shangding Road and Dongfeng South Road, Zhengdong New District",郑东新区商鼎路与东风南路交叉口西南角,450046,34.7543956,113.7676388,+86 371 6533 3888,https://www.marriott.com/en-us/hotels/cgoep-four-points-zhengzhou-east-railway-station/overview/,https://www.marriott.com.cn/zh-cn/hotels/cgoep-four-points-zhengzhou-east-railway-station/overview/,,2026-01-31,14:00,12:00,true
CGOJW,JW Marriott Hotel Zhengzhou,郑州绿地 JW 万豪酒店,JW Marriott,JW万豪酒店,JW,FULLY_BOOKABLE,hotel,,Zhengzhou,郑州,Henan,河南,"Millennium Royal Plaza, No 2 Central Business District, Zhengdong New District",郑东新区中央商务区 2 号千玺广场,450018,34.770492,113.721479,+86 371 8882 8888,https://www.marriott.com/en-us/hotels/cgojw-jw-marriott-hotel-zhengzhou/overview/,https://www.marriott.com.cn/zh-cn/hotels/cgojw-jw-marriott-hotel-zhengzhou/overview/,,2014-07-16,14:00,12:00,true
CGOMD,Le Méridien Zhengzhou,郑州建业艾美酒店,Le Méridien,艾美酒店,MD,FULLY_BOOKABLE,hotel,,Zhengzhou,郑州,Henan,河南,"No.1188 Zhongzhou Avenue, Jinshui District",金水区中州大道 1188 号,450004,34.74755,113.725694,+86 371 5599 8888,https://www.marriott.com/en-us/hotels/cgomd-le-meridien-zhengzhou/overview/,https://www.marriott.com.cn/zh-cn/hotels/cgomd-le-meridien-zhengzhou/overview/,,2013-12-18,15:00,12:00,false
CGOGS,Sheraton Grand Zhengzhou Hotel,郑州美盛喜来登大酒店,Sheraton,喜来登酒店,SI,FULLY_BOOKABLE,hotel,,Zhengzhou,郑州,Henan,河南,"No.33 Jinshui East Road, Zhengdong New District",郑东新区金水东路 33 号,450046,34.763913,113.754675,+86 371 6063 6666,https://www.marriott.com/en-us/hotels/cgogs-sheraton-grand-zhengzhou-hotel/overview/,https://www.marriott.com.cn/zh-cn/hotels/cgogs-sheraton-grand-zhengzhou-hotel/overview/,,2014-12-31,14:00,12:00,true
CZXZM,Zhenjiang Marriott Hotel,镇江苏宁万豪酒店,Marriott Hotels & Resorts,万豪酒店,MC,FULLY_BOOKABLE,hotel,,Zhenjiang,镇江,Jiangsu,江苏,No. 301 Zhongshan East Road,中山东路301号,212000,32.20369,119.45364,+86 511 8885 1234,https://www.marriott.com/en-us/hotels/czxzm-zhenjiang-marriott-hotel/overview/,https://www.marriott.com.cn/zh-cn/hotels/czxzm-zhenjiang-marriott-hotel/overview/,,2026-05-15,15:00,12:00,true
CZXSI,Sheraton Zhenjiang Hotel,镇江康华汇利喜来登酒店,Sheraton,喜来登酒店,SI,FULLY_BOOKABLE,hotel,,Zhenjiang,镇江,Jiangsu,江苏,No. 88 Beifu Road,北府路 88 号,212004,32.1933,119.4353,+86 511 8999 9999,https://www.marriott.com/en-us/hotels/czxsi-sheraton-zhenjiang-hotel/overview/,https://www.marriott.com.cn/zh-cn/hotels/czxsi-sheraton-zhenjiang-hotel/overview/,,2011-08-12,15:00,12:00,false
ZISMD,Le Méridien Zhongshan,中山保利艾美酒店,Le Méridien,艾美酒店,MD,FULLY_BOOKABLE,hotel,,Zhongshan,中山,Guangdong,广东,"No 21 Gangkou Avenue, Gangkou Town",港口镇港口大道 21 号,528447,22.58291667,113.393,+86 760 2280 8888,https://www.marriott.com/en-us/hotels/zismd-le-meridien-zhongshan/overview/,https://www.marriott.com.cn/zh-cn/hotels/zismd-le-meridien-zhongshan/overview/,,2018-10-15,15:00,12:00,false
ZISSI,Sheraton Zhongshan Hotel,中山喜来登酒店,Sheraton,喜来登酒店,SI,FULLY_BOOKABLE,hotel,,Zhongshan,中山,Guangdong,广东,"28 Xi Di Road, Qi Jiang Park North",西堤路岐江公园北侧 28 号,528403,22.519537,113.36505,+86 760 8822 8888,https://www.marriott.com/en-us/hotels/zissi-sheraton-zhongshan-hotel/overview/,https://www.marriott.com.cn/zh-cn/hotels/zissi-sheraton-zhongshan-hotel/overview/,,2010-08-10,15:00,12:00,false
ZISWZ,The Westin Zhongshan Guzhen,中山利和威斯汀酒店,Westin Hotels & Resorts,威斯汀酒店及度假村,WI,FULLY_BOOKABLE,hotel,,Zhongshan,中山,Guangdong,广东,"No 98 Tongxing Road, Guzhen Town",古镇镇同兴路 98 号,528421,22.598597,113.201866,+86 760 8977 3333,https://www.marriott.com/en-us/hotels/ziswz-the-westin-zhongshan-guzhen/overview/,https://www.marriott.com.cn/zh-cn/hotels/ziswz-the-westin-zhongshan-guzhen/overview/,,2019-09-12,15:00,12:00,true
HSNZF,Fairfield by Marriott Zhoushan Daishan,舟山岱山万枫酒店,Fairfield Inn & Suites,万枫酒店,FI,FULLY_BOOKABLE,hotel,,Zhoushan,舟山,Zhejiang,浙江,"No 35 Guanyin road, Qushan town",衢山镇观音路35号,316281,30.450983,122.305482,+86 580 789 7777,https://www.marriott.com/en-us/hotels/hsnzf-fairfield-zhoushan-daishan/overview/,https://www.marriott.com.cn/zh-cn/hotels/hsnzf-fairfield-zhoushan-daishan/overview/,,2026-02-21,15:00,12:00,true
HSNNF,Fairfield by Marriott Zhoushan New City,舟山新城万豪万枫酒店,Fairfield Inn & Suites,万枫酒店,FI,OPENING_SOON,hotel,,Zhoushan,舟山,Zhejiang,浙江,"No.2091, Donghai West Road, Donggang Street,, Putuo District",普陀区东港街道东海西路2091号,316100,29.969479,122.2445322,+86 580 637 1888,https://www.marriott.com/en-us/hotels/hsnnf-fairfield-zhoushan-new-city/overview/,https://www.marriott.com.cn/zh-cn/hotels/hsnnf-fairfield-zhoushan-new-city/overview/,,2026-08-30,15:00,12:00,true
HSNPF,Fairfield by Marriott Zhoushan Putuo,舟山普陀万豪万枫酒店,Fairfield Inn & Suites,万枫酒店,FI,FULLY_BOOKABLE,hotel,,Zhoushan,舟山,Zhejiang,浙江,"No 1055 Haiyin Road, Putuo District",普陀区海印路 1055 号,316106,29.9846,122.3249,+86 580 605 8888,https://www.marriott.com/en-us/hotels/hsnpf-fairfield-zhoushan-putuo/overview/,https://www.marriott.com.cn/zh-cn/hotels/hsnpf-fairfield-zhoushan-putuo/overview/,,2024-08-14,15:00,12:00,true
HSNDP,Four Points by Sheraton Zhoushan Dinghai,舟山定海福朋喜来登酒店,Four Points by Sheraton,福朋喜来登酒店,FP,FULLY_BOOKABLE,hotel,,Zhoushan,舟山,Zhejiang,浙江,"No.111, Renmin South Road, Dinghai District",定海区人民南路111号,316000,30.01311,122.1087,+86 580 211 2666,https://www.marriott.com/en-us/hotels/hsndp-four-points-zhoushan-dinghai/overview/,https://www.marriott.com.cn/zh-cn/hotels/hsndp-four-points-zhoushan-dinghai/overview/,,2026-01-25,15:00,12:00,true
HSNSI,Sheraton Zhoushan Hotel,舟山喜来登绿城酒店,Sheraton,喜来登酒店,SI,FULLY_BOOKABLE,hotel,,Zhoushan,舟山,Zhejiang,浙江,"101 Qiandao Road, Lincheng New District",临城新区千岛路 101 号,316021,29.98724,122.20288,+86 580 208 8888,https://www.marriott.com/en-us/hotels/hsnsi-sheraton-zhoushan-hotel/overview/,https://www.marriott.com.cn/zh-cn/hotels/hsnsi-sheraton-zhoushan-hotel/overview/,,2007-09-28,15:00,12:00,false
HSNWI,"The Westin Zhujiajian Resort, Zhoushan",舟山朱家尖绿城威斯汀度假酒店,Westin Hotels & Resorts,威斯汀酒店及度假村,WI,FULLY_BOOKABLE,resort,,Zhoushan,舟山,Zhejiang,浙江,"1288 Jiari Road, Zhujiajian",朱家尖假日路 1288 号,316111,29.876299,122.411721,+86 580 603 8888,https://www.marriott.com/en-us/hotels/hsnwi-the-westin-zhujiajian-resort-zhoushan/overview/,https://www.marriott.com.cn/zh-cn/hotels/hsnwi-the-westin-zhujiajian-resort-zhoushan/overview/,,2014-07-28,15:00,12:00,true
ZUHXA,Aloft Zhuhai Xiangzhou,珠海香洲雅乐轩酒店,Aloft Hotels,雅乐轩酒店,AL,OPENING_SOON,hotel,,Zhuhai,珠海,Guangdong,广东,"No. 51, Lixi Road, Xiangzhou District",香洲区励行路51号,519075,22.289061,113.498318,,https://www.marriott.com/en-us/hotels/zuhxa-aloft-zhuhai-xiangzhou/overview/,https://www.marriott.com.cn/zh-cn/hotels/zuhxa-aloft-zhuhai-xiangzhou/overview/,,2026-11-04,15:00,12:00,true
ZUHCY,Courtyard by Marriott Zhuhai,珠海万怡酒店,Courtyard,万怡酒店,CY,FULLY_BOOKABLE,hotel,,Zhuhai,珠海,Guangdong,广东,"373 Jingxiu 4th Road, Xiangzhou District",香洲区景秀四路373号,519000,22.1737473,113.5197886,+86 756 272 1888,https://www.marriott.com/en-us/hotels/zuhcy-courtyard-zhuhai/overview/,https://www.marriott.com.cn/zh-cn/hotels/zuhcy-courtyard-zhuhai/overview/,,2025-09-08,15:00,12:00,true
ZUHFI,Fairfield by Marriott Zhuhai,珠海万豪万枫酒店,Fairfield Inn & Suites,万枫酒店,FI,FULLY_BOOKABLE,hotel,,Zhuhai,珠海,Guangdong,广东,"No 128 Gongbei Gang 1st Road, Xiang Zhou District",香洲区拱北港一路128号,519000,22.230361,113.532445,+86 756 690 8666,https://www.marriott.com/en-us/hotels/zuhfi-fairfield-zhuhai/overview/,https://www.marriott.com.cn/zh-cn/hotels/zuhfi-fairfield-zhuhai/overview/,,2020-07-16,15:00,12:00,false
ZUHNP,Four Points by Sheraton Zhuhai Nanwan,珠海南湾福朋喜来登酒店,Four Points by Sheraton,福朋喜来登酒店,FP,OPENING_SOON,hotel,,Zhuhai,珠海,Guangdong,广东,"No.77 Pinglan Road, Xiangzhou District",香洲区坪岚路77号,519000,22.216044,113.511432,+86 756 861 1888,https://www.marriott.com/en-us/hotels/zuhnp-four-points-zhuhai-nanwan/overview/,https://www.marriott.com.cn/zh-cn/hotels/zuhnp-four-points-zhuhai-nanwan/overview/,,2026-05-31,15:00,12:00,true
ZUHMZ,Zhuhai Dong'ao Island Marriott Resort and Spa,珠海东澳岛万豪度假酒店,Marriott Hotels & Resorts,万豪酒店,MC,FULLY_BOOKABLE,resort,,Zhuhai,珠海,Guangdong,广东,"No 6 Haiyue Lane, Dong'ao Island, Wanshan Town, Xiangzhou District",香洲区万山镇东澳岛海月巷 6 号,519015,22.026706,113.706042,+86 756 772 2888,https://www.marriott.com/en-us/hotels/zuhmz-zhuhai-dongao-island-marriott-resort-and-spa/overview/,https://www.marriott.com.cn/zh-cn/hotels/zuhmz-zhuhai-dongao-island-marriott-resort-and-spa/overview/,,2024-06-19,15:00,12:00,true
ZUHMC,Zhuhai Marriott Hotel,珠海新骏景万豪酒店,Marriott Hotels & Resorts,万豪酒店,MC,FULLY_BOOKABLE,hotel,,Zhuhai,珠海,Guangdong,广东,"Building 9, No 177 Jingshan Road, Jida, Xiangzhou District",香洲区吉大景山路 177 号 9 栋,519000,22.2567145,113.5764771,+86 756 631 8888,https://www.marriott.com/en-us/hotels/zuhmc-zhuhai-marriott-hotel/overview/,https://www.marriott.com.cn/zh-cn/hotels/zuhmc-zhuhai-marriott-hotel/overview/,,2016-02-03,15:00,12:00,false
ZUHMJ,Zhuhai Marriott Hotel Jinwan,珠海华发万豪酒店,Marriott Hotels & Resorts,万豪酒店,MC,FULLY_BOOKABLE,hotel,,Zhuhai,珠海,Guangdong,广东,"204 Huanbin Lane, Jinwan District",金湾区环滨巷 204 号,519090,22.119667,113.361626,+86 756 232 8888,https://www.marriott.com/en-us/hotels/zuhmj-zhuhai-marriott-hotel-jinwan/overview/,https://www.marriott.com.cn/zh-cn/hotels/zuhmj-zhuhai-marriott-hotel-jinwan/overview/,,2023-06-28,15:00,12:00,true
ZUHBR,Renaissance Zhuhai Hotel,珠海中海万丽酒店,Renaissance Hotels,万丽酒店,BR,FULLY_BOOKABLE,hotel,,Zhuhai,珠海,Guangdong,广东,"No.66 Qianhe North Road, Xiangzhou District",香洲区前河北路 66 号,519000,22.2323621,113.52543,+86 756 686 8888,https://www.marriott.com/en-us/hotels/zuhbr-renaissance-zhuhai-hotel/overview/,https://www.marriott.com.cn/zh-cn/hotels/zuhbr-renaissance-zhuhai-hotel/overview/,,2022-04-16,15:00,12:00,false
ZUHZS,Sheraton Zhuhai Hotel,珠海华发喜来登酒店,Sheraton,喜来登酒店,SI,FULLY_BOOKABLE,hotel,,Zhuhai,珠海,Guangdong,广东,"1663 Yin Wan Road, Wanzai, Xiang Zhou District",香洲区湾仔银湾路 1663 号,519000,22.17019,113.526029,+86 756 299 6688,https://www.marriott.com/en-us/hotels/zuhzs-sheraton-zhuhai-hotel/overview/,https://www.marriott.com.cn/zh-cn/hotels/zuhzs-sheraton-zhuhai-hotel/overview/,,2015-10-18,15:00,12:00,true
ZUHXR,The St. Regis Zhuhai,珠海瑞吉酒店,St. Regis,瑞吉酒店,XR,FULLY_BOOKABLE,hotel,,Zhuhai,珠海,Guangdong,广东,"No. 1663 Yinwan Road Wanzai, Xiangzhou District",香洲区湾仔银湾路 1663 号,519000,22.171623,113.526596,+86 756 299 9888,https://www.marriott.com/en-us/hotels/zuhxr-the-st-regis-zhuhai/overview/,https://www.marriott.com.cn/zh-cn/hotels/zuhxr-the-st-regis-zhuhai/overview/,,2018-10-18,15:00,12:00,false
YIWZF,Fairfield by Marriott Zhuji,诸暨万枫酒店,Fairfield Inn & Suites,万枫酒店,FI,FULLY_BOOKABLE,hotel,,Zhuji,诸暨,Zhejiang,浙江,"148 Genta Road West, Taozhu Sub-District",陶朱街道艮塔西路 148 号,311800,29.7285515,120.1929915,+86 575 8786 6668,https://www.marriott.com/en-us/hotels/yiwzf-fairfield-zhuji/overview/,https://www.marriott.com.cn/zh-cn/hotels/yiwzf-fairfield-zhuji/overview/,,2023-11-09,14:00,12:00,true
CSXZH,Zhuzhou Marriott Hotel,株洲美的万豪酒店,Marriott Hotels & Resorts,万豪酒店,MC,FULLY_BOOKABLE,hotel,,Zhuzhou,株洲,Hunan,湖南,"No.160 Longxing Road, Tianyuan District",天元区隆兴路160号,412007,27.832764,113.086615,+86 731 2365 8888,https://www.marriott.com/en-us/hotels/csxzh-zhuzhou-marriott-hotel/overview/,https://www.marriott.com.cn/zh-cn/hotels/csxzh-zhuzhou-marriott-hotel/overview/,,2015-07-06,14:00,12:00,false
TNAZF,Fairfield by Marriott Zibo,淄博万枫酒店,Fairfield Inn & Suites,万枫酒店,FI,FULLY_BOOKABLE,hotel,,Zibo,淄博,Shandong,山东,"No. 68 A5 Lutai Dadao, High-tech Zone",高新区鲁泰大道 68 号 A5,255000,36.84633,118.04961,+86 533 507 8888,https://www.marriott.com/en-us/hotels/tnazf-fairfield-zibo/overview/,https://www.marriott.com.cn/zh-cn/hotels/tnazf-fairfield-zibo/overview/,,2023-04-29,15:00,12:00,false
TNAZZ,Four Points by Sheraton Zibo Zichuan,淄博淄川福朋喜来登酒店,Four Points by Sheraton,福朋喜来登酒店,FP,FULLY_BOOKABLE,hotel,,Zibo,淄博,Shandong,山东,"555 YiZe Jiangjun Street, Zichuan District",淄川区颐泽将军大道555号,,36.62511,117.9907,+86 533 602 3888,https://www.marriott.com/en-us/hotels/tnazz-four-points-zibo-zichuan/overview/,https://www.marriott.com.cn/zh-cn/hotels/tnazz-four-points-zibo-zichuan/overview/,,2026-01-26,15:00,12:00,false
TNASI,Sheraton Zibo Hotel,淄博喜来登酒店,Sheraton,喜来登酒店,SI,FULLY_BOOKABLE,hotel,,Zibo,淄博,Shandong,山东,"No. 68 Jinjing Avenue, Zhangdian District",张店区金晶大道 68 号,255000,36.8032458,118.0604953,+86 533 626 8888,https://www.marriott.com/en-us/hotels/tnasi-sheraton-zibo-hotel/overview/,https://www.marriott.com.cn/zh-cn/hotels/tnasi-sheraton-zibo-hotel/overview/,,2016-10-07,15:00,12:00,false
